00:00 +0: loading /Users/karim/Project/pokemonProject/apps/avelune_studio/test/cinematics/cinematic_preview_media_ui10_test.dart
00:00 +0: /Users/karim/Project/pokemonProject/apps/avelune_studio/test/cinematics/cinematic_preview_media_ui10_test.dart: camera preview advances with media configured and audio=false
00:00 +1: /Users/karim/Project/pokemonProject/apps/avelune_studio/test/cinematics/cinematic_preview_media_ui10_test.dart: camera preview advances with media configured and audio=true
00:00 +2: /Users/karim/Project/pokemonProject/apps/avelune_studio/test/cinematics/cinematic_preview_media_ui10_test.dart: camera coexistence does not suppress missing media diagnostics
00:00 +3: /Users/karim/Project/pokemonProject/apps/avelune_studio/test/cinematics/cinematic_preview_media_ui10_test.dart: explicit playback executes canonical audio once; seek is silent and pause restores
00:00 +4: /Users/karim/Project/pokemonProject/apps/avelune_studio/test/cinematics/cinematic_preview_media_ui10_test.dart: stop during a pending media start restores the late owned channel
00:00 +5: /Users/karim/Project/pokemonProject/apps/avelune_studio/test/cinematics/cinematic_preview_media_ui10_test.dart: replacement and disposal clean previous asynchronous media without late notifications
00:00 +6: /Users/karim/Project/pokemonProject/apps/avelune_studio/test/cinematics/cinematic_preview_media_ui10_test.dart: media failure pauses visual playback and exposes an honest diagnostic
00:00 +7: /Users/karim/Project/pokemonProject/apps/avelune_studio/test/cinematics/cinematic_viewport_parity_ui10_test.dart: scrub applies camera and fade while stop restores the work view
00:03 +7 -1: /Users/karim/Project/pokemonProject/apps/avelune_studio/test/cinematics/cinematic_inspector_ui10_test.dart: focused duration commits canonical value and invalid duration is rejected
00:03 +7 -1: /Users/karim/Project/pokemonProject/apps/avelune_studio/test/cinematics/cinematic_viewport_parity_ui10_test.dart: scrub applies camera and fade while stop restores the work view [E]
  Cette carte est absente, invalide ou utilise un format non pris en charge.
  package:avelune_studio/features/map_workspace/data/local_map_workspace_adapter.dart 162:7  LocalMapWorkspaceAdapter.loadMap

  LateInitializationError: Local 'fixture' has not been initialized.
  dart:_internal                                            LateError._throwLocalNotInitialized
  test/cinematics/cinematic_viewport_parity_ui10_test.dart  main.<fn>

00:04 +8 -1: /Users/karim/Project/pokemonProject/apps/avelune_studio/test/cinematics/cinematic_inspector_ui10_test.dart: invalid command number and title remain blocked until corrected
00:04 +9 -1: /Users/karim/Project/pokemonProject/apps/avelune_studio/test/cinematics/cinematic_independent_publication_ui10_test.dart: cinematic save preserves concurrent import, every map and linked sources
00:04 +10 -1: /Users/karim/Project/pokemonProject/apps/avelune_studio/test/cinematics/cinematic_independent_publication_ui10_test.dart: cinematic save preserves concurrent import, every map and linked sources
00:05 +11 -1: /Users/karim/Project/pokemonProject/apps/avelune_studio/test/cinematics/cinematic_independent_publication_ui10_test.dart: cinematic save preserves concurrent import, every map and linked sources
00:05 +12 -1: /Users/karim/Project/pokemonProject/apps/avelune_studio/test/cinematics/cinematic_independent_publication_ui10_test.dart: cinematic save preserves concurrent import, every map and linked sources
00:06 +13 -1: /Users/karim/Project/pokemonProject/apps/avelune_studio/test/cinematics/cinematic_library_thumbnail_ui10_test.dart: thumbnail forgets A while B waits and after null or missing map
00:06 +14 -1: /Users/karim/Project/pokemonProject/apps/avelune_studio/test/cinematics/cinematic_adapter_ui10_test.dart: referenced deletion lists consumer and leaves shared documents intact
00:06 +15 -1: /Users/karim/Project/pokemonProject/apps/avelune_studio/test/cinematics/cinematic_adapter_ui10_test.dart: draft publication creates asset and library atomically without a map
00:07 +16 -1: /Users/karim/Project/pokemonProject/apps/avelune_studio/test/cinematics/cinematic_adapter_ui10_test.dart: unclassified existing assets stay readable and are not reclassified by save
00:07 +17 -1: /Users/karim/Project/pokemonProject/apps/avelune_studio/test/cinematics/cinematic_adapter_ui10_test.dart: opening version six refuses before editing without migration or write
00:07 +18 -1: /Users/karim/Project/pokemonProject/apps/avelune_studio/test/cinematics/cinematic_adapter_ui10_test.dart: same asset conflict preserves disk and the caller draft
00:07 +19 -1: /Users/karim/Project/pokemonProject/apps/avelune_studio/test/cinematics/cinematic_adapter_ui10_test.dart: independent manifest edits and another cinematic survive targeted save
00:07 +20 -1: /Users/karim/Project/pokemonProject/apps/avelune_studio/test/cinematics/cinematic_published_guard_ui10_test.dart: published cinematic test preserves dirty dependencies and focused invalid edit blocks close
00:07 +21 -1: /Users/karim/Project/pokemonProject/apps/avelune_studio/test/cinematics/cinematic_published_guard_ui10_test.dart: published cinematic test preserves dirty dependencies and focused invalid edit blocks close
00:07 +22 -1: /Users/karim/Project/pokemonProject/apps/avelune_studio/test/cinematics/cinematic_published_guard_ui10_test.dart: published cinematic test preserves dirty dependencies and focused invalid edit blocks close
00:07 +23 -1: /Users/karim/Project/pokemonProject/apps/avelune_studio/test/cinematics/cinematic_published_guard_ui10_test.dart: published cinematic test preserves dirty dependencies and focused invalid edit blocks close
00:08 +24 -1: /Users/karim/Project/pokemonProject/apps/avelune_studio/test/cinematics/cinematic_preview_transport_ui10_test.dart: canonical intermediate movement, backwards scrub and stop never modify author asset
00:08 +25 -1: /Users/karim/Project/pokemonProject/apps/avelune_studio/test/cinematics/cinematic_preview_transport_ui10_test.dart: eighty sequential actions keep one plan for ticks, pause and scrub
00:08 +26 -1: /Users/karim/Project/pokemonProject/apps/avelune_studio/test/cinematics/cinematic_platform_media_ui10_test.dart: runtime adapter resolves a real local media and releases its driver on restore
00:08 +27 -1: /Users/karim/Project/pokemonProject/apps/avelune_studio/test/cinematics/cinematic_platform_media_ui10_test.dart: outside symlink and missing media fail before starting any driver
00:08 +28 -1: /Users/karim/Project/pokemonProject/apps/avelune_studio/test/cinematics/cinematic_platform_media_ui10_test.dart: unavailable FX host rejects its capability instead of silently accepting
00:09 +29 -1: /Users/karim/Project/pokemonProject/apps/avelune_studio/test/cinematics/cinematic_coexistence_ui10_test.dart: full and simplified dirty ownership is reciprocal; publication invalidates only clean owners
00:09 +30 -1: /Users/karim/Project/pokemonProject/apps/avelune_studio/test/cinematics/cinematic_coexistence_ui10_test.dart: full and simplified dirty ownership is reciprocal; publication invalidates only clean owners
00:11 +31 -1: /Users/karim/Project/pokemonProject/apps/avelune_studio/test/cinematics/cinematic_coexistence_ui10_test.dart: full and simplified dirty ownership is reciprocal; publication invalidates only clean owners
00:11 +32 -1: /Users/karim/Project/pokemonProject/apps/avelune_studio/test/cinematics/cinematic_coexistence_ui10_test.dart: full and simplified dirty ownership is reciprocal; publication invalidates only clean owners
00:11 +33 -1: /Users/karim/Project/pokemonProject/apps/avelune_studio/test/cinematics/cinematic_coexistence_ui10_test.dart: full and simplified dirty ownership is reciprocal; publication invalidates only clean owners
00:11 +34 -1: /Users/karim/Project/pokemonProject/apps/avelune_studio/test/cinematics/cinematic_coexistence_ui10_test.dart: changed cinematic base refuses stale simplified publication even when scene is unchanged
00:11 +35 -1: /Users/karim/Project/pokemonProject/apps/avelune_studio/test/cinematics/cinematic_actor_animation_ui10_test.dart: walking and running start their animation at the movement, after waits
00:12 +36 -1: /Users/karim/Project/pokemonProject/apps/avelune_studio/test/cinematics/cinematic_controller_ui10_test.dart: lazy library, draft create, canonical steps, undo save independent reread
00:12 +37 -1: /Users/karim/Project/pokemonProject/apps/avelune_studio/test/cinematics/dialogue_working_source_ui10_test.dart: C1 dirty simplified dialogue wins over old clean full snapshot without publication
00:12 +38 -1: /Users/karim/Project/pokemonProject/apps/avelune_studio/test/cinematics/dialogue_working_source_ui10_test.dart: C1 dirty simplified dialogue wins over old clean full snapshot without publication
00:13 +39 -1: /Users/karim/Project/pokemonProject/apps/avelune_studio/test/cinematics/dialogue_working_source_ui10_test.dart: C1 dirty simplified dialogue wins over old clean full snapshot without publication
00:13 +40 -1: /Users/karim/Project/pokemonProject/apps/avelune_studio/test/cinematics/dialogue_working_source_ui10_test.dart: C1 dirty simplified dialogue wins over old clean full snapshot without publication
00:13 +41 -1: /Users/karim/Project/pokemonProject/apps/avelune_studio/test/cinematics/dialogue_working_source_ui10_test.dart: C1 dirty simplified dialogue wins over old clean full snapshot without publication
00:13 +42 -1: /Users/karim/Project/pokemonProject/apps/avelune_studio/test/cinematics/dialogue_working_source_ui10_test.dart: C1 dirty simplified dialogue wins over old clean full snapshot without publication
00:13 +43 -1: /Users/karim/Project/pokemonProject/apps/avelune_studio/test/cinematics/cinematic_spatial_gestures_ui10_test.dart: map clicks and point drag respect pan zoom resize at 16 px
00:14 +44 -1: /Users/karim/Project/pokemonProject/apps/avelune_studio/test/cinematics/cinematic_spatial_gestures_ui10_test.dart: map clicks and point drag respect pan zoom resize at 16 px
00:15 +45 -1: /Users/karim/Project/pokemonProject/apps/avelune_studio/test/cinematics/cinematic_spatial_gestures_ui10_test.dart: map clicks and point drag respect pan zoom resize at 16 px
00:15 +45 -2: /Users/karim/Project/pokemonProject/apps/avelune_studio/test/cinematics/cinematic_spatial_gestures_ui10_test.dart: map clicks and point drag respect pan zoom resize at 16 px [E]
  Cette carte est absente, invalide ou utilise un format non pris en charge.
  package:avelune_studio/features/map_workspace/data/local_map_workspace_adapter.dart 162:7  LocalMapWorkspaceAdapter.loadMap

  LateInitializationError: Local 'fixture' has not been initialized.
  dart:_internal                                             LateError._throwLocalNotInitialized
  test/cinematics/cinematic_spatial_gestures_ui10_test.dart  main.<fn>

00:15 +45 -2: /Users/karim/Project/pokemonProject/apps/avelune_studio/test/cinematics/cinematic_timeline_gestures_ui10_test.dart: timeline empty lane, reorder, resize once and Escape preserve authored time
00:15 +45 -2: /Users/karim/Project/pokemonProject/apps/avelune_studio/test/cinematics/cinematic_spatial_gestures_ui10_test.dart: map clicks and point drag respect pan zoom resize at 16 px [E]
  LateInitializationError: Local 'fixture' has not been initialized.
  dart:_internal                                             LateError._throwLocalNotInitialized
  test/cinematics/cinematic_spatial_gestures_ui10_test.dart  main.<fn>

00:16 +46 -2: /Users/karim/Project/pokemonProject/apps/avelune_studio/test/cinematics/cinematic_spatial_gestures_ui10_test.dart: map clicks and point drag respect pan zoom resize at 32 px
00:17 +46 -3: /Users/karim/Project/pokemonProject/apps/avelune_studio/test/cinematics/cinematic_spatial_gestures_ui10_test.dart: map clicks and point drag respect pan zoom resize at 32 px [E]
  Cette carte est absente, invalide ou utilise un format non pris en charge.
  package:avelune_studio/features/map_workspace/data/local_map_workspace_adapter.dart 162:7  LocalMapWorkspaceAdapter.loadMap

  LateInitializationError: Local 'fixture' has not been initialized.
  dart:_internal                                             LateError._throwLocalNotInitialized
  test/cinematics/cinematic_spatial_gestures_ui10_test.dart  main.<fn>

  LateInitializationError: Local 'fixture' has not been initialized.
  dart:_internal                                             LateError._throwLocalNotInitialized
  test/cinematics/cinematic_spatial_gestures_ui10_test.dart  main.<fn>

00:17 +46 -3: /Users/karim/Project/pokemonProject/apps/avelune_studio/test/terrain_editor_test.dart: source assignment, scratch correction and publication activate the saved preset
00:18 +47 -3: /Users/karim/Project/pokemonProject/apps/avelune_studio/test/dialogues_ui09_responsive_test.dart: responsive 1440x900 edits text and response then saves
00:19 +48 -3: /Users/karim/Project/pokemonProject/apps/avelune_studio/test/dialogues_ui09_responsive_test.dart: responsive 1440x900 edits text and response then saves
00:19 +49 -3: /Users/karim/Project/pokemonProject/apps/avelune_studio/test/dialogues_ui09_responsive_test.dart: responsive 1440x900 edits text and response then saves
00:24 +50 -3: /Users/karim/Project/pokemonProject/apps/avelune_studio/test/dialogues_ui09_responsive_test.dart: responsive 1440x900 edits text and response then saves
00:25 +51 -3: /Users/karim/Project/pokemonProject/apps/avelune_studio/test/ui11_presentation_transport_controls_test.dart: UI11 scrubbing does not churn the media between frames
00:26 +52 -3: /Users/karim/Project/pokemonProject/apps/avelune_studio/test/dialogues_ui09_responsive_test.dart: responsive 1280x800 edits text and response then saves
00:28 +53 -3: /Users/karim/Project/pokemonProject/apps/avelune_studio/test/dialogues_ui09_responsive_test.dart: responsive 1280x800 edits text and response then saves
00:29 +54 -3: /Users/karim/Project/pokemonProject/apps/avelune_studio/test/ui11_presentation_transport_controls_test.dart: UI11 a refused timeline drag stops warning once released
00:30 +55 -3: /Users/karim/Project/pokemonProject/apps/avelune_studio/test/dialogues_ui09_responsive_test.dart: responsive 1024x640 edits text and response then saves
00:32 +56 -3: /Users/karim/Project/pokemonProject/apps/avelune_studio/test/dialogues_ui09_responsive_test.dart: responsive 1024x640 edits text and response then saves
00:32 +57 -3: /Users/karim/Project/pokemonProject/apps/avelune_studio/test/dialogues_ui09_responsive_test.dart: responsive 1024x640 edits text and response then saves
00:32 +58 -3: /Users/karim/Project/pokemonProject/apps/avelune_studio/test/dialogues_ui09_responsive_test.dart: responsive 1024x640 edits text and response then saves
00:32 +59 -3: /Users/karim/Project/pokemonProject/apps/avelune_studio/test/dialogues_ui09_responsive_test.dart: responsive 1024x640 edits text and response then saves
00:32 +60 -3: /Users/karim/Project/pokemonProject/apps/avelune_studio/test/dialogues_ui09_responsive_test.dart: responsive 1024x640 edits text and response then saves
00:34 +61 -3: /Users/karim/Project/pokemonProject/apps/avelune_studio/test/narrative_overview_links_test.dart: both canonical step scene link directions are indexed and deduplicated
00:34 +62 -3: /Users/karim/Project/pokemonProject/apps/avelune_studio/test/ui13_verification_recovery_test.dart: saving during an analysis leaves no ghost control
00:35 +63 -3: /Users/karim/Project/pokemonProject/apps/avelune_studio/test/home/home_character_navigation_test.dart: home character placement preserves map and opens palette: compact=false
00:35 +64 -3: /Users/karim/Project/pokemonProject/apps/avelune_studio/test/home/home_character_navigation_test.dart: home character placement preserves map and opens palette: compact=false
00:36 +65 -3: /Users/karim/Project/pokemonProject/apps/avelune_studio/test/home/home_character_navigation_test.dart: home character placement preserves map and opens palette: compact=false
00:36 +66 -3: /Users/karim/Project/pokemonProject/apps/avelune_studio/test/home/home_character_navigation_test.dart: home character placement preserves map and opens palette: compact=false
00:36 +67 -3: /Users/karim/Project/pokemonProject/apps/avelune_studio/test/home/home_character_navigation_test.dart: home character placement preserves map and opens palette: compact=false
00:37 +68 -3: /Users/karim/Project/pokemonProject/apps/avelune_studio/test/home/home_all_maps_test.dart: all maps page shows nested folders and opens any map
00:38 +69 -3: /Users/karim/Project/pokemonProject/apps/avelune_studio/test/home/home_character_navigation_test.dart: home character placement preserves map and opens palette: compact=true
00:39 +70 -3: /Users/karim/Project/pokemonProject/apps/avelune_studio/test/home/recent_projects_test.dart: keeps five most recently opened projects and updates duplicates
00:39 +71 -3: /Users/karim/Project/pokemonProject/apps/avelune_studio/test/home/recent_projects_test.dart: persists exact paths and removal never touches project directories
00:39 +72 -3: /Users/karim/Project/pokemonProject/apps/avelune_studio/test/home/recent_projects_test.dart: imports the last PokeMap project without modifying its files
00:39 +73 -3: /Users/karim/Project/pokemonProject/apps/avelune_studio/test/home/recent_projects_test.dart: reactivates legacy access without restoring a removed recent
00:39 +74 -3: /Users/karim/Project/pokemonProject/apps/avelune_studio/test/home/recent_projects_test.dart: keeps Studio recents when the legacy bookmark is unavailable
00:39 +75 -3: /Users/karim/Project/pokemonProject/apps/avelune_studio/test/home/recent_projects_test.dart: load completes before queued opening and writes are serialized
00:39 +76 -3: /Users/karim/Project/pokemonProject/apps/avelune_studio/test/home/recent_projects_test.dart: reports corrupt storage without modifying it and can recover
00:39 +77 -3: /Users/karim/Project/pokemonProject/apps/avelune_studio/test/home/recent_projects_test.dart: missing preferences start empty and disposed listeners stay silent
00:39 +78 -3: /Users/karim/Project/pokemonProject/apps/avelune_studio/test/home/home_tools_cards_test.dart: creation tool cards share one height at 1100.0 and 1.0
00:40 +79 -3: /Users/karim/Project/pokemonProject/apps/avelune_studio/test/home/home_lazy_collection_test.dart: compact home builds long recent collections on demand
00:40 +80 -3: /Users/karim/Project/pokemonProject/apps/avelune_studio/test/home/home_lazy_collection_test.dart: compact home builds long recent collections on demand

Warning: A call to drag() with finder "Found 1 widget with type "Scrollable" descending from widget with key [<'home-recent-projects-list'>]: [
  Scrollable(axisDirection: down, physics: AlwaysScrollableScrollPhysics, restorationId: null, dependencies: [InheritedCupertinoTheme, MediaQuery, ScrollConfiguration, UnmanagedRestorationScope, _InheritedTheme, _LocalizationsScope-[GlobalKey#747b9]], state: ScrollableState#d1820(position: ScrollPositionWithSingleContext#2862d(offset: 0.0, range: 0.0..8083.2, viewport: 116.8, ScrollableState, AlwaysScrollableScrollPhysics -> ClampingScrollPhysics -> RangeMaintainingScrollPhysics, IdleScrollActivity#e5623, ScrollDirection.idle), effective physics: AlwaysScrollableScrollPhysics -> ClampingScrollPhysics -> RangeMaintainingScrollPhysics)),
]" derived an Offset (Offset(548.0, 782.4)) that would not hit test on the specified widget.
Maybe the widget is actually off-screen, or another widget is obscuring it, or the widget cannot receive pointer events.
Indeed, Offset(548.0, 782.4) is outside the bounds of the root of the render tree, Size(1024.0, 640.0).
The finder corresponds to this RenderBox: RenderClipRect#9092f relayoutBoundary=up1
The hit test result at that offset is: HitTestResult(HitTestEntry<HitTestTarget>#87553(_ReusableRenderView#e8a4a), HitTestEntry<HitTestTarget>#ca819(<AutomatedTestWidgetsFlutterBinding>))
#0      WidgetController._getElementPoint (package:flutter_test/src/controller.dart:2165:25)
#1      WidgetController.getCenter (package:flutter_test/src/controller.dart:1947:12)
#2      WidgetController.drag (package:flutter_test/src/controller.dart:1604:7)
#3      WidgetController.dragUntilVisible.<anonymous closure> (package:flutter_test/src/controller.dart:2483:17)
#4      Zone.run (dart:async/zone.dart:434:27)
#5      TestAsyncUtils.guard (package:flutter_test/src/test_async_utils.dart:74:41)
#6      WidgetController.dragUntilVisible (package:flutter_test/src/controller.dart:2476:27)
#7      WidgetController.scrollUntilVisible.<anonymous closure> (package:flutter_test/src/controller.dart:2439:13)
#8      Zone.run (dart:async/zone.dart:434:27)
#9      TestAsyncUtils.guard (package:flutter_test/src/test_async_utils.dart:74:41)
#10     WidgetController.scrollUntilVisible (package:flutter_test/src/controller.dart:2427:27)
#11     main.<anonymous closure> (file:///Users/karim/Project/pokemonProject/apps/avelune_studio/test/home/home_lazy_collection_test.dart:54:18)
<asynchronous suspension>
#12     testWidgets.<anonymous closure>.<anonymous closure> (package:flutter_test/src/widget_tester.dart:192:15)
<asynchronous suspension>
#13     TestWidgetsFlutterBinding._runTestBody (package:flutter_test/src/binding.dart:1978:5)
<asynchronous suspension>
#14     StackZoneSpecification._registerCallback.<anonymous closure> (package:stack_trace/src/stack_zone_specification.dart:114:42)
<asynchronous suspension>
To silence this warning, pass "warnIfMissed: false" to "drag()".
To make this warning fatal, set WidgetController.hitTestWarningShouldBeFatal to true.

00:43 +81 -3: /Users/karim/Project/pokemonProject/apps/avelune_studio/test/home/home_navigation_test.dart: home keeps mounted workspace, document, zoom and undo; cancelled switch preserves it
00:43 +82 -3: /Users/karim/Project/pokemonProject/apps/avelune_studio/test/home/home_navigation_test.dart: home keeps mounted workspace, document, zoom and undo; cancelled switch preserves it
00:45 +83 -3: /Users/karim/Project/pokemonProject/apps/avelune_studio/test/home/home_visual_test.dart: map cards align with one and two line titles at 1.0
00:45 +84 -3: /Users/karim/Project/pokemonProject/apps/avelune_studio/test/home/home_visual_test.dart: map cards align with one and two line titles at 1.5
00:45 +85 -3: /Users/karim/Project/pokemonProject/apps/avelune_studio/test/home/home_visual_test.dart: home fits Size(1536.0, 1024.0) with real layout and local search
00:46 +86 -3: /Users/karim/Project/pokemonProject/apps/avelune_studio/test/home/home_real_project_test.dart: opens disposable on-disk project and captures the real active home
00:46 +87 -3: /Users/karim/Project/pokemonProject/apps/avelune_studio/test/home/home_real_project_test.dart: opens disposable on-disk project and captures the real active home
00:46 +88 -3: /Users/karim/Project/pokemonProject/apps/avelune_studio/test/home/home_real_project_test.dart: opens disposable on-disk project and captures the real active home
00:47 +89 -3: /Users/karim/Project/pokemonProject/apps/avelune_studio/test/home/home_real_project_test.dart: opens disposable on-disk project and captures the real active home
00:47 +90 -3: /Users/karim/Project/pokemonProject/apps/avelune_studio/test/home/home_real_project_test.dart: opens disposable on-disk project and captures the real active home
00:48 +91 -3: /Users/karim/Project/pokemonProject/apps/avelune_studio/test/home/home_real_project_test.dart: opens disposable on-disk project and captures the real active home
00:49 +92 -3: /Users/karim/Project/pokemonProject/apps/avelune_studio/test/ui13_verification_page_test.dart: the page states that nothing was checked before a launch
00:50 +93 -3: /Users/karim/Project/pokemonProject/apps/avelune_studio/test/presentations_ui11_renderer_parity_test.dart: shared montage equals actual runtime frames portrait=false
00:52 +94 -3: /Users/karim/Project/pokemonProject/apps/avelune_studio/test/presentations_ui11_renderer_parity_test.dart: shared montage equals actual runtime frames portrait=false
00:52 +95 -3: /Users/karim/Project/pokemonProject/apps/avelune_studio/test/presentations_ui11_renderer_parity_test.dart: shared montage equals actual runtime frames portrait=false
00:53 +96 -3: /Users/karim/Project/pokemonProject/apps/avelune_studio/test/presentations_ui11_renderer_parity_test.dart: shared montage equals actual runtime frames portrait=false
00:53 +97 -3: /Users/karim/Project/pokemonProject/apps/avelune_studio/test/presentations_ui11_renderer_parity_test.dart: shared montage equals actual runtime frames portrait=true
00:56 +98 -3: /Users/karim/Project/pokemonProject/apps/avelune_studio/test/cinematics_ui10_error_recovery_test.dart: UI10 recovers missing actor through real controls and preserves invalid fields
══╡ EXCEPTION CAUGHT BY FLUTTER TEST FRAMEWORK ╞════════════════════════════════════════════════════
The following MapWorkspaceFailure was thrown while running async test code:
Cette carte est absente, invalide ou utilise un format non pris en charge.

When the exception was thrown, this was the stack:
#0      LocalMapWorkspaceAdapter.loadMap (package:avelune_studio/features/map_workspace/data/local_map_workspace_adapter.dart:162:7)
<asynchronous suspension>
#1      seedUi10Visuals (file:///Users/karim/Project/pokemonProject/apps/avelune_studio/test/support/ui10_fixture_visuals.dart:124:18)
<asynchronous suspension>
#2      createUi10Fixture (file:///Users/karim/Project/pokemonProject/apps/avelune_studio/test/support/ui10_cinematic_fixture.dart:18:5)
<asynchronous suspension>
#3      Ui10WorkspaceHarness.create (file:///Users/karim/Project/pokemonProject/apps/avelune_studio/test/support/ui10_workspace_harness.dart:20:21)
<asynchronous suspension>
<asynchronous suspension>
#5      main.<anonymous closure> (file:///Users/karim/Project/pokemonProject/apps/avelune_studio/test/cinematics_ui10_error_recovery_test.dart:17:24)
<asynchronous suspension>
#6      testWidgets.<anonymous closure>.<anonymous closure> (package:flutter_test/src/widget_tester.dart:192:15)
<asynchronous suspension>
#7      TestWidgetsFlutterBinding._runTestBody (package:flutter_test/src/binding.dart:1978:5)
<asynchronous suspension>
<asynchronous suspension>
(elided 2 frames from dart:async and package:stack_trace)

The exception was caught asynchronously.
════════════════════════════════════════════════════════════════════════════════════════════════════
══╡ EXCEPTION CAUGHT BY FLUTTER TEST FRAMEWORK ╞════════════════════════════════════════════════════
The following _TypeError was thrown running a test:
Null check operator used on a null value

When the exception was thrown, this was the stack:
#0      main.<anonymous closure> (file:///Users/karim/Project/pokemonProject/apps/avelune_studio/test/cinematics_ui10_error_recovery_test.dart:19:9)
<asynchronous suspension>
#1      testWidgets.<anonymous closure>.<anonymous closure> (package:flutter_test/src/widget_tester.dart:192:15)
<asynchronous suspension>
#2      TestWidgetsFlutterBinding._runTestBody (package:flutter_test/src/binding.dart:1978:5)
<asynchronous suspension>
<asynchronous suspension>
(elided one frame from package:stack_trace)

The test description was:
  UI10 recovers missing actor through real controls and preserves invalid fields
════════════════════════════════════════════════════════════════════════════════════════════════════
══╡ EXCEPTION CAUGHT BY FLUTTER TEST FRAMEWORK ╞════════════════════════════════════════════════════
The following message was thrown:
Multiple exceptions (2) were detected during the running of the current test, and at least one was
unexpected.
════════════════════════════════════════════════════════════════════════════════════════════════════
00:56 +98 -4: /Users/karim/Project/pokemonProject/apps/avelune_studio/test/cinematics_ui10_error_recovery_test.dart: UI10 recovers missing actor through real controls and preserves invalid fields [E]
  Test failed. See exception logs above.
  The test description was: UI10 recovers missing actor through real controls and preserves invalid fields

00:56 +98 -4: /Users/karim/Project/pokemonProject/apps/avelune_studio/test/dialogues/dialogue_portrait_ui09_test.dart: portrait resolves canonical character variant to verified asset bytes
00:57 +99 -4: /Users/karim/Project/pokemonProject/apps/avelune_studio/test/dialogues/dialogue_preview_ui09_test.dart: canonical portrait speaker and clearing apply to the actual line without leaking previous portrait
00:57 +100 -4: /Users/karim/Project/pokemonProject/apps/avelune_studio/test/dialogues/dialogue_portrait_ui09_test.dart: unchanged source publication preserves all authored bytes
00:57 +101 -4: /Users/karim/Project/pokemonProject/apps/avelune_studio/test/dialogues/dialogue_portrait_ui09_test.dart: unchanged source publication preserves all authored bytes
00:57 +102 -4: /Users/karim/Project/pokemonProject/apps/avelune_studio/test/dialogues/dialogue_adapter_ui09_test.dart: 100 entries load only the requested source by ID without any map
00:57 +103 -4: /Users/karim/Project/pokemonProject/apps/avelune_studio/test/dialogues/dialogue_controller_ui09_test.dart: lazy library, reply choices shared targets outcomes save reopen and deterministic identities
00:58 +104 -4: /Users/karim/Project/pokemonProject/apps/avelune_studio/test/dialogues/dialogue_controller_ui09_test.dart: lazy library, reply choices shared targets outcomes save reopen and deterministic identities
00:58 +105 -4: /Users/karim/Project/pokemonProject/apps/avelune_studio/test/dialogues/dialogue_controller_ui09_test.dart: lazy library, reply choices shared targets outcomes save reopen and deterministic identities
00:58 +106 -4: /Users/karim/Project/pokemonProject/apps/avelune_studio/test/dialogues/dialogue_adapter_ui09_test.dart: source-only receipt changes source revision while preserving manifest bytes
00:58 +107 -4: /Users/karim/Project/pokemonProject/apps/avelune_studio/test/dialogues/dialogue_controller_ui09_test.dart: deep immutable snapshot and semantic history preserve branch content, rejects unsafe replacement
00:58 +108 -4: /Users/karim/Project/pokemonProject/apps/avelune_studio/test/dialogues/dialogue_controller_ui09_test.dart: deep immutable snapshot and semantic history preserve branch content, rejects unsafe replacement
00:58 +109 -4: /Users/karim/Project/pokemonProject/apps/avelune_studio/test/dialogues/dialogue_controller_ui09_test.dart: deep immutable snapshot and semantic history preserve branch content, rejects unsafe replacement
00:58 +110 -4: /Users/karim/Project/pokemonProject/apps/avelune_studio/test/dialogues/dialogue_controller_ui09_test.dart: canonical preview stops jump loops and refuses missing scene entry
00:59 +111 -4: /Users/karim/Project/pokemonProject/apps/avelune_studio/test/dialogues/dialogue_controller_ui09_test.dart: literal command-looking multiline text remains text through strict compiler and codec
00:59 +112 -4: /Users/karim/Project/pokemonProject/apps/avelune_studio/test/dialogues/dialogue_coexistence_ui09_test.dart: simplified dirty blocks full document; full dirty blocks simplified and preserves unrelated use
01:00 +113 -4: /Users/karim/Project/pokemonProject/apps/avelune_studio/test/dialogues/dialogue_concurrency_ui09_test.dart: late A read cannot replace B; cached selections perform no extra reads
01:01 +114 -4: /Users/karim/Project/pokemonProject/apps/avelune_studio/test/dialogues/dialogue_coexistence_ui09_test.dart: simplified source-only publication invalidates clean full cached source
01:01 +115 -4: /Users/karim/Project/pokemonProject/apps/avelune_studio/test/dialogues/dialogue_concurrency_ui09_test.dart: publication snapshot stays dirty for later edits and new source can be resaved
01:02 +116 -4: /Users/karim/Project/pokemonProject/apps/avelune_studio/test/dialogues/dialogue_coexistence_ui09_test.dart: two clean simplified consumers cannot republish a stale shared source
01:02 +117 -4: /Users/karim/Project/pokemonProject/apps/avelune_studio/test/dialogues/dialogue_coexistence_ui09_test.dart: two clean simplified consumers cannot republish a stale shared source
01:02 +118 -4: /Users/karim/Project/pokemonProject/apps/avelune_studio/test/dialogues/dialogue_concurrency_ui09_test.dart: missing and unsupported sources never materialize an editable blank recovery
01:02 +119 -4: /Users/karim/Project/pokemonProject/apps/avelune_studio/test/dialogues/dialogue_concurrency_ui09_test.dart: opaque source preamble is preserved and cannot be normalized away
01:03 +120 -4: /Users/karim/Project/pokemonProject/apps/avelune_studio/test/dialogues/dialogue_concurrency_ui09_test.dart: late delete protects A against edits and never deselects B
01:03 +121 -4: /Users/karim/Project/pokemonProject/apps/avelune_studio/test/dialogues/dialogue_publication_guards_ui09_test.dart: interruption between manifest and source recovers the coherent pair
01:03 +122 -4: /Users/karim/Project/pokemonProject/apps/avelune_studio/test/dialogues/dialogue_publication_guards_ui09_test.dart: interruption between manifest and source recovers the coherent pair
01:03 +123 -4: /Users/karim/Project/pokemonProject/apps/avelune_studio/test/dialogues/dialogue_publication_guards_ui09_test.dart: strict compilation rejects unsupported commands without touching either file
01:04 +124 -4: /Users/karim/Project/pokemonProject/apps/avelune_studio/test/dialogues/dialogue_publication_guards_ui09_test.dart: delete and missing external Yarn entry refuse with consumer paths
01:04 +125 -4: /Users/karim/Project/pokemonProject/apps/avelune_studio/test/dialogues/dialogue_publication_guards_ui09_test.dart: mutex rechecks the exact source baseline after waiting for another save
01:04 +126 -4: /Users/karim/Project/pokemonProject/apps/avelune_studio/test/dialogues/dialogue_publication_guards_ui09_test.dart: missing malformed and empty sources do not fabricate a replacement
01:04 +127 -4: /Users/karim/Project/pokemonProject/apps/avelune_studio/test/dialogues/dialogue_publication_guards_ui09_test.dart: an existing unregistered source cannot be overwritten by creation
01:05 +128 -4: /Users/karim/Project/pokemonProject/apps/avelune_studio/test/scenes/scene_reconciliation_ui07_test.dart: clean graph reconciles simplified publication and saves from new base
01:05 +129 -4: /Users/karim/Project/pokemonProject/apps/avelune_studio/test/dialogues_ui09_interaction_test.dart: switching inspector tab commits focused text before disposal
01:05 +130 -4: /Users/karim/Project/pokemonProject/apps/avelune_studio/test/dialogues_ui09_interaction_test.dart: switching inspector tab commits focused text before disposal
01:05 +131 -4: /Users/karim/Project/pokemonProject/apps/avelune_studio/test/dialogues_ui09_interaction_test.dart: switching inspector tab commits focused text before disposal
01:05 +132 -4: /Users/karim/Project/pokemonProject/apps/avelune_studio/test/dialogues_ui09_interaction_test.dart: switching inspector tab commits focused text before disposal
01:07 +133 -4: /Users/karim/Project/pokemonProject/apps/avelune_studio/test/dialogues_ui09_interaction_test.dart: switching inspector tab commits focused text before disposal
01:07 +134 -4: /Users/karim/Project/pokemonProject/apps/avelune_studio/test/dialogues_ui09_interaction_test.dart: switching inspector tab commits focused text before disposal
01:08 +135 -4: /Users/karim/Project/pokemonProject/apps/avelune_studio/test/dialogues_ui09_interaction_test.dart: switching inspector tab commits focused text before disposal
01:08 +136 -4: /Users/karim/Project/pokemonProject/apps/avelune_studio/test/dialogues_ui09_interaction_test.dart: switching inspector tab commits focused text before disposal
01:08 +137 -4: /Users/karim/Project/pokemonProject/apps/avelune_studio/test/dialogues_ui09_interaction_test.dart: switching inspector tab commits focused text before disposal
01:08 +138 -4: /Users/karim/Project/pokemonProject/apps/avelune_studio/test/dialogues_ui09_interaction_test.dart: switching inspector tab commits focused text before disposal
01:09 +139 -4: /Users/karim/Project/pokemonProject/apps/avelune_studio/test/dialogues_ui09_interaction_test.dart: switching inspector tab commits focused text before disposal
01:09 +140 -4: /Users/karim/Project/pokemonProject/apps/avelune_studio/test/dialogues_ui09_interaction_test.dart: focused text saves exact source and history remains usable
01:10 +141 -4: /Users/karim/Project/pokemonProject/apps/avelune_studio/test/dialogues_ui09_interaction_test.dart: focused text saves exact source and history remains usable
01:12 +142 -4: /Users/karim/Project/pokemonProject/apps/avelune_studio/test/dialogues_ui09_interaction_test.dart: focused text saves exact source and history remains usable
01:12 +143 -4: /Users/karim/Project/pokemonProject/apps/avelune_studio/test/dialogues_ui09_interaction_test.dart: focused text saves exact source and history remains usable
01:12 +144 -4: /Users/karim/Project/pokemonProject/apps/avelune_studio/test/dialogues_ui09_interaction_test.dart: focused text saves exact source and history remains usable
01:12 +145 -4: /Users/karim/Project/pokemonProject/apps/avelune_studio/test/dialogues_ui09_interaction_test.dart: focused text saves exact source and history remains usable
01:13 +146 -4: /Users/karim/Project/pokemonProject/apps/avelune_studio/test/dialogues_ui09_interaction_test.dart: preview plays both explicit branches without publication
01:13 +147 -4: /Users/karim/Project/pokemonProject/apps/avelune_studio/test/dialogues_ui09_interaction_test.dart: preview plays both explicit branches without publication
01:13 +148 -4: /Users/karim/Project/pokemonProject/apps/avelune_studio/test/dialogues_ui09_interaction_test.dart: preview plays both explicit branches without publication
01:13 +149 -4: /Users/karim/Project/pokemonProject/apps/avelune_studio/test/dialogues_ui09_interaction_test.dart: preview plays both explicit branches without publication
01:13 +150 -4: /Users/karim/Project/pokemonProject/apps/avelune_studio/test/dialogues_ui09_interaction_test.dart: preview plays both explicit branches without publication
01:13 +151 -4: /Users/karim/Project/pokemonProject/apps/avelune_studio/test/dialogues_ui09_interaction_test.dart: preview plays both explicit branches without publication
01:13 +152 -4: /Users/karim/Project/pokemonProject/apps/avelune_studio/test/dialogues_ui09_interaction_test.dart: preview plays both explicit branches without publication
01:13 +153 -4: /Users/karim/Project/pokemonProject/apps/avelune_studio/test/dialogues_ui09_interaction_test.dart: preview plays both explicit branches without publication
01:14 +154 -4: /Users/karim/Project/pokemonProject/apps/avelune_studio/test/dialogues_ui09_interaction_test.dart: preview plays both explicit branches without publication
01:14 +155 -4: /Users/karim/Project/pokemonProject/apps/avelune_studio/test/dialogues_ui09_interaction_test.dart: preview plays both explicit branches without publication
01:14 +156 -4: /Users/karim/Project/pokemonProject/apps/avelune_studio/test/dialogues_ui09_interaction_test.dart: preview plays both explicit branches without publication
01:16 +157 -4: /Users/karim/Project/pokemonProject/apps/avelune_studio/test/dialogues_ui09_volume_test.dart: UI09 40 suites 200 lines 50 links navigation does not reread or compile
UI09 volume: 40 suites, 200 lines, 50 links; 8 gestures; 1 source read; 0 additional compilations; 9 page builds (initial + 8 selection updates).
01:18 +158 -4: /Users/karim/Project/pokemonProject/apps/avelune_studio/test/dialogues_ui09_interaction_test.dart: wire drag cancellation and real reconnection preserve history at 0.55
01:19 +159 -4: /Users/karim/Project/pokemonProject/apps/avelune_studio/test/dialogues_ui09_interaction_test.dart: wire drag cancellation and real reconnection preserve history at 0.9
01:20 +160 -4: /Users/karim/Project/pokemonProject/apps/avelune_studio/test/dialogues_ui09_interaction_test.dart: wire drag cancellation and real reconnection preserve history at 0.9
01:21 +160 -4: /Users/karim/Project/pokemonProject/apps/avelune_studio/test/ui06_scene_runtime_test.dart: real runtime plays Yarn and refusal
[runtime_loader] bundle load start projectFilePath=/private/var/folders/b5/7gsfwzyd449_54n8l40h40gc0000gn/T/avelune_ui06_pPmkei/project.json mapId=jardin
[runtime_loader] project manifest lookup path=/private/var/folders/b5/7gsfwzyd449_54n8l40h40gc0000gn/T/avelune_ui06_pPmkei/project.json
[runtime_loader] project manifest read ok bytes=16666
[runtime_loader] project manifest validated maps=2 tilesets=1 scenarios=0
[runtime_loader] bundle map resolved mapId=jardin relativePath=maps/jardin.json mapPath=/private/var/folders/b5/7gsfwzyd449_54n8l40h40gc0000gn/T/avelune_ui06_pPmkei/maps/jardin.json
[runtime_loader] map file lookup path=/private/var/folders/b5/7gsfwzyd449_54n8l40h40gc0000gn/T/avelune_ui06_pPmkei/maps/jardin.json
[runtime_loader] map file read ok bytes=17371
[runtime_loader] map validated id=jardin size=24x16 layers=3 entities=1 placedElements=3 warps=0 triggers=0
[runtime_loader] bundle tilesets collected ids=atelier
[runtime_loader] bundle tileset path id=atelier path=/private/var/folders/b5/7gsfwzyd449_54n8l40h40gc0000gn/T/avelune_ui06_pPmkei/assets/atelier.png
[runtime_loader] bundle load ok mapId=jardin projectRoot=/private/var/folders/b5/7gsfwzyd449_54n8l40h40gc0000gn/T/avelune_ui06_pPmkei tilesets=1
[runtime_game] tileset image load start map=jardin
[runtime_game] tileset cache resolve requested=1
[runtime_game] tileset cache resolve ok result=1
[runtime_game] onLoad start map=jardin projectFilePath=/private/var/folders/b5/7gsfwzyd449_54n8l40h40gc0000gn/T/avelune_ui06_pPmkei/project.json tilesets=1
[runtime_game] world build start map=jardin
[runtime] Map loaded: jardin, spawn at (8, 9)
[runtime_game] tileset image load ok count=1 map=jardin
[runtime_game] mount root map start map=jardin
[runtime_game] mount root map ok map=jardin
[runtime_game] onLoad completed activeMapId=jardin
[runtime_loader] map file lookup path=/private/var/folders/b5/7gsfwzyd449_54n8l40h40gc0000gn/T/avelune_ui06_pPmkei/maps/clairiere.json
[runtime_loader] map file read ok bytes=17376
[runtime_loader] map validated id=clairiere size=24x16 layers=3 entities=1 placedElements=3 warps=0 triggers=0
[dialogue] interaction entity=event-v2:evt_019abcde-9000-7000-8000-000000000106:evx_01a0f2b5-3fe6-7001-8000-356028eee407:station_welcome:1790778359786
[dialogue] resolved dialogueId=station_welcome
[dialogue] resolved file=dialogues/station_welcome.yarn
[dialogue] requested startNode=Start
[scenario_lock] accepted source=event-v2:evt_019abcde-9000-7000-8000-000000000106:evx_01a0f2b5-3fe6-7001-8000-356028eee407:station_welcome:1790778359786 phase=dialogueLoading serial=1
[dialogue] parsed 1 node(s) from /private/var/folders/b5/7gsfwzyd449_54n8l40h40gc0000gn/T/avelune_ui06_pPmkei/dialogues/station_welcome.yarn
[dialogue] starting at node "Start"
[scene_runtime] dialogue content loaded request=event-v2:evt_019abcde-9000-7000-8000-000000000106:evx_01a0f2b5-3fe6-7001-8000-356028eee407:station_welcome:1790778359786 elapsedMs=50
[scenario_lock] cleared source=event-v2:evt_019abcde-9000-7000-8000-000000000106:evx_01a0f2b5-3fe6-7001-8000-356028eee407:station_welcome:1790778359786 reason=dialogueOpened serial=1
[dialogue] opened node=Start text="Bienvenue en gare. Avez-vous votre laissez-passer ?"
[dialogue] dialogue closed
[scene_runtime] dialogue completed request=event-v2:evt_019abcde-9000-7000-8000-000000000106:evx_01a0f2b5-3fe6-7001-8000-356028eee407:station_welcome:1790778359786 status=completed port=completed
[dialogue] finished
[dialogue] interaction entity=event-v2:evt_019abcde-9000-7000-8000-000000000106:evx_01a0f2b5-3fe6-7001-8000-356028eee407:station_refusal:1790778359850
[dialogue] resolved dialogueId=station_refusal
[dialogue] resolved file=dialogues/station_refusal.yarn
[dialogue] requested startNode=Start
[scenario_lock] accepted source=event-v2:evt_019abcde-9000-7000-8000-000000000106:evx_01a0f2b5-3fe6-7001-8000-356028eee407:station_refusal:1790778359850 phase=dialogueLoading serial=2
[dialogue] parsed 1 node(s) from /private/var/folders/b5/7gsfwzyd449_54n8l40h40gc0000gn/T/avelune_ui06_pPmkei/dialogues/station_refusal.yarn
[dialogue] starting at node "Start"
[scene_runtime] dialogue content loaded request=event-v2:evt_019abcde-9000-7000-8000-000000000106:evx_01a0f2b5-3fe6-7001-8000-356028eee407:station_refusal:1790778359850 elapsedMs=39
[scenario_lock] cleared source=event-v2:evt_019abcde-9000-7000-8000-000000000106:evx_01a0f2b5-3fe6-7001-8000-356028eee407:station_refusal:1790778359850 reason=dialogueOpened serial=2
[dialogue] opened node=Start text="Il vous faut un laissez-passer."
[dialogue] dialogue closed
[scene_runtime] dialogue completed request=event-v2:evt_019abcde-9000-7000-8000-000000000106:evx_01a0f2b5-3fe6-7001-8000-356028eee407:station_refusal:1790778359850 status=completed port=completed
[dialogue] finished
[event_v2] outcome noMatch producer=scene:scene_station_meeting outcome=attente legacyFallbackAllowed=false
[event_v2] mapEnter activation=mapact_1790778359606696_1 map=jardin reason=initialBoot result=MapEnterProductionDispatchV2Handled
[step_studio_trace] runtime_save_requested map=jardin completedStepIds=[] completedCutsceneIds=[]
01:21 +161 -4: /Users/karim/Project/pokemonProject/apps/avelune_studio/test/dialogues_ui09_interaction_test.dart: wire drag cancellation and real reconnection preserve history at 0.9
01:21 +162 -4: /Users/karim/Project/pokemonProject/apps/avelune_studio/test/dialogues_ui09_interaction_test.dart: wire drag cancellation and real reconnection preserve history at 0.9
01:22 +163 -4: /Users/karim/Project/pokemonProject/apps/avelune_studio/test/ui06_scene_runtime_test.dart: real runtime plays Yarn and cinematic agreement
[runtime_loader] bundle load start projectFilePath=/private/var/folders/b5/7gsfwzyd449_54n8l40h40gc0000gn/T/avelune_ui06_0G356R/project.json mapId=jardin
[runtime_loader] project manifest lookup path=/private/var/folders/b5/7gsfwzyd449_54n8l40h40gc0000gn/T/avelune_ui06_0G356R/project.json
[runtime_loader] project manifest read ok bytes=17278
[runtime_loader] project manifest validated maps=2 tilesets=1 scenarios=0
[runtime_loader] bundle map resolved mapId=jardin relativePath=maps/jardin.json mapPath=/private/var/folders/b5/7gsfwzyd449_54n8l40h40gc0000gn/T/avelune_ui06_0G356R/maps/jardin.json
[runtime_loader] map file lookup path=/private/var/folders/b5/7gsfwzyd449_54n8l40h40gc0000gn/T/avelune_ui06_0G356R/maps/jardin.json
[runtime_loader] map file read ok bytes=17371
[runtime_loader] map validated id=jardin size=24x16 layers=3 entities=1 placedElements=3 warps=0 triggers=0
[runtime_loader] bundle tilesets collected ids=atelier
[runtime_loader] bundle tileset path id=atelier path=/private/var/folders/b5/7gsfwzyd449_54n8l40h40gc0000gn/T/avelune_ui06_0G356R/assets/atelier.png
[runtime_loader] bundle load ok mapId=jardin projectRoot=/private/var/folders/b5/7gsfwzyd449_54n8l40h40gc0000gn/T/avelune_ui06_0G356R tilesets=1
[runtime_game] tileset image load start map=jardin
[runtime_game] tileset cache resolve requested=1
[runtime_game] tileset cache resolve ok result=1
[runtime_game] onLoad start map=jardin projectFilePath=/private/var/folders/b5/7gsfwzyd449_54n8l40h40gc0000gn/T/avelune_ui06_0G356R/project.json tilesets=1
[runtime_game] world build start map=jardin
[runtime] Map loaded: jardin, spawn at (8, 9)
[runtime_game] tileset image load ok count=1 map=jardin
[runtime_game] mount root map start map=jardin
[runtime_game] mount root map ok map=jardin
[runtime_game] onLoad completed activeMapId=jardin
[runtime_loader] map file lookup path=/private/var/folders/b5/7gsfwzyd449_54n8l40h40gc0000gn/T/avelune_ui06_0G356R/maps/clairiere.json
[runtime_loader] map file read ok bytes=17376
[runtime_loader] map validated id=clairiere size=24x16 layers=3 entities=1 placedElements=3 warps=0 triggers=0
[dialogue] interaction entity=event-v2:evt_019abcde-9000-7000-8000-000000000106:evx_01a0f2b5-4397-7001-8000-37a833b71a68:station_welcome:1790778360727
[dialogue] resolved dialogueId=station_welcome
[dialogue] resolved file=dialogues/station_welcome.yarn
[dialogue] requested startNode=Start
[scenario_lock] accepted source=event-v2:evt_019abcde-9000-7000-8000-000000000106:evx_01a0f2b5-4397-7001-8000-37a833b71a68:station_welcome:1790778360727 phase=dialogueLoading serial=1
[dialogue] parsed 1 node(s) from /private/var/folders/b5/7gsfwzyd449_54n8l40h40gc0000gn/T/avelune_ui06_0G356R/dialogues/station_welcome.yarn
[dialogue] starting at node "Start"
[scene_runtime] dialogue content loaded request=event-v2:evt_019abcde-9000-7000-8000-000000000106:evx_01a0f2b5-4397-7001-8000-37a833b71a68:station_welcome:1790778360727 elapsedMs=45
[scenario_lock] cleared source=event-v2:evt_019abcde-9000-7000-8000-000000000106:evx_01a0f2b5-4397-7001-8000-37a833b71a68:station_welcome:1790778360727 reason=dialogueOpened serial=1
[dialogue] opened node=Start text="Bienvenue en gare. Avez-vous votre laissez-passer ?"
[dialogue] dialogue closed
[scene_runtime] dialogue completed request=event-v2:evt_019abcde-9000-7000-8000-000000000106:evx_01a0f2b5-4397-7001-8000-37a833b71a68:station_welcome:1790778360727 status=completed port=completed
[dialogue] finished
[dialogue] interaction entity=event-v2:evt_019abcde-9000-7000-8000-000000000106:evx_01a0f2b5-4397-7001-8000-37a833b71a68:station_agreement:1790778360777
[dialogue] resolved dialogueId=station_agreement
[dialogue] resolved file=dialogues/station_agreement.yarn
[dialogue] requested startNode=Start
[scenario_lock] accepted source=event-v2:evt_019abcde-9000-7000-8000-000000000106:evx_01a0f2b5-4397-7001-8000-37a833b71a68:station_agreement:1790778360777 phase=dialogueLoading serial=2
[dialogue] parsed 1 node(s) from /private/var/folders/b5/7gsfwzyd449_54n8l40h40gc0000gn/T/avelune_ui06_0G356R/dialogues/station_agreement.yarn
[dialogue] starting at node "Start"
[scene_runtime] dialogue content loaded request=event-v2:evt_019abcde-9000-7000-8000-000000000106:evx_01a0f2b5-4397-7001-8000-37a833b71a68:station_agreement:1790778360777 elapsedMs=40
[scenario_lock] cleared source=event-v2:evt_019abcde-9000-7000-8000-000000000106:evx_01a0f2b5-4397-7001-8000-37a833b71a68:station_agreement:1790778360777 reason=dialogueOpened serial=2
[dialogue] opened node=Start text="Vous pouvez embarquer."
[dialogue] dialogue closed
[scene_runtime] dialogue completed request=event-v2:evt_019abcde-9000-7000-8000-000000000106:evx_01a0f2b5-4397-7001-8000-37a833b71a68:station_agreement:1790778360777 status=completed port=completed
[dialogue] finished
[event_v2] outcome noMatch producer=scene:scene_station_meeting outcome=embarquement legacyFallbackAllowed=false
[event_v2] mapEnter activation=mapact_1790778360657940_1 map=jardin reason=initialBoot result=MapEnterProductionDispatchV2Handled
[step_studio_trace] runtime_save_requested map=jardin completedStepIds=[] completedCutsceneIds=[]
01:23 +164 -4: /Users/karim/Project/pokemonProject/apps/avelune_studio/test/app/provider_lifecycle_test.dart: root session survives listener changes and closes exactly once
01:23 +165 -4: /Users/karim/Project/pokemonProject/apps/avelune_studio/test/app/studio_bootstrap_test.dart: bootstrap keeps its session until the root scope is removed
01:23 +166 -4: /Users/karim/Project/pokemonProject/apps/avelune_studio/test/app/studio_bootstrap_test.dart: bootstrap keeps its session until the root scope is removed
01:23 +167 -4: /Users/karim/Project/pokemonProject/apps/avelune_studio/test/app/studio_bootstrap_test.dart: bootstrap keeps its session until the root scope is removed
01:23 +168 -4: /Users/karim/Project/pokemonProject/apps/avelune_studio/test/app/studio_bootstrap_test.dart: bootstrap keeps its session until the root scope is removed
01:24 +169 -4: /Users/karim/Project/pokemonProject/apps/avelune_studio/test/presentations_ui11_transport_test.dart: canonical clock preserves pauses, exclusive ends and seek without mutation
01:24 +170 -4: /Users/karim/Project/pokemonProject/apps/avelune_studio/test/presentations_ui11_transport_test.dart: document replacement and manual scrubs invalidate media epochs
01:24 +171 -4: /Users/karim/Project/pokemonProject/apps/avelune_studio/test/presentations_ui11_transport_test.dart: step and loop use shared microsecond transport semantics
01:25 +172 -4: /Users/karim/Project/pokemonProject/apps/avelune_studio/test/ui13_verification_selection_test.dart: a new control keeps a selection whose key survives
01:25 +173 -4: /Users/karim/Project/pokemonProject/apps/avelune_studio/test/ui13_verification_selection_test.dart: a new control keeps a selection whose key survives
01:26 +174 -4: /Users/karim/Project/pokemonProject/apps/avelune_studio/test/events_ui08_map_context_test.dart: changing source kind cannot reselect the old entity overlay
01:26 +175 -4: /Users/karim/Project/pokemonProject/apps/avelune_studio/test/ui13_verification_selection_test.dart: a selection that vanished is explained, not called solved
01:26 +176 -4: /Users/karim/Project/pokemonProject/apps/avelune_studio/test/ui13_verification_selection_test.dart: a selection that vanished is explained, not called solved
01:26 +177 -4: /Users/karim/Project/pokemonProject/apps/avelune_studio/test/ui13_verification_selection_test.dart: a selection that vanished is explained, not called solved
01:26 +178 -4: /Users/karim/Project/pokemonProject/apps/avelune_studio/test/ui13_verification_selection_test.dart: a selection that vanished is explained, not called solved
01:26 +179 -4: /Users/karim/Project/pokemonProject/apps/avelune_studio/test/ui13_verification_selection_test.dart: a selection that vanished is explained, not called solved
01:27 +180 -4: /Users/karim/Project/pokemonProject/apps/avelune_studio/test/cinematics_ui10_spatial_test.dart: UI10 destination uses 16 pixel cells after actual zoom pan and publication
══╡ EXCEPTION CAUGHT BY FLUTTER TEST FRAMEWORK ╞════════════════════════════════════════════════════
The following MapWorkspaceFailure was thrown while running async test code:
Cette carte est absente, invalide ou utilise un format non pris en charge.

When the exception was thrown, this was the stack:
#0      LocalMapWorkspaceAdapter.loadMap (package:avelune_studio/features/map_workspace/data/local_map_workspace_adapter.dart:162:7)
<asynchronous suspension>
#1      seedUi10Visuals (file:///Users/karim/Project/pokemonProject/apps/avelune_studio/test/support/ui10_fixture_visuals.dart:124:18)
<asynchronous suspension>
#2      createUi10Fixture (file:///Users/karim/Project/pokemonProject/apps/avelune_studio/test/support/ui10_cinematic_fixture.dart:18:5)
<asynchronous suspension>
#3      Ui10WorkspaceHarness.create (file:///Users/karim/Project/pokemonProject/apps/avelune_studio/test/support/ui10_workspace_harness.dart:20:21)
<asynchronous suspension>
<asynchronous suspension>
#5      main.<anonymous closure> (file:///Users/karim/Project/pokemonProject/apps/avelune_studio/test/cinematics_ui10_spatial_test.dart:17:26)
<asynchronous suspension>
#6      testWidgets.<anonymous closure>.<anonymous closure> (package:flutter_test/src/widget_tester.dart:192:15)
<asynchronous suspension>
#7      TestWidgetsFlutterBinding._runTestBody (package:flutter_test/src/binding.dart:1978:5)
<asynchronous suspension>
<asynchronous suspension>
(elided 2 frames from dart:async and package:stack_trace)

The exception was caught asynchronously.
════════════════════════════════════════════════════════════════════════════════════════════════════
══╡ EXCEPTION CAUGHT BY FLUTTER TEST FRAMEWORK ╞════════════════════════════════════════════════════
The following _TypeError was thrown running a test:
Null check operator used on a null value

When the exception was thrown, this was the stack:
#0      main.<anonymous closure> (file:///Users/karim/Project/pokemonProject/apps/avelune_studio/test/cinematics_ui10_spatial_test.dart:19:11)
<asynchronous suspension>
#1      testWidgets.<anonymous closure>.<anonymous closure> (package:flutter_test/src/widget_tester.dart:192:15)
<asynchronous suspension>
#2      TestWidgetsFlutterBinding._runTestBody (package:flutter_test/src/binding.dart:1978:5)
<asynchronous suspension>
<asynchronous suspension>
(elided one frame from package:stack_trace)

The test description was:
  UI10 destination uses 16 pixel cells after actual zoom pan and publication
════════════════════════════════════════════════════════════════════════════════════════════════════
══╡ EXCEPTION CAUGHT BY FLUTTER TEST FRAMEWORK ╞════════════════════════════════════════════════════
The following message was thrown:
Multiple exceptions (2) were detected during the running of the current test, and at least one was
unexpected.
════════════════════════════════════════════════════════════════════════════════════════════════════
01:29 +180 -5: /Users/karim/Project/pokemonProject/apps/avelune_studio/test/cinematics_ui10_responsive_test.dart: UI10 1440.0x900.0 inspector edit keyboard save and reopen
01:29 +180 -5: /Users/karim/Project/pokemonProject/apps/avelune_studio/test/cinematics_ui10_spatial_test.dart: UI10 destination uses 16 pixel cells after actual zoom pan and publication [E]
  Test failed. See exception logs above.
  The test description was: UI10 destination uses 16 pixel cells after actual zoom pan and publication

01:29 +180 -5: /Users/karim/Project/pokemonProject/apps/avelune_studio/test/cinematics_ui10_responsive_test.dart: UI10 1440.0x900.0 inspector edit keyboard save and reopen
══╡ EXCEPTION CAUGHT BY FLUTTER TEST FRAMEWORK ╞════════════════════════════════════════════════════
The following MapWorkspaceFailure was thrown while running async test code:
Cette carte est absente, invalide ou utilise un format non pris en charge.

When the exception was thrown, this was the stack:
#0      LocalMapWorkspaceAdapter.loadMap (package:avelune_studio/features/map_workspace/data/local_map_workspace_adapter.dart:162:7)
<asynchronous suspension>
#1      seedUi10Visuals (file:///Users/karim/Project/pokemonProject/apps/avelune_studio/test/support/ui10_fixture_visuals.dart:124:18)
<asynchronous suspension>
#2      createUi10Fixture (file:///Users/karim/Project/pokemonProject/apps/avelune_studio/test/support/ui10_cinematic_fixture.dart:18:5)
<asynchronous suspension>
#3      Ui10WorkspaceHarness.create (file:///Users/karim/Project/pokemonProject/apps/avelune_studio/test/support/ui10_workspace_harness.dart:20:21)
<asynchronous suspension>
<asynchronous suspension>
#5      main.<anonymous closure> (file:///Users/karim/Project/pokemonProject/apps/avelune_studio/test/cinematics_ui10_responsive_test.dart:21:26)
<asynchronous suspension>
#6      testWidgets.<anonymous closure>.<anonymous closure> (package:flutter_test/src/widget_tester.dart:192:15)
<asynchronous suspension>
#7      TestWidgetsFlutterBinding._runTestBody (package:flutter_test/src/binding.dart:1978:5)
<asynchronous suspension>
<asynchronous suspension>
(elided 2 frames from dart:async and package:stack_trace)

The exception was caught asynchronously.
════════════════════════════════════════════════════════════════════════════════════════════════════
══╡ EXCEPTION CAUGHT BY FLUTTER TEST FRAMEWORK ╞════════════════════════════════════════════════════
The following _TypeError was thrown running a test:
Null check operator used on a null value

When the exception was thrown, this was the stack:
#0      main.<anonymous closure> (file:///Users/karim/Project/pokemonProject/apps/avelune_studio/test/cinematics_ui10_responsive_test.dart:23:11)
<asynchronous suspension>
#1      testWidgets.<anonymous closure>.<anonymous closure> (package:flutter_test/src/widget_tester.dart:192:15)
<asynchronous suspension>
#2      TestWidgetsFlutterBinding._runTestBody (package:flutter_test/src/binding.dart:1978:5)
<asynchronous suspension>
<asynchronous suspension>
(elided one frame from package:stack_trace)

The test description was:
  UI10 1440.0x900.0 inspector edit keyboard save and reopen
════════════════════════════════════════════════════════════════════════════════════════════════════
══╡ EXCEPTION CAUGHT BY FLUTTER TEST FRAMEWORK ╞════════════════════════════════════════════════════
The following message was thrown:
Multiple exceptions (2) were detected during the running of the current test, and at least one was
unexpected.
════════════════════════════════════════════════════════════════════════════════════════════════════
01:29 +180 -6: /Users/karim/Project/pokemonProject/apps/avelune_studio/test/cinematics_ui10_spatial_test.dart: UI10 destination uses 32 pixel cells after actual zoom pan and publication
01:29 +180 -6: /Users/karim/Project/pokemonProject/apps/avelune_studio/test/cinematics_ui10_responsive_test.dart: UI10 1440.0x900.0 inspector edit keyboard save and reopen [E]
  Test failed. See exception logs above.
  The test description was: UI10 1440.0x900.0 inspector edit keyboard save and reopen

01:30 +180 -6: /Users/karim/Project/pokemonProject/apps/avelune_studio/test/cinematics_ui10_spatial_test.dart: UI10 destination uses 32 pixel cells after actual zoom pan and publication
══╡ EXCEPTION CAUGHT BY FLUTTER TEST FRAMEWORK ╞════════════════════════════════════════════════════
The following MapWorkspaceFailure was thrown while running async test code:
Cette carte est absente, invalide ou utilise un format non pris en charge.

When the exception was thrown, this was the stack:
#0      LocalMapWorkspaceAdapter.loadMap (package:avelune_studio/features/map_workspace/data/local_map_workspace_adapter.dart:162:7)
<asynchronous suspension>
#1      seedUi10Visuals (file:///Users/karim/Project/pokemonProject/apps/avelune_studio/test/support/ui10_fixture_visuals.dart:124:18)
<asynchronous suspension>
#2      createUi10Fixture (file:///Users/karim/Project/pokemonProject/apps/avelune_studio/test/support/ui10_cinematic_fixture.dart:18:5)
<asynchronous suspension>
#3      Ui10WorkspaceHarness.create (file:///Users/karim/Project/pokemonProject/apps/avelune_studio/test/support/ui10_workspace_harness.dart:20:21)
<asynchronous suspension>
<asynchronous suspension>
#5      main.<anonymous closure> (file:///Users/karim/Project/pokemonProject/apps/avelune_studio/test/cinematics_ui10_spatial_test.dart:17:26)
<asynchronous suspension>
#6      testWidgets.<anonymous closure>.<anonymous closure> (package:flutter_test/src/widget_tester.dart:192:15)
<asynchronous suspension>
#7      TestWidgetsFlutterBinding._runTestBody (package:flutter_test/src/binding.dart:1978:5)
<asynchronous suspension>
<asynchronous suspension>
(elided 2 frames from dart:async and package:stack_trace)

The exception was caught asynchronously.
════════════════════════════════════════════════════════════════════════════════════════════════════
══╡ EXCEPTION CAUGHT BY FLUTTER TEST FRAMEWORK ╞════════════════════════════════════════════════════
The following _TypeError was thrown running a test:
Null check operator used on a null value

When the exception was thrown, this was the stack:
#0      main.<anonymous closure> (file:///Users/karim/Project/pokemonProject/apps/avelune_studio/test/cinematics_ui10_spatial_test.dart:19:11)
<asynchronous suspension>
#1      testWidgets.<anonymous closure>.<anonymous closure> (package:flutter_test/src/widget_tester.dart:192:15)
<asynchronous suspension>
#2      TestWidgetsFlutterBinding._runTestBody (package:flutter_test/src/binding.dart:1978:5)
<asynchronous suspension>
<asynchronous suspension>
(elided one frame from package:stack_trace)

The test description was:
  UI10 destination uses 32 pixel cells after actual zoom pan and publication
════════════════════════════════════════════════════════════════════════════════════════════════════
══╡ EXCEPTION CAUGHT BY FLUTTER TEST FRAMEWORK ╞════════════════════════════════════════════════════
The following message was thrown:
Multiple exceptions (2) were detected during the running of the current test, and at least one was
unexpected.
════════════════════════════════════════════════════════════════════════════════════════════════════
01:30 +180 -7: /Users/karim/Project/pokemonProject/apps/avelune_studio/test/cinematics_ui10_responsive_test.dart: UI10 1280.0x800.0 inspector edit keyboard save and reopen
01:30 +180 -7: /Users/karim/Project/pokemonProject/apps/avelune_studio/test/cinematics_ui10_spatial_test.dart: UI10 destination uses 32 pixel cells after actual zoom pan and publication [E]
  Test failed. See exception logs above.
  The test description was: UI10 destination uses 32 pixel cells after actual zoom pan and publication

01:30 +180 -7: /Users/karim/Project/pokemonProject/apps/avelune_studio/test/cinematics_ui10_responsive_test.dart: UI10 1280.0x800.0 inspector edit keyboard save and reopen
══╡ EXCEPTION CAUGHT BY FLUTTER TEST FRAMEWORK ╞════════════════════════════════════════════════════
The following MapWorkspaceFailure was thrown while running async test code:
Cette carte est absente, invalide ou utilise un format non pris en charge.

When the exception was thrown, this was the stack:
#0      LocalMapWorkspaceAdapter.loadMap (package:avelune_studio/features/map_workspace/data/local_map_workspace_adapter.dart:162:7)
<asynchronous suspension>
#1      seedUi10Visuals (file:///Users/karim/Project/pokemonProject/apps/avelune_studio/test/support/ui10_fixture_visuals.dart:124:18)
<asynchronous suspension>
#2      createUi10Fixture (file:///Users/karim/Project/pokemonProject/apps/avelune_studio/test/support/ui10_cinematic_fixture.dart:18:5)
<asynchronous suspension>
#3      Ui10WorkspaceHarness.create (file:///Users/karim/Project/pokemonProject/apps/avelune_studio/test/support/ui10_workspace_harness.dart:20:21)
<asynchronous suspension>
<asynchronous suspension>
#5      main.<anonymous closure> (file:///Users/karim/Project/pokemonProject/apps/avelune_studio/test/cinematics_ui10_responsive_test.dart:21:26)
<asynchronous suspension>
#6      testWidgets.<anonymous closure>.<anonymous closure> (package:flutter_test/src/widget_tester.dart:192:15)
<asynchronous suspension>
#7      TestWidgetsFlutterBinding._runTestBody (package:flutter_test/src/binding.dart:1978:5)
<asynchronous suspension>
<asynchronous suspension>
(elided 2 frames from dart:async and package:stack_trace)

The exception was caught asynchronously.
════════════════════════════════════════════════════════════════════════════════════════════════════
══╡ EXCEPTION CAUGHT BY FLUTTER TEST FRAMEWORK ╞════════════════════════════════════════════════════
The following _TypeError was thrown running a test:
Null check operator used on a null value

When the exception was thrown, this was the stack:
#0      main.<anonymous closure> (file:///Users/karim/Project/pokemonProject/apps/avelune_studio/test/cinematics_ui10_responsive_test.dart:23:11)
<asynchronous suspension>
#1      testWidgets.<anonymous closure>.<anonymous closure> (package:flutter_test/src/widget_tester.dart:192:15)
<asynchronous suspension>
#2      TestWidgetsFlutterBinding._runTestBody (package:flutter_test/src/binding.dart:1978:5)
<asynchronous suspension>
<asynchronous suspension>
(elided one frame from package:stack_trace)

The test description was:
  UI10 1280.0x800.0 inspector edit keyboard save and reopen
════════════════════════════════════════════════════════════════════════════════════════════════════
══╡ EXCEPTION CAUGHT BY FLUTTER TEST FRAMEWORK ╞════════════════════════════════════════════════════
The following message was thrown:
Multiple exceptions (2) were detected during the running of the current test, and at least one was
unexpected.
════════════════════════════════════════════════════════════════════════════════════════════════════
01:30 +180 -8: /Users/karim/Project/pokemonProject/apps/avelune_studio/test/cinematics_ui10_responsive_test.dart: UI10 1280.0x800.0 inspector edit keyboard save and reopen [E]
  Test failed. See exception logs above.
  The test description was: UI10 1280.0x800.0 inspector edit keyboard save and reopen

01:30 +180 -8: /Users/karim/Project/pokemonProject/apps/avelune_studio/test/cinematics_ui10_responsive_test.dart: UI10 1024.0x640.0 inspector edit keyboard save and reopen
══╡ EXCEPTION CAUGHT BY FLUTTER TEST FRAMEWORK ╞════════════════════════════════════════════════════
The following MapWorkspaceFailure was thrown while running async test code:
Cette carte est absente, invalide ou utilise un format non pris en charge.

When the exception was thrown, this was the stack:
#0      LocalMapWorkspaceAdapter.loadMap (package:avelune_studio/features/map_workspace/data/local_map_workspace_adapter.dart:162:7)
<asynchronous suspension>
#1      seedUi10Visuals (file:///Users/karim/Project/pokemonProject/apps/avelune_studio/test/support/ui10_fixture_visuals.dart:124:18)
<asynchronous suspension>
#2      createUi10Fixture (file:///Users/karim/Project/pokemonProject/apps/avelune_studio/test/support/ui10_cinematic_fixture.dart:18:5)
<asynchronous suspension>
#3      Ui10WorkspaceHarness.create (file:///Users/karim/Project/pokemonProject/apps/avelune_studio/test/support/ui10_workspace_harness.dart:20:21)
<asynchronous suspension>
<asynchronous suspension>
#5      main.<anonymous closure> (file:///Users/karim/Project/pokemonProject/apps/avelune_studio/test/cinematics_ui10_responsive_test.dart:21:26)
<asynchronous suspension>
#6      testWidgets.<anonymous closure>.<anonymous closure> (package:flutter_test/src/widget_tester.dart:192:15)
<asynchronous suspension>
#7      TestWidgetsFlutterBinding._runTestBody (package:flutter_test/src/binding.dart:1978:5)
<asynchronous suspension>
<asynchronous suspension>
(elided 2 frames from dart:async and package:stack_trace)

The exception was caught asynchronously.
════════════════════════════════════════════════════════════════════════════════════════════════════
══╡ EXCEPTION CAUGHT BY FLUTTER TEST FRAMEWORK ╞════════════════════════════════════════════════════
The following _TypeError was thrown running a test:
Null check operator used on a null value

When the exception was thrown, this was the stack:
#0      main.<anonymous closure> (file:///Users/karim/Project/pokemonProject/apps/avelune_studio/test/cinematics_ui10_responsive_test.dart:23:11)
<asynchronous suspension>
#1      testWidgets.<anonymous closure>.<anonymous closure> (package:flutter_test/src/widget_tester.dart:192:15)
<asynchronous suspension>
#2      TestWidgetsFlutterBinding._runTestBody (package:flutter_test/src/binding.dart:1978:5)
<asynchronous suspension>
<asynchronous suspension>
(elided one frame from package:stack_trace)

The test description was:
  UI10 1024.0x640.0 inspector edit keyboard save and reopen
════════════════════════════════════════════════════════════════════════════════════════════════════
══╡ EXCEPTION CAUGHT BY FLUTTER TEST FRAMEWORK ╞════════════════════════════════════════════════════
The following message was thrown:
Multiple exceptions (2) were detected during the running of the current test, and at least one was
unexpected.
════════════════════════════════════════════════════════════════════════════════════════════════════
01:31 +180 -9: /Users/karim/Project/pokemonProject/apps/avelune_studio/test/project_creation/home_creation_entry_test.dart: new project is an active action inside existing recents
01:31 +180 -9: /Users/karim/Project/pokemonProject/apps/avelune_studio/test/cinematics_ui10_responsive_test.dart: UI10 1024.0x640.0 inspector edit keyboard save and reopen [E]
  Test failed. See exception logs above.
  The test description was: UI10 1024.0x640.0 inspector edit keyboard save and reopen

01:33 +181 -9: /Users/karim/Project/pokemonProject/apps/avelune_studio/test/project_creation/creator_ui_test.dart: creator adapts to Size(1536.0, 960.0) text 1.0 and preserves the five steps
01:35 +182 -9: /Users/karim/Project/pokemonProject/apps/avelune_studio/test/project_creation/creation_session_safety_host_test.dart: created project switch preserves a cancelled narrative draft
01:36 +183 -9: /Users/karim/Project/pokemonProject/apps/avelune_studio/test/project_creation/creation_session_safety_host_test.dart: created project switch preserves a cancelled narrative draft
01:38 +184 -9: /Users/karim/Project/pokemonProject/apps/avelune_studio/test/project_creation/creation_session_safety_host_test.dart: created project switch preserves a cancelled narrative draft
01:40 +185 -9: /Users/karim/Project/pokemonProject/apps/avelune_studio/test/project_creation/creation_session_safety_host_test.dart: created project switch preserves a cancelled narrative draft
01:40 +186 -9: /Users/karim/Project/pokemonProject/apps/avelune_studio/test/project_creation/creation_session_safety_host_test.dart: late canonical creation cannot open in a replaced session owner
01:41 +187 -9: /Users/karim/Project/pokemonProject/apps/avelune_studio/test/project_creation/creation_session_safety_host_test.dart: late canonical creation cannot open in a replaced session owner
01:41 +188 -9: /Users/karim/Project/pokemonProject/apps/avelune_studio/test/project_creation/creation_session_safety_host_test.dart: late canonical creation cannot open in a replaced session owner
01:41 +189 -9: /Users/karim/Project/pokemonProject/apps/avelune_studio/test/project_creation/creation_session_safety_host_test.dart: late canonical creation cannot open in a replaced session owner
01:41 +190 -9: /Users/karim/Project/pokemonProject/apps/avelune_studio/test/project_creation/creation_session_safety_host_test.dart: late canonical creation cannot open in a replaced session owner
01:47 +191 -9: /Users/karim/Project/pokemonProject/apps/avelune_studio/test/project_creation/creation_session_safety_host_test.dart: late canonical creation cannot open in a replaced session owner
01:52 +192 -9: /Users/karim/Project/pokemonProject/apps/avelune_studio/test/project_creation/creation_session_safety_host_test.dart: late canonical creation cannot open in a replaced session owner
01:56 +193 -9: /Users/karim/Project/pokemonProject/apps/avelune_studio/test/project_creation/creation_session_safety_host_test.dart: late canonical creation cannot open in a replaced session owner
02:00 +194 -9: /Users/karim/Project/pokemonProject/apps/avelune_studio/test/project_creation/creation_session_safety_host_test.dart: late canonical creation cannot open in a replaced session owner
02:02 +195 -9: /Users/karim/Project/pokemonProject/apps/avelune_studio/test/project_creation/creation_session_safety_host_test.dart: late canonical creation cannot open in a replaced session owner
02:11 +196 -9: /Users/karim/Project/pokemonProject/apps/avelune_studio/test/project_creation/creation_session_safety_host_test.dart: late canonical creation cannot open in a replaced session owner
02:13 +197 -9: /Users/karim/Project/pokemonProject/apps/avelune_studio/test/project_creation/creation_session_safety_host_test.dart: late canonical creation cannot open in a replaced session owner
02:16 +198 -9: /Users/karim/Project/pokemonProject/apps/avelune_studio/test/project_creation/creation_session_safety_host_test.dart: late canonical creation cannot open in a replaced session owner
02:19 +199 -9: /Users/karim/Project/pokemonProject/apps/avelune_studio/test/project_creation/creation_session_safety_host_test.dart: late canonical creation cannot open in a replaced session owner
02:24 +200 -9: /Users/karim/Project/pokemonProject/apps/avelune_studio/test/project_creation/creation_session_safety_host_test.dart: late canonical creation cannot open in a replaced session owner
02:29 +201 -9: /Users/karim/Project/pokemonProject/apps/avelune_studio/test/project_creation/creation_session_safety_host_test.dart: late canonical creation cannot open in a replaced session owner
02:32 +202 -9: /Users/karim/Project/pokemonProject/apps/avelune_studio/test/project_creation/creation_session_safety_host_test.dart: late canonical creation cannot open in a replaced session owner
02:35 +203 -9: /Users/karim/Project/pokemonProject/apps/avelune_studio/test/project_creation/creation_session_safety_host_test.dart: late canonical creation cannot open in a replaced session owner
02:43 +204 -9: /Users/karim/Project/pokemonProject/apps/avelune_studio/test/project_creation/creation_session_safety_host_test.dart: late canonical creation cannot open in a replaced session owner
02:46 +205 -9: /Users/karim/Project/pokemonProject/apps/avelune_studio/test/project_creation/creation_session_safety_host_test.dart: late canonical creation cannot open in a replaced session owner
02:49 +206 -9: /Users/karim/Project/pokemonProject/apps/avelune_studio/test/project_creation/creation_session_safety_host_test.dart: late canonical creation cannot open in a replaced session owner
02:56 +207 -9: /Users/karim/Project/pokemonProject/apps/avelune_studio/test/project_creation/creation_session_safety_host_test.dart: late canonical creation cannot open in a replaced session owner
02:59 +208 -9: /Users/karim/Project/pokemonProject/apps/avelune_studio/test/project_creation/creation_session_safety_host_test.dart: late canonical creation cannot open in a replaced session owner
03:03 +209 -9: /Users/karim/Project/pokemonProject/apps/avelune_studio/test/project_creation/creation_session_safety_host_test.dart: late canonical creation cannot open in a replaced session owner
03:06 +210 -9: /Users/karim/Project/pokemonProject/apps/avelune_studio/test/project_creation/creation_session_safety_host_test.dart: late canonical creation cannot open in a replaced session owner
03:13 +211 -9: /Users/karim/Project/pokemonProject/apps/avelune_studio/test/project_creation/creation_session_safety_host_test.dart: late canonical creation cannot open in a replaced session owner
03:20 +212 -9: /Users/karim/Project/pokemonProject/apps/avelune_studio/test/project_creation/creation_session_safety_host_test.dart: late canonical creation cannot open in a replaced session owner
03:22 +213 -9: /Users/karim/Project/pokemonProject/apps/avelune_studio/test/project_creation/creation_session_safety_host_test.dart: late canonical creation cannot open in a replaced session owner
03:24 +214 -9: /Users/karim/Project/pokemonProject/apps/avelune_studio/test/project_creation/creation_session_safety_host_test.dart: late canonical creation cannot open in a replaced session owner
03:26 +215 -9: /Users/karim/Project/pokemonProject/apps/avelune_studio/test/project_creation/creation_session_safety_host_test.dart: late canonical creation cannot open in a replaced session owner
03:28 +216 -9: /Users/karim/Project/pokemonProject/apps/avelune_studio/test/project_creation/creation_session_safety_host_test.dart: late canonical creation cannot open in a replaced session owner
03:33 +217 -9: /Users/karim/Project/pokemonProject/apps/avelune_studio/test/project_creation/creation_session_safety_host_test.dart: late canonical creation cannot open in a replaced session owner
03:44 +218 -9: /Users/karim/Project/pokemonProject/apps/avelune_studio/test/project_creation/creation_session_safety_host_test.dart: late canonical creation cannot open in a replaced session owner
03:45 +219 -9: /Users/karim/Project/pokemonProject/apps/avelune_studio/test/project_creation/creation_session_safety_host_test.dart: late canonical creation cannot open in a replaced session owner
03:45 +220 -9: /Users/karim/Project/pokemonProject/apps/avelune_studio/test/project_creation/creation_session_safety_host_test.dart: late canonical creation cannot open in a replaced session owner
03:45 +221 -9: /Users/karim/Project/pokemonProject/apps/avelune_studio/test/project_creation/creation_session_safety_host_test.dart: late canonical creation cannot open in a replaced session owner
04:05 +221 -9: /Users/karim/Project/pokemonProject/apps/avelune_studio/test/pokemon/pokemon_combat_host_test.dart: Studio creates a wild table and trainer with independent reopen
[runtime_loader] bundle load start projectFilePath=/private/var/folders/b5/7gsfwzyd449_54n8l40h40gc0000gn/T/avelune_m3_story_bHDdLZ/project.json mapId=jardin
[runtime_loader] project manifest lookup path=/private/var/folders/b5/7gsfwzyd449_54n8l40h40gc0000gn/T/avelune_m3_story_bHDdLZ/project.json
[runtime_loader] project manifest read ok bytes=36348
[runtime_loader] project manifest validated maps=2 tilesets=1 scenarios=0
[runtime_loader] bundle map resolved mapId=jardin relativePath=maps/jardin.json mapPath=/private/var/folders/b5/7gsfwzyd449_54n8l40h40gc0000gn/T/avelune_m3_story_bHDdLZ/maps/jardin.json
[runtime_loader] map file lookup path=/private/var/folders/b5/7gsfwzyd449_54n8l40h40gc0000gn/T/avelune_m3_story_bHDdLZ/maps/jardin.json
[runtime_loader] map file read ok bytes=21159
[runtime_loader] map validated id=jardin size=24x16 layers=3 entities=4 placedElements=3 warps=0 triggers=1
[runtime_loader] bundle tilesets collected ids=atelier
[runtime_loader] bundle tileset path id=atelier path=/private/var/folders/b5/7gsfwzyd449_54n8l40h40gc0000gn/T/avelune_m3_story_bHDdLZ/assets/atelier.png
[runtime_loader] bundle load ok mapId=jardin projectRoot=/private/var/folders/b5/7gsfwzyd449_54n8l40h40gc0000gn/T/avelune_m3_story_bHDdLZ tilesets=1
[runtime_game] tileset image load start map=jardin
[runtime_game] tileset cache resolve requested=1
[runtime_game] tileset cache resolve ok result=1
[runtime_game] onLoad start map=jardin projectFilePath=/private/var/folders/b5/7gsfwzyd449_54n8l40h40gc0000gn/T/avelune_m3_story_bHDdLZ/project.json tilesets=1
[runtime] New game created from project contract on jardin at (8, 9)
[runtime_game] tileset image load ok count=1 map=jardin
[runtime_game] mount root map start map=jardin
[step_studio_trace] npc_mount_added map=jardin entity=chief
[step_studio_trace] npc_mount_added map=jardin entity=traveller
[step_studio_trace] npc_mount_added map=jardin entity=combat-guide
[step_studio_trace] npc_presence_applied map=jardin entity=chief present=true
[step_studio_trace] npc_presence_applied map=jardin entity=traveller present=true
[step_studio_trace] npc_presence_applied map=jardin entity=combat-guide present=true
[runtime_game] mount root map ok map=jardin
[npc_patrol] read movement entity=chief pos=(8,10) size=1x1 mode=idle waypoints= loop=true pauseMs=0 stepMs=200
[npc_patrol] read movement entity=traveller pos=(10,10) size=1x1 mode=idle waypoints= loop=true pauseMs=0 stepMs=200
[npc_patrol] read movement entity=combat-guide pos=(7,9) size=1x1 mode=idle waypoints= loop=true pauseMs=0 stepMs=200
[runtime_game] onLoad completed activeMapId=jardin
[runtime_loader] map file lookup path=/private/var/folders/b5/7gsfwzyd449_54n8l40h40gc0000gn/T/avelune_m3_story_bHDdLZ/maps/clairiere.json
[runtime_loader] map file read ok bytes=17376
[runtime_loader] map validated id=clairiere size=24x16 layers=3 entities=1 placedElements=3 warps=0 triggers=0
[perf][battle][real] imageLoad path=/private/var/folders/b5/7gsfwzyd449_54n8l40h40gc0000gn/T/avelune_m3_story_bHDdLZ/assets/pokemon/sprites/bulbasaur/front.png total=1ms
[perf][battle][real] prewarmActiveMapDataFailed map=jardin error=Image not found: /private/var/folders/b5/7gsfwzyd449_54n8l40h40gc0000gn/T/avelune_m3_story_bHDdLZ/assets/pokemon/sprites/bulbasaur/front.png
#0      loadImageFromFilePath (package:map_runtime/src/infrastructure/tile_image_loader.dart:249:5)
<asynchronous suspension>
#1      BattleVisualAssetCache.loadImage.load (package:map_runtime/src/presentation/flame/battle_visual_asset_cache.dart:57:16)
<asynchronous suspension>
#2      BattleVisualAssetCache.loadImage (package:map_runtime/src/presentation/flame/battle_visual_asset_cache.dart:74:14)
<asynchronous suspension>
#3      BattleVisualAssetCache.prewarmSprite (package:map_runtime/src/presentation/flame/battle_visual_asset_cache.dart:136:19)
<asynchronous suspension>
#4      PlayableMapGame._prewarmBattleSpriteAssetsForSpecies (package:map_runtime/src/presentation/flame/playable_map_game.dart:14338:7)
<asynchronous suspension>
#5      PlayableMapGame._prewarmActiveMapBattleData.<anonymous closure> (package:map_runtime/src/presentation/flame/playable_map_game.dart:14157:11)
<asynchronous suspension>

[step_studio_trace] npc_presence_applied map=jardin entity=chief present=true
[step_studio_trace] npc_presence_applied map=jardin entity=traveller present=true
[step_studio_trace] npc_presence_applied map=jardin entity=combat-guide present=true
[npc_patrol] read movement entity=chief pos=(8,10) size=1x1 mode=idle waypoints= loop=true pauseMs=0 stepMs=200
[npc_patrol] read movement entity=traveller pos=(10,10) size=1x1 mode=idle waypoints= loop=true pauseMs=0 stepMs=200
[npc_patrol] read movement entity=combat-guide pos=(7,9) size=1x1 mode=idle waypoints= loop=true pauseMs=0 stepMs=200
[step_studio_trace] npc_presence_applied map=jardin entity=chief present=true
[step_studio_trace] npc_presence_applied map=jardin entity=traveller present=true
[step_studio_trace] npc_presence_applied map=jardin entity=combat-guide present=true
[npc_patrol] read movement entity=chief pos=(8,10) size=1x1 mode=idle waypoints= loop=true pauseMs=0 stepMs=200
[npc_patrol] read movement entity=traveller pos=(10,10) size=1x1 mode=idle waypoints= loop=true pauseMs=0 stepMs=200
[npc_patrol] read movement entity=combat-guide pos=(7,9) size=1x1 mode=idle waypoints= loop=true pauseMs=0 stepMs=200
[step_studio_trace] npc_presence_applied map=jardin entity=chief present=true
[step_studio_trace] npc_presence_applied map=jardin entity=traveller present=true
[step_studio_trace] npc_presence_applied map=jardin entity=combat-guide present=true
[npc_patrol] read movement entity=chief pos=(8,10) size=1x1 mode=idle waypoints= loop=true pauseMs=0 stepMs=200
[npc_patrol] read movement entity=traveller pos=(10,10) size=1x1 mode=idle waypoints= loop=true pauseMs=0 stepMs=200
[npc_patrol] read movement entity=combat-guide pos=(7,9) size=1x1 mode=idle waypoints= loop=true pauseMs=0 stepMs=200
[event_v2] mapEnter activation=mapact_1790778523518036_1 map=jardin reason=initialBoot result=MapEnterProductionDispatchLegacyFallback
[encounter] matched source=zone-1790778520398068-0 table=jardin_wild
[encounter] triggered species=bulbasaur level=5 kind=walk
[battle] battle request created kind=wild source=wildEncounter requestId=wild:jardin:zone-1790778520398068-0:bulbasaur:1790778523630
[battle] wild payload species=bulbasaur level=5 map=jardin source=zone-1790778520398068-0
[battle] transition started requestId=wild:jardin:zone-1790778520398068-0:bulbasaur:1790778523630 kind=wild
[perf][battle] generateWildPokemon=5ms
[perf][battle] selectPlayerBattleLineup=0ms
[perf][battle] toPsdkBattleSetup=24ms
[perf][battle] markSpeciesSeen=0ms
[perf][battle] createPsdkSession=22ms
[perf][battle] backgroundResolver=1ms
[perf][battle] musicResolver=0ms
[perf][battle] genderResolver=1ms
[perf][battle] experienceProgress=0ms
[perf][battle] overlay=2ms
[perf][battle][real] overlay.backdrop=0ms
[perf][battle][real] overlay.enemyCombatant=3ms
[perf][battle][real] overlay.playerCombatant=0ms
[step_studio_trace] npc_presence_applied map=jardin entity=chief present=true
[step_studio_trace] npc_presence_applied map=jardin entity=traveller present=true
[step_studio_trace] npc_presence_applied map=jardin entity=combat-guide present=true
[npc_patrol] read movement entity=chief pos=(8,10) size=1x1 mode=idle waypoints= loop=true pauseMs=0 stepMs=200
[npc_patrol] read movement entity=traveller pos=(10,10) size=1x1 mode=idle waypoints= loop=true pauseMs=0 stepMs=200
[npc_patrol] read movement entity=combat-guide pos=(7,9) size=1x1 mode=idle waypoints= loop=true pauseMs=0 stepMs=200
[interact] NPC: combat-guide
[trainer] battle triggered trainer=chef_gare entity=combat-guide
[battle] transition started requestId=trainer:jardin:combat-guide:chef_gare:1790778523748 kind=trainer
[perf][battle] selectPlayerBattleLineup=0ms
[perf][battle] toPsdkBattleSetup=1ms
[perf][battle] markSpeciesSeen=0ms
[perf][battle] createPsdkSession=0ms
[perf][battle] backgroundResolver=0ms
[perf][battle] musicResolver=0ms
[perf][battle] genderResolver=0ms
[perf][battle] experienceProgress=0ms
[perf][battle] overlay=0ms
[perf][battle][real] overlay.backdrop=0ms
[perf][battle][real] overlay.enemyCombatant=0ms
[perf][battle][real] overlay.playerCombatant=0ms
[perf][battle][real] overlay.enemyHud=0ms
[perf][battle][real] overlay.playerHud=0ms
[perf][battle][real] overlay.commandPanel=9ms
[perf][battle][real] imageLoad path=/private/var/folders/b5/7gsfwzyd449_54n8l40h40gc0000gn/T/avelune_m3_story_bHDdLZ/assets/pokemon/sprites/bulbasaur/front.png total=32ms
[perf][battle][real] overlay.enemyHud=5ms
[perf][battle][real] overlay.playerHud=0ms
[perf][battle][real] overlay.commandPanel=6ms
[perf][battle][real] imageLoad path=/private/var/folders/b5/7gsfwzyd449_54n8l40h40gc0000gn/T/avelune_m3_story_bHDdLZ/assets/pokemon/sprites/bulbasaur/back.png total=15ms
[perf][battle][real] overlay.initialVisualSync=50ms
[perf][battle][real] overlay.total=105ms
04:05 +222 -9: /Users/karim/Project/pokemonProject/apps/avelune_studio/test/project_creation/creation_session_safety_host_test.dart: late canonical creation cannot open in a replaced session owner
04:05 +222 -9: /Users/karim/Project/pokemonProject/apps/avelune_studio/test/pokemon/pokemon_combat_host_test.dart: Studio creates a wild table and trainer with independent reopen
[perf][battle][real] imageLoad path=/private/var/folders/b5/7gsfwzyd449_54n8l40h40gc0000gn/T/avelune_m3_story_bHDdLZ/assets/pokemon/sprites/bulbasaur/front.png total=4ms
04:06 +223 -9: /Users/karim/Project/pokemonProject/apps/avelune_studio/test/project_creation/creation_session_safety_host_test.dart: late canonical creation cannot open in a replaced session owner
04:07 +224 -9: /Users/karim/Project/pokemonProject/apps/avelune_studio/test/project_creation/creation_session_safety_host_test.dart: late canonical creation cannot open in a replaced session owner
04:07 +225 -9: /Users/karim/Project/pokemonProject/apps/avelune_studio/test/project_creation/creation_session_safety_host_test.dart: late canonical creation cannot open in a replaced session owner
04:07 +226 -9: /Users/karim/Project/pokemonProject/apps/avelune_studio/test/project_creation/creation_session_safety_host_test.dart: late canonical creation cannot open in a replaced session owner
04:13 +227 -9: /Users/karim/Project/pokemonProject/apps/avelune_studio/test/project_creation/creation_session_safety_host_test.dart: late canonical creation cannot open in a replaced session owner
04:18 +228 -9: /Users/karim/Project/pokemonProject/apps/avelune_studio/test/project_creation/creation_session_safety_host_test.dart: late canonical creation cannot open in a replaced session owner
04:24 +229 -9: /Users/karim/Project/pokemonProject/apps/avelune_studio/test/project_creation/creation_session_safety_host_test.dart: late canonical creation cannot open in a replaced session owner
04:31 +230 -9: /Users/karim/Project/pokemonProject/apps/avelune_studio/test/project_creation/creation_session_safety_host_test.dart: late canonical creation cannot open in a replaced session owner
04:37 +231 -9: /Users/karim/Project/pokemonProject/apps/avelune_studio/test/project_creation/creation_session_safety_host_test.dart: late canonical creation cannot open in a replaced session owner
04:40 +232 -9: /Users/karim/Project/pokemonProject/apps/avelune_studio/test/project_creation/creation_session_safety_host_test.dart: late canonical creation cannot open in a replaced session owner
04:44 +233 -9: /Users/karim/Project/pokemonProject/apps/avelune_studio/test/project_creation/creation_session_safety_host_test.dart: late canonical creation cannot open in a replaced session owner
04:50 +234 -9: /Users/karim/Project/pokemonProject/apps/avelune_studio/test/project_creation/creation_session_safety_host_test.dart: late canonical creation cannot open in a replaced session owner
04:51 +235 -9: /Users/karim/Project/pokemonProject/apps/avelune_studio/test/project_creation/creation_session_safety_host_test.dart: late canonical creation cannot open in a replaced session owner
04:51 +236 -9: /Users/karim/Project/pokemonProject/apps/avelune_studio/test/project_creation/creation_session_safety_host_test.dart: late canonical creation cannot open in a replaced session owner
04:51 +237 -9: /Users/karim/Project/pokemonProject/apps/avelune_studio/test/project_creation/creation_session_safety_host_test.dart: late canonical creation cannot open in a replaced session owner
04:59 +238 -9: /Users/karim/Project/pokemonProject/apps/avelune_studio/test/project_creation/creation_session_safety_host_test.dart: late canonical creation cannot open in a replaced session owner
05:00 +239 -9: /Users/karim/Project/pokemonProject/apps/avelune_studio/test/project_creation/creation_session_safety_host_test.dart: late canonical creation cannot open in a replaced session owner
05:00 +240 -9: /Users/karim/Project/pokemonProject/apps/avelune_studio/test/project_creation/creation_session_safety_host_test.dart: late canonical creation cannot open in a replaced session owner
05:00 +241 -9: /Users/karim/Project/pokemonProject/apps/avelune_studio/test/project_creation/creation_session_safety_host_test.dart: late canonical creation cannot open in a replaced session owner
05:05 +242 -9: /Users/karim/Project/pokemonProject/apps/avelune_studio/test/project_creation/creation_session_safety_host_test.dart: late canonical creation cannot open in a replaced session owner
05:10 +243 -9: /Users/karim/Project/pokemonProject/apps/avelune_studio/test/project_creation/creation_session_safety_host_test.dart: late canonical creation cannot open in a replaced session owner
05:18 +244 -9: /Users/karim/Project/pokemonProject/apps/avelune_studio/test/project_creation/creation_session_safety_host_test.dart: late canonical creation cannot open in a replaced session owner
05:23 +245 -9: /Users/karim/Project/pokemonProject/apps/avelune_studio/test/project_creation/creation_session_safety_host_test.dart: late canonical creation cannot open in a replaced session owner
05:26 +246 -9: /Users/karim/Project/pokemonProject/apps/avelune_studio/test/project_creation/creation_session_safety_host_test.dart: late canonical creation cannot open in a replaced session owner
05:30 +247 -9: /Users/karim/Project/pokemonProject/apps/avelune_studio/test/project_creation/creation_session_safety_host_test.dart: late canonical creation cannot open in a replaced session owner
05:32 +248 -9: /Users/karim/Project/pokemonProject/apps/avelune_studio/test/project_creation/creation_session_safety_host_test.dart: late canonical creation cannot open in a replaced session owner
05:35 +249 -9: /Users/karim/Project/pokemonProject/apps/avelune_studio/test/project_creation/creation_session_safety_host_test.dart: late canonical creation cannot open in a replaced session owner
05:38 +250 -9: /Users/karim/Project/pokemonProject/apps/avelune_studio/test/project_creation/creation_session_safety_host_test.dart: late canonical creation cannot open in a replaced session owner
05:43 +251 -9: /Users/karim/Project/pokemonProject/apps/avelune_studio/test/project_creation/creation_session_safety_host_test.dart: late canonical creation cannot open in a replaced session owner
05:47 +252 -9: /Users/karim/Project/pokemonProject/apps/avelune_studio/test/project_creation/creation_session_safety_host_test.dart: late canonical creation cannot open in a replaced session owner
05:49 +253 -9: /Users/karim/Project/pokemonProject/apps/avelune_studio/test/project_creation/creation_session_safety_host_test.dart: late canonical creation cannot open in a replaced session owner
05:53 +254 -9: /Users/karim/Project/pokemonProject/apps/avelune_studio/test/project_creation/creation_session_safety_host_test.dart: late canonical creation cannot open in a replaced session owner
05:57 +255 -9: /Users/karim/Project/pokemonProject/apps/avelune_studio/test/project_creation/creation_session_safety_host_test.dart: late canonical creation cannot open in a replaced session owner
06:15 +256 -9: /Users/karim/Project/pokemonProject/apps/avelune_studio/test/project_creation/creation_session_safety_host_test.dart: late canonical creation cannot open in a replaced session owner
06:25 +257 -9: /Users/karim/Project/pokemonProject/apps/avelune_studio/test/project_creation/creation_session_safety_host_test.dart: late canonical creation cannot open in a replaced session owner
06:28 +258 -9: /Users/karim/Project/pokemonProject/apps/avelune_studio/test/project_creation/creation_session_safety_host_test.dart: late canonical creation cannot open in a replaced session owner
06:32 +259 -9: /Users/karim/Project/pokemonProject/apps/avelune_studio/test/project_creation/creation_session_safety_host_test.dart: late canonical creation cannot open in a replaced session owner
06:37 +260 -9: /Users/karim/Project/pokemonProject/apps/avelune_studio/test/project_creation/creation_session_safety_host_test.dart: late canonical creation cannot open in a replaced session owner
06:38 +261 -9: /Users/karim/Project/pokemonProject/apps/avelune_studio/test/project_creation/creation_session_safety_host_test.dart: late canonical creation cannot open in a replaced session owner
06:38 +262 -9: /Users/karim/Project/pokemonProject/apps/avelune_studio/test/project_creation/creation_session_safety_host_test.dart: late canonical creation cannot open in a replaced session owner
06:42 +263 -9: /Users/karim/Project/pokemonProject/apps/avelune_studio/test/project_creation/creation_session_safety_host_test.dart: late canonical creation cannot open in a replaced session owner
06:49 +264 -9: /Users/karim/Project/pokemonProject/apps/avelune_studio/test/project_creation/creation_session_safety_host_test.dart: late canonical creation cannot open in a replaced session owner
06:49 +265 -9: /Users/karim/Project/pokemonProject/apps/avelune_studio/test/project_creation/creation_session_safety_host_test.dart: late canonical creation cannot open in a replaced session owner
06:49 +266 -9: /Users/karim/Project/pokemonProject/apps/avelune_studio/test/project_creation/creation_session_safety_host_test.dart: late canonical creation cannot open in a replaced session owner
06:49 +267 -9: /Users/karim/Project/pokemonProject/apps/avelune_studio/test/project_creation/creation_session_safety_host_test.dart: late canonical creation cannot open in a replaced session owner
06:49 +267 -9: /Users/karim/Project/pokemonProject/apps/avelune_studio/test/project_session/scoped_project_session_adapter_test.dart: opens a valid project when the native bridge is unavailable
Studio project access activateProjectDirectory failed: MissingPluginException
Studio project access rememberProjectDirectory failed: MissingPluginException
Studio project access activateProjectDirectory failed: MissingPluginException
06:49 +268 -9: /Users/karim/Project/pokemonProject/apps/avelune_studio/test/project_creation/creation_session_safety_host_test.dart: late canonical creation cannot open in a replaced session owner
06:51 +269 -9: /Users/karim/Project/pokemonProject/apps/avelune_studio/test/project_creation/creation_session_safety_host_test.dart: late canonical creation cannot open in a replaced session owner
06:51 +270 -9: /Users/karim/Project/pokemonProject/apps/avelune_studio/test/project_creation/creation_session_safety_host_test.dart: late canonical creation cannot open in a replaced session owner
06:51 +271 -9: /Users/karim/Project/pokemonProject/apps/avelune_studio/test/project_creation/creation_session_safety_host_test.dart: late canonical creation cannot open in a replaced session owner
06:52 +272 -9: /Users/karim/Project/pokemonProject/apps/avelune_studio/test/project_creation/creation_session_safety_host_test.dart: late canonical creation cannot open in a replaced session owner
06:57 +273 -9: /Users/karim/Project/pokemonProject/apps/avelune_studio/test/project_creation/creation_session_safety_host_test.dart: late canonical creation cannot open in a replaced session owner
06:59 +274 -9: /Users/karim/Project/pokemonProject/apps/avelune_studio/test/project_creation/creation_session_safety_host_test.dart: late canonical creation cannot open in a replaced session owner
07:03 +275 -9: /Users/karim/Project/pokemonProject/apps/avelune_studio/test/project_creation/creation_session_safety_host_test.dart: late canonical creation cannot open in a replaced session owner
07:05 +276 -9: /Users/karim/Project/pokemonProject/apps/avelune_studio/test/project_creation/creation_session_safety_host_test.dart: late canonical creation cannot open in a replaced session owner
07:09 +277 -9: /Users/karim/Project/pokemonProject/apps/avelune_studio/test/project_creation/creation_session_safety_host_test.dart: late canonical creation cannot open in a replaced session owner
07:09 +278 -9: /Users/karim/Project/pokemonProject/apps/avelune_studio/test/project_creation/creation_session_safety_host_test.dart: late canonical creation cannot open in a replaced session owner
07:10 +279 -9: /Users/karim/Project/pokemonProject/apps/avelune_studio/test/project_creation/creation_session_safety_host_test.dart: late canonical creation cannot open in a replaced session owner
07:10 +280 -9: /Users/karim/Project/pokemonProject/apps/avelune_studio/test/project_creation/creation_session_safety_host_test.dart: late canonical creation cannot open in a replaced session owner
07:10 +281 -9: /Users/karim/Project/pokemonProject/apps/avelune_studio/test/project_creation/creation_session_safety_host_test.dart: late canonical creation cannot open in a replaced session owner
07:13 +282 -9: /Users/karim/Project/pokemonProject/apps/avelune_studio/test/project_creation/creation_session_safety_host_test.dart: late canonical creation cannot open in a replaced session owner
07:13 +283 -9: /Users/karim/Project/pokemonProject/apps/avelune_studio/test/project_creation/creation_session_safety_host_test.dart: late canonical creation cannot open in a replaced session owner
07:14 +284 -9: /Users/karim/Project/pokemonProject/apps/avelune_studio/test/project_creation/creation_session_safety_host_test.dart: late canonical creation cannot open in a replaced session owner
07:14 +285 -9: /Users/karim/Project/pokemonProject/apps/avelune_studio/test/project_creation/creation_session_safety_host_test.dart: late canonical creation cannot open in a replaced session owner
07:15 +286 -9: /Users/karim/Project/pokemonProject/apps/avelune_studio/test/project_creation/creation_session_safety_host_test.dart: late canonical creation cannot open in a replaced session owner
07:15 +287 -9: /Users/karim/Project/pokemonProject/apps/avelune_studio/test/project_creation/creation_session_safety_host_test.dart: late canonical creation cannot open in a replaced session owner
07:16 +288 -9: /Users/karim/Project/pokemonProject/apps/avelune_studio/test/project_creation/creation_session_safety_host_test.dart: late canonical creation cannot open in a replaced session owner
07:16 +289 -9: /Users/karim/Project/pokemonProject/apps/avelune_studio/test/project_creation/creation_session_safety_host_test.dart: late canonical creation cannot open in a replaced session owner
07:16 +290 -9: /Users/karim/Project/pokemonProject/apps/avelune_studio/test/project_creation/creation_session_safety_host_test.dart: late canonical creation cannot open in a replaced session owner
07:17 +291 -9: /Users/karim/Project/pokemonProject/apps/avelune_studio/test/project_creation/creation_session_safety_host_test.dart: late canonical creation cannot open in a replaced session owner
07:17 +292 -9: /Users/karim/Project/pokemonProject/apps/avelune_studio/test/project_creation/creation_session_safety_host_test.dart: late canonical creation cannot open in a replaced session owner
07:18 +293 -9: /Users/karim/Project/pokemonProject/apps/avelune_studio/test/project_creation/creation_session_safety_host_test.dart: late canonical creation cannot open in a replaced session owner
07:23 +294 -9: /Users/karim/Project/pokemonProject/apps/avelune_studio/test/project_creation/creation_session_safety_host_test.dart: late canonical creation cannot open in a replaced session owner
07:28 +294 -9: /Users/karim/Project/pokemonProject/apps/avelune_studio/test/ui06_scene_volume_test.dart: 200 canonical nodes retain document identity during eight viewport updates
UI06 volume: nodes=200 edges=265 viewportUpdates=8 documentMutations=0 firstFrameUs=1848379 gesturesUs=1711185; no I/O adapter instantiated
07:29 +295 -9: /Users/karim/Project/pokemonProject/apps/avelune_studio/test/project_creation/creation_session_safety_host_test.dart: late canonical creation cannot open in a replaced session owner
07:29 +296 -9: /Users/karim/Project/pokemonProject/apps/avelune_studio/test/project_creation/creation_session_safety_host_test.dart: late canonical creation cannot open in a replaced session owner
07:29 +297 -9: /Users/karim/Project/pokemonProject/apps/avelune_studio/test/project_creation/creation_session_safety_host_test.dart: late canonical creation cannot open in a replaced session owner
07:29 +298 -9: /Users/karim/Project/pokemonProject/apps/avelune_studio/test/project_creation/creation_session_safety_host_test.dart: late canonical creation cannot open in a replaced session owner
07:29 +299 -9: /Users/karim/Project/pokemonProject/apps/avelune_studio/test/project_creation/creation_session_safety_host_test.dart: late canonical creation cannot open in a replaced session owner
07:29 +300 -9: /Users/karim/Project/pokemonProject/apps/avelune_studio/test/project_creation/creation_session_safety_host_test.dart: late canonical creation cannot open in a replaced session owner
07:29 +301 -9: /Users/karim/Project/pokemonProject/apps/avelune_studio/test/project_creation/creation_session_safety_host_test.dart: late canonical creation cannot open in a replaced session owner
07:30 +302 -9: /Users/karim/Project/pokemonProject/apps/avelune_studio/test/project_creation/creation_session_safety_host_test.dart: late canonical creation cannot open in a replaced session owner
07:30 +303 -9: /Users/karim/Project/pokemonProject/apps/avelune_studio/test/project_creation/creation_session_safety_host_test.dart: late canonical creation cannot open in a replaced session owner
07:30 +304 -9: /Users/karim/Project/pokemonProject/apps/avelune_studio/test/project_creation/creation_session_safety_host_test.dart: late canonical creation cannot open in a replaced session owner
07:30 +305 -9: /Users/karim/Project/pokemonProject/apps/avelune_studio/test/project_creation/creation_session_safety_host_test.dart: late canonical creation cannot open in a replaced session owner
07:32 +306 -9: /Users/karim/Project/pokemonProject/apps/avelune_studio/test/project_creation/creation_session_safety_host_test.dart: late canonical creation cannot open in a replaced session owner
07:32 +307 -9: /Users/karim/Project/pokemonProject/apps/avelune_studio/test/project_creation/creation_session_safety_host_test.dart: late canonical creation cannot open in a replaced session owner
07:34 +308 -9: /Users/karim/Project/pokemonProject/apps/avelune_studio/test/project_creation/creation_session_safety_host_test.dart: late canonical creation cannot open in a replaced session owner
07:35 +309 -9: /Users/karim/Project/pokemonProject/apps/avelune_studio/test/project_creation/creation_session_safety_host_test.dart: late canonical creation cannot open in a replaced session owner
07:35 +310 -9: /Users/karim/Project/pokemonProject/apps/avelune_studio/test/project_creation/creation_session_safety_host_test.dart: late canonical creation cannot open in a replaced session owner
07:36 +311 -9: /Users/karim/Project/pokemonProject/apps/avelune_studio/test/project_creation/creation_session_safety_host_test.dart: late canonical creation cannot open in a replaced session owner
07:36 +312 -9: /Users/karim/Project/pokemonProject/apps/avelune_studio/test/project_creation/creation_session_safety_host_test.dart: late canonical creation cannot open in a replaced session owner
07:37 +313 -9: /Users/karim/Project/pokemonProject/apps/avelune_studio/test/project_creation/creation_session_safety_host_test.dart: late canonical creation cannot open in a replaced session owner
07:38 +314 -9: /Users/karim/Project/pokemonProject/apps/avelune_studio/test/project_creation/creation_session_safety_host_test.dart: late canonical creation cannot open in a replaced session owner
07:38 +315 -9: /Users/karim/Project/pokemonProject/apps/avelune_studio/test/project_creation/creation_session_safety_host_test.dart: late canonical creation cannot open in a replaced session owner
07:38 +316 -9: /Users/karim/Project/pokemonProject/apps/avelune_studio/test/project_creation/creation_session_safety_host_test.dart: late canonical creation cannot open in a replaced session owner
07:38 +317 -9: /Users/karim/Project/pokemonProject/apps/avelune_studio/test/project_creation/creation_session_safety_host_test.dart: late canonical creation cannot open in a replaced session owner
07:38 +318 -9: /Users/karim/Project/pokemonProject/apps/avelune_studio/test/project_creation/creation_session_safety_host_test.dart: late canonical creation cannot open in a replaced session owner
07:38 +319 -9: /Users/karim/Project/pokemonProject/apps/avelune_studio/test/project_creation/creation_session_safety_host_test.dart: late canonical creation cannot open in a replaced session owner
07:38 +320 -9: /Users/karim/Project/pokemonProject/apps/avelune_studio/test/project_creation/creation_session_safety_host_test.dart: late canonical creation cannot open in a replaced session owner
07:39 +321 -9: /Users/karim/Project/pokemonProject/apps/avelune_studio/test/project_creation/creation_session_safety_host_test.dart: late canonical creation cannot open in a replaced session owner
07:39 +322 -9: /Users/karim/Project/pokemonProject/apps/avelune_studio/test/project_creation/creation_session_safety_host_test.dart: late canonical creation cannot open in a replaced session owner
07:39 +323 -9: /Users/karim/Project/pokemonProject/apps/avelune_studio/test/project_creation/creation_session_safety_host_test.dart: late canonical creation cannot open in a replaced session owner
07:39 +324 -9: /Users/karim/Project/pokemonProject/apps/avelune_studio/test/project_creation/creation_session_safety_host_test.dart: late canonical creation cannot open in a replaced session owner
07:39 +325 -9: /Users/karim/Project/pokemonProject/apps/avelune_studio/test/project_creation/creation_session_safety_host_test.dart: late canonical creation cannot open in a replaced session owner
07:39 +326 -9: /Users/karim/Project/pokemonProject/apps/avelune_studio/test/project_creation/creation_session_safety_host_test.dart: late canonical creation cannot open in a replaced session owner
07:41 +327 -9: /Users/karim/Project/pokemonProject/apps/avelune_studio/test/project_creation/creation_session_safety_host_test.dart: late canonical creation cannot open in a replaced session owner
07:41 +328 -9: /Users/karim/Project/pokemonProject/apps/avelune_studio/test/project_creation/creation_session_safety_host_test.dart: late canonical creation cannot open in a replaced session owner
07:42 +329 -9: /Users/karim/Project/pokemonProject/apps/avelune_studio/test/project_creation/creation_session_safety_host_test.dart: late canonical creation cannot open in a replaced session owner
07:42 +330 -9: /Users/karim/Project/pokemonProject/apps/avelune_studio/test/project_creation/creation_session_safety_host_test.dart: late canonical creation cannot open in a replaced session owner
07:43 +331 -9: /Users/karim/Project/pokemonProject/apps/avelune_studio/test/project_creation/creation_session_safety_host_test.dart: late canonical creation cannot open in a replaced session owner
07:43 +332 -9: /Users/karim/Project/pokemonProject/apps/avelune_studio/test/project_creation/creation_session_safety_host_test.dart: late canonical creation cannot open in a replaced session owner
07:43 +333 -9: /Users/karim/Project/pokemonProject/apps/avelune_studio/test/project_creation/creation_session_safety_host_test.dart: late canonical creation cannot open in a replaced session owner
07:43 +334 -9: /Users/karim/Project/pokemonProject/apps/avelune_studio/test/project_creation/creation_session_safety_host_test.dart: late canonical creation cannot open in a replaced session owner
07:43 +335 -9: /Users/karim/Project/pokemonProject/apps/avelune_studio/test/project_creation/creation_session_safety_host_test.dart: late canonical creation cannot open in a replaced session owner
07:45 +336 -9: /Users/karim/Project/pokemonProject/apps/avelune_studio/test/project_creation/creation_session_safety_host_test.dart: late canonical creation cannot open in a replaced session owner
07:46 +337 -9: /Users/karim/Project/pokemonProject/apps/avelune_studio/test/project_creation/creation_session_safety_host_test.dart: late canonical creation cannot open in a replaced session owner
07:47 +338 -9: /Users/karim/Project/pokemonProject/apps/avelune_studio/test/project_creation/creation_session_safety_host_test.dart: late canonical creation cannot open in a replaced session owner
07:47 +339 -9: /Users/karim/Project/pokemonProject/apps/avelune_studio/test/project_creation/creation_session_safety_host_test.dart: late canonical creation cannot open in a replaced session owner
07:47 +340 -9: /Users/karim/Project/pokemonProject/apps/avelune_studio/test/project_creation/creation_session_safety_host_test.dart: late canonical creation cannot open in a replaced session owner
07:47 +341 -9: /Users/karim/Project/pokemonProject/apps/avelune_studio/test/project_creation/creation_session_safety_host_test.dart: late canonical creation cannot open in a replaced session owner
07:47 +342 -9: /Users/karim/Project/pokemonProject/apps/avelune_studio/test/project_creation/creation_session_safety_host_test.dart: late canonical creation cannot open in a replaced session owner
07:47 +343 -9: /Users/karim/Project/pokemonProject/apps/avelune_studio/test/project_creation/creation_session_safety_host_test.dart: late canonical creation cannot open in a replaced session owner
07:47 +344 -9: /Users/karim/Project/pokemonProject/apps/avelune_studio/test/project_creation/creation_session_safety_host_test.dart: late canonical creation cannot open in a replaced session owner
07:47 +345 -9: /Users/karim/Project/pokemonProject/apps/avelune_studio/test/project_creation/creation_session_safety_host_test.dart: late canonical creation cannot open in a replaced session owner
07:47 +346 -9: /Users/karim/Project/pokemonProject/apps/avelune_studio/test/project_creation/creation_session_safety_host_test.dart: late canonical creation cannot open in a replaced session owner
07:47 +347 -9: /Users/karim/Project/pokemonProject/apps/avelune_studio/test/project_creation/creation_session_safety_host_test.dart: late canonical creation cannot open in a replaced session owner
07:49 +348 -9: /Users/karim/Project/pokemonProject/apps/avelune_studio/test/project_creation/creation_session_safety_host_test.dart: late canonical creation cannot open in a replaced session owner
07:49 +349 -9: /Users/karim/Project/pokemonProject/apps/avelune_studio/test/project_creation/creation_session_safety_host_test.dart: late canonical creation cannot open in a replaced session owner
07:51 +350 -9: /Users/karim/Project/pokemonProject/apps/avelune_studio/test/project_creation/creation_session_safety_host_test.dart: late canonical creation cannot open in a replaced session owner
07:51 +351 -9: /Users/karim/Project/pokemonProject/apps/avelune_studio/test/project_creation/creation_session_safety_host_test.dart: late canonical creation cannot open in a replaced session owner
07:57 +352 -9: /Users/karim/Project/pokemonProject/apps/avelune_studio/test/project_creation/creation_session_safety_host_test.dart: late canonical creation cannot open in a replaced session owner
07:58 +353 -9: /Users/karim/Project/pokemonProject/apps/avelune_studio/test/project_creation/creation_session_safety_host_test.dart: late canonical creation cannot open in a replaced session owner
07:58 +354 -9: /Users/karim/Project/pokemonProject/apps/avelune_studio/test/project_creation/creation_session_safety_host_test.dart: late canonical creation cannot open in a replaced session owner
07:58 +355 -9: /Users/karim/Project/pokemonProject/apps/avelune_studio/test/project_creation/creation_session_safety_host_test.dart: late canonical creation cannot open in a replaced session owner
07:58 +356 -9: /Users/karim/Project/pokemonProject/apps/avelune_studio/test/project_creation/creation_session_safety_host_test.dart: late canonical creation cannot open in a replaced session owner
07:58 +357 -9: /Users/karim/Project/pokemonProject/apps/avelune_studio/test/project_creation/creation_session_safety_host_test.dart: late canonical creation cannot open in a replaced session owner
07:58 +358 -9: /Users/karim/Project/pokemonProject/apps/avelune_studio/test/project_creation/creation_session_safety_host_test.dart: late canonical creation cannot open in a replaced session owner
07:59 +359 -9: /Users/karim/Project/pokemonProject/apps/avelune_studio/test/project_creation/creation_session_safety_host_test.dart: late canonical creation cannot open in a replaced session owner
07:59 +360 -9: /Users/karim/Project/pokemonProject/apps/avelune_studio/test/project_creation/creation_session_safety_host_test.dart: late canonical creation cannot open in a replaced session owner
07:59 +361 -9: /Users/karim/Project/pokemonProject/apps/avelune_studio/test/project_creation/creation_session_safety_host_test.dart: late canonical creation cannot open in a replaced session owner
07:59 +362 -9: /Users/karim/Project/pokemonProject/apps/avelune_studio/test/project_creation/creation_session_safety_host_test.dart: late canonical creation cannot open in a replaced session owner
08:04 +363 -9: /Users/karim/Project/pokemonProject/apps/avelune_studio/test/project_creation/creation_session_safety_host_test.dart: late canonical creation cannot open in a replaced session owner
08:11 +364 -9: /Users/karim/Project/pokemonProject/apps/avelune_studio/test/project_creation/creation_session_safety_host_test.dart: late canonical creation cannot open in a replaced session owner
08:12 +365 -9: /Users/karim/Project/pokemonProject/apps/avelune_studio/test/project_creation/creation_session_safety_host_test.dart: late canonical creation cannot open in a replaced session owner
08:14 +365 -9: /Users/karim/Project/pokemonProject/apps/avelune_studio/test/ui07_story_graph_volume_test.dart: 200 steps and 100 semantic links retain projection during viewport gestures
UI07 volume stories=10 chapters=20 steps=200 semanticLinks=100 gestures=8 viewportUpdates=12 projectionRebuilt=false documentMutations=0 firstFrameUs=835492 gesturesUs=925139; no I/O adapter instantiated
08:14 +366 -9: /Users/karim/Project/pokemonProject/apps/avelune_studio/test/project_creation/creation_session_safety_host_test.dart: late canonical creation cannot open in a replaced session owner
08:20 +367 -9: /Users/karim/Project/pokemonProject/apps/avelune_studio/test/project_creation/creation_session_safety_host_test.dart: late canonical creation cannot open in a replaced session owner
08:22 +368 -9: /Users/karim/Project/pokemonProject/apps/avelune_studio/test/project_creation/creation_session_safety_host_test.dart: late canonical creation cannot open in a replaced session owner
08:29 +369 -9: /Users/karim/Project/pokemonProject/apps/avelune_studio/test/project_creation/creation_session_safety_host_test.dart: late canonical creation cannot open in a replaced session owner
08:30 +370 -9: /Users/karim/Project/pokemonProject/apps/avelune_studio/test/project_creation/creation_session_safety_host_test.dart: late canonical creation cannot open in a replaced session owner
08:32 +370 -9: /Users/karim/Project/pokemonProject/apps/avelune_studio/test/events_runtime_ui09_dialogue_test.dart: UI09 published conversation choice 0 drives its real Scene branch
[runtime_loader] bundle load start projectFilePath=/private/var/folders/b5/7gsfwzyd449_54n8l40h40gc0000gn/T/avelune_ui06_aFdO53/project.json mapId=jardin
[runtime_loader] project manifest lookup path=/private/var/folders/b5/7gsfwzyd449_54n8l40h40gc0000gn/T/avelune_ui06_aFdO53/project.json
[runtime_loader] project manifest read ok bytes=14470
[runtime_loader] project manifest validated maps=2 tilesets=1 scenarios=0
[runtime_loader] bundle map resolved mapId=jardin relativePath=maps/jardin.json mapPath=/private/var/folders/b5/7gsfwzyd449_54n8l40h40gc0000gn/T/avelune_ui06_aFdO53/maps/jardin.json
[runtime_loader] map file lookup path=/private/var/folders/b5/7gsfwzyd449_54n8l40h40gc0000gn/T/avelune_ui06_aFdO53/maps/jardin.json
[runtime_loader] map file read ok bytes=17371
[runtime_loader] map validated id=jardin size=24x16 layers=3 entities=1 placedElements=3 warps=0 triggers=0
[runtime_loader] bundle tilesets collected ids=atelier
[runtime_loader] bundle tileset path id=atelier path=/private/var/folders/b5/7gsfwzyd449_54n8l40h40gc0000gn/T/avelune_ui06_aFdO53/assets/atelier.png
[runtime_loader] bundle load ok mapId=jardin projectRoot=/private/var/folders/b5/7gsfwzyd449_54n8l40h40gc0000gn/T/avelune_ui06_aFdO53 tilesets=1
[runtime_game] tileset image load start map=jardin
[runtime_game] tileset cache resolve requested=1
[runtime_game] tileset cache resolve ok result=1
[runtime_game] onLoad start map=jardin projectFilePath=/private/var/folders/b5/7gsfwzyd449_54n8l40h40gc0000gn/T/avelune_ui06_aFdO53/project.json tilesets=1
[runtime_game] world build start map=jardin
[runtime] Map loaded: jardin, spawn at (8, 9)
[runtime_game] tileset image load ok count=1 map=jardin
[runtime_game] mount root map start map=jardin
[runtime_game] mount root map ok map=jardin
[runtime_game] onLoad completed activeMapId=jardin
[runtime_loader] map file lookup path=/private/var/folders/b5/7gsfwzyd449_54n8l40h40gc0000gn/T/avelune_ui06_aFdO53/maps/clairiere.json
[runtime_loader] map file read ok bytes=17376
[runtime_loader] map validated id=clairiere size=24x16 layers=3 entities=1 placedElements=3 warps=0 triggers=0
[dialogue] interaction entity=event-v2:evt_019abcde-9000-7000-8000-000000000106:evx_01a0f2bb-d39f-7001-8000-45f9340c77f0:ui09_guichet:1790778790821
[dialogue] resolved dialogueId=ui09_guichet
[dialogue] resolved file=dialogues/ui09_guichet.yarn
[dialogue] requested startNode=Accueil
[scenario_lock] accepted source=event-v2:evt_019abcde-9000-7000-8000-000000000106:evx_01a0f2bb-d39f-7001-8000-45f9340c77f0:ui09_guichet:1790778790821 phase=dialogueLoading serial=1
[dialogue] parsed 1 node(s) from /private/var/folders/b5/7gsfwzyd449_54n8l40h40gc0000gn/T/avelune_ui06_aFdO53/dialogues/ui09_guichet.yarn
[dialogue] starting at node "Accueil"
[scene_runtime] dialogue content loaded request=event-v2:evt_019abcde-9000-7000-8000-000000000106:evx_01a0f2bb-d39f-7001-8000-45f9340c77f0:ui09_guichet:1790778790821 elapsedMs=4
[scenario_lock] cleared source=event-v2:evt_019abcde-9000-7000-8000-000000000106:evx_01a0f2bb-d39f-7001-8000-45f9340c77f0:ui09_guichet:1790778790821 reason=dialogueOpened serial=1
[dialogue] opened node=Accueil text="Chef: Bonjour ! Souhaitez-vous préparer votre départ ?"
[dialogue] choice opened count=2 selected=0
[dialogue] choice confirmed index=0 text="Je pars maintenant"
[dialogue] line text="Chef: Votre train vous attend sur le quai."
[dialogue] dialogue closed
[scene_runtime] dialogue completed request=event-v2:evt_019abcde-9000-7000-8000-000000000106:evx_01a0f2bb-d39f-7001-8000-45f9340c77f0:ui09_guichet:1790778790821 status=completed port=depart
[dialogue] finished
[event_v2] mapEnter activation=mapact_1790778790739207_1 map=jardin reason=initialBoot result=MapEnterProductionDispatchV2Handled
08:32 +371 -9: /Users/karim/Project/pokemonProject/apps/avelune_studio/test/project_creation/creation_session_safety_host_test.dart: late canonical creation cannot open in a replaced session owner
08:32 +371 -9: /Users/karim/Project/pokemonProject/apps/avelune_studio/test/events_runtime_ui09_dialogue_test.dart: UI09 published conversation choice 1 drives its real Scene branch
[runtime_loader] bundle load start projectFilePath=/private/var/folders/b5/7gsfwzyd449_54n8l40h40gc0000gn/T/avelune_ui06_OCo5fa/project.json mapId=jardin
[runtime_loader] project manifest lookup path=/private/var/folders/b5/7gsfwzyd449_54n8l40h40gc0000gn/T/avelune_ui06_OCo5fa/project.json
[runtime_loader] project manifest read ok bytes=14470
[runtime_loader] project manifest validated maps=2 tilesets=1 scenarios=0
[runtime_loader] bundle map resolved mapId=jardin relativePath=maps/jardin.json mapPath=/private/var/folders/b5/7gsfwzyd449_54n8l40h40gc0000gn/T/avelune_ui06_OCo5fa/maps/jardin.json
[runtime_loader] map file lookup path=/private/var/folders/b5/7gsfwzyd449_54n8l40h40gc0000gn/T/avelune_ui06_OCo5fa/maps/jardin.json
[runtime_loader] map file read ok bytes=17371
[runtime_loader] map validated id=jardin size=24x16 layers=3 entities=1 placedElements=3 warps=0 triggers=0
[runtime_loader] bundle tilesets collected ids=atelier
[runtime_loader] bundle tileset path id=atelier path=/private/var/folders/b5/7gsfwzyd449_54n8l40h40gc0000gn/T/avelune_ui06_OCo5fa/assets/atelier.png
[runtime_loader] bundle load ok mapId=jardin projectRoot=/private/var/folders/b5/7gsfwzyd449_54n8l40h40gc0000gn/T/avelune_ui06_OCo5fa tilesets=1
[runtime_game] tileset image load start map=jardin
[runtime_game] tileset cache resolve requested=1
[runtime_game] tileset cache resolve ok result=1
[runtime_game] onLoad start map=jardin projectFilePath=/private/var/folders/b5/7gsfwzyd449_54n8l40h40gc0000gn/T/avelune_ui06_OCo5fa/project.json tilesets=1
[runtime_game] world build start map=jardin
[runtime] Map loaded: jardin, spawn at (8, 9)
[runtime_game] tileset image load ok count=1 map=jardin
[runtime_game] mount root map start map=jardin
[runtime_game] mount root map ok map=jardin
[runtime_game] onLoad completed activeMapId=jardin
[runtime_loader] map file lookup path=/private/var/folders/b5/7gsfwzyd449_54n8l40h40gc0000gn/T/avelune_ui06_OCo5fa/maps/clairiere.json
[runtime_loader] map file read ok bytes=17376
[runtime_loader] map validated id=clairiere size=24x16 layers=3 entities=1 placedElements=3 warps=0 triggers=0
[dialogue] interaction entity=event-v2:evt_019abcde-9000-7000-8000-000000000106:evx_01a0f2bb-d50d-7001-8000-46db675c72fe:ui09_guichet:1790778791182
[dialogue] resolved dialogueId=ui09_guichet
[dialogue] resolved file=dialogues/ui09_guichet.yarn
[dialogue] requested startNode=Accueil
[scenario_lock] accepted source=event-v2:evt_019abcde-9000-7000-8000-000000000106:evx_01a0f2bb-d50d-7001-8000-46db675c72fe:ui09_guichet:1790778791182 phase=dialogueLoading serial=1
[dialogue] parsed 1 node(s) from /private/var/folders/b5/7gsfwzyd449_54n8l40h40gc0000gn/T/avelune_ui06_OCo5fa/dialogues/ui09_guichet.yarn
[dialogue] starting at node "Accueil"
[scene_runtime] dialogue content loaded request=event-v2:evt_019abcde-9000-7000-8000-000000000106:evx_01a0f2bb-d50d-7001-8000-46db675c72fe:ui09_guichet:1790778791182 elapsedMs=1
[scenario_lock] cleared source=event-v2:evt_019abcde-9000-7000-8000-000000000106:evx_01a0f2bb-d50d-7001-8000-46db675c72fe:ui09_guichet:1790778791182 reason=dialogueOpened serial=1
[dialogue] opened node=Accueil text="Chef: Bonjour ! Souhaitez-vous préparer votre départ ?"
[dialogue] choice opened count=2 selected=0
[dialogue] choice confirmed index=1 text="Je préfère attendre"
[dialogue] line text="Chef: Prenez votre temps dans la salle d’attente."
[dialogue] dialogue closed
[scene_runtime] dialogue completed request=event-v2:evt_019abcde-9000-7000-8000-000000000106:evx_01a0f2bb-d50d-7001-8000-46db675c72fe:ui09_guichet:1790778791182 status=completed port=attente
[dialogue] finished
[event_v2] mapEnter activation=mapact_1790778791174077_1 map=jardin reason=initialBoot result=MapEnterProductionDispatchV2Handled
08:32 +372 -9: /Users/karim/Project/pokemonProject/apps/avelune_studio/test/project_creation/creation_session_safety_host_test.dart: late canonical creation cannot open in a replaced session owner
08:35 +372 -9: /Users/karim/Project/pokemonProject/apps/avelune_studio/test/m3_story_runtime_test.dart: published story plays choices, conditions, one-shot and isolated save/load
[runtime_loader] bundle load start projectFilePath=/private/var/folders/b5/7gsfwzyd449_54n8l40h40gc0000gn/T/avelune_m3_story_p7HiZd/project.json mapId=jardin
[runtime_loader] project manifest lookup path=/private/var/folders/b5/7gsfwzyd449_54n8l40h40gc0000gn/T/avelune_m3_story_p7HiZd/project.json
[runtime_loader] project manifest read ok bytes=34071
[runtime_loader] project manifest validated maps=2 tilesets=1 scenarios=0
[runtime_loader] bundle map resolved mapId=jardin relativePath=maps/jardin.json mapPath=/private/var/folders/b5/7gsfwzyd449_54n8l40h40gc0000gn/T/avelune_m3_story_p7HiZd/maps/jardin.json
[runtime_loader] map file lookup path=/private/var/folders/b5/7gsfwzyd449_54n8l40h40gc0000gn/T/avelune_m3_story_p7HiZd/maps/jardin.json
[runtime_loader] map file read ok bytes=19335
[runtime_loader] map validated id=jardin size=24x16 layers=3 entities=3 placedElements=3 warps=0 triggers=1
[runtime_loader] bundle tilesets collected ids=atelier
[runtime_loader] bundle tileset path id=atelier path=/private/var/folders/b5/7gsfwzyd449_54n8l40h40gc0000gn/T/avelune_m3_story_p7HiZd/assets/atelier.png
[runtime_loader] bundle load ok mapId=jardin projectRoot=/private/var/folders/b5/7gsfwzyd449_54n8l40h40gc0000gn/T/avelune_m3_story_p7HiZd tilesets=1
[runtime_game] tileset image load start map=jardin
[runtime_game] tileset cache resolve requested=1
[runtime_game] tileset cache resolve ok result=1
[runtime_game] onLoad start map=jardin projectFilePath=/private/var/folders/b5/7gsfwzyd449_54n8l40h40gc0000gn/T/avelune_m3_story_p7HiZd/project.json tilesets=1
[runtime_game] world build start map=jardin
[runtime] Map loaded: jardin, spawn at (8, 9)
[runtime_game] tileset image load ok count=1 map=jardin
[runtime_game] mount root map start map=jardin
[step_studio_trace] npc_mount_added map=jardin entity=chief
[step_studio_trace] npc_mount_added map=jardin entity=traveller
[step_studio_trace] npc_presence_applied map=jardin entity=chief present=true
[step_studio_trace] npc_presence_applied map=jardin entity=traveller present=true
[runtime_game] mount root map ok map=jardin
[npc_patrol] read movement entity=chief pos=(8,10) size=1x1 mode=idle waypoints= loop=true pauseMs=0 stepMs=200
[npc_patrol] read movement entity=traveller pos=(10,10) size=1x1 mode=idle waypoints= loop=true pauseMs=0 stepMs=200
[runtime_game] onLoad completed activeMapId=jardin
[runtime_loader] map file lookup path=/private/var/folders/b5/7gsfwzyd449_54n8l40h40gc0000gn/T/avelune_m3_story_p7HiZd/maps/clairiere.json
[runtime_loader] map file read ok bytes=17376
[runtime_loader] map validated id=clairiere size=24x16 layers=3 entities=1 placedElements=3 warps=0 triggers=0
[step_studio_trace] npc_presence_applied map=jardin entity=chief present=true
[step_studio_trace] npc_presence_applied map=jardin entity=traveller present=true
[npc_patrol] read movement entity=chief pos=(8,10) size=1x1 mode=idle waypoints= loop=true pauseMs=0 stepMs=200
[npc_patrol] read movement entity=traveller pos=(10,10) size=1x1 mode=idle waypoints= loop=true pauseMs=0 stepMs=200
[step_studio_trace] npc_presence_applied map=jardin entity=chief present=true
[step_studio_trace] npc_presence_applied map=jardin entity=traveller present=true
[npc_patrol] read movement entity=chief pos=(8,10) size=1x1 mode=idle waypoints= loop=true pauseMs=0 stepMs=200
[npc_patrol] read movement entity=traveller pos=(10,10) size=1x1 mode=idle waypoints= loop=true pauseMs=0 stepMs=200
[step_studio_trace] npc_presence_applied map=jardin entity=chief present=true
[step_studio_trace] npc_presence_applied map=jardin entity=traveller present=true
[npc_patrol] read movement entity=chief pos=(8,10) size=1x1 mode=idle waypoints= loop=true pauseMs=0 stepMs=200
[npc_patrol] read movement entity=traveller pos=(10,10) size=1x1 mode=idle waypoints= loop=true pauseMs=0 stepMs=200
[event_v2] mapEnter activation=mapact_1790778793569139_1 map=jardin reason=initialBoot result=MapEnterProductionDispatchLegacyFallback
[dialogue] interaction entity=event-v2:evt_019abcde-9000-7000-8000-000000000002:evx_01a0f2bb-df6a-7004-8000-4d430c44924e:before:1790778793852
[dialogue] resolved dialogueId=before
[dialogue] resolved file=dialogues/before.yarn
[dialogue] requested startNode=Start
[scenario_lock] accepted source=event-v2:evt_019abcde-9000-7000-8000-000000000002:evx_01a0f2bb-df6a-7004-8000-4d430c44924e:before:1790778793852 phase=dialogueLoading serial=1
[dialogue] parsed 1 node(s) from /private/var/folders/b5/7gsfwzyd449_54n8l40h40gc0000gn/T/avelune_m3_story_p7HiZd/dialogues/before.yarn
[dialogue] starting at node "Start"
[scene_runtime] dialogue content loaded request=event-v2:evt_019abcde-9000-7000-8000-000000000002:evx_01a0f2bb-df6a-7004-8000-4d430c44924e:before:1790778793852 elapsedMs=47
[scenario_lock] cleared source=event-v2:evt_019abcde-9000-7000-8000-000000000002:evx_01a0f2bb-df6a-7004-8000-4d430c44924e:before:1790778793852 reason=dialogueOpened serial=1
[dialogue] opened node=Start text="Je patiente avant le départ."
[dialogue] dialogue closed
[scene_runtime] dialogue completed request=event-v2:evt_019abcde-9000-7000-8000-000000000002:evx_01a0f2bb-df6a-7004-8000-4d430c44924e:before:1790778793852 status=completed port=completed
[dialogue] finished
[step_studio_trace] npc_presence_applied map=jardin entity=chief present=true
[step_studio_trace] npc_presence_applied map=jardin entity=traveller present=true
[npc_patrol] read movement entity=chief pos=(8,10) size=1x1 mode=idle waypoints= loop=true pauseMs=0 stepMs=200
[npc_patrol] read movement entity=traveller pos=(10,10) size=1x1 mode=idle waypoints= loop=true pauseMs=0 stepMs=200
[step_studio_trace] npc_presence_applied map=jardin entity=chief present=true
[step_studio_trace] npc_presence_applied map=jardin entity=traveller present=true
[npc_patrol] read movement entity=chief pos=(8,10) size=1x1 mode=idle waypoints= loop=true pauseMs=0 stepMs=200
[npc_patrol] read movement entity=traveller pos=(10,10) size=1x1 mode=idle waypoints= loop=true pauseMs=0 stepMs=200
[dialogue] interaction entity=event-v2:evt_019abcde-9000-7000-8000-000000000001:evx_01a0f2bb-dfee-7007-8000-4d94a0df5195:offer:1790778793967
[dialogue] resolved dialogueId=offer
[dialogue] resolved file=dialogues/offer.yarn
[dialogue] requested startNode=Start
[scenario_lock] accepted source=event-v2:evt_019abcde-9000-7000-8000-000000000001:evx_01a0f2bb-dfee-7007-8000-4d94a0df5195:offer:1790778793967 phase=dialogueLoading serial=2
[dialogue] parsed 3 node(s) from /private/var/folders/b5/7gsfwzyd449_54n8l40h40gc0000gn/T/avelune_m3_story_p7HiZd/dialogues/offer.yarn
[dialogue] starting at node "Start"
[scene_runtime] dialogue content loaded request=event-v2:evt_019abcde-9000-7000-8000-000000000001:evx_01a0f2bb-dfee-7007-8000-4d94a0df5195:offer:1790778793967 elapsedMs=40
[scenario_lock] cleared source=event-v2:evt_019abcde-9000-7000-8000-000000000001:evx_01a0f2bb-dfee-7007-8000-4d94a0df5195:offer:1790778793967 reason=dialogueOpened serial=2
[dialogue] opened node=Start text="Voulez-vous aider au départ ?"
[dialogue] choice opened count=2 selected=0
[dialogue] choice moved selected=1
[dialogue] choice confirmed index=1 text="Pas maintenant"
[dialogue] jump to=Refuse
[dialogue] line text="Revenez quand vous voulez."
[dialogue] dialogue closed
[scene_runtime] dialogue completed request=event-v2:evt_019abcde-9000-7000-8000-000000000001:evx_01a0f2bb-dfee-7007-8000-4d94a0df5195:offer:1790778793967 status=completed port=refused
[dialogue] finished
[step_studio_trace] npc_presence_applied map=jardin entity=chief present=true
[step_studio_trace] npc_presence_applied map=jardin entity=traveller present=true
[npc_patrol] read movement entity=chief pos=(8,10) size=1x1 mode=idle waypoints= loop=true pauseMs=0 stepMs=200
[npc_patrol] read movement entity=traveller pos=(10,10) size=1x1 mode=idle waypoints= loop=true pauseMs=0 stepMs=200
[step_studio_trace] npc_presence_applied map=jardin entity=chief present=true
[step_studio_trace] npc_presence_applied map=jardin entity=traveller present=true
[npc_patrol] read movement entity=chief pos=(8,10) size=1x1 mode=idle waypoints= loop=true pauseMs=0 stepMs=200
[npc_patrol] read movement entity=traveller pos=(10,10) size=1x1 mode=idle waypoints= loop=true pauseMs=0 stepMs=200
[dialogue] interaction entity=event-v2:evt_019abcde-9000-7000-8000-000000000001:evx_01a0f2bb-e040-700a-8000-4dc74ea44c4a:offer:1790778794048
[dialogue] resolved dialogueId=offer
[dialogue] resolved file=dialogues/offer.yarn
[dialogue] requested startNode=Start
[scenario_lock] accepted source=event-v2:evt_019abcde-9000-7000-8000-000000000001:evx_01a0f2bb-e040-700a-8000-4dc74ea44c4a:offer:1790778794048 phase=dialogueLoading serial=3
[dialogue] parsed 3 node(s) from /private/var/folders/b5/7gsfwzyd449_54n8l40h40gc0000gn/T/avelune_m3_story_p7HiZd/dialogues/offer.yarn
[dialogue] starting at node "Start"
[scene_runtime] dialogue content loaded request=event-v2:evt_019abcde-9000-7000-8000-000000000001:evx_01a0f2bb-e040-700a-8000-4dc74ea44c4a:offer:1790778794048 elapsedMs=6
[scenario_lock] cleared source=event-v2:evt_019abcde-9000-7000-8000-000000000001:evx_01a0f2bb-e040-700a-8000-4dc74ea44c4a:offer:1790778794048 reason=dialogueOpened serial=3
[dialogue] opened node=Start text="Voulez-vous aider au départ ?"
[dialogue] choice opened count=2 selected=0
[dialogue] choice confirmed index=0 text="Je vous aide"
[dialogue] jump to=Accept
[dialogue] line text="Très bien, retrouvez la voyageuse."
[dialogue] dialogue closed
[scene_runtime] dialogue completed request=event-v2:evt_019abcde-9000-7000-8000-000000000001:evx_01a0f2bb-e040-700a-8000-4dc74ea44c4a:offer:1790778794048 status=completed port=accepted
[dialogue] finished
[step_studio_trace] npc_presence_applied map=jardin entity=chief present=true
[step_studio_trace] npc_presence_applied map=jardin entity=traveller present=true
[npc_patrol] read movement entity=chief pos=(8,10) size=1x1 mode=idle waypoints= loop=true pauseMs=0 stepMs=200
[npc_patrol] read movement entity=traveller pos=(10,10) size=1x1 mode=idle waypoints= loop=true pauseMs=0 stepMs=200
[step_studio_trace] npc_presence_applied map=jardin entity=chief present=true
[step_studio_trace] npc_presence_applied map=jardin entity=traveller present=true
[npc_patrol] read movement entity=chief pos=(8,10) size=1x1 mode=idle waypoints= loop=true pauseMs=0 stepMs=200
[npc_patrol] read movement entity=traveller pos=(10,10) size=1x1 mode=idle waypoints= loop=true pauseMs=0 stepMs=200
[dialogue] interaction entity=event-v2:evt_019abcde-9000-7000-8000-000000000003:evx_01a0f2bb-e08f-700d-8000-4df821c2d9ec:traveller:1790778794127
[dialogue] resolved dialogueId=traveller
[dialogue] resolved file=dialogues/traveller.yarn
[dialogue] requested startNode=Start
[scenario_lock] accepted source=event-v2:evt_019abcde-9000-7000-8000-000000000003:evx_01a0f2bb-e08f-700d-8000-4df821c2d9ec:traveller:1790778794127 phase=dialogueLoading serial=4
[dialogue] parsed 1 node(s) from /private/var/folders/b5/7gsfwzyd449_54n8l40h40gc0000gn/T/avelune_m3_story_p7HiZd/dialogues/traveller.yarn
[dialogue] starting at node "Start"
[scene_runtime] dialogue content loaded request=event-v2:evt_019abcde-9000-7000-8000-000000000003:evx_01a0f2bb-e08f-700d-8000-4df821c2d9ec:traveller:1790778794127 elapsedMs=38
[scenario_lock] cleared source=event-v2:evt_019abcde-9000-7000-8000-000000000003:evx_01a0f2bb-e08f-700d-8000-4df821c2d9ec:traveller:1790778794127 reason=dialogueOpened serial=4
[dialogue] opened node=Start text="Merci, ma place est prête !"
[dialogue] dialogue closed
[scene_runtime] dialogue completed request=event-v2:evt_019abcde-9000-7000-8000-000000000003:evx_01a0f2bb-e08f-700d-8000-4df821c2d9ec:traveller:1790778794127 status=completed port=completed
[dialogue] finished
[step_studio_trace] npc_presence_applied map=jardin entity=chief present=true
[step_studio_trace] npc_presence_applied map=jardin entity=traveller present=true
[npc_patrol] read movement entity=chief pos=(8,10) size=1x1 mode=idle waypoints= loop=true pauseMs=0 stepMs=200
[npc_patrol] read movement entity=traveller pos=(10,10) size=1x1 mode=idle waypoints= loop=true pauseMs=0 stepMs=200
[step_studio_trace] npc_presence_applied map=jardin entity=chief present=true
[step_studio_trace] npc_presence_applied map=jardin entity=traveller present=true
[npc_patrol] read movement entity=chief pos=(8,10) size=1x1 mode=idle waypoints= loop=true pauseMs=0 stepMs=200
[npc_patrol] read movement entity=traveller pos=(10,10) size=1x1 mode=idle waypoints= loop=true pauseMs=0 stepMs=200
[dialogue] interaction entity=event-v2:evt_019abcde-9000-7000-8000-000000000005:evx_01a0f2bb-e0ec-7010-8000-4e319bea0f3c:finish:1790778794220
[dialogue] resolved dialogueId=finish
[dialogue] resolved file=dialogues/finish.yarn
[dialogue] requested startNode=Start
[scenario_lock] accepted source=event-v2:evt_019abcde-9000-7000-8000-000000000005:evx_01a0f2bb-e0ec-7010-8000-4e319bea0f3c:finish:1790778794220 phase=dialogueLoading serial=5
[dialogue] parsed 1 node(s) from /private/var/folders/b5/7gsfwzyd449_54n8l40h40gc0000gn/T/avelune_m3_story_p7HiZd/dialogues/finish.yarn
[dialogue] starting at node "Start"
[scene_runtime] dialogue content loaded request=event-v2:evt_019abcde-9000-7000-8000-000000000005:evx_01a0f2bb-e0ec-7010-8000-4e319bea0f3c:finish:1790778794220 elapsedMs=38
[scenario_lock] cleared source=event-v2:evt_019abcde-9000-7000-8000-000000000005:evx_01a0f2bb-e0ec-7010-8000-4e319bea0f3c:finish:1790778794220 reason=dialogueOpened serial=5
[dialogue] opened node=Start text="Tout est prêt, départ autorisé !"
[dialogue] dialogue closed
[scene_runtime] dialogue completed request=event-v2:evt_019abcde-9000-7000-8000-000000000005:evx_01a0f2bb-e0ec-7010-8000-4e319bea0f3c:finish:1790778794220 status=completed port=completed
[dialogue] finished
[step_studio_trace] npc_presence_applied map=jardin entity=chief present=true
[step_studio_trace] npc_presence_applied map=jardin entity=traveller present=true
[npc_patrol] read movement entity=chief pos=(8,10) size=1x1 mode=idle waypoints= loop=true pauseMs=0 stepMs=200
[npc_patrol] read movement entity=traveller pos=(10,10) size=1x1 mode=idle waypoints= loop=true pauseMs=0 stepMs=200
[step_studio_trace] npc_presence_applied map=jardin entity=chief present=true
[step_studio_trace] npc_presence_applied map=jardin entity=traveller present=true
[npc_patrol] read movement entity=chief pos=(8,10) size=1x1 mode=idle waypoints= loop=true pauseMs=0 stepMs=200
[npc_patrol] read movement entity=traveller pos=(10,10) size=1x1 mode=idle waypoints= loop=true pauseMs=0 stepMs=200
[dialogue] interaction entity=event-v2:evt_019abcde-9000-7000-8000-000000000006:evx_01a0f2bb-e128-7013-8000-4e56b0ea94bb:conclusion:1790778794280
[dialogue] resolved dialogueId=conclusion
[dialogue] resolved file=dialogues/conclusion.yarn
[dialogue] requested startNode=Start
[scenario_lock] accepted source=event-v2:evt_019abcde-9000-7000-8000-000000000006:evx_01a0f2bb-e128-7013-8000-4e56b0ea94bb:conclusion:1790778794280 phase=dialogueLoading serial=6
[dialogue] parsed 1 node(s) from /private/var/folders/b5/7gsfwzyd449_54n8l40h40gc0000gn/T/avelune_m3_story_p7HiZd/dialogues/conclusion.yarn
[dialogue] starting at node "Start"
[scene_runtime] dialogue content loaded request=event-v2:evt_019abcde-9000-7000-8000-000000000006:evx_01a0f2bb-e128-7013-8000-4e56b0ea94bb:conclusion:1790778794280 elapsedMs=41
[scenario_lock] cleared source=event-v2:evt_019abcde-9000-7000-8000-000000000006:evx_01a0f2bb-e128-7013-8000-4e56b0ea94bb:conclusion:1790778794280 reason=dialogueOpened serial=6
[dialogue] opened node=Start text="Merci encore pour votre aide."
[dialogue] dialogue closed
[scene_runtime] dialogue completed request=event-v2:evt_019abcde-9000-7000-8000-000000000006:evx_01a0f2bb-e128-7013-8000-4e56b0ea94bb:conclusion:1790778794280 status=completed port=completed
[dialogue] finished
[step_studio_trace] npc_presence_applied map=jardin entity=chief present=true
[step_studio_trace] npc_presence_applied map=jardin entity=traveller present=true
[npc_patrol] read movement entity=chief pos=(8,10) size=1x1 mode=idle waypoints= loop=true pauseMs=0 stepMs=200
[npc_patrol] read movement entity=traveller pos=(10,10) size=1x1 mode=idle waypoints= loop=true pauseMs=0 stepMs=200
[step_studio_trace] npc_presence_applied map=jardin entity=chief present=true
[step_studio_trace] npc_presence_applied map=jardin entity=traveller present=true
[npc_patrol] read movement entity=chief pos=(8,10) size=1x1 mode=idle waypoints= loop=true pauseMs=0 stepMs=200
[npc_patrol] read movement entity=traveller pos=(10,10) size=1x1 mode=idle waypoints= loop=true pauseMs=0 stepMs=200
[dialogue] interaction entity=event-v2:evt_019abcde-9000-7000-8000-000000000007:evx_01a0f2bb-e17d-7016-8000-4e8b3955fc83:zone:1790778794366
[dialogue] resolved dialogueId=zone
[dialogue] resolved file=dialogues/zone.yarn
[dialogue] requested startNode=Start
[scenario_lock] accepted source=event-v2:evt_019abcde-9000-7000-8000-000000000007:evx_01a0f2bb-e17d-7016-8000-4e8b3955fc83:zone:1790778794366 phase=dialogueLoading serial=7
[dialogue] parsed 1 node(s) from /private/var/folders/b5/7gsfwzyd449_54n8l40h40gc0000gn/T/avelune_m3_story_p7HiZd/dialogues/zone.yarn
[dialogue] starting at node "Start"
[scene_runtime] dialogue content loaded request=event-v2:evt_019abcde-9000-7000-8000-000000000007:evx_01a0f2bb-e17d-7016-8000-4e8b3955fc83:zone:1790778794366 elapsedMs=46
[scenario_lock] cleared source=event-v2:evt_019abcde-9000-7000-8000-000000000007:evx_01a0f2bb-e17d-7016-8000-4e8b3955fc83:zone:1790778794366 reason=dialogueOpened serial=7
[dialogue] opened node=Start text="Bienvenue sur le quai."
[dialogue] dialogue closed
[scene_runtime] dialogue completed request=event-v2:evt_019abcde-9000-7000-8000-000000000007:evx_01a0f2bb-e17d-7016-8000-4e8b3955fc83:zone:1790778794366 status=completed port=completed
[dialogue] finished
[step_studio_trace] npc_presence_applied map=jardin entity=chief present=true
[step_studio_trace] npc_presence_applied map=jardin entity=traveller present=true
[npc_patrol] read movement entity=chief pos=(8,10) size=1x1 mode=idle waypoints= loop=true pauseMs=0 stepMs=200
[npc_patrol] read movement entity=traveller pos=(10,10) size=1x1 mode=idle waypoints= loop=true pauseMs=0 stepMs=200
[step_studio_trace] npc_presence_applied map=jardin entity=chief present=true
[step_studio_trace] npc_presence_applied map=jardin entity=traveller present=true
[npc_patrol] read movement entity=chief pos=(8,10) size=1x1 mode=idle waypoints= loop=true pauseMs=0 stepMs=200
[npc_patrol] read movement entity=traveller pos=(10,10) size=1x1 mode=idle waypoints= loop=true pauseMs=0 stepMs=200
[step_studio_trace] runtime_save_requested map=jardin completedStepIds=[prepare, help, finish] completedCutsceneIds=[]
[runtime_game] tileset cache resolve requested=1
[runtime_game] tileset cache resolve ok result=1
[step_studio_trace] npc_mount_added map=jardin entity=chief
[step_studio_trace] npc_mount_added map=jardin entity=traveller
[step_studio_trace] npc_presence_applied map=jardin entity=chief present=true
[step_studio_trace] npc_presence_applied map=jardin entity=traveller present=true
[npc_patrol] read movement entity=chief pos=(8,10) size=1x1 mode=idle waypoints= loop=true pauseMs=0 stepMs=200
[npc_patrol] read movement entity=traveller pos=(10,10) size=1x1 mode=idle waypoints= loop=true pauseMs=0 stepMs=200
[step_studio_trace] npc_presence_applied map=jardin entity=chief present=true
[step_studio_trace] npc_presence_applied map=jardin entity=traveller present=true
[npc_patrol] read movement entity=chief pos=(8,10) size=1x1 mode=idle waypoints= loop=true pauseMs=0 stepMs=200
[npc_patrol] read movement entity=traveller pos=(10,10) size=1x1 mode=idle waypoints= loop=true pauseMs=0 stepMs=200
[step_studio_trace] npc_presence_applied map=jardin entity=chief present=true
[step_studio_trace] npc_presence_applied map=jardin entity=traveller present=true
[npc_patrol] read movement entity=chief pos=(8,10) size=1x1 mode=idle waypoints= loop=true pauseMs=0 stepMs=200
[npc_patrol] read movement entity=traveller pos=(10,10) size=1x1 mode=idle waypoints= loop=true pauseMs=0 stepMs=200
[step_studio_trace] npc_presence_applied map=jardin entity=chief present=true
[step_studio_trace] npc_presence_applied map=jardin entity=traveller present=true
[npc_patrol] read movement entity=chief pos=(8,10) size=1x1 mode=idle waypoints= loop=true pauseMs=0 stepMs=200
[npc_patrol] read movement entity=traveller pos=(10,10) size=1x1 mode=idle waypoints= loop=true pauseMs=0 stepMs=200
[step_studio_trace] npc_presence_applied map=jardin entity=chief present=true
[step_studio_trace] npc_presence_applied map=jardin entity=traveller present=true
[npc_patrol] read movement entity=chief pos=(8,10) size=1x1 mode=idle waypoints= loop=true pauseMs=0 stepMs=200
[npc_patrol] read movement entity=traveller pos=(10,10) size=1x1 mode=idle waypoints= loop=true pauseMs=0 stepMs=200
[step_studio_trace] npc_presence_applied map=jardin entity=chief present=true
[step_studio_trace] npc_presence_applied map=jardin entity=traveller present=true
[npc_patrol] read movement entity=chief pos=(8,10) size=1x1 mode=idle waypoints= loop=true pauseMs=0 stepMs=200
[npc_patrol] read movement entity=traveller pos=(10,10) size=1x1 mode=idle waypoints= loop=true pauseMs=0 stepMs=200
[step_studio_trace] npc_presence_applied map=jardin entity=chief present=true
[step_studio_trace] npc_presence_applied map=jardin entity=traveller present=true
[npc_patrol] read movement entity=chief pos=(8,10) size=1x1 mode=idle waypoints= loop=true pauseMs=0 stepMs=200
[npc_patrol] read movement entity=traveller pos=(10,10) size=1x1 mode=idle waypoints= loop=true pauseMs=0 stepMs=200
[event_v2] mapEnter activation=mapact_1790778794464083_2 map=jardin reason=saveRestore result=MapEnterProductionDispatchLegacyFallback
[load] game loaded from saveId=default
[runtime_loader] bundle load start projectFilePath=/private/var/folders/b5/7gsfwzyd449_54n8l40h40gc0000gn/T/avelune_m3_story_p7HiZd/project.json mapId=jardin
[runtime_loader] project manifest lookup path=/private/var/folders/b5/7gsfwzyd449_54n8l40h40gc0000gn/T/avelune_m3_story_p7HiZd/project.json
[runtime_loader] project manifest read ok bytes=34071
[runtime_loader] project manifest validated maps=2 tilesets=1 scenarios=0
[runtime_loader] bundle map resolved mapId=jardin relativePath=maps/jardin.json mapPath=/private/var/folders/b5/7gsfwzyd449_54n8l40h40gc0000gn/T/avelune_m3_story_p7HiZd/maps/jardin.json
[runtime_loader] map file lookup path=/private/var/folders/b5/7gsfwzyd449_54n8l40h40gc0000gn/T/avelune_m3_story_p7HiZd/maps/jardin.json
[runtime_loader] map file read ok bytes=19335
[runtime_loader] map validated id=jardin size=24x16 layers=3 entities=3 placedElements=3 warps=0 triggers=1
[runtime_loader] bundle tilesets collected ids=atelier
[runtime_loader] bundle tileset path id=atelier path=/private/var/folders/b5/7gsfwzyd449_54n8l40h40gc0000gn/T/avelune_m3_story_p7HiZd/assets/atelier.png
[runtime_loader] bundle load ok mapId=jardin projectRoot=/private/var/folders/b5/7gsfwzyd449_54n8l40h40gc0000gn/T/avelune_m3_story_p7HiZd tilesets=1
[runtime_game] tileset image load start map=jardin
[runtime_game] tileset cache resolve requested=1
[runtime_game] tileset cache resolve ok result=1
[runtime_game] onLoad start map=jardin projectFilePath=/private/var/folders/b5/7gsfwzyd449_54n8l40h40gc0000gn/T/avelune_m3_story_p7HiZd/project.json tilesets=1
[runtime_game] world build start map=jardin
[runtime] Map loaded: jardin, spawn at (8, 9)
[runtime_game] tileset image load ok count=1 map=jardin
[runtime_game] mount root map start map=jardin
[step_studio_trace] npc_mount_added map=jardin entity=chief
[step_studio_trace] npc_mount_added map=jardin entity=traveller
[step_studio_trace] npc_presence_applied map=jardin entity=chief present=true
[step_studio_trace] npc_presence_applied map=jardin entity=traveller present=true
[runtime_game] mount root map ok map=jardin
[npc_patrol] read movement entity=chief pos=(8,10) size=1x1 mode=idle waypoints= loop=true pauseMs=0 stepMs=200
[npc_patrol] read movement entity=traveller pos=(10,10) size=1x1 mode=idle waypoints= loop=true pauseMs=0 stepMs=200
[runtime_game] onLoad completed activeMapId=jardin
[runtime_loader] map file lookup path=/private/var/folders/b5/7gsfwzyd449_54n8l40h40gc0000gn/T/avelune_m3_story_p7HiZd/maps/clairiere.json
[runtime_loader] map file read ok bytes=17376
[runtime_loader] map validated id=clairiere size=24x16 layers=3 entities=1 placedElements=3 warps=0 triggers=0
[step_studio_trace] npc_presence_applied map=jardin entity=chief present=true
[step_studio_trace] npc_presence_applied map=jardin entity=traveller present=true
[npc_patrol] read movement entity=chief pos=(8,10) size=1x1 mode=idle waypoints= loop=true pauseMs=0 stepMs=200
[npc_patrol] read movement entity=traveller pos=(10,10) size=1x1 mode=idle waypoints= loop=true pauseMs=0 stepMs=200
[step_studio_trace] npc_presence_applied map=jardin entity=chief present=true
[step_studio_trace] npc_presence_applied map=jardin entity=traveller present=true
[npc_patrol] read movement entity=chief pos=(8,10) size=1x1 mode=idle waypoints= loop=true pauseMs=0 stepMs=200
[npc_patrol] read movement entity=traveller pos=(10,10) size=1x1 mode=idle waypoints= loop=true pauseMs=0 stepMs=200
[step_studio_trace] npc_presence_applied map=jardin entity=chief present=true
[step_studio_trace] npc_presence_applied map=jardin entity=traveller present=true
[npc_patrol] read movement entity=chief pos=(8,10) size=1x1 mode=idle waypoints= loop=true pauseMs=0 stepMs=200
[npc_patrol] read movement entity=traveller pos=(10,10) size=1x1 mode=idle waypoints= loop=true pauseMs=0 stepMs=200
[event_v2] mapEnter activation=mapact_1790778794872676_1 map=jardin reason=initialBoot result=MapEnterProductionDispatchLegacyFallback
[step_studio_trace] runtime_save_requested map=jardin completedStepIds=[] completedCutsceneIds=[]
08:36 +373 -9: /Users/karim/Project/pokemonProject/apps/avelune_studio/test/project_creation/creation_session_safety_host_test.dart: late canonical creation cannot open in a replaced session owner
08:37 +374 -9: /Users/karim/Project/pokemonProject/apps/avelune_studio/test/project_creation/creation_session_safety_host_test.dart: late canonical creation cannot open in a replaced session owner
08:37 +375 -9: /Users/karim/Project/pokemonProject/apps/avelune_studio/test/project_creation/creation_session_safety_host_test.dart: late canonical creation cannot open in a replaced session owner
08:37 +376 -9: /Users/karim/Project/pokemonProject/apps/avelune_studio/test/project_creation/creation_session_safety_host_test.dart: late canonical creation cannot open in a replaced session owner
08:37 +377 -9: /Users/karim/Project/pokemonProject/apps/avelune_studio/test/project_creation/creation_session_safety_host_test.dart: late canonical creation cannot open in a replaced session owner
08:40 +377 -9: /Users/karim/Project/pokemonProject/apps/avelune_studio/test/cinematics_ui10_widget_test.dart: UI10 full Studio frame early composition with isolated real project
══╡ EXCEPTION CAUGHT BY FLUTTER TEST FRAMEWORK ╞════════════════════════════════════════════════════
The following MapWorkspaceFailure was thrown while running async test code:
Cette carte est absente, invalide ou utilise un format non pris en charge.

When the exception was thrown, this was the stack:
#0      LocalMapWorkspaceAdapter.loadMap (package:avelune_studio/features/map_workspace/data/local_map_workspace_adapter.dart:162:7)
<asynchronous suspension>
#1      seedUi10Visuals (file:///Users/karim/Project/pokemonProject/apps/avelune_studio/test/support/ui10_fixture_visuals.dart:124:18)
<asynchronous suspension>
#2      createUi10Fixture (file:///Users/karim/Project/pokemonProject/apps/avelune_studio/test/support/ui10_cinematic_fixture.dart:18:5)
<asynchronous suspension>
#3      Ui10WorkspaceHarness.create (file:///Users/karim/Project/pokemonProject/apps/avelune_studio/test/support/ui10_workspace_harness.dart:20:21)
<asynchronous suspension>
<asynchronous suspension>
#5      main.<anonymous closure> (file:///Users/karim/Project/pokemonProject/apps/avelune_studio/test/cinematics_ui10_widget_test.dart:15:24)
<asynchronous suspension>
#6      testWidgets.<anonymous closure>.<anonymous closure> (package:flutter_test/src/widget_tester.dart:192:15)
<asynchronous suspension>
#7      TestWidgetsFlutterBinding._runTestBody (package:flutter_test/src/binding.dart:1978:5)
<asynchronous suspension>
<asynchronous suspension>
(elided 2 frames from dart:async and package:stack_trace)

The exception was caught asynchronously.
════════════════════════════════════════════════════════════════════════════════════════════════════
══╡ EXCEPTION CAUGHT BY FLUTTER TEST FRAMEWORK ╞════════════════════════════════════════════════════
The following _TypeError was thrown running a test:
Null check operator used on a null value

When the exception was thrown, this was the stack:
#0      main.<anonymous closure> (file:///Users/karim/Project/pokemonProject/apps/avelune_studio/test/cinematics_ui10_widget_test.dart:17:9)
<asynchronous suspension>
#1      testWidgets.<anonymous closure>.<anonymous closure> (package:flutter_test/src/widget_tester.dart:192:15)
<asynchronous suspension>
#2      TestWidgetsFlutterBinding._runTestBody (package:flutter_test/src/binding.dart:1978:5)
<asynchronous suspension>
<asynchronous suspension>
(elided one frame from package:stack_trace)

The test description was:
  UI10 full Studio frame early composition with isolated real project
════════════════════════════════════════════════════════════════════════════════════════════════════
══╡ EXCEPTION CAUGHT BY FLUTTER TEST FRAMEWORK ╞════════════════════════════════════════════════════
The following message was thrown:
Multiple exceptions (2) were detected during the running of the current test, and at least one was
unexpected.
════════════════════════════════════════════════════════════════════════════════════════════════════
08:40 +377 -10: /Users/karim/Project/pokemonProject/apps/avelune_studio/test/project_creation/creation_session_safety_host_test.dart: late canonical creation cannot open in a replaced session owner
08:40 +377 -10: /Users/karim/Project/pokemonProject/apps/avelune_studio/test/cinematics_ui10_widget_test.dart: UI10 full Studio frame early composition with isolated real project [E]
  Test failed. See exception logs above.
  The test description was: UI10 full Studio frame early composition with isolated real project

08:41 +378 -10: /Users/karim/Project/pokemonProject/apps/avelune_studio/test/project_creation/creation_session_safety_host_test.dart: late canonical creation cannot open in a replaced session owner
08:42 +379 -10: /Users/karim/Project/pokemonProject/apps/avelune_studio/test/project_creation/creation_session_safety_host_test.dart: late canonical creation cannot open in a replaced session owner
08:42 +380 -10: /Users/karim/Project/pokemonProject/apps/avelune_studio/test/project_creation/creation_session_safety_host_test.dart: late canonical creation cannot open in a replaced session owner
08:43 +381 -10: /Users/karim/Project/pokemonProject/apps/avelune_studio/test/project_creation/creation_session_safety_host_test.dart: late canonical creation cannot open in a replaced session owner
08:43 +382 -10: /Users/karim/Project/pokemonProject/apps/avelune_studio/test/project_creation/creation_session_safety_host_test.dart: late canonical creation cannot open in a replaced session owner
08:44 +383 -10: /Users/karim/Project/pokemonProject/apps/avelune_studio/test/project_creation/creation_session_safety_host_test.dart: late canonical creation cannot open in a replaced session owner
08:45 +384 -10: /Users/karim/Project/pokemonProject/apps/avelune_studio/test/project_creation/creation_session_safety_host_test.dart: late canonical creation cannot open in a replaced session owner
08:45 +385 -10: /Users/karim/Project/pokemonProject/apps/avelune_studio/test/project_creation/creation_session_safety_host_test.dart: late canonical creation cannot open in a replaced session owner
08:46 +386 -10: /Users/karim/Project/pokemonProject/apps/avelune_studio/test/project_creation/creation_session_safety_host_test.dart: late canonical creation cannot open in a replaced session owner
08:46 +387 -10: /Users/karim/Project/pokemonProject/apps/avelune_studio/test/project_creation/creation_session_safety_host_test.dart: late canonical creation cannot open in a replaced session owner
08:46 +388 -10: /Users/karim/Project/pokemonProject/apps/avelune_studio/test/project_creation/creation_session_safety_host_test.dart: late canonical creation cannot open in a replaced session owner
08:46 +389 -10: /Users/karim/Project/pokemonProject/apps/avelune_studio/test/project_creation/creation_session_safety_host_test.dart: late canonical creation cannot open in a replaced session owner
08:48 +390 -10: /Users/karim/Project/pokemonProject/apps/avelune_studio/test/project_creation/creation_session_safety_host_test.dart: late canonical creation cannot open in a replaced session owner
08:48 +391 -10: /Users/karim/Project/pokemonProject/apps/avelune_studio/test/project_creation/creation_session_safety_host_test.dart: late canonical creation cannot open in a replaced session owner
08:48 +392 -10: /Users/karim/Project/pokemonProject/apps/avelune_studio/test/project_creation/creation_session_safety_host_test.dart: late canonical creation cannot open in a replaced session owner
08:48 +393 -10: /Users/karim/Project/pokemonProject/apps/avelune_studio/test/project_creation/creation_session_safety_host_test.dart: late canonical creation cannot open in a replaced session owner
08:48 +394 -10: /Users/karim/Project/pokemonProject/apps/avelune_studio/test/project_creation/creation_session_safety_host_test.dart: late canonical creation cannot open in a replaced session owner
08:48 +395 -10: /Users/karim/Project/pokemonProject/apps/avelune_studio/test/project_creation/creation_session_safety_host_test.dart: late canonical creation cannot open in a replaced session owner
08:49 +396 -10: /Users/karim/Project/pokemonProject/apps/avelune_studio/test/project_creation/creation_session_safety_host_test.dart: late canonical creation cannot open in a replaced session owner
08:50 +397 -10: /Users/karim/Project/pokemonProject/apps/avelune_studio/test/project_creation/creation_session_safety_host_test.dart: late canonical creation cannot open in a replaced session owner
08:51 +398 -10: /Users/karim/Project/pokemonProject/apps/avelune_studio/test/project_creation/creation_session_safety_host_test.dart: late canonical creation cannot open in a replaced session owner
08:51 +399 -10: /Users/karim/Project/pokemonProject/apps/avelune_studio/test/project_creation/creation_session_safety_host_test.dart: late canonical creation cannot open in a replaced session owner
08:52 +400 -10: /Users/karim/Project/pokemonProject/apps/avelune_studio/test/project_creation/creation_session_safety_host_test.dart: late canonical creation cannot open in a replaced session owner
08:53 +401 -10: /Users/karim/Project/pokemonProject/apps/avelune_studio/test/project_creation/creation_session_safety_host_test.dart: late canonical creation cannot open in a replaced session owner
08:54 +402 -10: /Users/karim/Project/pokemonProject/apps/avelune_studio/test/project_creation/creation_session_safety_host_test.dart: late canonical creation cannot open in a replaced session owner
08:54 +403 -10: /Users/karim/Project/pokemonProject/apps/avelune_studio/test/project_creation/creation_session_safety_host_test.dart: late canonical creation cannot open in a replaced session owner
08:54 +404 -10: /Users/karim/Project/pokemonProject/apps/avelune_studio/test/project_creation/creation_session_safety_host_test.dart: late canonical creation cannot open in a replaced session owner
08:54 +405 -10: /Users/karim/Project/pokemonProject/apps/avelune_studio/test/project_creation/creation_session_safety_host_test.dart: late canonical creation cannot open in a replaced session owner
08:54 +406 -10: /Users/karim/Project/pokemonProject/apps/avelune_studio/test/project_creation/creation_session_safety_host_test.dart: late canonical creation cannot open in a replaced session owner
08:54 +407 -10: /Users/karim/Project/pokemonProject/apps/avelune_studio/test/project_creation/creation_session_safety_host_test.dart: late canonical creation cannot open in a replaced session owner
08:55 +408 -10: /Users/karim/Project/pokemonProject/apps/avelune_studio/test/project_creation/creation_session_safety_host_test.dart: late canonical creation cannot open in a replaced session owner
08:56 +409 -10: /Users/karim/Project/pokemonProject/apps/avelune_studio/test/project_creation/creation_session_safety_host_test.dart: late canonical creation cannot open in a replaced session owner
08:56 +410 -10: /Users/karim/Project/pokemonProject/apps/avelune_studio/test/project_creation/creation_session_safety_host_test.dart: late canonical creation cannot open in a replaced session owner
08:56 +411 -10: /Users/karim/Project/pokemonProject/apps/avelune_studio/test/project_creation/creation_session_safety_host_test.dart: late canonical creation cannot open in a replaced session owner
08:57 +412 -10: /Users/karim/Project/pokemonProject/apps/avelune_studio/test/project_creation/creation_session_safety_host_test.dart: late canonical creation cannot open in a replaced session owner
08:57 +413 -10: /Users/karim/Project/pokemonProject/apps/avelune_studio/test/project_creation/creation_session_safety_host_test.dart: late canonical creation cannot open in a replaced session owner
08:57 +414 -10: /Users/karim/Project/pokemonProject/apps/avelune_studio/test/project_creation/creation_session_safety_host_test.dart: late canonical creation cannot open in a replaced session owner
08:58 +415 -10: /Users/karim/Project/pokemonProject/apps/avelune_studio/test/project_creation/creation_session_safety_host_test.dart: late canonical creation cannot open in a replaced session owner
08:58 +416 -10: /Users/karim/Project/pokemonProject/apps/avelune_studio/test/project_creation/creation_session_safety_host_test.dart: late canonical creation cannot open in a replaced session owner
08:58 +417 -10: /Users/karim/Project/pokemonProject/apps/avelune_studio/test/project_creation/creation_session_safety_host_test.dart: late canonical creation cannot open in a replaced session owner
08:59 +418 -10: /Users/karim/Project/pokemonProject/apps/avelune_studio/test/project_creation/creation_session_safety_host_test.dart: late canonical creation cannot open in a replaced session owner
08:59 +419 -10: /Users/karim/Project/pokemonProject/apps/avelune_studio/test/project_creation/creation_session_safety_host_test.dart: late canonical creation cannot open in a replaced session owner
08:59 +420 -10: /Users/karim/Project/pokemonProject/apps/avelune_studio/test/project_creation/creation_session_safety_host_test.dart: late canonical creation cannot open in a replaced session owner
08:59 +421 -10: /Users/karim/Project/pokemonProject/apps/avelune_studio/test/project_creation/creation_session_safety_host_test.dart: late canonical creation cannot open in a replaced session owner
08:59 +422 -10: /Users/karim/Project/pokemonProject/apps/avelune_studio/test/project_creation/creation_session_safety_host_test.dart: late canonical creation cannot open in a replaced session owner
09:00 +423 -10: /Users/karim/Project/pokemonProject/apps/avelune_studio/test/project_creation/creation_session_safety_host_test.dart: late canonical creation cannot open in a replaced session owner
09:00 +424 -10: /Users/karim/Project/pokemonProject/apps/avelune_studio/test/project_creation/creation_session_safety_host_test.dart: late canonical creation cannot open in a replaced session owner
09:00 +425 -10: /Users/karim/Project/pokemonProject/apps/avelune_studio/test/project_creation/creation_session_safety_host_test.dart: late canonical creation cannot open in a replaced session owner
09:00 +426 -10: /Users/karim/Project/pokemonProject/apps/avelune_studio/test/project_creation/creation_session_safety_host_test.dart: late canonical creation cannot open in a replaced session owner
09:00 +427 -10: /Users/karim/Project/pokemonProject/apps/avelune_studio/test/project_creation/creation_session_safety_host_test.dart: late canonical creation cannot open in a replaced session owner
09:01 +428 -10: /Users/karim/Project/pokemonProject/apps/avelune_studio/test/project_creation/creation_session_safety_host_test.dart: late canonical creation cannot open in a replaced session owner
09:01 +428 -11: /Users/karim/Project/pokemonProject/apps/avelune_studio/test/project_creation/creation_session_safety_host_test.dart: late canonical creation cannot open in a replaced session owner
09:01 +428 -11: /Users/karim/Project/pokemonProject/apps/avelune_studio/test/architecture/architecture_boundaries_test.dart: fichiers Dart manuels limites a 300 lignes [E]
  Expected: empty
    Actual: [
              '/Users/karim/Project/pokemonProject/apps/avelune_studio/lib/features/map_workspace/application/map_editing_commands.dart: 310 lignes',
              '/Users/karim/Project/pokemonProject/apps/avelune_studio/lib/features/map_workspace/data/local_map_workspace_adapter.dart: 305 lignes',
              '/Users/karim/Project/pokemonProject/apps/avelune_studio/lib/presentation/features/map_workspace/map_workspace_canvas.dart: 474 lignes',
              '/Users/karim/Project/pokemonProject/apps/avelune_studio/lib/presentation/features/map_workspace/map_workspace_tool_strip.dart: 306 lignes',
              '/Users/karim/Project/pokemonProject/apps/avelune_studio/test/home/home_visual_test.dart: 312 lignes',
              '/Users/karim/Project/pokemonProject/apps/avelune_studio/test/map_workspace/decor_transform_host_test.dart: 389 lignes'
            ]

  package:matcher                                            expect
  package:flutter_test/src/widget_tester.dart 473:18         expect
  test/architecture/architecture_boundaries_test.dart 169:5  main.<fn>

09:08 +429 -11: /Users/karim/Project/pokemonProject/apps/avelune_studio/test/project_creation/creation_session_safety_host_test.dart: late canonical creation cannot open in a replaced session owner
09:13 +430 -11: /Users/karim/Project/pokemonProject/apps/avelune_studio/test/project_creation/creation_session_safety_host_test.dart: late canonical creation cannot open in a replaced session owner
09:14 +431 -11: /Users/karim/Project/pokemonProject/apps/avelune_studio/test/project_creation/creation_session_safety_host_test.dart: late canonical creation cannot open in a replaced session owner
09:14 +432 -11: /Users/karim/Project/pokemonProject/apps/avelune_studio/test/project_creation/creation_session_safety_host_test.dart: late canonical creation cannot open in a replaced session owner
09:14 +433 -11: /Users/karim/Project/pokemonProject/apps/avelune_studio/test/project_creation/creation_session_safety_host_test.dart: late canonical creation cannot open in a replaced session owner
09:14 +434 -11: /Users/karim/Project/pokemonProject/apps/avelune_studio/test/project_creation/creation_session_safety_host_test.dart: late canonical creation cannot open in a replaced session owner
09:15 +435 -11: /Users/karim/Project/pokemonProject/apps/avelune_studio/test/project_creation/creation_session_safety_host_test.dart: late canonical creation cannot open in a replaced session owner
09:15 +436 -11: /Users/karim/Project/pokemonProject/apps/avelune_studio/test/project_creation/creation_session_safety_host_test.dart: late canonical creation cannot open in a replaced session owner
09:16 +437 -11: /Users/karim/Project/pokemonProject/apps/avelune_studio/test/project_creation/creation_session_safety_host_test.dart: late canonical creation cannot open in a replaced session owner
09:17 +438 -11: /Users/karim/Project/pokemonProject/apps/avelune_studio/test/project_creation/creation_session_safety_host_test.dart: late canonical creation cannot open in a replaced session owner
09:17 +439 -11: /Users/karim/Project/pokemonProject/apps/avelune_studio/test/project_creation/creation_session_safety_host_test.dart: late canonical creation cannot open in a replaced session owner
09:18 +440 -11: /Users/karim/Project/pokemonProject/apps/avelune_studio/test/project_creation/creation_session_safety_host_test.dart: late canonical creation cannot open in a replaced session owner
09:18 +441 -11: /Users/karim/Project/pokemonProject/apps/avelune_studio/test/project_creation/creation_session_safety_host_test.dart: late canonical creation cannot open in a replaced session owner
09:19 +442 -11: /Users/karim/Project/pokemonProject/apps/avelune_studio/test/project_creation/creation_session_safety_host_test.dart: late canonical creation cannot open in a replaced session owner
09:19 +443 -11: /Users/karim/Project/pokemonProject/apps/avelune_studio/test/project_creation/creation_session_safety_host_test.dart: late canonical creation cannot open in a replaced session owner
09:20 +444 -11: /Users/karim/Project/pokemonProject/apps/avelune_studio/test/project_creation/creation_session_safety_host_test.dart: late canonical creation cannot open in a replaced session owner
09:20 +445 -11: /Users/karim/Project/pokemonProject/apps/avelune_studio/test/project_creation/creation_session_safety_host_test.dart: late canonical creation cannot open in a replaced session owner
09:20 +446 -11: /Users/karim/Project/pokemonProject/apps/avelune_studio/test/project_creation/creation_session_safety_host_test.dart: late canonical creation cannot open in a replaced session owner
09:20 +447 -11: /Users/karim/Project/pokemonProject/apps/avelune_studio/test/project_creation/creation_session_safety_host_test.dart: late canonical creation cannot open in a replaced session owner
09:20 +448 -11: /Users/karim/Project/pokemonProject/apps/avelune_studio/test/project_creation/creation_session_safety_host_test.dart: late canonical creation cannot open in a replaced session owner
09:21 +449 -11: /Users/karim/Project/pokemonProject/apps/avelune_studio/test/project_creation/creation_session_safety_host_test.dart: late canonical creation cannot open in a replaced session owner
09:21 +450 -11: /Users/karim/Project/pokemonProject/apps/avelune_studio/test/project_creation/creation_session_safety_host_test.dart: late canonical creation cannot open in a replaced session owner
09:23 +451 -11: /Users/karim/Project/pokemonProject/apps/avelune_studio/test/project_creation/creation_session_safety_host_test.dart: late canonical creation cannot open in a replaced session owner
09:24 +452 -11: /Users/karim/Project/pokemonProject/apps/avelune_studio/test/project_creation/creation_session_safety_host_test.dart: late canonical creation cannot open in a replaced session owner
09:26 +453 -11: /Users/karim/Project/pokemonProject/apps/avelune_studio/test/project_creation/creation_session_safety_host_test.dart: late canonical creation cannot open in a replaced session owner
09:27 +454 -11: /Users/karim/Project/pokemonProject/apps/avelune_studio/test/project_creation/creation_session_safety_host_test.dart: late canonical creation cannot open in a replaced session owner
09:28 +455 -11: /Users/karim/Project/pokemonProject/apps/avelune_studio/test/project_creation/creation_session_safety_host_test.dart: late canonical creation cannot open in a replaced session owner
09:30 +456 -11: /Users/karim/Project/pokemonProject/apps/avelune_studio/test/project_creation/creation_session_safety_host_test.dart: late canonical creation cannot open in a replaced session owner
09:30 +457 -11: /Users/karim/Project/pokemonProject/apps/avelune_studio/test/project_creation/creation_session_safety_host_test.dart: late canonical creation cannot open in a replaced session owner
09:31 +458 -11: /Users/karim/Project/pokemonProject/apps/avelune_studio/test/project_creation/creation_session_safety_host_test.dart: late canonical creation cannot open in a replaced session owner
09:31 +459 -11: /Users/karim/Project/pokemonProject/apps/avelune_studio/test/project_creation/creation_session_safety_host_test.dart: late canonical creation cannot open in a replaced session owner
09:32 +460 -11: /Users/karim/Project/pokemonProject/apps/avelune_studio/test/project_creation/creation_session_safety_host_test.dart: late canonical creation cannot open in a replaced session owner
09:32 +461 -11: /Users/karim/Project/pokemonProject/apps/avelune_studio/test/project_creation/creation_session_safety_host_test.dart: late canonical creation cannot open in a replaced session owner
09:32 +462 -11: /Users/karim/Project/pokemonProject/apps/avelune_studio/test/project_creation/creation_session_safety_host_test.dart: late canonical creation cannot open in a replaced session owner
09:32 +463 -11: /Users/karim/Project/pokemonProject/apps/avelune_studio/test/project_creation/creation_session_safety_host_test.dart: late canonical creation cannot open in a replaced session owner
09:32 +464 -11: /Users/karim/Project/pokemonProject/apps/avelune_studio/test/project_creation/creation_session_safety_host_test.dart: late canonical creation cannot open in a replaced session owner
09:33 +465 -11: /Users/karim/Project/pokemonProject/apps/avelune_studio/test/project_creation/creation_session_safety_host_test.dart: late canonical creation cannot open in a replaced session owner
09:33 +466 -11: /Users/karim/Project/pokemonProject/apps/avelune_studio/test/project_creation/creation_session_safety_host_test.dart: late canonical creation cannot open in a replaced session owner
09:33 +467 -11: /Users/karim/Project/pokemonProject/apps/avelune_studio/test/project_creation/creation_session_safety_host_test.dart: late canonical creation cannot open in a replaced session owner
09:33 +468 -11: /Users/karim/Project/pokemonProject/apps/avelune_studio/test/project_creation/creation_session_safety_host_test.dart: late canonical creation cannot open in a replaced session owner
09:33 +469 -11: /Users/karim/Project/pokemonProject/apps/avelune_studio/test/project_creation/creation_session_safety_host_test.dart: late canonical creation cannot open in a replaced session owner
09:34 +470 -11: /Users/karim/Project/pokemonProject/apps/avelune_studio/test/project_creation/creation_session_safety_host_test.dart: late canonical creation cannot open in a replaced session owner
09:34 +471 -11: /Users/karim/Project/pokemonProject/apps/avelune_studio/test/project_creation/creation_session_safety_host_test.dart: late canonical creation cannot open in a replaced session owner
09:34 +472 -11: /Users/karim/Project/pokemonProject/apps/avelune_studio/test/project_creation/creation_session_safety_host_test.dart: late canonical creation cannot open in a replaced session owner
09:34 +473 -11: /Users/karim/Project/pokemonProject/apps/avelune_studio/test/project_creation/creation_session_safety_host_test.dart: late canonical creation cannot open in a replaced session owner
09:35 +474 -11: /Users/karim/Project/pokemonProject/apps/avelune_studio/test/project_creation/creation_session_safety_host_test.dart: late canonical creation cannot open in a replaced session owner
09:35 +475 -11: /Users/karim/Project/pokemonProject/apps/avelune_studio/test/project_creation/creation_session_safety_host_test.dart: late canonical creation cannot open in a replaced session owner
09:35 +476 -11: /Users/karim/Project/pokemonProject/apps/avelune_studio/test/project_creation/creation_session_safety_host_test.dart: late canonical creation cannot open in a replaced session owner
09:36 +477 -11: /Users/karim/Project/pokemonProject/apps/avelune_studio/test/project_creation/creation_session_safety_host_test.dart: late canonical creation cannot open in a replaced session owner
09:36 +478 -11: /Users/karim/Project/pokemonProject/apps/avelune_studio/test/project_creation/creation_session_safety_host_test.dart: late canonical creation cannot open in a replaced session owner
09:39 +478 -11: /Users/karim/Project/pokemonProject/apps/avelune_studio/test/cinematics_ui10_parity_viewport_test.dart: preview camera zoom shake fade uses playback transform and Stop restores author view
══╡ EXCEPTION CAUGHT BY FLUTTER TEST FRAMEWORK ╞════════════════════════════════════════════════════
The following MapWorkspaceFailure was thrown while running async test code:
Cette carte est absente, invalide ou utilise un format non pris en charge.

When the exception was thrown, this was the stack:
#0      LocalMapWorkspaceAdapter.loadMap (package:avelune_studio/features/map_workspace/data/local_map_workspace_adapter.dart:162:7)
<asynchronous suspension>
#1      seedUi10Visuals (file:///Users/karim/Project/pokemonProject/apps/avelune_studio/test/support/ui10_fixture_visuals.dart:124:18)
<asynchronous suspension>
#2      createUi10Fixture (file:///Users/karim/Project/pokemonProject/apps/avelune_studio/test/support/ui10_cinematic_fixture.dart:18:5)
<asynchronous suspension>
#3      createUi10ParityFixture (file:///Users/karim/Project/pokemonProject/apps/avelune_studio/test/support/ui10_parity_fixture.dart:38:19)
<asynchronous suspension>
#4      main.<anonymous closure>.<anonymous closure> (file:///Users/karim/Project/pokemonProject/apps/avelune_studio/test/cinematics_ui10_parity_viewport_test.dart:22:25)
<asynchronous suspension>
<asynchronous suspension>
#6      main.<anonymous closure> (file:///Users/karim/Project/pokemonProject/apps/avelune_studio/test/cinematics_ui10_parity_viewport_test.dart:21:24)
<asynchronous suspension>
#7      testWidgets.<anonymous closure>.<anonymous closure> (package:flutter_test/src/widget_tester.dart:192:15)
<asynchronous suspension>
#8      TestWidgetsFlutterBinding._runTestBody (package:flutter_test/src/binding.dart:1978:5)
<asynchronous suspension>
<asynchronous suspension>
(elided 2 frames from dart:async and package:stack_trace)

The exception was caught asynchronously.
════════════════════════════════════════════════════════════════════════════════════════════════════
══╡ EXCEPTION CAUGHT BY FLUTTER TEST FRAMEWORK ╞════════════════════════════════════════════════════
The following _TypeError was thrown running a test:
Null check operator used on a null value

When the exception was thrown, this was the stack:
#0      main.<anonymous closure> (file:///Users/karim/Project/pokemonProject/apps/avelune_studio/test/cinematics_ui10_parity_viewport_test.dart:43:10)
<asynchronous suspension>
#1      testWidgets.<anonymous closure>.<anonymous closure> (package:flutter_test/src/widget_tester.dart:192:15)
<asynchronous suspension>
#2      TestWidgetsFlutterBinding._runTestBody (package:flutter_test/src/binding.dart:1978:5)
<asynchronous suspension>
<asynchronous suspension>
(elided one frame from package:stack_trace)

The test description was:
  preview camera zoom shake fade uses playback transform and Stop restores author view
════════════════════════════════════════════════════════════════════════════════════════════════════
══╡ EXCEPTION CAUGHT BY FLUTTER TEST FRAMEWORK ╞════════════════════════════════════════════════════
The following message was thrown:
Multiple exceptions (2) were detected during the running of the current test, and at least one was
unexpected.
════════════════════════════════════════════════════════════════════════════════════════════════════
09:39 +478 -12: /Users/karim/Project/pokemonProject/apps/avelune_studio/test/project_creation/creation_session_safety_host_test.dart: late canonical creation cannot open in a replaced session owner
09:39 +478 -12: /Users/karim/Project/pokemonProject/apps/avelune_studio/test/cinematics_ui10_parity_viewport_test.dart: preview camera zoom shake fade uses playback transform and Stop restores author view [E]
  Test failed. See exception logs above.
  The test description was: preview camera zoom shake fade uses playback transform and Stop restores author view

09:42 +478 -12: /Users/karim/Project/pokemonProject/apps/avelune_studio/test/cinematics_ui10_nested_navigation_test.dart: UI10 nested events → scene → cinematic → dialogue returns to dirty owners
══╡ EXCEPTION CAUGHT BY FLUTTER TEST FRAMEWORK ╞════════════════════════════════════════════════════
The following MapWorkspaceFailure was thrown while running async test code:
Cette carte est absente, invalide ou utilise un format non pris en charge.

When the exception was thrown, this was the stack:
#0      LocalMapWorkspaceAdapter.loadMap (package:avelune_studio/features/map_workspace/data/local_map_workspace_adapter.dart:162:7)
<asynchronous suspension>
#1      seedUi10Visuals (file:///Users/karim/Project/pokemonProject/apps/avelune_studio/test/support/ui10_fixture_visuals.dart:124:18)
<asynchronous suspension>
#2      createUi10Fixture (file:///Users/karim/Project/pokemonProject/apps/avelune_studio/test/support/ui10_cinematic_fixture.dart:18:5)
<asynchronous suspension>
#3      Ui10WorkspaceHarness.create (file:///Users/karim/Project/pokemonProject/apps/avelune_studio/test/support/ui10_workspace_harness.dart:20:21)
<asynchronous suspension>
<asynchronous suspension>
#5      main.<anonymous closure> (file:///Users/karim/Project/pokemonProject/apps/avelune_studio/test/cinematics_ui10_nested_navigation_test.dart:28:26)
<asynchronous suspension>
#6      testWidgets.<anonymous closure>.<anonymous closure> (package:flutter_test/src/widget_tester.dart:192:15)
<asynchronous suspension>
#7      TestWidgetsFlutterBinding._runTestBody (package:flutter_test/src/binding.dart:1978:5)
<asynchronous suspension>
<asynchronous suspension>
(elided 2 frames from dart:async and package:stack_trace)

The exception was caught asynchronously.
════════════════════════════════════════════════════════════════════════════════════════════════════
══╡ EXCEPTION CAUGHT BY FLUTTER TEST FRAMEWORK ╞════════════════════════════════════════════════════
The following _TypeError was thrown running a test:
Null check operator used on a null value

When the exception was thrown, this was the stack:
#0      main.<anonymous closure> (file:///Users/karim/Project/pokemonProject/apps/avelune_studio/test/cinematics_ui10_nested_navigation_test.dart:30:11)
<asynchronous suspension>
#1      testWidgets.<anonymous closure>.<anonymous closure> (package:flutter_test/src/widget_tester.dart:192:15)
<asynchronous suspension>
#2      TestWidgetsFlutterBinding._runTestBody (package:flutter_test/src/binding.dart:1978:5)
<asynchronous suspension>
<asynchronous suspension>
(elided one frame from package:stack_trace)

The test description was:
  UI10 nested events → scene → cinematic → dialogue returns to dirty owners
════════════════════════════════════════════════════════════════════════════════════════════════════
══╡ EXCEPTION CAUGHT BY FLUTTER TEST FRAMEWORK ╞════════════════════════════════════════════════════
The following message was thrown:
Multiple exceptions (2) were detected during the running of the current test, and at least one was
unexpected.
════════════════════════════════════════════════════════════════════════════════════════════════════
09:42 +478 -13: /Users/karim/Project/pokemonProject/apps/avelune_studio/test/project_creation/creation_session_safety_host_test.dart: late canonical creation cannot open in a replaced session owner
09:42 +478 -13: /Users/karim/Project/pokemonProject/apps/avelune_studio/test/cinematics_ui10_nested_navigation_test.dart: UI10 nested events → scene → cinematic → dialogue returns to dirty owners [E]
  Test failed. See exception logs above.
  The test description was: UI10 nested events → scene → cinematic → dialogue returns to dirty owners

09:43 +478 -13: /Users/karim/Project/pokemonProject/apps/avelune_studio/test/cinematics_ui10_nested_navigation_test.dart: UI10 nested stories → scene → cinematic → dialogue returns to dirty owners
══╡ EXCEPTION CAUGHT BY FLUTTER TEST FRAMEWORK ╞════════════════════════════════════════════════════
The following MapWorkspaceFailure was thrown while running async test code:
Cette carte est absente, invalide ou utilise un format non pris en charge.

When the exception was thrown, this was the stack:
#0      LocalMapWorkspaceAdapter.loadMap (package:avelune_studio/features/map_workspace/data/local_map_workspace_adapter.dart:162:7)
<asynchronous suspension>
#1      seedUi10Visuals (file:///Users/karim/Project/pokemonProject/apps/avelune_studio/test/support/ui10_fixture_visuals.dart:124:18)
<asynchronous suspension>
#2      createUi10Fixture (file:///Users/karim/Project/pokemonProject/apps/avelune_studio/test/support/ui10_cinematic_fixture.dart:18:5)
<asynchronous suspension>
#3      Ui10WorkspaceHarness.create (file:///Users/karim/Project/pokemonProject/apps/avelune_studio/test/support/ui10_workspace_harness.dart:20:21)
<asynchronous suspension>
<asynchronous suspension>
#5      main.<anonymous closure> (file:///Users/karim/Project/pokemonProject/apps/avelune_studio/test/cinematics_ui10_nested_navigation_test.dart:28:26)
<asynchronous suspension>
#6      testWidgets.<anonymous closure>.<anonymous closure> (package:flutter_test/src/widget_tester.dart:192:15)
<asynchronous suspension>
#7      TestWidgetsFlutterBinding._runTestBody (package:flutter_test/src/binding.dart:1978:5)
<asynchronous suspension>
<asynchronous suspension>
(elided 2 frames from dart:async and package:stack_trace)

The exception was caught asynchronously.
════════════════════════════════════════════════════════════════════════════════════════════════════
══╡ EXCEPTION CAUGHT BY FLUTTER TEST FRAMEWORK ╞════════════════════════════════════════════════════
The following _TypeError was thrown running a test:
Null check operator used on a null value

When the exception was thrown, this was the stack:
#0      main.<anonymous closure> (file:///Users/karim/Project/pokemonProject/apps/avelune_studio/test/cinematics_ui10_nested_navigation_test.dart:30:11)
<asynchronous suspension>
#1      testWidgets.<anonymous closure>.<anonymous closure> (package:flutter_test/src/widget_tester.dart:192:15)
<asynchronous suspension>
#2      TestWidgetsFlutterBinding._runTestBody (package:flutter_test/src/binding.dart:1978:5)
<asynchronous suspension>
<asynchronous suspension>
(elided one frame from package:stack_trace)

The test description was:
  UI10 nested stories → scene → cinematic → dialogue returns to dirty owners
════════════════════════════════════════════════════════════════════════════════════════════════════
══╡ EXCEPTION CAUGHT BY FLUTTER TEST FRAMEWORK ╞════════════════════════════════════════════════════
The following message was thrown:
Multiple exceptions (2) were detected during the running of the current test, and at least one was
unexpected.
════════════════════════════════════════════════════════════════════════════════════════════════════
09:43 +478 -14: /Users/karim/Project/pokemonProject/apps/avelune_studio/test/project_creation/creation_session_safety_host_test.dart: late canonical creation cannot open in a replaced session owner
09:43 +478 -14: /Users/karim/Project/pokemonProject/apps/avelune_studio/test/cinematics_ui10_nested_navigation_test.dart: UI10 nested stories → scene → cinematic → dialogue returns to dirty owners [E]
  Test failed. See exception logs above.
  The test description was: UI10 nested stories → scene → cinematic → dialogue returns to dirty owners

09:44 +479 -14: /Users/karim/Project/pokemonProject/apps/avelune_studio/test/project_creation/creation_session_safety_host_test.dart: late canonical creation cannot open in a replaced session owner
09:44 +480 -14: /Users/karim/Project/pokemonProject/apps/avelune_studio/test/project_creation/creation_session_safety_host_test.dart: late canonical creation cannot open in a replaced session owner
09:45 +481 -14: /Users/karim/Project/pokemonProject/apps/avelune_studio/test/project_creation/creation_session_safety_host_test.dart: late canonical creation cannot open in a replaced session owner
09:45 +482 -14: /Users/karim/Project/pokemonProject/apps/avelune_studio/test/project_creation/creation_session_safety_host_test.dart: late canonical creation cannot open in a replaced session owner
09:45 +483 -14: /Users/karim/Project/pokemonProject/apps/avelune_studio/test/project_creation/creation_session_safety_host_test.dart: late canonical creation cannot open in a replaced session owner
09:47 +484 -14: /Users/karim/Project/pokemonProject/apps/avelune_studio/test/project_creation/creation_session_safety_host_test.dart: late canonical creation cannot open in a replaced session owner
09:48 +485 -14: /Users/karim/Project/pokemonProject/apps/avelune_studio/test/project_creation/creation_session_safety_host_test.dart: late canonical creation cannot open in a replaced session owner
09:49 +486 -14: /Users/karim/Project/pokemonProject/apps/avelune_studio/test/project_creation/creation_session_safety_host_test.dart: late canonical creation cannot open in a replaced session owner
09:49 +487 -14: /Users/karim/Project/pokemonProject/apps/avelune_studio/test/project_creation/creation_session_safety_host_test.dart: late canonical creation cannot open in a replaced session owner
09:52 +488 -14: /Users/karim/Project/pokemonProject/apps/avelune_studio/test/project_creation/creation_session_safety_host_test.dart: late canonical creation cannot open in a replaced session owner
09:53 +489 -14: /Users/karim/Project/pokemonProject/apps/avelune_studio/test/project_creation/creation_session_safety_host_test.dart: late canonical creation cannot open in a replaced session owner
09:55 +490 -14: /Users/karim/Project/pokemonProject/apps/avelune_studio/test/project_creation/creation_session_safety_host_test.dart: late canonical creation cannot open in a replaced session owner
09:56 +491 -14: /Users/karim/Project/pokemonProject/apps/avelune_studio/test/project_creation/creation_session_safety_host_test.dart: late canonical creation cannot open in a replaced session owner
09:57 +492 -14: /Users/karim/Project/pokemonProject/apps/avelune_studio/test/project_creation/creation_session_safety_host_test.dart: late canonical creation cannot open in a replaced session owner
09:59 +493 -14: /Users/karim/Project/pokemonProject/apps/avelune_studio/test/project_creation/creation_session_safety_host_test.dart: late canonical creation cannot open in a replaced session owner
10:00 +494 -14: /Users/karim/Project/pokemonProject/apps/avelune_studio/test/project_creation/creation_session_safety_host_test.dart: late canonical creation cannot open in a replaced session owner
10:01 +495 -14: /Users/karim/Project/pokemonProject/apps/avelune_studio/test/project_creation/creation_session_safety_host_test.dart: late canonical creation cannot open in a replaced session owner
10:01 +496 -14: /Users/karim/Project/pokemonProject/apps/avelune_studio/test/project_creation/creation_session_safety_host_test.dart: late canonical creation cannot open in a replaced session owner
10:10 +497 -14: /Users/karim/Project/pokemonProject/apps/avelune_studio/test/project_creation/creation_session_safety_host_test.dart: late canonical creation cannot open in a replaced session owner
10:11 +498 -14: /Users/karim/Project/pokemonProject/apps/avelune_studio/test/project_creation/creation_session_safety_host_test.dart: late canonical creation cannot open in a replaced session owner
10:11 +499 -14: /Users/karim/Project/pokemonProject/apps/avelune_studio/test/project_creation/creation_session_safety_host_test.dart: late canonical creation cannot open in a replaced session owner
10:12 +500 -14: /Users/karim/Project/pokemonProject/apps/avelune_studio/test/project_creation/creation_session_safety_host_test.dart: late canonical creation cannot open in a replaced session owner
10:12 +501 -14: /Users/karim/Project/pokemonProject/apps/avelune_studio/test/project_creation/creation_session_safety_host_test.dart: late canonical creation cannot open in a replaced session owner
10:12 +502 -14: /Users/karim/Project/pokemonProject/apps/avelune_studio/test/project_creation/creation_session_safety_host_test.dart: late canonical creation cannot open in a replaced session owner
10:13 +503 -14: /Users/karim/Project/pokemonProject/apps/avelune_studio/test/project_creation/creation_session_safety_host_test.dart: late canonical creation cannot open in a replaced session owner
10:13 +504 -14: /Users/karim/Project/pokemonProject/apps/avelune_studio/test/project_creation/creation_session_safety_host_test.dart: late canonical creation cannot open in a replaced session owner
10:13 +505 -14: /Users/karim/Project/pokemonProject/apps/avelune_studio/test/project_creation/creation_session_safety_host_test.dart: late canonical creation cannot open in a replaced session owner
10:13 +506 -14: /Users/karim/Project/pokemonProject/apps/avelune_studio/test/project_creation/creation_session_safety_host_test.dart: late canonical creation cannot open in a replaced session owner
10:21 +507 -14: /Users/karim/Project/pokemonProject/apps/avelune_studio/test/project_creation/creation_session_safety_host_test.dart: late canonical creation cannot open in a replaced session owner
10:25 +507 -14: /Users/karim/Project/pokemonProject/apps/avelune_studio/test/cinematics_ui10_renderer_test.dart: UI10 real map paints inside a new RepaintBoundary with unbounded recording clip
══╡ EXCEPTION CAUGHT BY FLUTTER TEST FRAMEWORK ╞════════════════════════════════════════════════════
The following MapWorkspaceFailure was thrown while running async test code:
Cette carte est absente, invalide ou utilise un format non pris en charge.

When the exception was thrown, this was the stack:
#0      LocalMapWorkspaceAdapter.loadMap (package:avelune_studio/features/map_workspace/data/local_map_workspace_adapter.dart:162:7)
<asynchronous suspension>
#1      seedUi10Visuals (file:///Users/karim/Project/pokemonProject/apps/avelune_studio/test/support/ui10_fixture_visuals.dart:124:18)
<asynchronous suspension>
#2      createUi10Fixture (file:///Users/karim/Project/pokemonProject/apps/avelune_studio/test/support/ui10_cinematic_fixture.dart:18:5)
<asynchronous suspension>
<asynchronous suspension>
#4      main.<anonymous closure> (file:///Users/karim/Project/pokemonProject/apps/avelune_studio/test/cinematics_ui10_renderer_test.dart:18:24)
<asynchronous suspension>
#5      testWidgets.<anonymous closure>.<anonymous closure> (package:flutter_test/src/widget_tester.dart:192:15)
<asynchronous suspension>
#6      TestWidgetsFlutterBinding._runTestBody (package:flutter_test/src/binding.dart:1978:5)
<asynchronous suspension>
<asynchronous suspension>
(elided 2 frames from dart:async and package:stack_trace)

The exception was caught asynchronously.
════════════════════════════════════════════════════════════════════════════════════════════════════
══╡ EXCEPTION CAUGHT BY FLUTTER TEST FRAMEWORK ╞════════════════════════════════════════════════════
The following _TypeError was thrown running a test:
Null check operator used on a null value

When the exception was thrown, this was the stack:
#0      main.<anonymous closure> (file:///Users/karim/Project/pokemonProject/apps/avelune_studio/test/cinematics_ui10_renderer_test.dart:18:73)
<asynchronous suspension>
#1      testWidgets.<anonymous closure>.<anonymous closure> (package:flutter_test/src/widget_tester.dart:192:15)
<asynchronous suspension>
#2      TestWidgetsFlutterBinding._runTestBody (package:flutter_test/src/binding.dart:1978:5)
<asynchronous suspension>
<asynchronous suspension>
(elided one frame from package:stack_trace)

The test description was:
  UI10 real map paints inside a new RepaintBoundary with unbounded recording clip
════════════════════════════════════════════════════════════════════════════════════════════════════
══╡ EXCEPTION CAUGHT BY FLUTTER TEST FRAMEWORK ╞════════════════════════════════════════════════════
The following message was thrown:
Multiple exceptions (2) were detected during the running of the current test, and at least one was
unexpected.
════════════════════════════════════════════════════════════════════════════════════════════════════
10:25 +507 -15: /Users/karim/Project/pokemonProject/apps/avelune_studio/test/project_creation/creation_session_safety_host_test.dart: late canonical creation cannot open in a replaced session owner
10:25 +507 -15: /Users/karim/Project/pokemonProject/apps/avelune_studio/test/cinematics_ui10_renderer_test.dart: UI10 real map paints inside a new RepaintBoundary with unbounded recording clip [E]
  Test failed. See exception logs above.
  The test description was: UI10 real map paints inside a new RepaintBoundary with unbounded recording clip

10:27 +507 -16: /Users/karim/Project/pokemonProject/apps/avelune_studio/test/project_creation/creation_session_safety_host_test.dart: late canonical creation cannot open in a replaced session owner
10:27 +507 -16: /Users/karim/Project/pokemonProject/apps/avelune_studio/test/cinematics_ui10_renderer_test.dart: UI10 canonical actor renderer selects walk frames at absolute time and rewinds exactly [E]
  Cette carte est absente, invalide ou utilise un format non pris en charge.
  package:avelune_studio/features/map_workspace/data/local_map_workspace_adapter.dart 162:7  LocalMapWorkspaceAdapter.loadMap

10:28 +508 -16: /Users/karim/Project/pokemonProject/apps/avelune_studio/test/project_creation/creation_session_safety_host_test.dart: late canonical creation cannot open in a replaced session owner
10:29 +509 -16: /Users/karim/Project/pokemonProject/apps/avelune_studio/test/project_creation/creation_session_safety_host_test.dart: late canonical creation cannot open in a replaced session owner
10:30 +510 -16: /Users/karim/Project/pokemonProject/apps/avelune_studio/test/project_creation/creation_session_safety_host_test.dart: late canonical creation cannot open in a replaced session owner
10:30 +511 -16: /Users/karim/Project/pokemonProject/apps/avelune_studio/test/project_creation/creation_session_safety_host_test.dart: late canonical creation cannot open in a replaced session owner
10:30 +512 -16: /Users/karim/Project/pokemonProject/apps/avelune_studio/test/project_creation/creation_session_safety_host_test.dart: late canonical creation cannot open in a replaced session owner
10:30 +513 -16: /Users/karim/Project/pokemonProject/apps/avelune_studio/test/project_creation/creation_session_safety_host_test.dart: late canonical creation cannot open in a replaced session owner
10:31 +514 -16: /Users/karim/Project/pokemonProject/apps/avelune_studio/test/project_creation/creation_session_safety_host_test.dart: late canonical creation cannot open in a replaced session owner
10:31 +515 -16: /Users/karim/Project/pokemonProject/apps/avelune_studio/test/project_creation/creation_session_safety_host_test.dart: late canonical creation cannot open in a replaced session owner
10:31 +516 -16: /Users/karim/Project/pokemonProject/apps/avelune_studio/test/project_creation/creation_session_safety_host_test.dart: late canonical creation cannot open in a replaced session owner
10:32 +517 -16: /Users/karim/Project/pokemonProject/apps/avelune_studio/test/project_creation/creation_session_safety_host_test.dart: late canonical creation cannot open in a replaced session owner
10:32 +518 -16: /Users/karim/Project/pokemonProject/apps/avelune_studio/test/project_creation/creation_session_safety_host_test.dart: late canonical creation cannot open in a replaced session owner
10:32 +519 -16: /Users/karim/Project/pokemonProject/apps/avelune_studio/test/project_creation/creation_session_safety_host_test.dart: late canonical creation cannot open in a replaced session owner
10:32 +520 -16: /Users/karim/Project/pokemonProject/apps/avelune_studio/test/project_creation/creation_session_safety_host_test.dart: late canonical creation cannot open in a replaced session owner
10:32 +521 -16: /Users/karim/Project/pokemonProject/apps/avelune_studio/test/project_creation/creation_session_safety_host_test.dart: late canonical creation cannot open in a replaced session owner
10:32 +522 -16: /Users/karim/Project/pokemonProject/apps/avelune_studio/test/project_creation/creation_session_safety_host_test.dart: late canonical creation cannot open in a replaced session owner
10:32 +523 -16: /Users/karim/Project/pokemonProject/apps/avelune_studio/test/project_creation/creation_session_safety_host_test.dart: late canonical creation cannot open in a replaced session owner
10:33 +524 -16: /Users/karim/Project/pokemonProject/apps/avelune_studio/test/project_creation/creation_session_safety_host_test.dart: late canonical creation cannot open in a replaced session owner
10:33 +525 -16: /Users/karim/Project/pokemonProject/apps/avelune_studio/test/project_creation/creation_session_safety_host_test.dart: late canonical creation cannot open in a replaced session owner
10:33 +526 -16: /Users/karim/Project/pokemonProject/apps/avelune_studio/test/project_creation/creation_session_safety_host_test.dart: late canonical creation cannot open in a replaced session owner
10:33 +527 -16: /Users/karim/Project/pokemonProject/apps/avelune_studio/test/project_creation/creation_session_safety_host_test.dart: late canonical creation cannot open in a replaced session owner
10:33 +528 -16: /Users/karim/Project/pokemonProject/apps/avelune_studio/test/project_creation/creation_session_safety_host_test.dart: late canonical creation cannot open in a replaced session owner
10:33 +529 -16: /Users/karim/Project/pokemonProject/apps/avelune_studio/test/project_creation/creation_session_safety_host_test.dart: late canonical creation cannot open in a replaced session owner
10:33 +530 -16: /Users/karim/Project/pokemonProject/apps/avelune_studio/test/project_creation/creation_session_safety_host_test.dart: late canonical creation cannot open in a replaced session owner
10:33 +531 -16: /Users/karim/Project/pokemonProject/apps/avelune_studio/test/project_creation/creation_session_safety_host_test.dart: late canonical creation cannot open in a replaced session owner
10:33 +532 -16: /Users/karim/Project/pokemonProject/apps/avelune_studio/test/project_creation/creation_session_safety_host_test.dart: late canonical creation cannot open in a replaced session owner
10:33 +533 -16: /Users/karim/Project/pokemonProject/apps/avelune_studio/test/project_creation/creation_session_safety_host_test.dart: late canonical creation cannot open in a replaced session owner
10:33 +534 -16: /Users/karim/Project/pokemonProject/apps/avelune_studio/test/project_creation/creation_session_safety_host_test.dart: late canonical creation cannot open in a replaced session owner
10:33 +535 -16: /Users/karim/Project/pokemonProject/apps/avelune_studio/test/project_creation/creation_session_safety_host_test.dart: late canonical creation cannot open in a replaced session owner
10:33 +536 -16: /Users/karim/Project/pokemonProject/apps/avelune_studio/test/project_creation/creation_session_safety_host_test.dart: late canonical creation cannot open in a replaced session owner
10:33 +537 -16: /Users/karim/Project/pokemonProject/apps/avelune_studio/test/project_creation/creation_session_safety_host_test.dart: late canonical creation cannot open in a replaced session owner
10:34 +538 -16: /Users/karim/Project/pokemonProject/apps/avelune_studio/test/project_creation/creation_session_safety_host_test.dart: late canonical creation cannot open in a replaced session owner
10:34 +539 -16: /Users/karim/Project/pokemonProject/apps/avelune_studio/test/project_creation/creation_session_safety_host_test.dart: late canonical creation cannot open in a replaced session owner
10:34 +540 -16: /Users/karim/Project/pokemonProject/apps/avelune_studio/test/project_creation/creation_session_safety_host_test.dart: late canonical creation cannot open in a replaced session owner
10:34 +541 -16: /Users/karim/Project/pokemonProject/apps/avelune_studio/test/project_creation/creation_session_safety_host_test.dart: late canonical creation cannot open in a replaced session owner
10:34 +542 -16: /Users/karim/Project/pokemonProject/apps/avelune_studio/test/project_creation/creation_session_safety_host_test.dart: late canonical creation cannot open in a replaced session owner
10:34 +543 -16: /Users/karim/Project/pokemonProject/apps/avelune_studio/test/project_creation/creation_session_safety_host_test.dart: late canonical creation cannot open in a replaced session owner
10:34 +544 -16: /Users/karim/Project/pokemonProject/apps/avelune_studio/test/project_creation/creation_session_safety_host_test.dart: late canonical creation cannot open in a replaced session owner
10:34 +545 -16: /Users/karim/Project/pokemonProject/apps/avelune_studio/test/project_creation/creation_session_safety_host_test.dart: late canonical creation cannot open in a replaced session owner
10:34 +546 -16: /Users/karim/Project/pokemonProject/apps/avelune_studio/test/project_creation/creation_session_safety_host_test.dart: late canonical creation cannot open in a replaced session owner
10:34 +547 -16: /Users/karim/Project/pokemonProject/apps/avelune_studio/test/project_creation/creation_session_safety_host_test.dart: late canonical creation cannot open in a replaced session owner
10:34 +548 -16: /Users/karim/Project/pokemonProject/apps/avelune_studio/test/project_creation/creation_session_safety_host_test.dart: late canonical creation cannot open in a replaced session owner
10:34 +549 -16: /Users/karim/Project/pokemonProject/apps/avelune_studio/test/project_creation/creation_session_safety_host_test.dart: late canonical creation cannot open in a replaced session owner
10:34 +550 -16: /Users/karim/Project/pokemonProject/apps/avelune_studio/test/project_creation/creation_session_safety_host_test.dart: late canonical creation cannot open in a replaced session owner
10:34 +551 -16: /Users/karim/Project/pokemonProject/apps/avelune_studio/test/project_creation/creation_session_safety_host_test.dart: late canonical creation cannot open in a replaced session owner
10:34 +552 -16: /Users/karim/Project/pokemonProject/apps/avelune_studio/test/project_creation/creation_session_safety_host_test.dart: late canonical creation cannot open in a replaced session owner
10:34 +553 -16: /Users/karim/Project/pokemonProject/apps/avelune_studio/test/project_creation/creation_session_safety_host_test.dart: late canonical creation cannot open in a replaced session owner
10:34 +554 -16: /Users/karim/Project/pokemonProject/apps/avelune_studio/test/project_creation/creation_session_safety_host_test.dart: late canonical creation cannot open in a replaced session owner
10:34 +555 -16: /Users/karim/Project/pokemonProject/apps/avelune_studio/test/project_creation/creation_session_safety_host_test.dart: late canonical creation cannot open in a replaced session owner
10:35 +556 -16: /Users/karim/Project/pokemonProject/apps/avelune_studio/test/project_creation/creation_session_safety_host_test.dart: late canonical creation cannot open in a replaced session owner
10:35 +557 -16: /Users/karim/Project/pokemonProject/apps/avelune_studio/test/project_creation/creation_session_safety_host_test.dart: late canonical creation cannot open in a replaced session owner
10:35 +558 -16: /Users/karim/Project/pokemonProject/apps/avelune_studio/test/project_creation/creation_session_safety_host_test.dart: late canonical creation cannot open in a replaced session owner
10:35 +559 -16: /Users/karim/Project/pokemonProject/apps/avelune_studio/test/project_creation/creation_session_safety_host_test.dart: late canonical creation cannot open in a replaced session owner
10:35 +560 -16: /Users/karim/Project/pokemonProject/apps/avelune_studio/test/project_creation/creation_session_safety_host_test.dart: late canonical creation cannot open in a replaced session owner
10:35 +561 -16: /Users/karim/Project/pokemonProject/apps/avelune_studio/test/project_creation/creation_session_safety_host_test.dart: late canonical creation cannot open in a replaced session owner
10:35 +562 -16: /Users/karim/Project/pokemonProject/apps/avelune_studio/test/project_creation/creation_session_safety_host_test.dart: late canonical creation cannot open in a replaced session owner
10:35 +563 -16: /Users/karim/Project/pokemonProject/apps/avelune_studio/test/project_creation/creation_session_safety_host_test.dart: late canonical creation cannot open in a replaced session owner
10:35 +564 -16: /Users/karim/Project/pokemonProject/apps/avelune_studio/test/project_creation/creation_session_safety_host_test.dart: late canonical creation cannot open in a replaced session owner
10:35 +565 -16: /Users/karim/Project/pokemonProject/apps/avelune_studio/test/project_creation/creation_session_safety_host_test.dart: late canonical creation cannot open in a replaced session owner
10:35 +566 -16: /Users/karim/Project/pokemonProject/apps/avelune_studio/test/project_creation/creation_session_safety_host_test.dart: late canonical creation cannot open in a replaced session owner
10:35 +567 -16: /Users/karim/Project/pokemonProject/apps/avelune_studio/test/project_creation/creation_session_safety_host_test.dart: late canonical creation cannot open in a replaced session owner
10:38 +567 -16: /Users/karim/Project/pokemonProject/apps/avelune_studio/test/terrain_runtime_test.dart: new imported and published terrain renders its pixels in real runtime and walks
[runtime_loader] bundle load start projectFilePath=/private/var/folders/b5/7gsfwzyd449_54n8l40h40gc0000gn/T/studio_terrain_runtime_Kn9Vyg/project.json mapId=jardin
[runtime_loader] project manifest lookup path=/private/var/folders/b5/7gsfwzyd449_54n8l40h40gc0000gn/T/studio_terrain_runtime_Kn9Vyg/project.json
[runtime_loader] project manifest read ok bytes=43142
[runtime_loader] project manifest validated maps=2 tilesets=2 scenarios=0
[runtime_loader] bundle map resolved mapId=jardin relativePath=maps/jardin.json mapPath=/private/var/folders/b5/7gsfwzyd449_54n8l40h40gc0000gn/T/studio_terrain_runtime_Kn9Vyg/maps/jardin.json
[runtime_loader] map file lookup path=/private/var/folders/b5/7gsfwzyd449_54n8l40h40gc0000gn/T/studio_terrain_runtime_Kn9Vyg/maps/jardin.json
[runtime_loader] map file read ok bytes=22871
[runtime_loader] map validated id=jardin size=24x16 layers=4 entities=1 placedElements=3 warps=0 triggers=0
[runtime_loader] bundle tilesets collected ids=atelier,source_1790778914972778_1876948968
[runtime_loader] bundle tileset path id=atelier path=/private/var/folders/b5/7gsfwzyd449_54n8l40h40gc0000gn/T/studio_terrain_runtime_Kn9Vyg/assets/atelier.png
[runtime_loader] bundle tileset path id=source_1790778914972778_1876948968 path=/private/var/folders/b5/7gsfwzyd449_54n8l40h40gc0000gn/T/studio_terrain_runtime_Kn9Vyg/assets/.pokemap-store/9417e071d7b249ab91d1e45db390e4a3b5b332ee420f1ae0f5acd110df673697.blob
[runtime_loader] bundle load ok mapId=jardin projectRoot=/private/var/folders/b5/7gsfwzyd449_54n8l40h40gc0000gn/T/studio_terrain_runtime_Kn9Vyg tilesets=2
[runtime_game] tileset image load start map=jardin
[runtime_game] tileset cache resolve requested=2
[runtime_game] tileset cache resolve ok result=2
[runtime_game] onLoad start map=jardin projectFilePath=/private/var/folders/b5/7gsfwzyd449_54n8l40h40gc0000gn/T/studio_terrain_runtime_Kn9Vyg/project.json tilesets=2
[runtime_game] world build start map=jardin
[runtime] Map loaded: jardin, spawn at (8, 9)
[runtime_game] tileset image load ok count=2 map=jardin
[runtime_game] mount root map start map=jardin
[runtime_game] mount root map ok map=jardin
[runtime_game] onLoad completed activeMapId=jardin
[event_v2] mapEnter activation=mapact_1790778916867633_1 map=jardin reason=initialBoot result=MapEnterProductionDispatchLegacyFallback
10:38 +568 -16: /Users/karim/Project/pokemonProject/apps/avelune_studio/test/project_creation/creation_session_safety_host_test.dart: late canonical creation cannot open in a replaced session owner
10:41 +568 -16: /Users/karim/Project/pokemonProject/apps/avelune_studio/test/cinematics_ui10_runtime_test.dart: UI10 real Flame cinematic animates before Scene continuation and restores authoring bytes
══╡ EXCEPTION CAUGHT BY FLUTTER TEST FRAMEWORK ╞════════════════════════════════════════════════════
The following MapWorkspaceFailure was thrown while running async test code:
Cette carte est absente, invalide ou utilise un format non pris en charge.

When the exception was thrown, this was the stack:
#0      LocalMapWorkspaceAdapter.loadMap (package:avelune_studio/features/map_workspace/data/local_map_workspace_adapter.dart:162:7)
<asynchronous suspension>
#1      seedUi10Visuals (file:///Users/karim/Project/pokemonProject/apps/avelune_studio/test/support/ui10_fixture_visuals.dart:124:18)
<asynchronous suspension>
#2      createUi10Fixture (file:///Users/karim/Project/pokemonProject/apps/avelune_studio/test/support/ui10_cinematic_fixture.dart:18:5)
<asynchronous suspension>
<asynchronous suspension>
#4      main.<anonymous closure> (file:///Users/karim/Project/pokemonProject/apps/avelune_studio/test/cinematics_ui10_runtime_test.dart:21:24)
<asynchronous suspension>
#5      testWidgets.<anonymous closure>.<anonymous closure> (package:flutter_test/src/widget_tester.dart:192:15)
<asynchronous suspension>
#6      TestWidgetsFlutterBinding._runTestBody (package:flutter_test/src/binding.dart:1978:5)
<asynchronous suspension>
<asynchronous suspension>
(elided 2 frames from dart:async and package:stack_trace)

The exception was caught asynchronously.
════════════════════════════════════════════════════════════════════════════════════════════════════
══╡ EXCEPTION CAUGHT BY FLUTTER TEST FRAMEWORK ╞════════════════════════════════════════════════════
The following _TypeError was thrown running a test:
Null check operator used on a null value

When the exception was thrown, this was the stack:
#0      main.<anonymous closure> (file:///Users/karim/Project/pokemonProject/apps/avelune_studio/test/cinematics_ui10_runtime_test.dart:23:9)
<asynchronous suspension>
#1      testWidgets.<anonymous closure>.<anonymous closure> (package:flutter_test/src/widget_tester.dart:192:15)
<asynchronous suspension>
#2      TestWidgetsFlutterBinding._runTestBody (package:flutter_test/src/binding.dart:1978:5)
<asynchronous suspension>
<asynchronous suspension>
(elided one frame from package:stack_trace)

The test description was:
  UI10 real Flame cinematic animates before Scene continuation and restores authoring bytes
════════════════════════════════════════════════════════════════════════════════════════════════════
══╡ EXCEPTION CAUGHT BY FLUTTER TEST FRAMEWORK ╞════════════════════════════════════════════════════
The following message was thrown:
Multiple exceptions (2) were detected during the running of the current test, and at least one was
unexpected.
════════════════════════════════════════════════════════════════════════════════════════════════════
10:41 +568 -17: /Users/karim/Project/pokemonProject/apps/avelune_studio/test/project_creation/creation_session_safety_host_test.dart: late canonical creation cannot open in a replaced session owner
10:41 +568 -17: /Users/karim/Project/pokemonProject/apps/avelune_studio/test/cinematics_ui10_runtime_test.dart: UI10 real Flame cinematic animates before Scene continuation and restores authoring bytes [E]
  Test failed. See exception logs above.
  The test description was: UI10 real Flame cinematic animates before Scene continuation and restores authoring bytes

10:42 +568 -17: /Users/karim/Project/pokemonProject/apps/avelune_studio/test/cinematics_ui10_runtime_test.dart: UI10 leaving real runtime cancels cinematic without continuation or event consumption
══╡ EXCEPTION CAUGHT BY FLUTTER TEST FRAMEWORK ╞════════════════════════════════════════════════════
The following MapWorkspaceFailure was thrown while running async test code:
Cette carte est absente, invalide ou utilise un format non pris en charge.

When the exception was thrown, this was the stack:
#0      LocalMapWorkspaceAdapter.loadMap (package:avelune_studio/features/map_workspace/data/local_map_workspace_adapter.dart:162:7)
<asynchronous suspension>
#1      seedUi10Visuals (file:///Users/karim/Project/pokemonProject/apps/avelune_studio/test/support/ui10_fixture_visuals.dart:124:18)
<asynchronous suspension>
#2      createUi10Fixture (file:///Users/karim/Project/pokemonProject/apps/avelune_studio/test/support/ui10_cinematic_fixture.dart:18:5)
<asynchronous suspension>
<asynchronous suspension>
#4      main.<anonymous closure> (file:///Users/karim/Project/pokemonProject/apps/avelune_studio/test/cinematics_ui10_runtime_test.dart:120:24)
<asynchronous suspension>
#5      testWidgets.<anonymous closure>.<anonymous closure> (package:flutter_test/src/widget_tester.dart:192:15)
<asynchronous suspension>
#6      TestWidgetsFlutterBinding._runTestBody (package:flutter_test/src/binding.dart:1978:5)
<asynchronous suspension>
<asynchronous suspension>
(elided 2 frames from dart:async and package:stack_trace)

The exception was caught asynchronously.
════════════════════════════════════════════════════════════════════════════════════════════════════
══╡ EXCEPTION CAUGHT BY FLUTTER TEST FRAMEWORK ╞════════════════════════════════════════════════════
The following _TypeError was thrown running a test:
Null check operator used on a null value

When the exception was thrown, this was the stack:
#0      main.<anonymous closure> (file:///Users/karim/Project/pokemonProject/apps/avelune_studio/test/cinematics_ui10_runtime_test.dart:122:9)
<asynchronous suspension>
#1      testWidgets.<anonymous closure>.<anonymous closure> (package:flutter_test/src/widget_tester.dart:192:15)
<asynchronous suspension>
#2      TestWidgetsFlutterBinding._runTestBody (package:flutter_test/src/binding.dart:1978:5)
<asynchronous suspension>
<asynchronous suspension>
(elided one frame from package:stack_trace)

The test description was:
  UI10 leaving real runtime cancels cinematic without continuation or event consumption
════════════════════════════════════════════════════════════════════════════════════════════════════
══╡ EXCEPTION CAUGHT BY FLUTTER TEST FRAMEWORK ╞════════════════════════════════════════════════════
The following message was thrown:
Multiple exceptions (2) were detected during the running of the current test, and at least one was
unexpected.
════════════════════════════════════════════════════════════════════════════════════════════════════
10:42 +568 -18: /Users/karim/Project/pokemonProject/apps/avelune_studio/test/project_creation/creation_session_safety_host_test.dart: late canonical creation cannot open in a replaced session owner
10:42 +568 -18: /Users/karim/Project/pokemonProject/apps/avelune_studio/test/cinematics_ui10_runtime_test.dart: UI10 leaving real runtime cancels cinematic without continuation or event consumption [E]
  Test failed. See exception logs above.
  The test description was: UI10 leaving real runtime cancels cinematic without continuation or event consumption

10:45 +569 -18: /Users/karim/Project/pokemonProject/apps/avelune_studio/test/project_creation/creation_session_safety_host_test.dart: late canonical creation cannot open in a replaced session owner
10:46 +570 -18: /Users/karim/Project/pokemonProject/apps/avelune_studio/test/project_creation/creation_session_safety_host_test.dart: late canonical creation cannot open in a replaced session owner
10:46 +571 -18: /Users/karim/Project/pokemonProject/apps/avelune_studio/test/project_creation/creation_session_safety_host_test.dart: late canonical creation cannot open in a replaced session owner
10:48 +572 -18: /Users/karim/Project/pokemonProject/apps/avelune_studio/test/project_creation/creation_session_safety_host_test.dart: late canonical creation cannot open in a replaced session owner
10:49 +573 -18: /Users/karim/Project/pokemonProject/apps/avelune_studio/test/project_creation/creation_session_safety_host_test.dart: late canonical creation cannot open in a replaced session owner
10:54 +574 -18: /Users/karim/Project/pokemonProject/apps/avelune_studio/test/project_creation/creation_session_safety_host_test.dart: late canonical creation cannot open in a replaced session owner
10:56 +575 -18: /Users/karim/Project/pokemonProject/apps/avelune_studio/test/project_creation/creation_session_safety_host_test.dart: late canonical creation cannot open in a replaced session owner
10:58 +576 -18: /Users/karim/Project/pokemonProject/apps/avelune_studio/test/project_creation/creation_session_safety_host_test.dart: late canonical creation cannot open in a replaced session owner
11:01 +577 -18: /Users/karim/Project/pokemonProject/apps/avelune_studio/test/project_creation/creation_session_safety_host_test.dart: late canonical creation cannot open in a replaced session owner
11:03 +577 -18: /Users/karim/Project/pokemonProject/apps/avelune_studio/test/cinematics_ui10_preview_runtime_parity_test.dart: preview matches real Flame actors camera shake fade at 16x16 reset=false
══╡ EXCEPTION CAUGHT BY FLUTTER TEST FRAMEWORK ╞════════════════════════════════════════════════════
The following MapWorkspaceFailure was thrown while running async test code:
Cette carte est absente, invalide ou utilise un format non pris en charge.

When the exception was thrown, this was the stack:
#0      LocalMapWorkspaceAdapter.loadMap (package:avelune_studio/features/map_workspace/data/local_map_workspace_adapter.dart:162:7)
<asynchronous suspension>
#1      seedUi10Visuals (file:///Users/karim/Project/pokemonProject/apps/avelune_studio/test/support/ui10_fixture_visuals.dart:124:18)
<asynchronous suspension>
#2      createUi10Fixture (file:///Users/karim/Project/pokemonProject/apps/avelune_studio/test/support/ui10_cinematic_fixture.dart:18:5)
<asynchronous suspension>
#3      createUi10ParityFixture (file:///Users/karim/Project/pokemonProject/apps/avelune_studio/test/support/ui10_parity_fixture.dart:38:19)
<asynchronous suspension>
<asynchronous suspension>
#5      main.<anonymous closure> (file:///Users/karim/Project/pokemonProject/apps/avelune_studio/test/cinematics_ui10_preview_runtime_parity_test.dart:22:26)
<asynchronous suspension>
#6      testWidgets.<anonymous closure>.<anonymous closure> (package:flutter_test/src/widget_tester.dart:192:15)
<asynchronous suspension>
#7      TestWidgetsFlutterBinding._runTestBody (package:flutter_test/src/binding.dart:1978:5)
<asynchronous suspension>
<asynchronous suspension>
(elided 2 frames from dart:async and package:stack_trace)

The exception was caught asynchronously.
════════════════════════════════════════════════════════════════════════════════════════════════════
══╡ EXCEPTION CAUGHT BY FLUTTER TEST FRAMEWORK ╞════════════════════════════════════════════════════
The following _TypeError was thrown running a test:
Null check operator used on a null value

When the exception was thrown, this was the stack:
#0      main.<anonymous closure> (file:///Users/karim/Project/pokemonProject/apps/avelune_studio/test/cinematics_ui10_preview_runtime_parity_test.dart:28:11)
<asynchronous suspension>
#1      testWidgets.<anonymous closure>.<anonymous closure> (package:flutter_test/src/widget_tester.dart:192:15)
<asynchronous suspension>
#2      TestWidgetsFlutterBinding._runTestBody (package:flutter_test/src/binding.dart:1978:5)
<asynchronous suspension>
<asynchronous suspension>
(elided one frame from package:stack_trace)

The test description was:
  preview matches real Flame actors camera shake fade at 16x16 reset=false
════════════════════════════════════════════════════════════════════════════════════════════════════
══╡ EXCEPTION CAUGHT BY FLUTTER TEST FRAMEWORK ╞════════════════════════════════════════════════════
The following message was thrown:
Multiple exceptions (2) were detected during the running of the current test, and at least one was
unexpected.
════════════════════════════════════════════════════════════════════════════════════════════════════
11:03 +577 -19: /Users/karim/Project/pokemonProject/apps/avelune_studio/test/project_creation/creation_session_safety_host_test.dart: late canonical creation cannot open in a replaced session owner
11:03 +577 -19: /Users/karim/Project/pokemonProject/apps/avelune_studio/test/cinematics_ui10_preview_runtime_parity_test.dart: preview matches real Flame actors camera shake fade at 16x16 reset=false [E]
  Test failed. See exception logs above.
  The test description was: preview matches real Flame actors camera shake fade at 16x16 reset=false

11:05 +577 -19: /Users/karim/Project/pokemonProject/apps/avelune_studio/test/cinematics_ui10_preview_runtime_parity_test.dart: preview matches real Flame actors camera shake fade at 32x24 reset=false
══╡ EXCEPTION CAUGHT BY FLUTTER TEST FRAMEWORK ╞════════════════════════════════════════════════════
The following MapWorkspaceFailure was thrown while running async test code:
Cette carte est absente, invalide ou utilise un format non pris en charge.

When the exception was thrown, this was the stack:
#0      LocalMapWorkspaceAdapter.loadMap (package:avelune_studio/features/map_workspace/data/local_map_workspace_adapter.dart:162:7)
<asynchronous suspension>
#1      seedUi10Visuals (file:///Users/karim/Project/pokemonProject/apps/avelune_studio/test/support/ui10_fixture_visuals.dart:124:18)
<asynchronous suspension>
#2      createUi10Fixture (file:///Users/karim/Project/pokemonProject/apps/avelune_studio/test/support/ui10_cinematic_fixture.dart:18:5)
<asynchronous suspension>
#3      createUi10ParityFixture (file:///Users/karim/Project/pokemonProject/apps/avelune_studio/test/support/ui10_parity_fixture.dart:38:19)
<asynchronous suspension>
<asynchronous suspension>
#5      main.<anonymous closure> (file:///Users/karim/Project/pokemonProject/apps/avelune_studio/test/cinematics_ui10_preview_runtime_parity_test.dart:22:26)
<asynchronous suspension>
#6      testWidgets.<anonymous closure>.<anonymous closure> (package:flutter_test/src/widget_tester.dart:192:15)
<asynchronous suspension>
#7      TestWidgetsFlutterBinding._runTestBody (package:flutter_test/src/binding.dart:1978:5)
<asynchronous suspension>
<asynchronous suspension>
(elided 2 frames from dart:async and package:stack_trace)

The exception was caught asynchronously.
════════════════════════════════════════════════════════════════════════════════════════════════════
══╡ EXCEPTION CAUGHT BY FLUTTER TEST FRAMEWORK ╞════════════════════════════════════════════════════
The following _TypeError was thrown running a test:
Null check operator used on a null value

When the exception was thrown, this was the stack:
#0      main.<anonymous closure> (file:///Users/karim/Project/pokemonProject/apps/avelune_studio/test/cinematics_ui10_preview_runtime_parity_test.dart:28:11)
<asynchronous suspension>
#1      testWidgets.<anonymous closure>.<anonymous closure> (package:flutter_test/src/widget_tester.dart:192:15)
<asynchronous suspension>
#2      TestWidgetsFlutterBinding._runTestBody (package:flutter_test/src/binding.dart:1978:5)
<asynchronous suspension>
<asynchronous suspension>
(elided one frame from package:stack_trace)

The test description was:
  preview matches real Flame actors camera shake fade at 32x24 reset=false
════════════════════════════════════════════════════════════════════════════════════════════════════
══╡ EXCEPTION CAUGHT BY FLUTTER TEST FRAMEWORK ╞════════════════════════════════════════════════════
The following message was thrown:
Multiple exceptions (2) were detected during the running of the current test, and at least one was
unexpected.
════════════════════════════════════════════════════════════════════════════════════════════════════
11:05 +577 -20: /Users/karim/Project/pokemonProject/apps/avelune_studio/test/project_creation/creation_session_safety_host_test.dart: late canonical creation cannot open in a replaced session owner
11:05 +577 -20: /Users/karim/Project/pokemonProject/apps/avelune_studio/test/cinematics_ui10_preview_runtime_parity_test.dart: preview matches real Flame actors camera shake fade at 32x24 reset=false [E]
  Test failed. See exception logs above.
  The test description was: preview matches real Flame actors camera shake fade at 32x24 reset=false

11:06 +577 -20: /Users/karim/Project/pokemonProject/apps/avelune_studio/test/cinematics_ui10_preview_runtime_parity_test.dart: preview matches real Flame actors camera shake fade at 32x32 reset=true
══╡ EXCEPTION CAUGHT BY FLUTTER TEST FRAMEWORK ╞════════════════════════════════════════════════════
The following MapWorkspaceFailure was thrown while running async test code:
Cette carte est absente, invalide ou utilise un format non pris en charge.

When the exception was thrown, this was the stack:
#0      LocalMapWorkspaceAdapter.loadMap (package:avelune_studio/features/map_workspace/data/local_map_workspace_adapter.dart:162:7)
<asynchronous suspension>
#1      seedUi10Visuals (file:///Users/karim/Project/pokemonProject/apps/avelune_studio/test/support/ui10_fixture_visuals.dart:124:18)
<asynchronous suspension>
#2      createUi10Fixture (file:///Users/karim/Project/pokemonProject/apps/avelune_studio/test/support/ui10_cinematic_fixture.dart:18:5)
<asynchronous suspension>
#3      createUi10ParityFixture (file:///Users/karim/Project/pokemonProject/apps/avelune_studio/test/support/ui10_parity_fixture.dart:38:19)
<asynchronous suspension>
<asynchronous suspension>
#5      main.<anonymous closure> (file:///Users/karim/Project/pokemonProject/apps/avelune_studio/test/cinematics_ui10_preview_runtime_parity_test.dart:22:26)
<asynchronous suspension>
#6      testWidgets.<anonymous closure>.<anonymous closure> (package:flutter_test/src/widget_tester.dart:192:15)
<asynchronous suspension>
#7      TestWidgetsFlutterBinding._runTestBody (package:flutter_test/src/binding.dart:1978:5)
<asynchronous suspension>
<asynchronous suspension>
(elided 2 frames from dart:async and package:stack_trace)

The exception was caught asynchronously.
════════════════════════════════════════════════════════════════════════════════════════════════════
══╡ EXCEPTION CAUGHT BY FLUTTER TEST FRAMEWORK ╞════════════════════════════════════════════════════
The following _TypeError was thrown running a test:
Null check operator used on a null value

When the exception was thrown, this was the stack:
#0      main.<anonymous closure> (file:///Users/karim/Project/pokemonProject/apps/avelune_studio/test/cinematics_ui10_preview_runtime_parity_test.dart:28:11)
<asynchronous suspension>
#1      testWidgets.<anonymous closure>.<anonymous closure> (package:flutter_test/src/widget_tester.dart:192:15)
<asynchronous suspension>
#2      TestWidgetsFlutterBinding._runTestBody (package:flutter_test/src/binding.dart:1978:5)
<asynchronous suspension>
<asynchronous suspension>
(elided one frame from package:stack_trace)

The test description was:
  preview matches real Flame actors camera shake fade at 32x32 reset=true
════════════════════════════════════════════════════════════════════════════════════════════════════
══╡ EXCEPTION CAUGHT BY FLUTTER TEST FRAMEWORK ╞════════════════════════════════════════════════════
The following message was thrown:
Multiple exceptions (2) were detected during the running of the current test, and at least one was
unexpected.
════════════════════════════════════════════════════════════════════════════════════════════════════
11:06 +577 -21: /Users/karim/Project/pokemonProject/apps/avelune_studio/test/project_creation/creation_session_safety_host_test.dart: late canonical creation cannot open in a replaced session owner
11:06 +577 -21: /Users/karim/Project/pokemonProject/apps/avelune_studio/test/cinematics_ui10_preview_runtime_parity_test.dart: preview matches real Flame actors camera shake fade at 32x32 reset=true [E]
  Test failed. See exception logs above.
  The test description was: preview matches real Flame actors camera shake fade at 32x32 reset=true

11:07 +578 -21: /Users/karim/Project/pokemonProject/apps/avelune_studio/test/project_creation/creation_session_safety_host_test.dart: late canonical creation cannot open in a replaced session owner
11:07 +579 -21: /Users/karim/Project/pokemonProject/apps/avelune_studio/test/project_creation/creation_session_safety_host_test.dart: late canonical creation cannot open in a replaced session owner
11:07 +580 -21: /Users/karim/Project/pokemonProject/apps/avelune_studio/test/project_creation/creation_session_safety_host_test.dart: late canonical creation cannot open in a replaced session owner
11:07 +581 -21: /Users/karim/Project/pokemonProject/apps/avelune_studio/test/project_creation/creation_session_safety_host_test.dart: late canonical creation cannot open in a replaced session owner
11:07 +582 -21: /Users/karim/Project/pokemonProject/apps/avelune_studio/test/project_creation/creation_session_safety_host_test.dart: late canonical creation cannot open in a replaced session owner
11:07 +583 -21: /Users/karim/Project/pokemonProject/apps/avelune_studio/test/project_creation/creation_session_safety_host_test.dart: late canonical creation cannot open in a replaced session owner
11:07 +584 -21: /Users/karim/Project/pokemonProject/apps/avelune_studio/test/project_creation/creation_session_safety_host_test.dart: late canonical creation cannot open in a replaced session owner
11:07 +585 -21: /Users/karim/Project/pokemonProject/apps/avelune_studio/test/project_creation/creation_session_safety_host_test.dart: late canonical creation cannot open in a replaced session owner
11:09 +586 -21: /Users/karim/Project/pokemonProject/apps/avelune_studio/test/project_creation/creation_session_safety_host_test.dart: late canonical creation cannot open in a replaced session owner
11:09 +587 -21: /Users/karim/Project/pokemonProject/apps/avelune_studio/test/project_creation/creation_session_safety_host_test.dart: late canonical creation cannot open in a replaced session owner
11:10 +588 -21: /Users/karim/Project/pokemonProject/apps/avelune_studio/test/project_creation/creation_session_safety_host_test.dart: late canonical creation cannot open in a replaced session owner
11:11 +589 -21: /Users/karim/Project/pokemonProject/apps/avelune_studio/test/project_creation/creation_session_safety_host_test.dart: late canonical creation cannot open in a replaced session owner
11:11 +590 -21: /Users/karim/Project/pokemonProject/apps/avelune_studio/test/project_creation/creation_session_safety_host_test.dart: late canonical creation cannot open in a replaced session owner
11:13 +591 -21: /Users/karim/Project/pokemonProject/apps/avelune_studio/test/project_creation/creation_session_safety_host_test.dart: late canonical creation cannot open in a replaced session owner
11:13 +592 -21: /Users/karim/Project/pokemonProject/apps/avelune_studio/test/project_creation/creation_session_safety_host_test.dart: late canonical creation cannot open in a replaced session owner
11:13 +593 -21: /Users/karim/Project/pokemonProject/apps/avelune_studio/test/project_creation/creation_session_safety_host_test.dart: late canonical creation cannot open in a replaced session owner
11:15 +594 -21: /Users/karim/Project/pokemonProject/apps/avelune_studio/test/project_creation/creation_session_safety_host_test.dart: late canonical creation cannot open in a replaced session owner
11:15 +595 -21: /Users/karim/Project/pokemonProject/apps/avelune_studio/test/project_creation/creation_session_safety_host_test.dart: late canonical creation cannot open in a replaced session owner
11:15 +596 -21: /Users/karim/Project/pokemonProject/apps/avelune_studio/test/project_creation/creation_session_safety_host_test.dart: late canonical creation cannot open in a replaced session owner
11:17 +597 -21: /Users/karim/Project/pokemonProject/apps/avelune_studio/test/project_creation/creation_session_safety_host_test.dart: late canonical creation cannot open in a replaced session owner
11:17 +598 -21: /Users/karim/Project/pokemonProject/apps/avelune_studio/test/project_creation/creation_session_safety_host_test.dart: late canonical creation cannot open in a replaced session owner
11:17 +599 -21: /Users/karim/Project/pokemonProject/apps/avelune_studio/test/project_creation/creation_session_safety_host_test.dart: late canonical creation cannot open in a replaced session owner
11:18 +600 -21: /Users/karim/Project/pokemonProject/apps/avelune_studio/test/project_creation/creation_session_safety_host_test.dart: late canonical creation cannot open in a replaced session owner
11:18 +601 -21: /Users/karim/Project/pokemonProject/apps/avelune_studio/test/project_creation/creation_session_safety_host_test.dart: late canonical creation cannot open in a replaced session owner
11:19 +602 -21: /Users/karim/Project/pokemonProject/apps/avelune_studio/test/project_creation/creation_session_safety_host_test.dart: late canonical creation cannot open in a replaced session owner
11:20 +603 -21: /Users/karim/Project/pokemonProject/apps/avelune_studio/test/project_creation/creation_session_safety_host_test.dart: late canonical creation cannot open in a replaced session owner
11:20 +604 -21: /Users/karim/Project/pokemonProject/apps/avelune_studio/test/project_creation/creation_session_safety_host_test.dart: late canonical creation cannot open in a replaced session owner
11:20 +605 -21: /Users/karim/Project/pokemonProject/apps/avelune_studio/test/project_creation/creation_session_safety_host_test.dart: late canonical creation cannot open in a replaced session owner
11:21 +606 -21: /Users/karim/Project/pokemonProject/apps/avelune_studio/test/project_creation/creation_session_safety_host_test.dart: late canonical creation cannot open in a replaced session owner
11:22 +607 -21: /Users/karim/Project/pokemonProject/apps/avelune_studio/test/project_creation/creation_session_safety_host_test.dart: late canonical creation cannot open in a replaced session owner
11:22 +608 -21: /Users/karim/Project/pokemonProject/apps/avelune_studio/test/project_creation/creation_session_safety_host_test.dart: late canonical creation cannot open in a replaced session owner
11:22 +609 -21: /Users/karim/Project/pokemonProject/apps/avelune_studio/test/project_creation/creation_session_safety_host_test.dart: late canonical creation cannot open in a replaced session owner
11:22 +610 -21: /Users/karim/Project/pokemonProject/apps/avelune_studio/test/project_creation/creation_session_safety_host_test.dart: late canonical creation cannot open in a replaced session owner
11:24 +611 -21: /Users/karim/Project/pokemonProject/apps/avelune_studio/test/project_creation/creation_session_safety_host_test.dart: late canonical creation cannot open in a replaced session owner
11:25 +612 -21: /Users/karim/Project/pokemonProject/apps/avelune_studio/test/project_creation/creation_session_safety_host_test.dart: late canonical creation cannot open in a replaced session owner
11:25 +613 -21: /Users/karim/Project/pokemonProject/apps/avelune_studio/test/project_creation/creation_session_safety_host_test.dart: late canonical creation cannot open in a replaced session owner
11:25 +614 -21: /Users/karim/Project/pokemonProject/apps/avelune_studio/test/project_creation/creation_session_safety_host_test.dart: late canonical creation cannot open in a replaced session owner
11:25 +615 -21: /Users/karim/Project/pokemonProject/apps/avelune_studio/test/project_creation/creation_session_safety_host_test.dart: late canonical creation cannot open in a replaced session owner
11:25 +616 -21: /Users/karim/Project/pokemonProject/apps/avelune_studio/test/project_creation/creation_session_safety_host_test.dart: late canonical creation cannot open in a replaced session owner
11:26 +617 -21: /Users/karim/Project/pokemonProject/apps/avelune_studio/test/project_creation/creation_session_safety_host_test.dart: late canonical creation cannot open in a replaced session owner
11:26 +618 -21: /Users/karim/Project/pokemonProject/apps/avelune_studio/test/project_creation/creation_session_safety_host_test.dart: late canonical creation cannot open in a replaced session owner
11:26 +619 -21: /Users/karim/Project/pokemonProject/apps/avelune_studio/test/project_creation/creation_session_safety_host_test.dart: late canonical creation cannot open in a replaced session owner
11:26 +620 -21: /Users/karim/Project/pokemonProject/apps/avelune_studio/test/project_creation/creation_session_safety_host_test.dart: late canonical creation cannot open in a replaced session owner
11:26 +621 -21: /Users/karim/Project/pokemonProject/apps/avelune_studio/test/project_creation/creation_session_safety_host_test.dart: late canonical creation cannot open in a replaced session owner
11:26 +622 -21: /Users/karim/Project/pokemonProject/apps/avelune_studio/test/project_creation/creation_session_safety_host_test.dart: late canonical creation cannot open in a replaced session owner
11:26 +623 -21: /Users/karim/Project/pokemonProject/apps/avelune_studio/test/project_creation/creation_session_safety_host_test.dart: late canonical creation cannot open in a replaced session owner
11:26 +624 -21: /Users/karim/Project/pokemonProject/apps/avelune_studio/test/project_creation/creation_session_safety_host_test.dart: late canonical creation cannot open in a replaced session owner
11:26 +625 -21: /Users/karim/Project/pokemonProject/apps/avelune_studio/test/project_creation/creation_session_safety_host_test.dart: late canonical creation cannot open in a replaced session owner
11:27 +626 -21: /Users/karim/Project/pokemonProject/apps/avelune_studio/test/project_creation/creation_session_safety_host_test.dart: late canonical creation cannot open in a replaced session owner
11:28 +627 -21: /Users/karim/Project/pokemonProject/apps/avelune_studio/test/project_creation/creation_session_safety_host_test.dart: late canonical creation cannot open in a replaced session owner
11:30 +628 -21: /Users/karim/Project/pokemonProject/apps/avelune_studio/test/project_creation/creation_session_safety_host_test.dart: late canonical creation cannot open in a replaced session owner
11:32 +629 -21: /Users/karim/Project/pokemonProject/apps/avelune_studio/test/project_creation/creation_session_safety_host_test.dart: late canonical creation cannot open in a replaced session owner
11:32 +630 -21: /Users/karim/Project/pokemonProject/apps/avelune_studio/test/project_creation/creation_session_safety_host_test.dart: late canonical creation cannot open in a replaced session owner
11:33 +631 -21: /Users/karim/Project/pokemonProject/apps/avelune_studio/test/project_creation/creation_session_safety_host_test.dart: late canonical creation cannot open in a replaced session owner
11:33 +632 -21: /Users/karim/Project/pokemonProject/apps/avelune_studio/test/project_creation/creation_session_safety_host_test.dart: late canonical creation cannot open in a replaced session owner
11:33 +633 -21: /Users/karim/Project/pokemonProject/apps/avelune_studio/test/project_creation/creation_session_safety_host_test.dart: late canonical creation cannot open in a replaced session owner
11:39 +634 -21: /Users/karim/Project/pokemonProject/apps/avelune_studio/test/project_creation/creation_session_safety_host_test.dart: late canonical creation cannot open in a replaced session owner
11:40 +634 -22: /Users/karim/Project/pokemonProject/apps/avelune_studio/test/ui11_presentation_responsive_test.dart: UI11 responsive 1440 portrait and compare
11:40 +634 -22: /Users/karim/Project/pokemonProject/apps/avelune_studio/test/project_creation/creation_session_safety_host_test.dart: late canonical creation cannot open in a replaced session owner [E]
  TimeoutException after 0:10:00.000000: Test timed out after 10 minutes.
  dart:isolate  _RawReceivePort._handleMessage

  Reentrant call to runAsync() denied.
  runAsync() was called, then before its future completed, it was called again. You must wait for the first returned future to complete before calling runAsync() again.
  package:matcher                                                     fail
  package:flutter_test/src/binding.dart 2299:7                        AutomatedTestWidgetsFlutterBinding.runAsync.<fn>
  package:flutter_test/src/binding.dart 2305:6                        AutomatedTestWidgetsFlutterBinding.runAsync
  package:flutter_test/src/widget_tester.dart 838:17                  WidgetTester.runAsync
  test/project_creation/creation_session_safety_host_test.dart 28:20  main.fixture.<fn>
  ===== asynchronous gap ===========================
  dart:async                                                          Zone.registerUnaryCallback
  test/project_creation/creation_session_safety_host_test.dart 27:7   main.fixture.<fn>

11:42 +635 -22: /Users/karim/Project/pokemonProject/apps/avelune_studio/test/ui11_presentation_responsive_test.dart: UI11 responsive 1440 portrait and compare
11:42 +636 -22: /Users/karim/Project/pokemonProject/apps/avelune_studio/test/ui11_presentation_responsive_test.dart: UI11 responsive 1440 portrait and compare
11:43 +637 -22: /Users/karim/Project/pokemonProject/apps/avelune_studio/test/ui11_presentation_responsive_test.dart: UI11 responsive 1280 portrait and compare
11:43 +638 -22: /Users/karim/Project/pokemonProject/apps/avelune_studio/test/ui11_presentation_responsive_test.dart: UI11 responsive 1280 portrait and compare
11:43 +639 -22: /Users/karim/Project/pokemonProject/apps/avelune_studio/test/ui11_presentation_responsive_test.dart: UI11 responsive 1280 portrait and compare
11:43 +640 -22: /Users/karim/Project/pokemonProject/apps/avelune_studio/test/ui11_presentation_responsive_test.dart: UI11 responsive 1280 portrait and compare
11:45 +641 -22: /Users/karim/Project/pokemonProject/apps/avelune_studio/test/ui11_presentation_responsive_test.dart: UI11 responsive 1280 portrait and compare
11:45 +642 -22: /Users/karim/Project/pokemonProject/apps/avelune_studio/test/ui11_presentation_responsive_test.dart: UI11 responsive 1280 portrait and compare
11:45 +643 -22: /Users/karim/Project/pokemonProject/apps/avelune_studio/test/ui11_presentation_responsive_test.dart: UI11 responsive 1280 portrait and compare
11:45 +644 -22: /Users/karim/Project/pokemonProject/apps/avelune_studio/test/ui11_presentation_responsive_test.dart: UI11 responsive 1280 portrait and compare
11:45 +645 -22: /Users/karim/Project/pokemonProject/apps/avelune_studio/test/ui11_presentation_responsive_test.dart: UI11 responsive 1280 portrait and compare
11:45 +646 -22: /Users/karim/Project/pokemonProject/apps/avelune_studio/test/ui11_presentation_responsive_test.dart: UI11 responsive 1280 portrait and compare
11:45 +647 -22: /Users/karim/Project/pokemonProject/apps/avelune_studio/test/ui11_presentation_responsive_test.dart: UI11 responsive 1280 portrait and compare
11:45 +648 -22: /Users/karim/Project/pokemonProject/apps/avelune_studio/test/ui11_presentation_responsive_test.dart: UI11 responsive 1280 portrait and compare
11:45 +649 -22: /Users/karim/Project/pokemonProject/apps/avelune_studio/test/ui11_presentation_responsive_test.dart: UI11 responsive 1280 portrait and compare
11:45 +650 -22: /Users/karim/Project/pokemonProject/apps/avelune_studio/test/ui11_presentation_responsive_test.dart: UI11 responsive 1280 portrait and compare
11:45 +651 -22: /Users/karim/Project/pokemonProject/apps/avelune_studio/test/ui11_presentation_responsive_test.dart: UI11 responsive 1280 portrait and compare
11:46 +652 -22: /Users/karim/Project/pokemonProject/apps/avelune_studio/test/ui11_presentation_responsive_test.dart: UI11 responsive 1280 portrait and compare
11:46 +653 -22: /Users/karim/Project/pokemonProject/apps/avelune_studio/test/ui11_presentation_responsive_test.dart: UI11 responsive 1280 portrait and compare
11:46 +654 -22: /Users/karim/Project/pokemonProject/apps/avelune_studio/test/ui11_presentation_responsive_test.dart: UI11 responsive 1280 portrait and compare
11:46 +655 -22: /Users/karim/Project/pokemonProject/apps/avelune_studio/test/ui11_presentation_responsive_test.dart: UI11 responsive 1280 portrait and compare
11:46 +656 -22: /Users/karim/Project/pokemonProject/apps/avelune_studio/test/ui11_presentation_responsive_test.dart: UI11 responsive 1280 portrait and compare
11:46 +657 -22: /Users/karim/Project/pokemonProject/apps/avelune_studio/test/ui11_presentation_responsive_test.dart: UI11 responsive 1280 portrait and compare
11:46 +658 -22: /Users/karim/Project/pokemonProject/apps/avelune_studio/test/ui11_presentation_responsive_test.dart: UI11 responsive 1280 portrait and compare
11:46 +659 -22: /Users/karim/Project/pokemonProject/apps/avelune_studio/test/ui11_presentation_responsive_test.dart: UI11 responsive 1024 portrait and compare
11:46 +659 -22: /Users/karim/Project/pokemonProject/apps/avelune_studio/test/infrastructure/studio_large_atlas_test.dart: isolated Train building atlas renders a real decor without loading its 329 atlas catalogue
  Skip: AVELUNE_PROJECT_COPY non fourni
11:46 +659 ~1 -22: /Users/karim/Project/pokemonProject/apps/avelune_studio/test/ui11_presentation_responsive_test.dart: UI11 responsive 1024 portrait and compare
11:47 +660 ~1 -22: /Users/karim/Project/pokemonProject/apps/avelune_studio/test/ui11_presentation_responsive_test.dart: UI11 responsive 1024 portrait and compare
11:47 +661 ~1 -22: /Users/karim/Project/pokemonProject/apps/avelune_studio/test/ui11_presentation_responsive_test.dart: UI11 responsive 1024 portrait and compare
11:47 +662 ~1 -22: /Users/karim/Project/pokemonProject/apps/avelune_studio/test/ui11_presentation_responsive_test.dart: UI11 responsive 1024 portrait and compare
11:48 +662 ~1 -22: /Users/karim/Project/pokemonProject/apps/avelune_studio/test/infrastructure/studio_real_project_memory_test.dart: large project map visits stay within resource and process budgets
  Skip: Set AVELUNE_RESOURCE_PROJECT
11:48 +662 ~2 -22: /Users/karim/Project/pokemonProject/apps/avelune_studio/test/ui11_presentation_responsive_test.dart: UI11 responsive 1024 portrait and compare
11:49 +663 ~2 -22: /Users/karim/Project/pokemonProject/apps/avelune_studio/test/infrastructure/studio_map_resources_test.dart: canvas preview paints transformed decor and collisions like committed geometry
11:49 +664 ~2 -22: /Users/karim/Project/pokemonProject/apps/avelune_studio/test/infrastructure/studio_map_resources_test.dart: canvas preview paints transformed decor and collisions like committed geometry
11:49 +665 ~2 -22: /Users/karim/Project/pokemonProject/apps/avelune_studio/test/infrastructure/studio_map_resources_test.dart: canvas preview paints transformed decor and collisions like committed geometry
11:49 +666 ~2 -22: /Users/karim/Project/pokemonProject/apps/avelune_studio/test/infrastructure/studio_map_resources_test.dart: canvas preview paints transformed decor and collisions like committed geometry
11:49 +667 ~2 -22: /Users/karim/Project/pokemonProject/apps/avelune_studio/test/infrastructure/studio_map_resources_test.dart: canvas preview paints transformed decor and collisions like committed geometry
11:49 +668 ~2 -22: /Users/karim/Project/pokemonProject/apps/avelune_studio/test/infrastructure/studio_map_resources_test.dart: canvas preview paints transformed decor and collisions like committed geometry
11:49 +669 ~2 -22: /Users/karim/Project/pokemonProject/apps/avelune_studio/test/infrastructure/studio_map_resources_test.dart: canvas preview paints transformed decor and collisions like committed geometry
11:49 +670 ~2 -22: /Users/karim/Project/pokemonProject/apps/avelune_studio/test/infrastructure/studio_map_resources_test.dart: canvas preview paints transformed decor and collisions like committed geometry
11:50 +671 ~2 -22: /Users/karim/Project/pokemonProject/apps/avelune_studio/test/infrastructure/studio_map_resources_test.dart: example is two real maps with atlas, decor and character
11:50 +672 ~2 -22: /Users/karim/Project/pokemonProject/apps/avelune_studio/test/infrastructure/studio_map_resources_test.dart: loads once and paints real atlas without reading files again
11:50 +673 ~2 -22: /Users/karim/Project/pokemonProject/apps/avelune_studio/test/infrastructure/studio_map_resources_test.dart: budget refuses image before decoding and preserves authored references
11:50 +674 ~2 -22: /Users/karim/Project/pokemonProject/apps/avelune_studio/test/infrastructure/studio_map_resources_test.dart: missing resource is local failure and keeps project usable
11:50 +675 ~2 -22: /Users/karim/Project/pokemonProject/apps/avelune_studio/test/infrastructure/studio_map_resources_test.dart: invalid Border stays diagnostic and other map visuals remain usable
11:50 +676 ~2 -22: /Users/karim/Project/pokemonProject/apps/avelune_studio/test/infrastructure/studio_map_resources_test.dart: resource symlink cannot escape project root
11:50 +677 ~2 -22: /Users/karim/Project/pokemonProject/apps/avelune_studio/test/infrastructure/map_workspace_io_test.dart: read is unchanged and save reload preserves untouched data
11:50 +678 ~2 -22: /Users/karim/Project/pokemonProject/apps/avelune_studio/test/infrastructure/map_workspace_io_test.dart: external byte revision conflict never overwrites the newer file
11:50 +679 ~2 -22: /Users/karim/Project/pokemonProject/apps/avelune_studio/test/infrastructure/map_workspace_io_test.dart: external manifest change blocks saving a previously declared map
11:50 +680 ~2 -22: /Users/karim/Project/pokemonProject/apps/avelune_studio/test/infrastructure/map_workspace_io_test.dart: failure at afterTempFlushed preserves last good map and retry works
11:50 +681 ~2 -22: /Users/karim/Project/pokemonProject/apps/avelune_studio/test/infrastructure/map_workspace_io_test.dart: failure at afterJournalPrepared preserves last good map and retry works
11:50 +682 ~2 -22: /Users/karim/Project/pokemonProject/apps/avelune_studio/test/infrastructure/map_workspace_io_test.dart: failure at beforeSecondCompareAndSwap preserves last good map and retry works
11:50 +683 ~2 -22: /Users/karim/Project/pokemonProject/apps/avelune_studio/test/infrastructure/map_workspace_io_test.dart: future unknown map fields are refused instead of lost on save
11:50 +684 ~2 -22: /Users/karim/Project/pokemonProject/apps/avelune_studio/test/infrastructure/map_workspace_io_test.dart: future nested fields and unsupported schema are refused
11:50 +685 ~2 -22: /Users/karim/Project/pokemonProject/apps/avelune_studio/test/infrastructure/map_workspace_io_test.dart: map id mismatch is refused
11:51 +686 ~2 -22: /Users/karim/Project/pokemonProject/apps/avelune_studio/test/infrastructure/map_workspace_io_test.dart: map symlink cannot redirect load or save
11:51 +687 ~2 -22: /Users/karim/Project/pokemonProject/apps/avelune_studio/test/infrastructure/map_workspace_io_test.dart: undeclared or traversal entries cannot be loaded
11:51 +688 ~2 -22: /Users/karim/Project/pokemonProject/apps/avelune_studio/test/infrastructure/map_workspace_io_test.dart: a stale baseline cannot overwrite a previous successful save
11:51 +689 ~2 -22: /Users/karim/Project/pokemonProject/apps/avelune_studio/test/infrastructure/studio_playtest_test.dart: playtest saves are isolated per launch and discarded
11:51 +690 ~2 -22: /Users/karim/Project/pokemonProject/apps/avelune_studio/test/infrastructure/studio_playtest_test.dart: a broken authored spawn is not replaced by a test fallback
11:51 +691 ~2 -22: /Users/karim/Project/pokemonProject/apps/avelune_studio/test/infrastructure/studio_playtest_test.dart: revision conflict refuses runtime before file bundle load
11:51 +692 ~2 -22: /Users/karim/Project/pokemonProject/apps/avelune_studio/test/infrastructure/studio_terrain_brush_resources_test.dart: terrain brush loads only its shared resolver dependencies before any map stroke
11:52 +693 ~2 -22: /Users/karim/Project/pokemonProject/apps/avelune_studio/test/infrastructure/studio_playtest_test.dart: saved example mounts real runtime, walks, and returns
[runtime_loader] bundle load start projectFilePath=/private/var/folders/b5/7gsfwzyd449_54n8l40h40gc0000gn/T/studio_playtest_2WHmUV/project.json mapId=jardin
[runtime_loader] project manifest lookup path=/private/var/folders/b5/7gsfwzyd449_54n8l40h40gc0000gn/T/studio_playtest_2WHmUV/project.json
[runtime_loader] project manifest read ok bytes=8480
[runtime_loader] project manifest validated maps=2 tilesets=1 scenarios=0
[runtime_loader] bundle map resolved mapId=jardin relativePath=maps/jardin.json mapPath=/private/var/folders/b5/7gsfwzyd449_54n8l40h40gc0000gn/T/studio_playtest_2WHmUV/maps/jardin.json
[runtime_loader] map file lookup path=/private/var/folders/b5/7gsfwzyd449_54n8l40h40gc0000gn/T/studio_playtest_2WHmUV/maps/jardin.json
[runtime_loader] map file read ok bytes=17371
[runtime_loader] map validated id=jardin size=24x16 layers=3 entities=1 placedElements=3 warps=0 triggers=0
[runtime_loader] bundle tilesets collected ids=atelier
[runtime_loader] bundle tileset path id=atelier path=/private/var/folders/b5/7gsfwzyd449_54n8l40h40gc0000gn/T/studio_playtest_2WHmUV/assets/atelier.png
[runtime_loader] bundle load ok mapId=jardin projectRoot=/private/var/folders/b5/7gsfwzyd449_54n8l40h40gc0000gn/T/studio_playtest_2WHmUV tilesets=1
[runtime_game] tileset image load start map=jardin
[runtime_game] tileset cache resolve requested=1
[runtime_game] tileset cache resolve ok result=1
[runtime_game] onLoad start map=jardin projectFilePath=/private/var/folders/b5/7gsfwzyd449_54n8l40h40gc0000gn/T/studio_playtest_2WHmUV/project.json tilesets=1
[runtime_game] world build start map=jardin
[runtime] Map loaded: jardin, spawn at (8, 9)
[runtime_game] tileset image load ok count=1 map=jardin
[runtime_game] mount root map start map=jardin
[runtime_game] mount root map ok map=jardin
[runtime_game] onLoad completed activeMapId=jardin
[event_v2] mapEnter activation=mapact_1790778991237511_1 map=jardin reason=initialBoot result=MapEnterProductionDispatchLegacyFallback
11:53 +694 ~2 -22: /Users/karim/Project/pokemonProject/apps/avelune_studio/test/infrastructure/studio_playtest_test.dart: selected map without a spawn starts an isolated test game
[runtime_loader] bundle load start projectFilePath=/private/var/folders/b5/7gsfwzyd449_54n8l40h40gc0000gn/T/studio_other_map_PQXF6t/project.json mapId=clairiere
[runtime_loader] project manifest lookup path=/private/var/folders/b5/7gsfwzyd449_54n8l40h40gc0000gn/T/studio_other_map_PQXF6t/project.json
[runtime_loader] project manifest read ok bytes=4973
[runtime_loader] project manifest validated maps=2 tilesets=1 scenarios=0
[runtime_loader] bundle map resolved mapId=clairiere relativePath=maps/clairiere.json mapPath=/private/var/folders/b5/7gsfwzyd449_54n8l40h40gc0000gn/T/studio_other_map_PQXF6t/maps/clairiere.json
[runtime_loader] map file lookup path=/private/var/folders/b5/7gsfwzyd449_54n8l40h40gc0000gn/T/studio_other_map_PQXF6t/maps/clairiere.json
11:53 +695 ~2 -22: /Users/karim/Project/pokemonProject/apps/avelune_studio/test/infrastructure/studio_playtest_test.dart: selected map without a spawn starts an isolated test game
[runtime_loader] map file read ok bytes=5465
[runtime_loader] map validated id=clairiere size=24x16 layers=3 entities=0 placedElements=3 warps=0 triggers=0
[runtime_loader] bundle tilesets collected ids=atelier
[runtime_loader] bundle tileset path id=atelier path=/private/var/folders/b5/7gsfwzyd449_54n8l40h40gc0000gn/T/studio_other_map_PQXF6t/assets/atelier.png
[runtime_loader] bundle load ok mapId=clairiere projectRoot=/private/var/folders/b5/7gsfwzyd449_54n8l40h40gc0000gn/T/studio_other_map_PQXF6t tilesets=1
[runtime_loader] bundle load start projectFilePath=/private/var/folders/b5/7gsfwzyd449_54n8l40h40gc0000gn/T/studio_other_map_PQXF6t/project.json mapId=jardin
[runtime_loader] project manifest lookup path=/private/var/folders/b5/7gsfwzyd449_54n8l40h40gc0000gn/T/studio_other_map_PQXF6t/project.json
11:53 +696 ~2 -22: /Users/karim/Project/pokemonProject/apps/avelune_studio/test/infrastructure/studio_playtest_test.dart: selected map without a spawn starts an isolated test game
11:53 +697 ~2 -22: /Users/karim/Project/pokemonProject/apps/avelune_studio/test/infrastructure/studio_playtest_test.dart: selected map without a spawn starts an isolated test game
[runtime_loader] project manifest read ok bytes=4973
[runtime_loader] project manifest validated maps=2 tilesets=1 scenarios=0
[runtime_loader] bundle map resolved mapId=jardin relativePath=maps/jardin.json mapPath=/private/var/folders/b5/7gsfwzyd449_54n8l40h40gc0000gn/T/studio_other_map_PQXF6t/maps/jardin.json
[runtime_loader] map file lookup path=/private/var/folders/b5/7gsfwzyd449_54n8l40h40gc0000gn/T/studio_other_map_PQXF6t/maps/jardin.json
[runtime_loader] map file read ok bytes=17371
[runtime_loader] map validated id=jardin size=24x16 layers=3 entities=1 placedElements=3 warps=0 triggers=0
[runtime_loader] bundle tilesets collected ids=atelier
[runtime_loader] bundle tileset path id=atelier path=/private/var/folders/b5/7gsfwzyd449_54n8l40h40gc0000gn/T/studio_other_map_PQXF6t/assets/atelier.png
[runtime_loader] bundle load ok mapId=jardin projectRoot=/private/var/folders/b5/7gsfwzyd449_54n8l40h40gc0000gn/T/studio_other_map_PQXF6t tilesets=1
[runtime_game] tileset image load start map=clairiere
[runtime_game] tileset cache resolve requested=1
[runtime_game] tileset cache resolve ok result=1
[runtime_game] onLoad start map=clairiere projectFilePath=/private/var/folders/b5/7gsfwzyd449_54n8l40h40gc0000gn/T/studio_other_map_PQXF6t/project.json tilesets=1
[runtime] New game created from project contract on clairiere at (12, 8)
[runtime_game] tileset image load ok count=1 map=clairiere
[runtime_game] mount root map start map=clairiere
[runtime_game] mount root map ok map=clairiere
[runtime_game] onLoad completed activeMapId=clairiere
[event_v2] mapEnter activation=mapact_1790778992365115_1 map=clairiere reason=initialBoot result=MapEnterProductionDispatchLegacyFallback
11:54 +698 ~2 -22: /Users/karim/Project/pokemonProject/apps/avelune_studio/test/infrastructure/studio_resource_catalog_update_test.dart: 4096 by 5280 atlas uses existing chunks with bounded whole-decode reservation
11:54 +699 ~2 -22: /Users/karim/Project/pokemonProject/apps/avelune_studio/test/infrastructure/local_project_session_errors_test.dart: reports access denied without attempting a manifest read
11:54 +700 ~2 -22: /Users/karim/Project/pokemonProject/apps/avelune_studio/test/infrastructure/local_project_session_errors_test.dart: maps an undifferentiated filesystem read error honestly
11:54 +701 ~2 -22: /Users/karim/Project/pokemonProject/apps/avelune_studio/test/infrastructure/local_project_session_errors_test.dart: maps a surfaced native permission error
11:55 +702 ~2 -22: /Users/karim/Project/pokemonProject/apps/avelune_studio/test/infrastructure/m1_manifest_revision_test.dart: clean playtest recheck rejects changed manifest before map read and preserves saved work
11:55 +703 ~2 -22: /Users/karim/Project/pokemonProject/apps/avelune_studio/test/cinematics_ui10_timeline_gesture_test.dart: UI10 timeline drag reorders and duration handle commits once with undo redo
══╡ EXCEPTION CAUGHT BY FLUTTER TEST FRAMEWORK ╞════════════════════════════════════════════════════
The following MapWorkspaceFailure was thrown while running async test code:
Cette carte est absente, invalide ou utilise un format non pris en charge.

When the exception was thrown, this was the stack:
#0      LocalMapWorkspaceAdapter.loadMap (package:avelune_studio/features/map_workspace/data/local_map_workspace_adapter.dart:162:7)
<asynchronous suspension>
#1      seedUi10Visuals (file:///Users/karim/Project/pokemonProject/apps/avelune_studio/test/support/ui10_fixture_visuals.dart:124:18)
<asynchronous suspension>
#2      createUi10Fixture (file:///Users/karim/Project/pokemonProject/apps/avelune_studio/test/support/ui10_cinematic_fixture.dart:18:5)
<asynchronous suspension>
#3      Ui10WorkspaceHarness.create (file:///Users/karim/Project/pokemonProject/apps/avelune_studio/test/support/ui10_workspace_harness.dart:20:21)
<asynchronous suspension>
<asynchronous suspension>
#5      main.<anonymous closure> (file:///Users/karim/Project/pokemonProject/apps/avelune_studio/test/cinematics_ui10_timeline_gesture_test.dart:16:24)
<asynchronous suspension>
#6      testWidgets.<anonymous closure>.<anonymous closure> (package:flutter_test/src/widget_tester.dart:192:15)
<asynchronous suspension>
#7      TestWidgetsFlutterBinding._runTestBody (package:flutter_test/src/binding.dart:1978:5)
<asynchronous suspension>
<asynchronous suspension>
(elided 2 frames from dart:async and package:stack_trace)

The exception was caught asynchronously.
════════════════════════════════════════════════════════════════════════════════════════════════════
══╡ EXCEPTION CAUGHT BY FLUTTER TEST FRAMEWORK ╞════════════════════════════════════════════════════
The following _TypeError was thrown running a test:
Null check operator used on a null value

When the exception was thrown, this was the stack:
#0      main.<anonymous closure> (file:///Users/karim/Project/pokemonProject/apps/avelune_studio/test/cinematics_ui10_timeline_gesture_test.dart:18:9)
<asynchronous suspension>
#1      testWidgets.<anonymous closure>.<anonymous closure> (package:flutter_test/src/widget_tester.dart:192:15)
<asynchronous suspension>
#2      TestWidgetsFlutterBinding._runTestBody (package:flutter_test/src/binding.dart:1978:5)
<asynchronous suspension>
<asynchronous suspension>
(elided one frame from package:stack_trace)

The test description was:
  UI10 timeline drag reorders and duration handle commits once with undo redo
════════════════════════════════════════════════════════════════════════════════════════════════════
══╡ EXCEPTION CAUGHT BY FLUTTER TEST FRAMEWORK ╞════════════════════════════════════════════════════
The following message was thrown:
Multiple exceptions (2) were detected during the running of the current test, and at least one was
unexpected.
════════════════════════════════════════════════════════════════════════════════════════════════════
11:58 +703 ~2 -23: /Users/karim/Project/pokemonProject/apps/avelune_studio/test/ui06_scene_construction_test.dart: build both branches through palette, properties and wires then publish and reopen
11:58 +703 ~2 -23: /Users/karim/Project/pokemonProject/apps/avelune_studio/test/cinematics_ui10_timeline_gesture_test.dart: UI10 timeline drag reorders and duration handle commits once with undo redo [E]
  Test failed. See exception logs above.
  The test description was: UI10 timeline drag reorders and duration handle commits once with undo redo

12:02 +703 ~2 -23: /Users/karim/Project/pokemonProject/apps/avelune_studio/test/ui06_scene_construction_test.dart: build both branches through palette, properties and wires then publish and reopen
UI06 construction: 8 blocs et 7 fils construits, publication
UI06 construction: publication terminée, relecture indépendante
12:02 +704 ~2 -23: /Users/karim/Project/pokemonProject/apps/avelune_studio/test/ui11_presentation_busy_test.dart: UI11 a slow creation shows progress and blocks a second start
12:04 +705 ~2 -23: /Users/karim/Project/pokemonProject/apps/avelune_studio/test/ui11_presentation_busy_test.dart: UI11 a slow creation shows progress and blocks a second start
12:05 +706 ~2 -23: /Users/karim/Project/pokemonProject/apps/avelune_studio/test/m3_conditions_widgets_test.dart: real conditions and ordered sequence stay editable at enlarged text
12:07 +707 ~2 -23: /Users/karim/Project/pokemonProject/apps/avelune_studio/test/ui12_world_close_test.dart: invalid rule input blocks global save until corrected
12:11 +708 ~2 -23: /Users/karim/Project/pokemonProject/apps/avelune_studio/test/dialogues_ui09_visual_test.dart: UI09 early real widget capture and compact layout
12:13 +709 ~2 -23: /Users/karim/Project/pokemonProject/apps/avelune_studio/test/dialogues_ui09_visual_test.dart: UI09 early real widget capture and compact layout
12:14 +710 ~2 -23: /Users/karim/Project/pokemonProject/apps/avelune_studio/test/ui12_world_close_test.dart: a close asked during a publication is refused
12:15 +711 ~2 -23: /Users/karim/Project/pokemonProject/apps/avelune_studio/test/ui12_world_navigation_test.dart: Histoire opens the states and rules page and comes back
12:18 +712 ~2 -23: /Users/karim/Project/pokemonProject/apps/avelune_studio/test/presentation/ui08_event_focus_test.dart: UI08 focused name commits original owner on selection save and undo
12:19 +713 ~2 -23: /Users/karim/Project/pokemonProject/apps/avelune_studio/test/presentation/ui08_event_focus_test.dart: UI08 focused name commits original owner on selection save and undo
12:21 +714 ~2 -23: /Users/karim/Project/pokemonProject/apps/avelune_studio/test/presentation/ui08_event_focus_test.dart: UI08 focused name commits original owner on selection save and undo
12:22 +715 ~2 -23: /Users/karim/Project/pokemonProject/apps/avelune_studio/test/presentation/ui08_event_focus_test.dart: UI08 focused name commits original owner on selection save and undo
12:22 +716 ~2 -23: /Users/karim/Project/pokemonProject/apps/avelune_studio/test/presentation/ui08_event_focus_test.dart: UI08 focused name commits original owner on selection save and undo
12:22 +717 ~2 -23: /Users/karim/Project/pokemonProject/apps/avelune_studio/test/presentation/ui08_event_focus_test.dart: UI08 focused name commits original owner on selection save and undo
12:22 +718 ~2 -23: /Users/karim/Project/pokemonProject/apps/avelune_studio/test/presentation/ui08_event_focus_test.dart: UI08 focused name commits original owner on selection save and undo
12:22 +719 ~2 -23: /Users/karim/Project/pokemonProject/apps/avelune_studio/test/presentation/ui08_event_focus_test.dart: UI08 focused name commits original owner on selection save and undo
12:23 +720 ~2 -23: /Users/karim/Project/pokemonProject/apps/avelune_studio/test/presentation/ui08_event_focus_test.dart: UI08 focused name commits original owner on selection save and undo
12:23 +721 ~2 -23: /Users/karim/Project/pokemonProject/apps/avelune_studio/test/presentation/ui08_event_focus_test.dart: UI08 focused name commits original owner on selection save and undo
12:23 +722 ~2 -23: /Users/karim/Project/pokemonProject/apps/avelune_studio/test/presentation/ui08_event_focus_test.dart: UI08 focused name commits original owner on selection save and undo
12:23 +723 ~2 -23: /Users/karim/Project/pokemonProject/apps/avelune_studio/test/presentation/ui08_event_focus_test.dart: UI08 focused name commits original owner on selection save and undo
12:24 +724 ~2 -23: /Users/karim/Project/pokemonProject/apps/avelune_studio/test/presentation/ui08_event_focus_test.dart: UI08 focused name commits original owner on selection save and undo
12:25 +725 ~2 -23: /Users/karim/Project/pokemonProject/apps/avelune_studio/test/presentation/ui06_scene_inspector_test.dart: changing dialogue retains stale wires until explicit correction or undo
12:25 +726 ~2 -23: /Users/karim/Project/pokemonProject/apps/avelune_studio/test/presentation/ui04_terrain_journey_test.dart: UI04 source rules trial publication and map preserve the current session
12:26 +727 ~2 -23: /Users/karim/Project/pokemonProject/apps/avelune_studio/test/presentation/ui04_terrain_journey_test.dart: UI04 source rules trial publication and map preserve the current session
12:26 +728 ~2 -23: /Users/karim/Project/pokemonProject/apps/avelune_studio/test/presentation/ui04_terrain_journey_test.dart: UI04 source rules trial publication and map preserve the current session
12:31 +729 ~2 -23: /Users/karim/Project/pokemonProject/apps/avelune_studio/test/presentation/ui04_terrain_journey_test.dart: UI04 source rules trial publication and map preserve the current session
12:41 +730 ~2 -23: /Users/karim/Project/pokemonProject/apps/avelune_studio/test/presentation/character_studio_workspace_test.dart: Character Studio edits a clip through the real workspace and reopens it
12:42 +731 ~2 -23: /Users/karim/Project/pokemonProject/apps/avelune_studio/test/presentation/ui07_story_journey_test.dart: UI07 real workspace preserves drafts and canonical owner through graph structure scene and save
12:48 +732 ~2 -23: /Users/karim/Project/pokemonProject/apps/avelune_studio/test/presentation/ui07_story_journey_test.dart: UI07 real workspace preserves drafts and canonical owner through graph structure scene and save
12:49 +733 ~2 -23: /Users/karim/Project/pokemonProject/apps/avelune_studio/test/presentation/map_library_navigation_test.dart: folder creation and map move survive independent reopening
12:55 +734 ~2 -23: /Users/karim/Project/pokemonProject/apps/avelune_studio/test/presentation/ui03_resource_journey_test.dart: UI03 real previews selection search return and compact detail
12:58 +735 ~2 -23: /Users/karim/Project/pokemonProject/apps/avelune_studio/test/presentation/ui03_resource_journey_test.dart: UI03 real previews selection search return and compact detail
12:59 +736 ~2 -23: /Users/karim/Project/pokemonProject/apps/avelune_studio/test/presentation/ui03_resource_journey_test.dart: UI03 real previews selection search return and compact detail
12:59 +737 ~2 -23: /Users/karim/Project/pokemonProject/apps/avelune_studio/test/presentation/ui03_resource_journey_test.dart: UI03 real previews selection search return and compact detail
13:01 +738 ~2 -23: /Users/karim/Project/pokemonProject/apps/avelune_studio/test/presentation/ui03_resource_journey_test.dart: UI03 real previews selection search return and compact detail
13:01 +739 ~2 -23: /Users/karim/Project/pokemonProject/apps/avelune_studio/test/presentation/ui03_resource_journey_test.dart: UI03 real previews selection search return and compact detail
13:01 +740 ~2 -23: /Users/karim/Project/pokemonProject/apps/avelune_studio/test/presentation/ui03_resource_journey_test.dart: UI03 real previews selection search return and compact detail
13:01 +741 ~2 -23: /Users/karim/Project/pokemonProject/apps/avelune_studio/test/presentation/ui03_resource_journey_test.dart: UI03 real previews selection search return and compact detail
13:06 +742 ~2 -23: /Users/karim/Project/pokemonProject/apps/avelune_studio/test/presentation/ui05_story_creation_test.dart: UI05 cancelled creation is inert and explicit save survives fresh reopen
13:07 +743 ~2 -23: /Users/karim/Project/pokemonProject/apps/avelune_studio/test/presentation/ui05_story_creation_test.dart: UI05 cancelled creation is inert and explicit save survives fresh reopen
13:07 +744 ~2 -23: /Users/karim/Project/pokemonProject/apps/avelune_studio/test/presentation/ui05_story_creation_test.dart: UI05 cancelled creation is inert and explicit save survives fresh reopen
13:07 +745 ~2 -23: /Users/karim/Project/pokemonProject/apps/avelune_studio/test/presentation/ui05_story_creation_test.dart: UI05 cancelled creation is inert and explicit save survives fresh reopen
13:07 +746 ~2 -23: /Users/karim/Project/pokemonProject/apps/avelune_studio/test/presentation/ui05_story_creation_test.dart: UI05 cancelled creation is inert and explicit save survives fresh reopen
13:07 +747 ~2 -23: /Users/karim/Project/pokemonProject/apps/avelune_studio/test/presentation/ui05_story_creation_test.dart: UI05 cancelled creation is inert and explicit save survives fresh reopen
13:09 +748 ~2 -23: /Users/karim/Project/pokemonProject/apps/avelune_studio/test/presentation/ui02_map_journey_test.dart: UI02 real map, overlap, shared home and responsive viewport
13:12 +749 ~2 -23: /Users/karim/Project/pokemonProject/apps/avelune_studio/test/presentation/ui02_map_journey_test.dart: UI02 real map, overlap, shared home and responsive viewport
13:14 +750 ~2 -23: /Users/karim/Project/pokemonProject/apps/avelune_studio/test/presentation/ui02_map_journey_test.dart: UI02 real map, overlap, shared home and responsive viewport
13:14 +750 ~2 -23: /Users/karim/Project/pokemonProject/apps/avelune_studio/test/presentation/map_inspector_ui02_test.dart: local stack selects a hidden instance and respects order command limits
══╡ EXCEPTION CAUGHT BY FLUTTER TEST FRAMEWORK ╞════════════════════════════════════════════════════
The following assertion was thrown running a test:
The finder "Found 0 widgets with text "Position 3 / 3": []" (used in a call to "tap()") could not
find any matching widgets.

When the exception was thrown, this was the stack:
#0      WidgetController._getElementPoint (package:flutter_test/src/controller.dart:2095:7)
#1      WidgetController.getCenter (package:flutter_test/src/controller.dart:1947:12)
#2      WidgetController.tap (package:flutter_test/src/controller.dart:1080:7)
#3      main.<anonymous closure> (file:///Users/karim/Project/pokemonProject/apps/avelune_studio/test/presentation/map_inspector_ui02_test.dart:83:20)
<asynchronous suspension>
#4      testWidgets.<anonymous closure>.<anonymous closure> (package:flutter_test/src/widget_tester.dart:192:15)
<asynchronous suspension>
#5      TestWidgetsFlutterBinding._runTestBody (package:flutter_test/src/binding.dart:1978:5)
<asynchronous suspension>
<asynchronous suspension>
(elided one frame from package:stack_trace)

The test description was:
  local stack selects a hidden instance and respects order command limits
════════════════════════════════════════════════════════════════════════════════════════════════════
13:14 +750 ~2 -24: /Users/karim/Project/pokemonProject/apps/avelune_studio/test/presentation/ui02_map_journey_test.dart: UI02 real map, overlap, shared home and responsive viewport
13:14 +750 ~2 -24: /Users/karim/Project/pokemonProject/apps/avelune_studio/test/presentation/map_inspector_ui02_test.dart: local stack selects a hidden instance and respects order command limits [E]
  Test failed. See exception logs above.
  The test description was: local stack selects a hidden instance and respects order command limits

13:27 +751 ~2 -24: /Users/karim/Project/pokemonProject/apps/avelune_studio/test/presentation/ui02_map_journey_test.dart: UI02 real map, overlap, shared home and responsive viewport
13:28 +752 ~2 -24: /Users/karim/Project/pokemonProject/apps/avelune_studio/test/presentation/character_studio_dedicated_workspace_test.dart: a dedicated three-pose strip imports and its timing reopens
13:39 +753 ~2 -24: /Users/karim/Project/pokemonProject/apps/avelune_studio/test/presentation/character_studio_dedicated_workspace_test.dart: a dedicated three-pose strip imports and its timing reopens
13:45 +754 ~2 -24: /Users/karim/Project/pokemonProject/apps/avelune_studio/test/presentation/ui05_narrative_overview_links_test.dart: scene draft remains with its owner after returning to overview
13:48 +755 ~2 -24: /Users/karim/Project/pokemonProject/apps/avelune_studio/test/presentation/ui05_narrative_overview_links_test.dart: scene draft remains with its owner after returning to overview
13:50 +756 ~2 -24: /Users/karim/Project/pokemonProject/apps/avelune_studio/test/presentation/desktop_workspace_layout_test.dart: real stress workspace stays usable across desktop sizes and diagnostics
13:57 +757 ~2 -24: /Users/karim/Project/pokemonProject/apps/avelune_studio/test/presentation/desktop_workspace_layout_test.dart: real stress workspace stays usable across desktop sizes and diagnostics
13:59 +758 ~2 -24: /Users/karim/Project/pokemonProject/apps/avelune_studio/test/presentation/desktop_workspace_layout_test.dart: real stress workspace stays usable across desktop sizes and diagnostics
14:02 +759 ~2 -24: /Users/karim/Project/pokemonProject/apps/avelune_studio/test/presentation/desktop_workspace_layout_test.dart: real stress workspace stays usable across desktop sizes and diagnostics
14:03 +760 ~2 -24: /Users/karim/Project/pokemonProject/apps/avelune_studio/test/presentation/map_workspace_palette_dock_filters_test.dart: the map dock filters real cards and clears a hidden search
14:04 +761 ~2 -24: /Users/karim/Project/pokemonProject/apps/avelune_studio/test/presentation/studio_app_test.dart: releases the path field while the native picker owns input
14:05 +762 ~2 -24: /Users/karim/Project/pokemonProject/apps/avelune_studio/test/presentation/studio_app_test.dart: releases the path field while the native picker owns input
14:06 +763 ~2 -24: /Users/karim/Project/pokemonProject/apps/avelune_studio/test/presentation/studio_app_test.dart: releases the path field while the native picker owns input
14:07 +764 ~2 -24: /Users/karim/Project/pokemonProject/apps/avelune_studio/test/presentation/studio_app_test.dart: shows the real opening action without loading at startup
14:07 +765 ~2 -24: /Users/karim/Project/pokemonProject/apps/avelune_studio/test/presentation/studio_app_test.dart: opens from the native selection, displays identity and closes
14:08 +766 ~2 -24: /Users/karim/Project/pokemonProject/apps/avelune_studio/test/presentation/ui05_narrative_overview_navigation_test.dart: overview opens the exact story and step without publishing
14:08 +767 ~2 -24: /Users/karim/Project/pokemonProject/apps/avelune_studio/test/presentation/ui05_narrative_overview_navigation_test.dart: overview opens the exact story and step without publishing
14:09 +768 ~2 -24: /Users/karim/Project/pokemonProject/apps/avelune_studio/test/presentation/ui05_narrative_overview_navigation_test.dart: overview opens the exact story and step without publishing
14:10 +769 ~2 -24: /Users/karim/Project/pokemonProject/apps/avelune_studio/test/presentation/ui05_narrative_overview_navigation_test.dart: overview opens the exact story and step without publishing
14:10 +770 ~2 -24: /Users/karim/Project/pokemonProject/apps/avelune_studio/test/presentation/ui05_narrative_overview_navigation_test.dart: overview opens the exact story and step without publishing
14:10 +771 ~2 -24: /Users/karim/Project/pokemonProject/apps/avelune_studio/test/presentation/ui05_narrative_overview_navigation_test.dart: overview opens the exact story and step without publishing
14:19 +772 ~2 -24: /Users/karim/Project/pokemonProject/apps/avelune_studio/test/presentation/ui05_narrative_overview_navigation_test.dart: overview opens the exact story and step without publishing
14:26 +772 ~2 -24: /Users/karim/Project/pokemonProject/apps/avelune_studio/test/presentation/map_workspace_journey_test.dart: place move stack undo redo save and runtime return preserve document
══╡ EXCEPTION CAUGHT BY FLUTTER TEST FRAMEWORK ╞════════════════════════════════════════════════════
The following TestFailure was thrown running a test:
Expected: 'studio-1790779140462725-1'
  Actual: 'studio-1790779140897099-2'
   Which: is different.
          Expected: ... 1790779140462725-1
            Actual: ... 1790779140897099-2
                                  ^
           Differ at offset 17

When the exception was thrown, this was the stack:
#4      main.<anonymous closure> (file:///Users/karim/Project/pokemonProject/apps/avelune_studio/test/presentation/map_workspace_journey_test.dart:122:7)
<asynchronous suspension>
#5      testWidgets.<anonymous closure>.<anonymous closure> (package:flutter_test/src/widget_tester.dart:192:15)
<asynchronous suspension>
#6      TestWidgetsFlutterBinding._runTestBody (package:flutter_test/src/binding.dart:1978:5)
<asynchronous suspension>
<asynchronous suspension>
(elided one frame from package:stack_trace)

This was caught by the test expectation on the following line:
  file:///Users/karim/Project/pokemonProject/apps/avelune_studio/test/presentation/map_workspace_journey_test.dart line 122
The test description was:
  place move stack undo redo save and runtime return preserve document
════════════════════════════════════════════════════════════════════════════════════════════════════
14:26 +772 ~2 -25: /Users/karim/Project/pokemonProject/apps/avelune_studio/test/presentation/ui05_narrative_overview_navigation_test.dart: overview opens the exact story and step without publishing
14:26 +772 ~2 -25: /Users/karim/Project/pokemonProject/apps/avelune_studio/test/presentation/map_workspace_journey_test.dart: place move stack undo redo save and runtime return preserve document [E]
  Test failed. See exception logs above.
  The test description was: place move stack undo redo save and runtime return preserve document

14:28 +773 ~2 -25: /Users/karim/Project/pokemonProject/apps/avelune_studio/test/presentation/map_workspace_journey_test.dart: dirty close offers cancel discard save and save conflict prevents runtime
14:29 +774 ~2 -25: /Users/karim/Project/pokemonProject/apps/avelune_studio/test/presentation/ui05_narrative_overview_navigation_test.dart: search and map shortcut preserve the author project
14:32 +775 ~2 -25: /Users/karim/Project/pokemonProject/apps/avelune_studio/test/presentation/ui05_narrative_overview_navigation_test.dart: search and map shortcut preserve the author project
14:33 +776 ~2 -25: /Users/karim/Project/pokemonProject/apps/avelune_studio/test/presentation/ui05_narrative_overview_navigation_test.dart: search and map shortcut preserve the author project
14:34 +777 ~2 -25: /Users/karim/Project/pokemonProject/apps/avelune_studio/test/presentation/ui05_narrative_overview_navigation_test.dart: search and map shortcut preserve the author project
14:36 +777 ~3 -25: /Users/karim/Project/pokemonProject/apps/avelune_studio/test/presentation/ui05_narrative_overview_navigation_test.dart: search and map shortcut preserve the author project
14:37 +778 ~3 -25: /Users/karim/Project/pokemonProject/apps/avelune_studio/test/presentation/ui05_narrative_overview_navigation_test.dart: search and map shortcut preserve the author project
14:38 +779 ~3 -25: /Users/karim/Project/pokemonProject/apps/avelune_studio/test/presentation/ui05_narrative_overview_navigation_test.dart: search and map shortcut preserve the author project
14:38 +780 ~3 -25: /Users/karim/Project/pokemonProject/apps/avelune_studio/test/presentation/ui05_narrative_overview_navigation_test.dart: search and map shortcut preserve the author project
14:38 +781 ~3 -25: /Users/karim/Project/pokemonProject/apps/avelune_studio/test/presentation/ui05_narrative_overview_navigation_test.dart: search and map shortcut preserve the author project
14:39 +782 ~3 -25: /Users/karim/Project/pokemonProject/apps/avelune_studio/test/presentation/ui05_narrative_overview_navigation_test.dart: search and map shortcut preserve the author project
14:39 +783 ~3 -25: /Users/karim/Project/pokemonProject/apps/avelune_studio/test/presentation/ui05_narrative_overview_navigation_test.dart: search and map shortcut preserve the author project
14:39 +784 ~3 -25: /Users/karim/Project/pokemonProject/apps/avelune_studio/test/presentation/ui05_narrative_overview_navigation_test.dart: search and map shortcut preserve the author project
14:39 +785 ~3 -25: /Users/karim/Project/pokemonProject/apps/avelune_studio/test/presentation/ui05_narrative_overview_navigation_test.dart: search and map shortcut preserve the author project
14:39 +786 ~3 -25: /Users/karim/Project/pokemonProject/apps/avelune_studio/test/presentation/ui05_narrative_overview_navigation_test.dart: search and map shortcut preserve the author project
14:39 +787 ~3 -25: /Users/karim/Project/pokemonProject/apps/avelune_studio/test/presentation/ui05_narrative_overview_navigation_test.dart: search and map shortcut preserve the author project
14:40 +788 ~3 -25: /Users/karim/Project/pokemonProject/apps/avelune_studio/test/presentation/ui05_narrative_overview_navigation_test.dart: search and map shortcut preserve the author project
14:42 +789 ~3 -25: /Users/karim/Project/pokemonProject/apps/avelune_studio/test/presentation/resource_catalog_ui03_test.dart: local search includes names and tags without case sensitivity
14:42 +790 ~3 -25: /Users/karim/Project/pokemonProject/apps/avelune_studio/test/presentation/resource_catalog_ui03_test.dart: name sorting has stable canonical ties even after catalog refresh
14:42 +791 ~3 -25: /Users/karim/Project/pokemonProject/apps/avelune_studio/test/presentation/resource_catalog_ui03_test.dart: restored selection survives sorting and filtered selection is valid
14:42 +792 ~3 -25: /Users/karim/Project/pokemonProject/apps/avelune_studio/test/presentation/resource_catalog_ui03_test.dart: same ID in a different family does not inherit prior selection
14:42 +793 ~3 -25: /Users/karim/Project/pokemonProject/apps/avelune_studio/test/presentation/resource_catalog_ui03_test.dart: uncategorized filtering excludes resources with real categories
14:42 +794 ~3 -25: /Users/karim/Project/pokemonProject/apps/avelune_studio/test/presentation/resource_catalog_ui03_test.dart: context reveal changes only filters which hide its exact resource
14:42 +795 ~3 -25: /Users/karim/Project/pokemonProject/apps/avelune_studio/test/presentation/resource_catalog_ui03_test.dart: category options represent only occupied canonical catalog categories
14:42 +796 ~3 -25: /Users/karim/Project/pokemonProject/apps/avelune_studio/test/presentation/resource_catalog_ui03_test.dart: parent category includes descendants without inventing new groups
14:42 +797 ~3 -25: /Users/karim/Project/pokemonProject/apps/avelune_studio/test/presentation/ui08_event_playtest_test.dart: published event opens runtime using revalidated map and returns
14:45 +798 ~3 -25: /Users/karim/Project/pokemonProject/apps/avelune_studio/test/presentation/ui11_scene_presentation_binding_test.dart: typed linked callbacks retain scene draft, selection and viewport
14:46 +799 ~3 -25: /Users/karim/Project/pokemonProject/apps/avelune_studio/test/presentation/ui11_scene_presentation_binding_test.dart: typed linked callbacks retain scene draft, selection and viewport
14:47 +800 ~3 -25: /Users/karim/Project/pokemonProject/apps/avelune_studio/test/presentation/ui08_event_playtest_test.dart: published disabled event refuses runtime launch
14:47 +801 ~3 -25: /Users/karim/Project/pokemonProject/apps/avelune_studio/test/presentation/ui11_scene_presentation_binding_test.dart: presentation preview resolves current draft and does not revive a deleted source
14:47 +802 ~3 -25: /Users/karim/Project/pokemonProject/apps/avelune_studio/test/presentation/ui08_event_playtest_test.dart: published draft refuses runtime launch
14:47 +803 ~3 -25: /Users/karim/Project/pokemonProject/apps/avelune_studio/test/presentation/ui08_event_playtest_test.dart: launch refuses selection changing during asynchronous read
14:48 +804 ~3 -25: /Users/karim/Project/pokemonProject/apps/avelune_studio/test/presentation/ui08_event_playtest_test.dart: launch refuses record changing during asynchronous read
14:48 +805 ~3 -25: /Users/karim/Project/pokemonProject/apps/avelune_studio/test/presentation/ui08_event_playtest_test.dart: launch refuses map changing during asynchronous read
14:48 +806 ~3 -25: /Users/karim/Project/pokemonProject/apps/avelune_studio/test/presentation/ui08_event_playtest_test.dart: launch refuses project changing during asynchronous read
14:48 +807 ~3 -25: /Users/karim/Project/pokemonProject/apps/avelune_studio/test/presentation/ui08_event_playtest_test.dart: flush failure blocks close and both playtest routes without rejected UI futures
14:49 +808 ~3 -25: /Users/karim/Project/pokemonProject/apps/avelune_studio/test/presentation/border_creation_journey_test.dart: Studio publishes a border and offers it to the map tool
15:05 +809 ~3 -25: /Users/karim/Project/pokemonProject/apps/avelune_studio/test/presentation/m3_authoring_journey_test.dart: author edits choices conditions and story, publishes and reopens
15:06 +810 ~3 -25: /Users/karim/Project/pokemonProject/apps/avelune_studio/test/presentation/ui05_verification_summary_test.dart: overview summarizes the last real verification report
15:11 +811 ~3 -25: /Users/karim/Project/pokemonProject/apps/avelune_studio/test/presentation/ui05_verification_summary_test.dart: overview summarizes the last real verification report
15:13 +812 ~3 -25: /Users/karim/Project/pokemonProject/apps/avelune_studio/test/presentation/ui07_story_selection_test.dart: UI07 homonym story IDs and filtering retain the exact active dirty document
15:13 +813 ~3 -25: /Users/karim/Project/pokemonProject/apps/avelune_studio/test/presentation/ui07_story_selection_test.dart: UI07 coherence reveals the actual missing reference from structure without publishing
15:15 +814 ~3 -25: /Users/karim/Project/pokemonProject/apps/avelune_studio/test/presentation/ui06_scene_navigation_test.dart: UI06 advanced interaction opens exact scene and draft survives navigation and refused close
15:17 +815 ~3 -25: /Users/karim/Project/pokemonProject/apps/avelune_studio/test/presentation/ui06_scene_navigation_test.dart: UI06 advanced interaction opens exact scene and draft survives navigation and refused close
15:18 +816 ~3 -25: /Users/karim/Project/pokemonProject/apps/avelune_studio/test/presentation/m2_end_to_end_test.dart: real import decor terrain save reload and runtime journey
[runtime_loader] bundle load start projectFilePath=/private/var/folders/b5/7gsfwzyd449_54n8l40h40gc0000gn/T/avelune_m2_ui_HGuXQt/project.json mapId=jardin
[runtime_loader] project manifest lookup path=/private/var/folders/b5/7gsfwzyd449_54n8l40h40gc0000gn/T/avelune_m2_ui_HGuXQt/project.json
[runtime_loader] project manifest read ok bytes=45398
[runtime_loader] project manifest validated maps=2 tilesets=2 scenarios=0
[runtime_loader] bundle map resolved mapId=jardin relativePath=maps/jardin.json mapPath=/private/var/folders/b5/7gsfwzyd449_54n8l40h40gc0000gn/T/avelune_m2_ui_HGuXQt/maps/jardin.json
[runtime_loader] map file lookup path=/private/var/folders/b5/7gsfwzyd449_54n8l40h40gc0000gn/T/avelune_m2_ui_HGuXQt/maps/jardin.json
[runtime_loader] map file read ok bytes=24375
[runtime_loader] map validated id=jardin size=24x16 layers=4 entities=1 placedElements=6 warps=0 triggers=0
[runtime_loader] bundle tilesets collected ids=atelier,source_1790779199361978_1159713823
[runtime_loader] bundle tileset path id=atelier path=/private/var/folders/b5/7gsfwzyd449_54n8l40h40gc0000gn/T/avelune_m2_ui_HGuXQt/assets/atelier.png
[runtime_loader] bundle tileset path id=source_1790779199361978_1159713823 path=/private/var/folders/b5/7gsfwzyd449_54n8l40h40gc0000gn/T/avelune_m2_ui_HGuXQt/assets/.pokemap-store/410a5c9667c98ac02aab06b022caa817b619b07228972c838d3c023576cff8a8.blob
[runtime_loader] bundle load ok mapId=jardin projectRoot=/private/var/folders/b5/7gsfwzyd449_54n8l40h40gc0000gn/T/avelune_m2_ui_HGuXQt tilesets=2
[runtime_game] tileset image load start map=jardin
[runtime_game] tileset cache resolve requested=2
[runtime_game] tileset cache resolve ok result=2
[runtime_game] onLoad start map=jardin projectFilePath=/private/var/folders/b5/7gsfwzyd449_54n8l40h40gc0000gn/T/avelune_m2_ui_HGuXQt/project.json tilesets=2
[runtime_game] world build start map=jardin
[runtime] Map loaded: jardin, spawn at (8, 9)
[runtime_game] tileset image load ok count=2 map=jardin
[runtime_game] mount root map start map=jardin
[runtime_game] mount root map ok map=jardin
[runtime_game] onLoad completed activeMapId=jardin
[event_v2] mapEnter activation=mapact_1790779209982654_1 map=jardin reason=initialBoot result=MapEnterProductionDispatchLegacyFallback
15:33 +817 ~3 -25: /Users/karim/Project/pokemonProject/apps/avelune_studio/test/presentation/m2_end_to_end_test.dart: real import decor terrain save reload and runtime journey
15:34 +818 ~3 -25: /Users/karim/Project/pokemonProject/apps/avelune_studio/test/presentation/studio_gallery_test.dart: gallery controls resources and tokens remain usable: desktop
15:36 +819 ~3 -25: /Users/karim/Project/pokemonProject/apps/avelune_studio/test/presentation/m2_end_to_end_test.dart: large resource library remains usable at narrow enlarged text
15:36 +820 ~3 -25: /Users/karim/Project/pokemonProject/apps/avelune_studio/test/presentation/m2_end_to_end_test.dart: large resource library remains usable at narrow enlarged text
15:37 +821 ~3 -25: /Users/karim/Project/pokemonProject/apps/avelune_studio/test/presentation/ui02_palette_test.dart: lazy decor grid retains scroll and activates actual brush
15:38 +822 ~3 -25: /Users/karim/Project/pokemonProject/apps/avelune_studio/test/presentation/brush_retention_transition_test.dart: tool integration retains one brush with hidden palette and small budget
15:38 +823 ~3 -25: /Users/karim/Project/pokemonProject/apps/avelune_studio/test/presentation/brush_retention_transition_test.dart: tool integration retains one brush with hidden palette and small budget
15:39 +824 ~3 -25: /Users/karim/Project/pokemonProject/apps/avelune_studio/test/presentation/brush_retention_transition_test.dart: tool integration retains one brush with hidden palette and small budget
15:39 +825 ~3 -25: /Users/karim/Project/pokemonProject/apps/avelune_studio/test/presentation/brush_retention_transition_test.dart: tool integration retains one brush with hidden palette and small budget
15:41 +826 ~3 -25: /Users/karim/Project/pokemonProject/apps/avelune_studio/test/presentation/brush_retention_transition_test.dart: tool integration retains one brush with hidden palette and small budget
15:41 +827 ~3 -25: /Users/karim/Project/pokemonProject/apps/avelune_studio/test/presentation/brush_retention_transition_test.dart: tool integration retains one brush with hidden palette and small budget
15:41 +828 ~3 -25: /Users/karim/Project/pokemonProject/apps/avelune_studio/test/presentation/brush_retention_transition_test.dart: tool integration retains one brush with hidden palette and small budget
15:44 +829 ~3 -25: /Users/karim/Project/pokemonProject/apps/avelune_studio/test/presentation/ui05_narrative_overview_collection_test.dart: large story collections keep the overview bounded and searchable
15:45 +830 ~3 -25: /Users/karim/Project/pokemonProject/apps/avelune_studio/test/presentation/ui05_narrative_overview_collection_test.dart: large story collections keep the overview bounded and searchable
15:46 +831 ~3 -25: /Users/karim/Project/pokemonProject/apps/avelune_studio/test/presentation/ui05_narrative_overview_collection_test.dart: large story collections keep the overview bounded and searchable
15:46 +832 ~3 -25: /Users/karim/Project/pokemonProject/apps/avelune_studio/test/presentation/ui05_narrative_overview_collection_test.dart: large story collections keep the overview bounded and searchable
15:46 +833 ~3 -25: /Users/karim/Project/pokemonProject/apps/avelune_studio/test/presentation/ui05_narrative_overview_collection_test.dart: filter leaves a neutral detail until a visible story is selected
15:48 +834 ~3 -25: /Users/karim/Project/pokemonProject/apps/avelune_studio/test/presentation/ui05_story_journey_test.dart: UI05 story overview reads canonical fixture without mutations
15:52 +835 ~3 -25: /Users/karim/Project/pokemonProject/apps/avelune_studio/test/presentation/ui05_story_journey_test.dart: UI05 story overview reads canonical fixture without mutations
15:53 +836 ~3 -25: /Users/karim/Project/pokemonProject/apps/avelune_studio/test/presentation/ui05_story_journey_test.dart: UI05 story overview reads canonical fixture without mutations
15:55 +837 ~3 -25: /Users/karim/Project/pokemonProject/apps/avelune_studio/test/presentation/ui05_narrative_artwork_test.dart: overview uses project artwork for hero, story, and scene
15:56 +838 ~3 -25: /Users/karim/Project/pokemonProject/apps/avelune_studio/test/presentation/ui08_event_sources_test.dart: UI08 four real sources preserve exact targets and Escape cancels without writes
15:57 +839 ~3 -25: /Users/karim/Project/pokemonProject/apps/avelune_studio/test/presentation/ui08_event_sources_test.dart: UI08 four real sources preserve exact targets and Escape cancels without writes
16:02 +840 ~3 -25: /Users/karim/Project/pokemonProject/apps/avelune_studio/test/presentation/ui08_event_sources_test.dart: UI08 four real sources preserve exact targets and Escape cancels without writes
16:04 +841 ~3 -25: /Users/karim/Project/pokemonProject/apps/avelune_studio/test/presentation/ui05_narrative_overview_landing_test.dart: history map shortcut disarms placement and eraser before canvas input
16:05 +842 ~3 -25: /Users/karim/Project/pokemonProject/apps/avelune_studio/test/presentation/ui05_narrative_overview_landing_test.dart: history map shortcut disarms placement and eraser before canvas input
16:05 +843 ~3 -25: /Users/karim/Project/pokemonProject/apps/avelune_studio/test/presentation/resource_detail_ui03_test.dart: use action stays visible while detail scrolls at 150 percent
16:05 +844 ~3 -25: /Users/karim/Project/pokemonProject/apps/avelune_studio/test/presentation/resource_detail_ui03_test.dart: unprepared image retains an honest tile-use destination
16:06 +845 ~3 -25: /Users/karim/Project/pokemonProject/apps/avelune_studio/test/presentation/resource_detail_ui03_test.dart: terrain example resolves distinct edges using real tile IDs
16:06 +846 ~3 -25: /Users/karim/Project/pokemonProject/apps/avelune_studio/test/terrain_creation_test.dart: source respects rectangular cells, margins, spacing and exact frame pixels
16:06 +847 ~3 -25: /Users/karim/Project/pokemonProject/apps/avelune_studio/test/terrain_creation_test.dart: all 16 native cardinal contexts resolve their own assigned candidate
16:06 +848 ~3 -25: /Users/karim/Project/pokemonProject/apps/avelune_studio/test/terrain_creation_test.dart: scratch paint and erase update neighbor rule using canonical resolver
16:06 +849 ~3 -25: /Users/karim/Project/pokemonProject/apps/avelune_studio/test/terrain_creation_test.dart: incomplete draft saves through existing contract and resumes unchanged
16:06 +850 ~3 -25: /Users/karim/Project/pokemonProject/apps/avelune_studio/test/terrain_creation_test.dart: publication failure retains editable draft and never writes a map
16:06 +851 ~3 -25: /Users/karim/Project/pokemonProject/apps/avelune_studio/test/terrain_creation_test.dart: one brush gesture creates support, paints, undoes and reloads same resolution
16:06 +852 ~3 -25: /Users/karim/Project/pokemonProject/apps/avelune_studio/test/ui13_verification_host_recovery_test.dart: saving from an editor during a control frees the page
16:10 +853 ~3 -25: /Users/karim/Project/pokemonProject/apps/avelune_studio/test/ui13_verification_host_recovery_test.dart: saving from an editor during a control frees the page
16:11 +854 ~3 -25: /Users/karim/Project/pokemonProject/apps/avelune_studio/test/game_export/studio_game_export_cancel_test.dart: cancel before confirmed replacement preserves existing bytes
16:11 +855 ~3 -25: /Users/karim/Project/pokemonProject/apps/avelune_studio/test/game_export/studio_game_export_cancel_test.dart: cancel during destination existence check prevents writing
16:12 +856 ~3 -25: /Users/karim/Project/pokemonProject/apps/avelune_studio/test/game_export/studio_game_export_service_test.dart: home navigation opens export as a workspace page and returns to Carte
16:12 +857 ~3 -25: /Users/karim/Project/pokemonProject/apps/avelune_studio/test/game_export/studio_game_export_service_test.dart: home navigation opens export as a workspace page and returns to Carte
16:12 +858 ~3 -25: /Users/karim/Project/pokemonProject/apps/avelune_studio/test/game_export/studio_game_export_service_test.dart: home navigation opens export as a workspace page and returns to Carte
16:13 +859 ~3 -25: /Users/karim/Project/pokemonProject/apps/avelune_studio/test/game_export/studio_game_export_service_test.dart: home navigation opens export as a workspace page and returns to Carte
16:14 +860 ~3 -25: /Users/karim/Project/pokemonProject/apps/avelune_studio/test/game_export/studio_game_export_service_test.dart: home navigation opens export as a workspace page and returns to Carte
16:14 +861 ~3 -25: /Users/karim/Project/pokemonProject/apps/avelune_studio/test/game_export/studio_game_export_control_test.dart: an unreadable export profile is preserved and blocks export
16:15 +862 ~3 -25: /Users/karim/Project/pokemonProject/apps/avelune_studio/test/game_export/studio_game_export_service_test.dart: small desktop page keeps fields and actions reachable
16:17 +863 ~3 -25: /Users/karim/Project/pokemonProject/apps/avelune_studio/test/game_export/studio_game_export_control_test.dart: missing source resource prevents the package
16:18 +864 ~3 -25: /Users/karim/Project/pokemonProject/apps/avelune_studio/test/game_export/studio_game_export_control_test.dart: missing source resource prevents the package
16:19 +865 ~3 -25: /Users/karim/Project/pokemonProject/apps/avelune_studio/test/game_export/studio_game_export_service_test.dart: a rejected owner save keeps the interaction draft and blocks export
16:20 +866 ~3 -25: /Users/karim/Project/pokemonProject/apps/avelune_studio/test/game_export/studio_game_export_service_test.dart: a rejected owner save keeps the interaction draft and blocks export
16:20 +867 ~3 -25: /Users/karim/Project/pokemonProject/apps/avelune_studio/test/game_export/studio_game_export_service_test.dart: a rejected owner save keeps the interaction draft and blocks export
16:21 +868 ~3 -25: /Users/karim/Project/pokemonProject/apps/avelune_studio/test/game_export/studio_game_export_service_test.dart: a rejected owner save keeps the interaction draft and blocks export
16:22 +869 ~3 -25: /Users/karim/Project/pokemonProject/apps/avelune_studio/test/game_export/studio_game_export_service_test.dart: a rejected owner save keeps the interaction draft and blocks export
16:22 +870 ~3 -25: /Users/karim/Project/pokemonProject/apps/avelune_studio/test/game_export/studio_game_export_service_test.dart: a rejected owner save keeps the interaction draft and blocks export
16:22 +871 ~3 -25: /Users/karim/Project/pokemonProject/apps/avelune_studio/test/game_export/studio_game_export_service_test.dart: a rejected owner save keeps the interaction draft and blocks export
16:23 +872 ~3 -25: /Users/karim/Project/pokemonProject/apps/avelune_studio/test/game_export/studio_game_export_service_test.dart: declining replacement preserves an existing package
16:24 +873 ~3 -25: /Users/karim/Project/pokemonProject/apps/avelune_studio/test/game_export/studio_game_export_close_test.dart: unreadable profile permits workspace and window exit without a draft
16:27 +874 ~3 -25: /Users/karim/Project/pokemonProject/apps/avelune_studio/test/game_export/studio_game_export_service_test.dart: Studio exports the saved two-map story through its own page
16:28 +875 ~3 -25: /Users/karim/Project/pokemonProject/apps/avelune_studio/test/game_export/studio_game_export_service_test.dart: Studio exports the saved two-map story through its own page
16:31 +876 ~3 -25: /Users/karim/Project/pokemonProject/apps/avelune_studio/test/game_export/studio_game_export_close_test.dart: cancelled export keeps every exit guard until cleanup finishes
16:31 +877 ~3 -25: /Users/karim/Project/pokemonProject/apps/avelune_studio/test/game_export/studio_game_export_close_test.dart: cancelled export keeps every exit guard until cleanup finishes
16:33 +878 ~3 -25: /Users/karim/Project/pokemonProject/apps/avelune_studio/test/game_export/studio_game_export_project_switch_test.dart: home opens the export page on its mounted project and exports a package
16:39 +879 ~3 -25: /Users/karim/Project/pokemonProject/apps/avelune_studio/test/game_export/studio_game_export_project_switch_test.dart: home opens the export page on its mounted project and exports a package
16:41 +880 ~3 -25: /Users/karim/Project/pokemonProject/apps/avelune_studio/test/ui12_world_global_close_test.dart: invalid input on a clean rule still requires an explicit choice
16:42 +881 ~3 -25: /Users/karim/Project/pokemonProject/apps/avelune_studio/test/game_export/studio_game_export_project_switch_test.dart: home switches a real workspace despite its unreadable profile
16:44 +882 ~3 -25: /Users/karim/Project/pokemonProject/apps/avelune_studio/test/ui12_world_global_close_test.dart: a failed rule keeps close blocked after its new state is saved
16:45 +883 ~3 -25: /Users/karim/Project/pokemonProject/apps/avelune_studio/test/ui13_verification_dialogue_source_test.dart: an unopened dialogue is checked from its saved source
16:46 +884 ~3 -25: /Users/karim/Project/pokemonProject/apps/avelune_studio/test/ui13_verification_dialogue_source_test.dart: a text changed in the editor is the one that gets compiled
16:46 +885 ~3 -25: /Users/karim/Project/pokemonProject/apps/avelune_studio/test/ui13_verification_dialogue_source_test.dart: an unsaved source is compiled, not published
16:46 +886 ~3 -25: /Users/karim/Project/pokemonProject/apps/avelune_studio/test/map_workspace/zone_visual_test.dart: the encounter zone inspector holds the charter
16:47 +887 ~3 -25: /Users/karim/Project/pokemonProject/apps/avelune_studio/test/map_workspace/zone_visual_test.dart: the encounter zone inspector holds the charter
16:47 +888 ~3 -25: /Users/karim/Project/pokemonProject/apps/avelune_studio/test/map_workspace/zone_visual_test.dart: the hazard zone inspector holds the charter
16:47 +889 ~3 -25: /Users/karim/Project/pokemonProject/apps/avelune_studio/test/map_workspace/context_keyboard_test.dart: the menu takes the focus and gives it back on Escape
16:48 +890 ~3 -25: /Users/karim/Project/pokemonProject/apps/avelune_studio/test/map_workspace/trigger_visual_test.dart: the story zone inspector holds the charter
16:49 +891 ~3 -25: /Users/karim/Project/pokemonProject/apps/avelune_studio/test/map_workspace/trigger_visual_test.dart: the story zone inspector holds the charter
16:49 +892 ~3 -25: /Users/karim/Project/pokemonProject/apps/avelune_studio/test/map_workspace/trigger_visual_test.dart: the story zone inspector holds the charter
16:49 +893 ~3 -25: /Users/karim/Project/pokemonProject/apps/avelune_studio/test/map_workspace/trigger_visual_test.dart: the story zone inspector holds the charter
16:51 +894 ~3 -25: /Users/karim/Project/pokemonProject/apps/avelune_studio/test/map_workspace/marker_visual_test.dart: the spawn inspector holds the charter
16:52 +895 ~3 -25: /Users/karim/Project/pokemonProject/apps/avelune_studio/test/map_workspace/keyboard_delete_host_test.dart: the Delete keys refuse a character an unsaved world rule targets
16:52 +896 ~3 -25: /Users/karim/Project/pokemonProject/apps/avelune_studio/test/map_workspace/keyboard_delete_host_test.dart: the Delete keys refuse a character an unsaved world rule targets
16:54 +897 ~3 -25: /Users/karim/Project/pokemonProject/apps/avelune_studio/test/map_workspace/keyboard_delete_host_test.dart: the Delete keys refuse a character an unsaved world rule targets
16:55 +898 ~3 -25: /Users/karim/Project/pokemonProject/apps/avelune_studio/test/map_workspace/keyboard_delete_host_test.dart: the Delete keys refuse a character an unsaved world rule targets
16:55 +899 ~3 -25: /Users/karim/Project/pokemonProject/apps/avelune_studio/test/map_workspace/keyboard_delete_host_test.dart: the Delete keys refuse a character an unsaved world rule targets
16:56 +900 ~3 -25: /Users/karim/Project/pokemonProject/apps/avelune_studio/test/map_workspace/map_decor_animation_panel_test.dart: animated decor configures runtime triggers and survives JSON
16:57 +901 ~3 -25: /Users/karim/Project/pokemonProject/apps/avelune_studio/test/map_workspace/keyboard_delete_host_test.dart: a configured event that is not saved yet protects its character
16:58 +901 ~3 -25: /Users/karim/Project/pokemonProject/apps/avelune_studio/test/map_workspace/warp_disk_journey_test.dart: a warp saved on disk really carries the player to the other map
[runtime_loader] bundle load start projectFilePath=/private/var/folders/b5/7gsfwzyd449_54n8l40h40gc0000gn/T/avelune_asmap_1aArYs/project.json mapId=jardin
[runtime_loader] project manifest lookup path=/private/var/folders/b5/7gsfwzyd449_54n8l40h40gc0000gn/T/avelune_asmap_1aArYs/project.json
[runtime_loader] project manifest read ok bytes=8480
[runtime_loader] project manifest validated maps=2 tilesets=1 scenarios=0
[runtime_loader] bundle map resolved mapId=jardin relativePath=maps/jardin.json mapPath=/private/var/folders/b5/7gsfwzyd449_54n8l40h40gc0000gn/T/avelune_asmap_1aArYs/maps/jardin.json
[runtime_loader] map file lookup path=/private/var/folders/b5/7gsfwzyd449_54n8l40h40gc0000gn/T/avelune_asmap_1aArYs/maps/jardin.json
[runtime_loader] map file read ok bytes=17755
[runtime_loader] map validated id=jardin size=24x16 layers=3 entities=1 placedElements=3 warps=1 triggers=0
[runtime_loader] bundle tilesets collected ids=atelier
[runtime_loader] bundle tileset path id=atelier path=/private/var/folders/b5/7gsfwzyd449_54n8l40h40gc0000gn/T/avelune_asmap_1aArYs/assets/atelier.png
[runtime_loader] bundle load ok mapId=jardin projectRoot=/private/var/folders/b5/7gsfwzyd449_54n8l40h40gc0000gn/T/avelune_asmap_1aArYs tilesets=1
[runtime_loader] bundle load start projectFilePath=/private/var/folders/b5/7gsfwzyd449_54n8l40h40gc0000gn/T/avelune_asmap_1aArYs/project.json mapId=clairiere
[runtime_loader] bundle map resolved mapId=clairiere relativePath=maps/clairiere.json mapPath=/private/var/folders/b5/7gsfwzyd449_54n8l40h40gc0000gn/T/avelune_asmap_1aArYs/maps/clairiere.json
[runtime_loader] map file lookup path=/private/var/folders/b5/7gsfwzyd449_54n8l40h40gc0000gn/T/avelune_asmap_1aArYs/maps/clairiere.json
[runtime_loader] map file read ok bytes=17376
[runtime_loader] map validated id=clairiere size=24x16 layers=3 entities=1 placedElements=3 warps=0 triggers=0
[runtime_loader] bundle tilesets collected ids=atelier
[runtime_loader] bundle tileset path id=atelier path=/private/var/folders/b5/7gsfwzyd449_54n8l40h40gc0000gn/T/avelune_asmap_1aArYs/assets/atelier.png
[runtime_loader] bundle load ok mapId=clairiere projectRoot=/private/var/folders/b5/7gsfwzyd449_54n8l40h40gc0000gn/T/avelune_asmap_1aArYs tilesets=1
16:58 +902 ~3 -25: /Users/karim/Project/pokemonProject/apps/avelune_studio/test/map_workspace/keyboard_delete_host_test.dart: a configured event that is not saved yet protects its character
16:58 +902 ~3 -25: /Users/karim/Project/pokemonProject/apps/avelune_studio/test/map_workspace/warp_disk_journey_test.dart: a warp saved as bump does not fire on a plain step
[runtime_loader] bundle load start projectFilePath=/private/var/folders/b5/7gsfwzyd449_54n8l40h40gc0000gn/T/avelune_asmap_azUqdP/project.json mapId=jardin
[runtime_loader] project manifest lookup path=/private/var/folders/b5/7gsfwzyd449_54n8l40h40gc0000gn/T/avelune_asmap_azUqdP/project.json
[runtime_loader] project manifest read ok bytes=8480
[runtime_loader] project manifest validated maps=2 tilesets=1 scenarios=0
[runtime_loader] bundle map resolved mapId=jardin relativePath=maps/jardin.json mapPath=/private/var/folders/b5/7gsfwzyd449_54n8l40h40gc0000gn/T/avelune_asmap_azUqdP/maps/jardin.json
[runtime_loader] map file lookup path=/private/var/folders/b5/7gsfwzyd449_54n8l40h40gc0000gn/T/avelune_asmap_azUqdP/maps/jardin.json
[runtime_loader] map file read ok bytes=17754
[runtime_loader] map validated id=jardin size=24x16 layers=3 entities=1 placedElements=3 warps=1 triggers=0
[runtime_loader] bundle tilesets collected ids=atelier
[runtime_loader] bundle tileset path id=atelier path=/private/var/folders/b5/7gsfwzyd449_54n8l40h40gc0000gn/T/avelune_asmap_azUqdP/assets/atelier.png
[runtime_loader] bundle load ok mapId=jardin projectRoot=/private/var/folders/b5/7gsfwzyd449_54n8l40h40gc0000gn/T/avelune_asmap_azUqdP tilesets=1
16:58 +903 ~3 -25: /Users/karim/Project/pokemonProject/apps/avelune_studio/test/map_workspace/keyboard_delete_host_test.dart: a configured event that is not saved yet protects its character
16:58 +904 ~3 -25: /Users/karim/Project/pokemonProject/apps/avelune_studio/test/map_workspace/keyboard_delete_host_test.dart: a configured event that is not saved yet protects its character
16:58 +905 ~3 -25: /Users/karim/Project/pokemonProject/apps/avelune_studio/test/map_workspace/keyboard_delete_host_test.dart: a configured event that is not saved yet protects its character
16:58 +906 ~3 -25: /Users/karim/Project/pokemonProject/apps/avelune_studio/test/map_workspace/keyboard_delete_host_test.dart: a configured event that is not saved yet protects its character
16:59 +907 ~3 -25: /Users/karim/Project/pokemonProject/apps/avelune_studio/test/map_workspace/keyboard_delete_host_test.dart: a rule on a twin id elsewhere blocks nothing, and the deletion undoes
17:00 +908 ~3 -25: /Users/karim/Project/pokemonProject/apps/avelune_studio/test/map_workspace/keyboard_delete_host_test.dart: a rule on a twin id elsewhere blocks nothing, and the deletion undoes
17:00 +909 ~3 -25: /Users/karim/Project/pokemonProject/apps/avelune_studio/test/map_workspace/keyboard_delete_host_test.dart: a rule on a twin id elsewhere blocks nothing, and the deletion undoes
17:00 +910 ~3 -25: /Users/karim/Project/pokemonProject/apps/avelune_studio/test/map_workspace/keyboard_delete_host_test.dart: a rule on a twin id elsewhere blocks nothing, and the deletion undoes
17:01 +911 ~3 -25: /Users/karim/Project/pokemonProject/apps/avelune_studio/test/map_workspace/keyboard_delete_host_test.dart: Delete never acts behind an open context menu
17:02 +912 ~3 -25: /Users/karim/Project/pokemonProject/apps/avelune_studio/test/map_workspace/keyboard_delete_host_test.dart: Delete never acts behind an open context menu
17:02 +913 ~3 -25: /Users/karim/Project/pokemonProject/apps/avelune_studio/test/map_workspace/keyboard_delete_host_test.dart: Delete never acts behind an open context menu
17:02 +914 ~3 -25: /Users/karim/Project/pokemonProject/apps/avelune_studio/test/map_workspace/keyboard_delete_host_test.dart: Delete never acts behind an open context menu
17:02 +915 ~3 -25: /Users/karim/Project/pokemonProject/apps/avelune_studio/test/map_workspace/keyboard_delete_host_test.dart: Delete never acts behind an open context menu
17:02 +916 ~3 -25: /Users/karim/Project/pokemonProject/apps/avelune_studio/test/map_workspace/keyboard_delete_host_test.dart: Delete never acts behind an open context menu
17:02 +917 ~3 -25: /Users/karim/Project/pokemonProject/apps/avelune_studio/test/map_workspace/keyboard_delete_host_test.dart: Delete never acts behind an open context menu
17:02 +918 ~3 -25: /Users/karim/Project/pokemonProject/apps/avelune_studio/test/map_workspace/keyboard_delete_host_test.dart: Delete never acts behind an open context menu
17:02 +919 ~3 -25: /Users/karim/Project/pokemonProject/apps/avelune_studio/test/map_workspace/keyboard_delete_host_test.dart: Delete never acts behind an open context menu
17:02 +920 ~3 -25: /Users/karim/Project/pokemonProject/apps/avelune_studio/test/map_workspace/keyboard_delete_host_test.dart: Delete never acts behind an open context menu
17:02 +921 ~3 -25: /Users/karim/Project/pokemonProject/apps/avelune_studio/test/map_workspace/keyboard_delete_host_test.dart: a story zone whose interaction is being written refuses both paths
17:04 +922 ~3 -25: /Users/karim/Project/pokemonProject/apps/avelune_studio/test/map_workspace/keyboard_delete_host_test.dart: a story zone whose interaction is being written refuses both paths
17:05 +923 ~3 -25: /Users/karim/Project/pokemonProject/apps/avelune_studio/test/map_workspace/decor_transform_host_test.dart: inspector transform saves and reloads through the real workspace adapter
17:07 +924 ~3 -25: /Users/karim/Project/pokemonProject/apps/avelune_studio/test/map_workspace/keyboard_delete_host_test.dart: every family the menu deletes, the keyboard deletes and undoes
17:07 +925 ~3 -25: /Users/karim/Project/pokemonProject/apps/avelune_studio/test/map_workspace/keyboard_delete_host_test.dart: every family the menu deletes, the keyboard deletes and undoes
17:07 +926 ~3 -25: /Users/karim/Project/pokemonProject/apps/avelune_studio/test/map_workspace/keyboard_delete_host_test.dart: every family the menu deletes, the keyboard deletes and undoes
17:08 +927 ~3 -25: /Users/karim/Project/pokemonProject/apps/avelune_studio/test/map_workspace/keyboard_delete_host_test.dart: every family the menu deletes, the keyboard deletes and undoes
17:08 +928 ~3 -25: /Users/karim/Project/pokemonProject/apps/avelune_studio/test/map_workspace/decor_transform_host_test.dart: Shift rebases without a jump at zoom 0.5 and grid keeps residue
17:08 +929 ~3 -25: /Users/karim/Project/pokemonProject/apps/avelune_studio/test/map_workspace/decor_transform_host_test.dart: Shift rebases without a jump at zoom 1.0 and grid keeps residue
17:08 +930 ~3 -25: /Users/karim/Project/pokemonProject/apps/avelune_studio/test/map_workspace/decor_transform_host_test.dart: Shift rebases without a jump at zoom 1.5 and grid keeps residue
17:08 +931 ~3 -25: /Users/karim/Project/pokemonProject/apps/avelune_studio/test/map_workspace/decor_transform_host_test.dart: Shift rebases without a jump at zoom 2.0 and grid keeps residue
17:08 +932 ~3 -25: /Users/karim/Project/pokemonProject/apps/avelune_studio/test/map_workspace/decor_transform_host_test.dart: Shift rebases without a jump at zoom 3.0 and grid keeps residue
17:08 +933 ~3 -25: /Users/karim/Project/pokemonProject/apps/avelune_studio/test/map_workspace/decor_transform_host_test.dart: corners preserve the initial ratio across Shift changes and sides clamp at one
17:08 +934 ~3 -25: /Users/karim/Project/pokemonProject/apps/avelune_studio/test/map_workspace/decor_transform_host_test.dart: Escape, tool change, source change and focus loss cancel without history
17:08 +935 ~3 -25: /Users/karim/Project/pokemonProject/apps/avelune_studio/test/map_workspace/warp_visual_test.dart: the warp palette and inspector hold the charter at Size(1536.0, 1024.0)
17:09 +936 ~3 -25: /Users/karim/Project/pokemonProject/apps/avelune_studio/test/map_workspace/warp_visual_test.dart: the warp palette and inspector hold the charter at Size(1536.0, 1024.0)
17:09 +937 ~3 -25: /Users/karim/Project/pokemonProject/apps/avelune_studio/test/map_workspace/warp_visual_test.dart: the warp palette and inspector hold the charter at Size(1536.0, 1024.0)
17:09 +938 ~3 -25: /Users/karim/Project/pokemonProject/apps/avelune_studio/test/map_workspace/warp_visual_test.dart: the warp palette and inspector hold the charter at Size(1024.0, 640.0)
17:10 +939 ~3 -25: /Users/karim/Project/pokemonProject/apps/avelune_studio/test/map_workspace/map_connection_host_test.dart: the real map workspace links and unlinks both borders

Warning: A call to tap() with finder "Found 1 widget with key [<'connection-create'>]: [
  StudioButton-[<'connection-create'>](dependencies: [InheritedCupertinoTheme, _InheritedTheme, _LocalizationsScope-[GlobalKey#9f70a]]),
]" derived an Offset (Offset(1330.0, 684.0)) that would not hit test on the specified widget.
Maybe the widget is actually off-screen, or another widget is obscuring it, or the widget cannot receive pointer events.
The finder corresponds to this RenderBox: RenderSemanticsAnnotations#2e311 relayoutBoundary=up3
The hit test result at that offset is: HitTestResult(RenderPointerListener#a9c75@Offset(191.0, 243.0), RenderSemanticsGestureHandler#fa60c@Offset(191.0, 243.0), RenderPointerListener#28fb7@Offset(191.0, 243.0), _RenderScrollSemantics#5ed8a@Offset(191.0, 243.0), RenderClipRect#e4567@Offset(191.0, 243.0), RenderFlex#10aa4@Offset(191.0, 267.0), RenderFlex#5751a@Offset(191.0, 411.0), RenderPadding#caf42@Offset(201.0, 421.0), RenderPadding#04ed9@Offset(202.0, 421.0), RenderDecoratedBox#315bf@Offset(202.0, 421.0), RenderConstrainedBox#f6cd6@Offset(202.0, 421.0), _RenderInkFeatures#94a0f@Offset(202.0, 421.0), RenderPhysicalModel#a86cf@Offset(202.0, 421.0), RenderFlex#7102a@Offset(202.0, 627.0), _RenderLayoutBuilder#c8faf@Offset(202.0, 627.0), RenderConstrainedBox#340fb@Offset(202.0, 627.0), RenderFlex#a6d91@Offset(202.0, 672.0), RenderConstrainedBox#812f3@Offset(202.0, 672.0), _RenderInkFeatures#b66ca@Offset(202.0, 672.0), RenderCustomPaint#ba514@Offset(202.0, 672.0), RenderPhysicalShape#8079b@Offset(202.0, 672.0), RenderConstrainedBox#5fbee@Offset(202.0, 672.0), RenderPositionedBox#0eda8@Offset(1318.0, 672.0), RenderPadding#6d749@Offset(1330.0, 684.0), RenderSemanticsAnnotations#e4d5c@Offset(1330.0, 684.0), RenderPadding#83cbe@Offset(1330.0, 684.0), RenderSemanticsAnnotations#ed287@Offset(1330.0, 684.0), RenderPadding#9a138@Offset(1330.0, 684.0), RenderSemanticsAnnotations#a5e24@Offset(1330.0, 684.0), RenderRepaintBoundary#49b7e@Offset(1330.0, 684.0), RenderIgnorePointer#b3e47@Offset(1330.0, 684.0), RenderAnimatedOpacity#2ffbd@Offset(1330.0, 684.0), RenderRepaintBoundary#3d366@Offset(1330.0, 684.0), RenderSemanticsAnnotations#e295e@Offset(1330.0, 684.0), RenderOffstage#95f18@Offset(1330.0, 684.0), RenderSemanticsAnnotations#d8431@Offset(1330.0, 684.0), _RenderTheater#fca27@Offset(1330.0, 684.0), RenderAbsorbPointer#0b37a@Offset(1330.0, 684.0), RenderPointerListener#65c3a@Offset(1330.0, 684.0), RenderSemanticsAnnotations#beb2c@Offset(1330.0, 684.0), RenderCustomPaint#08a02@Offset(1330.0, 684.0), RenderSemanticsAnnotations#06186@Offset(1330.0, 684.0), RenderSemanticsAnnotations#f8a88@Offset(1330.0, 684.0), RenderSemanticsAnnotations#c7cb5@Offset(1330.0, 684.0), RenderTapRegionSurface#1b5a2@Offset(1330.0, 684.0), RenderSemanticsAnnotations#ecfa3@Offset(1330.0, 684.0), RenderSemanticsAnnotations#87778@Offset(1330.0, 684.0), HitTestEntry<HitTestTarget>#2a92f(_ReusableRenderView#cdc5b), HitTestEntry<HitTestTarget>#4159e(<AutomatedTestWidgetsFlutterBinding>))
#0      WidgetController._getElementPoint (package:flutter_test/src/controller.dart:2165:25)
#1      WidgetController.getCenter (package:flutter_test/src/controller.dart:1947:12)
#2      WidgetController.tap (package:flutter_test/src/controller.dart:1080:7)
#3      main.<anonymous closure> (file:///Users/karim/Project/pokemonProject/apps/avelune_studio/test/map_workspace/map_connection_host_test.dart:41:18)
<asynchronous suspension>
#4      testWidgets.<anonymous closure>.<anonymous closure> (package:flutter_test/src/widget_tester.dart:192:15)
<asynchronous suspension>
#5      TestWidgetsFlutterBinding._runTestBody (package:flutter_test/src/binding.dart:1978:5)
<asynchronous suspension>
#6      StackZoneSpecification._registerCallback.<anonymous closure> (package:stack_trace/src/stack_zone_specification.dart:114:42)
<asynchronous suspension>
To silence this warning, pass "warnIfMissed: false" to "tap()".
To make this warning fatal, set WidgetController.hitTestWarningShouldBeFatal to true.

══╡ EXCEPTION CAUGHT BY FLUTTER TEST FRAMEWORK ╞════════════════════════════════════════════════════
The following TestFailure was thrown running a test:
Expected: <1>
  Actual: <0>

When the exception was thrown, this was the stack:
#4      main.<anonymous closure> (file:///Users/karim/Project/pokemonProject/apps/avelune_studio/test/map_workspace/map_connection_host_test.dart:43:5)
<asynchronous suspension>
#5      testWidgets.<anonymous closure>.<anonymous closure> (package:flutter_test/src/widget_tester.dart:192:15)
<asynchronous suspension>
#6      TestWidgetsFlutterBinding._runTestBody (package:flutter_test/src/binding.dart:1978:5)
<asynchronous suspension>
<asynchronous suspension>
(elided one frame from package:stack_trace)

This was caught by the test expectation on the following line:
  file:///Users/karim/Project/pokemonProject/apps/avelune_studio/test/map_workspace/map_connection_host_test.dart line 43
The test description was:
  the real map workspace links and unlinks both borders
════════════════════════════════════════════════════════════════════════════════════════════════════
17:11 +939 ~3 -26: /Users/karim/Project/pokemonProject/apps/avelune_studio/test/map_workspace/context_menu_host_test.dart: the real screen opens the menu and deletes through it
17:11 +939 ~3 -26: /Users/karim/Project/pokemonProject/apps/avelune_studio/test/map_workspace/map_connection_host_test.dart: the real map workspace links and unlinks both borders [E]
  Test failed. See exception logs above.
  The test description was: the real map workspace links and unlinks both borders

17:12 +939 ~3 -26: /Users/karim/Project/pokemonProject/apps/avelune_studio/test/map_workspace/map_connection_host_test.dart: a draft blocks the link without losing its changes

Warning: A call to tap() with finder "Found 1 widget with key [<'connection-create'>]: [
  StudioButton-[<'connection-create'>](dependencies: [InheritedCupertinoTheme, _InheritedTheme, _LocalizationsScope-[GlobalKey#25a79]]),
]" derived an Offset (Offset(1330.0, 684.0)) that would not hit test on the specified widget.
Maybe the widget is actually off-screen, or another widget is obscuring it, or the widget cannot receive pointer events.
The finder corresponds to this RenderBox: RenderSemanticsAnnotations#07d34 relayoutBoundary=up3
The hit test result at that offset is: HitTestResult(RenderPointerListener#2c404@Offset(191.0, 243.0), RenderSemanticsGestureHandler#6fb8b@Offset(191.0, 243.0), RenderPointerListener#4171f@Offset(191.0, 243.0), _RenderScrollSemantics#6524b@Offset(191.0, 243.0), RenderClipRect#ca540@Offset(191.0, 243.0), RenderFlex#72b49@Offset(191.0, 267.0), RenderFlex#8e695@Offset(191.0, 411.0), RenderPadding#bd217@Offset(201.0, 421.0), RenderPadding#0bc6d@Offset(202.0, 421.0), RenderDecoratedBox#ca935@Offset(202.0, 421.0), RenderConstrainedBox#28acf@Offset(202.0, 421.0), _RenderInkFeatures#ca939@Offset(202.0, 421.0), RenderPhysicalModel#3009e@Offset(202.0, 421.0), RenderFlex#b0067@Offset(202.0, 627.0), _RenderLayoutBuilder#56bc7@Offset(202.0, 627.0), RenderConstrainedBox#372c2@Offset(202.0, 627.0), RenderFlex#5deff@Offset(202.0, 672.0), RenderConstrainedBox#5560e@Offset(202.0, 672.0), _RenderInkFeatures#65b0f@Offset(202.0, 672.0), RenderCustomPaint#56f2f@Offset(202.0, 672.0), RenderPhysicalShape#7ffb6@Offset(202.0, 672.0), RenderConstrainedBox#0351d@Offset(202.0, 672.0), RenderPositionedBox#40c2a@Offset(1318.0, 672.0), RenderPadding#bff71@Offset(1330.0, 684.0), RenderSemanticsAnnotations#31c72@Offset(1330.0, 684.0), RenderPadding#001b0@Offset(1330.0, 684.0), RenderSemanticsAnnotations#be031@Offset(1330.0, 684.0), RenderPadding#f4692@Offset(1330.0, 684.0), RenderSemanticsAnnotations#2045e@Offset(1330.0, 684.0), RenderRepaintBoundary#c978f@Offset(1330.0, 684.0), RenderIgnorePointer#b90fb@Offset(1330.0, 684.0), RenderAnimatedOpacity#5f5a7@Offset(1330.0, 684.0), RenderRepaintBoundary#4b515@Offset(1330.0, 684.0), RenderSemanticsAnnotations#23621@Offset(1330.0, 684.0), RenderOffstage#dea0c@Offset(1330.0, 684.0), RenderSemanticsAnnotations#b1c62@Offset(1330.0, 684.0), _RenderTheater#ff7c2@Offset(1330.0, 684.0), RenderAbsorbPointer#800a4@Offset(1330.0, 684.0), RenderPointerListener#47af9@Offset(1330.0, 684.0), RenderSemanticsAnnotations#dc538@Offset(1330.0, 684.0), RenderCustomPaint#abd5d@Offset(1330.0, 684.0), RenderSemanticsAnnotations#2d019@Offset(1330.0, 684.0), RenderSemanticsAnnotations#c62e9@Offset(1330.0, 684.0), RenderSemanticsAnnotations#2e8ac@Offset(1330.0, 684.0), RenderTapRegionSurface#1d3a3@Offset(1330.0, 684.0), RenderSemanticsAnnotations#de671@Offset(1330.0, 684.0), RenderSemanticsAnnotations#967a3@Offset(1330.0, 684.0), HitTestEntry<HitTestTarget>#425f5(_ReusableRenderView#cdc5b), HitTestEntry<HitTestTarget>#7c16b(<AutomatedTestWidgetsFlutterBinding>))
#0      WidgetController._getElementPoint (package:flutter_test/src/controller.dart:2165:25)
#1      WidgetController.getCenter (package:flutter_test/src/controller.dart:1947:12)
#2      WidgetController.tap (package:flutter_test/src/controller.dart:1080:7)
#3      main.<anonymous closure> (file:///Users/karim/Project/pokemonProject/apps/avelune_studio/test/map_workspace/map_connection_host_test.dart:87:18)
<asynchronous suspension>
#4      testWidgets.<anonymous closure>.<anonymous closure> (package:flutter_test/src/widget_tester.dart:192:15)
<asynchronous suspension>
#5      TestWidgetsFlutterBinding._runTestBody (package:flutter_test/src/binding.dart:1978:5)
<asynchronous suspension>
#6      StackZoneSpecification._registerCallback.<anonymous closure> (package:stack_trace/src/stack_zone_specification.dart:114:42)
<asynchronous suspension>
To silence this warning, pass "warnIfMissed: false" to "tap()".
To make this warning fatal, set WidgetController.hitTestWarningShouldBeFatal to true.

17:12 +940 ~3 -26: /Users/karim/Project/pokemonProject/apps/avelune_studio/test/map_workspace/map_connection_host_test.dart: a draft blocks the link without losing its changes
══╡ EXCEPTION CAUGHT BY FLUTTER TEST FRAMEWORK ╞════════════════════════════════════════════════════
The following TestFailure was thrown running a test:
Expected: exactly one matching candidate
  Actual: _TextContainingWidgetFinder:<Found 0 widgets with text containing Enregistrez les
brouillons: []>
   Which: means none were found but one was expected

When the exception was thrown, this was the stack:
#4      main.<anonymous closure> (file:///Users/karim/Project/pokemonProject/apps/avelune_studio/test/map_workspace/map_connection_host_test.dart:92:5)
<asynchronous suspension>
#5      testWidgets.<anonymous closure>.<anonymous closure> (package:flutter_test/src/widget_tester.dart:192:15)
<asynchronous suspension>
#6      TestWidgetsFlutterBinding._runTestBody (package:flutter_test/src/binding.dart:1978:5)
<asynchronous suspension>
<asynchronous suspension>
(elided one frame from package:stack_trace)

This was caught by the test expectation on the following line:
  file:///Users/karim/Project/pokemonProject/apps/avelune_studio/test/map_workspace/map_connection_host_test.dart line 92
The test description was:
  a draft blocks the link without losing its changes
════════════════════════════════════════════════════════════════════════════════════════════════════
17:12 +940 ~3 -27: /Users/karim/Project/pokemonProject/apps/avelune_studio/test/map_workspace/context_menu_host_test.dart: opening and closing the menu writes nothing
17:12 +940 ~3 -27: /Users/karim/Project/pokemonProject/apps/avelune_studio/test/map_workspace/map_connection_host_test.dart: a draft blocks the link without losing its changes [E]
  Test failed. See exception logs above.
  The test description was: a draft blocks the link without losing its changes

17:13 +941 ~3 -27: /Users/karim/Project/pokemonProject/apps/avelune_studio/test/map_workspace/context_menu_host_test.dart: opening and closing the menu writes nothing
17:13 +942 ~3 -27: /Users/karim/Project/pokemonProject/apps/avelune_studio/test/map_workspace/context_menu_host_test.dart: Propriétés reaches the inspector even when it is compact
17:13 +943 ~3 -27: /Users/karim/Project/pokemonProject/apps/avelune_studio/test/map_workspace/context_menu_host_test.dart: Propriétés reaches the inspector even when it is compact
17:13 +944 ~3 -27: /Users/karim/Project/pokemonProject/apps/avelune_studio/test/map_workspace/context_menu_host_test.dart: Propriétés reaches the inspector even when it is compact
17:13 +945 ~3 -27: /Users/karim/Project/pokemonProject/apps/avelune_studio/test/map_workspace/context_menu_host_test.dart: Propriétés reaches the inspector even when it is compact
17:13 +946 ~3 -27: /Users/karim/Project/pokemonProject/apps/avelune_studio/test/map_workspace/context_menu_host_test.dart: a story zone without interaction says so instead of opening
17:14 +947 ~3 -27: /Users/karim/Project/pokemonProject/apps/avelune_studio/test/map_workspace/warp_editing_test.dart: a placed warp keeps the destination that was chosen
17:14 +948 ~3 -27: /Users/karim/Project/pokemonProject/apps/avelune_studio/test/map_workspace/warp_editing_test.dart: only the project maps are offered as destinations
17:14 +949 ~3 -27: /Users/karim/Project/pokemonProject/apps/avelune_studio/test/map_workspace/warp_editing_test.dart: a destination removed from the project is named, not hidden
17:14 +950 ~3 -27: /Users/karim/Project/pokemonProject/apps/avelune_studio/test/map_workspace/warp_editing_test.dart: moving a warp leaves the other families untouched
17:14 +951 ~3 -27: /Users/karim/Project/pokemonProject/apps/avelune_studio/test/map_workspace/warp_editing_test.dart: retargeting goes through the shared validation
17:14 +952 ~3 -27: /Users/karim/Project/pokemonProject/apps/avelune_studio/test/map_workspace/warp_editing_test.dart: placement, move and deletion are undoable step by step
17:15 +953 ~3 -27: /Users/karim/Project/pokemonProject/apps/avelune_studio/test/map_workspace/inspector_fields_undo_test.dart: an undone sign title is not re-applied when leaving the field
17:15 +954 ~3 -27: /Users/karim/Project/pokemonProject/apps/avelune_studio/test/map_workspace/inspector_fields_undo_test.dart: an undone sign title is not re-applied when leaving the field
17:16 +955 ~3 -27: /Users/karim/Project/pokemonProject/apps/avelune_studio/test/map_workspace/inspector_fields_undo_test.dart: an undone sign title is not re-applied when leaving the field
17:16 +956 ~3 -27: /Users/karim/Project/pokemonProject/apps/avelune_studio/test/map_workspace/inspector_fields_undo_test.dart: an undone zone name is not re-applied when leaving the field
17:16 +957 ~3 -27: /Users/karim/Project/pokemonProject/apps/avelune_studio/test/map_workspace/inspector_fields_undo_test.dart: redo brings the field back to the redone value
17:16 +958 ~3 -27: /Users/karim/Project/pokemonProject/apps/avelune_studio/test/map_workspace/gameplay_zone_table_commands_test.dart: a zone adopts its table type and excludes scripted encounters
17:16 +959 ~3 -27: /Users/karim/Project/pokemonProject/apps/avelune_studio/test/map_workspace/inspector_fields_undo_test.dart: an entry aimed at one sign never lands on another
17:16 +960 ~3 -27: /Users/karim/Project/pokemonProject/apps/avelune_studio/test/map_workspace/inspector_fields_undo_test.dart: an invalid arrival cell is refused and the field restored
17:17 +961 ~3 -27: /Users/karim/Project/pokemonProject/apps/avelune_studio/test/map_workspace/inspector_fields_undo_test.dart: saving while a field still has focus keeps the entry
17:17 +962 ~3 -27: /Users/karim/Project/pokemonProject/apps/avelune_studio/test/map_workspace/map_canvas_navigation_test.dart: selection drags empty map space to pan without editing
17:18 +963 ~3 -27: /Users/karim/Project/pokemonProject/apps/avelune_studio/test/map_workspace/map_canvas_navigation_test.dart: selection drags empty map space to pan without editing
17:18 +964 ~3 -27: /Users/karim/Project/pokemonProject/apps/avelune_studio/test/map_workspace/map_canvas_navigation_test.dart: selection drags empty map space to pan without editing
17:18 +965 ~3 -27: /Users/karim/Project/pokemonProject/apps/avelune_studio/test/map_workspace/map_canvas_navigation_test.dart: selection drags empty map space to pan without editing
17:18 +966 ~3 -27: /Users/karim/Project/pokemonProject/apps/avelune_studio/test/map_workspace/map_canvas_navigation_test.dart: selection drags empty map space to pan without editing
17:18 +967 ~3 -27: /Users/karim/Project/pokemonProject/apps/avelune_studio/test/map_workspace/map_canvas_navigation_test.dart: selection drags empty map space to pan without editing
17:18 +968 ~3 -27: /Users/karim/Project/pokemonProject/apps/avelune_studio/test/map_workspace/map_canvas_navigation_test.dart: selection drags empty map space to pan without editing
17:18 +969 ~3 -27: /Users/karim/Project/pokemonProject/apps/avelune_studio/test/map_workspace/entity_deletion_guard_test.dart: the inspector blocks and explains instead of deleting
17:18 +970 ~3 -27: /Users/karim/Project/pokemonProject/apps/avelune_studio/test/map_workspace/entity_deletion_guard_test.dart: the inspector blocks and explains instead of deleting
17:18 +971 ~3 -27: /Users/karim/Project/pokemonProject/apps/avelune_studio/test/map_workspace/entity_deletion_guard_test.dart: the inspector blocks and explains instead of deleting
17:18 +972 ~3 -27: /Users/karim/Project/pokemonProject/apps/avelune_studio/test/map_workspace/entity_deletion_guard_test.dart: the inspector blocks and explains instead of deleting
17:18 +973 ~3 -27: /Users/karim/Project/pokemonProject/apps/avelune_studio/test/map_workspace/entity_deletion_guard_test.dart: the inspector blocks and explains instead of deleting
17:18 +974 ~3 -27: /Users/karim/Project/pokemonProject/apps/avelune_studio/test/map_workspace/entity_deletion_guard_test.dart: an unsaved interaction draft also holds the sign
17:19 +975 ~3 -27: /Users/karim/Project/pokemonProject/apps/avelune_studio/test/map_workspace/entity_editing_test.dart: a map without a player start cannot be played at all
17:19 +976 ~3 -27: /Users/karim/Project/pokemonProject/apps/avelune_studio/test/map_workspace/entity_editing_test.dart: the player start follows the author when it is moved
17:19 +977 ~3 -27: /Users/karim/Project/pokemonProject/apps/avelune_studio/test/map_workspace/entity_editing_test.dart: a spawn placed for something else is not a player start
17:19 +978 ~3 -27: /Users/karim/Project/pokemonProject/apps/avelune_studio/test/map_workspace/entity_editing_test.dart: a sign carries its own text and blocks the way
17:19 +979 ~3 -27: /Users/karim/Project/pokemonProject/apps/avelune_studio/test/map_workspace/entity_editing_test.dart: these families never answer for a character
17:19 +980 ~3 -27: /Users/karim/Project/pokemonProject/apps/avelune_studio/test/map_workspace/entity_editing_test.dart: placing, editing and deleting are undoable step by step
17:19 +981 ~3 -27: /Users/karim/Project/pokemonProject/apps/avelune_studio/test/map_workspace/map_library_tree_test.dart: real folders, descendants and root maps remain distinct
17:19 +982 ~3 -27: /Users/karim/Project/pokemonProject/apps/avelune_studio/test/map_workspace/map_library_tree_test.dart: search keeps the real ancestor chain without renaming maps
17:19 +983 ~3 -27: /Users/karim/Project/pokemonProject/apps/avelune_studio/test/map_workspace/map_library_tree_test.dart: unclassified map collection starts entirely without folders
17:19 +984 ~3 -27: /Users/karim/Project/pokemonProject/apps/avelune_studio/test/map_workspace/context_move_test.dart: a gameplay zone is really moved by the menu action
17:20 +985 ~3 -27: /Users/karim/Project/pokemonProject/apps/avelune_studio/test/map_workspace/context_move_test.dart: a gameplay zone is really moved by the menu action
17:20 +986 ~3 -27: /Users/karim/Project/pokemonProject/apps/avelune_studio/test/map_workspace/context_move_test.dart: a gameplay zone is really moved by the menu action
17:20 +987 ~3 -27: /Users/karim/Project/pokemonProject/apps/avelune_studio/test/map_workspace/context_move_test.dart: a gameplay zone is really moved by the menu action
17:20 +988 ~3 -27: /Users/karim/Project/pokemonProject/apps/avelune_studio/test/map_workspace/context_move_test.dart: a gameplay zone is really moved by the menu action
17:20 +989 ~3 -27: /Users/karim/Project/pokemonProject/apps/avelune_studio/test/map_workspace/trigger_editing_test.dart: clicking with the story tool finds the zone again
17:21 +990 ~3 -27: /Users/karim/Project/pokemonProject/apps/avelune_studio/test/map_workspace/context_move_test.dart: a story zone moves the same way
17:21 +991 ~3 -27: /Users/karim/Project/pokemonProject/apps/avelune_studio/test/map_workspace/context_move_test.dart: a character under the zone does not move instead of it
17:21 +992 ~3 -27: /Users/karim/Project/pokemonProject/apps/avelune_studio/test/map_workspace/border_drawing_host_test.dart: Bordures explains when this project has no published model
17:24 +993 ~3 -27: /Users/karim/Project/pokemonProject/apps/avelune_studio/test/map_workspace/story_zone_reopen_host_test.dart: an interaction never saved reopens from the map with its own draft
17:27 +994 ~3 -27: /Users/karim/Project/pokemonProject/apps/avelune_studio/test/map_workspace/story_zone_reopen_host_test.dart: an interaction never saved reopens from the map with its own draft
17:28 +995 ~3 -27: /Users/karim/Project/pokemonProject/apps/avelune_studio/test/map_workspace/border_drawing_host_test.dart: cancelling a trace leaves the map and history untouched
17:29 +996 ~3 -27: /Users/karim/Project/pokemonProject/apps/avelune_studio/test/map_workspace/story_zone_reopen_host_test.dart: a saved interaction edited again reopens its current simplified draft
17:31 +997 ~3 -27: /Users/karim/Project/pokemonProject/apps/avelune_studio/test/map_workspace/story_zone_reopen_host_test.dart: a saved interaction edited again reopens its current simplified draft
17:31 +998 ~3 -27: /Users/karim/Project/pokemonProject/apps/avelune_studio/test/map_workspace/story_zone_reopen_host_test.dart: a saved interaction edited again reopens its current simplified draft
17:31 +999 ~3 -27: /Users/karim/Project/pokemonProject/apps/avelune_studio/test/map_workspace/story_zone_reopen_host_test.dart: a saved interaction edited again reopens its current simplified draft
17:31 +1000 ~3 -27: /Users/karim/Project/pokemonProject/apps/avelune_studio/test/map_workspace/story_zone_reopen_host_test.dart: a saved interaction edited again reopens its current simplified draft
17:32 +1001 ~3 -27: /Users/karim/Project/pokemonProject/apps/avelune_studio/test/map_workspace/border_drawing_host_test.dart: a published stone chain uses grid edges through the host
17:33 +1002 ~3 -27: /Users/karim/Project/pokemonProject/apps/avelune_studio/test/map_workspace/story_zone_reopen_host_test.dart: a saved zone interaction opens in its events owner
17:34 +1003 ~3 -27: /Users/karim/Project/pokemonProject/apps/avelune_studio/test/map_workspace/story_zone_reopen_host_test.dart: a late read never reopens the zone once the author went elsewhere
17:35 +1004 ~3 -27: /Users/karim/Project/pokemonProject/apps/avelune_studio/test/map_workspace/decor_move_host_test.dart: Déplacer moves the chosen decor by the offset it was grabbed at
17:38 +1005 ~3 -27: /Users/karim/Project/pokemonProject/apps/avelune_studio/test/map_workspace/story_zone_reopen_host_test.dart: several interactions on one zone offer only those, then open the one
17:38 +1006 ~3 -27: /Users/karim/Project/pokemonProject/apps/avelune_studio/test/map_workspace/decor_move_host_test.dart: a move made through the menu is saved and read back independently
17:41 +1007 ~3 -27: /Users/karim/Project/pokemonProject/apps/avelune_studio/test/map_workspace/decor_order_e2e_test.dart: mixed render contexts can be reordered from the inspector
17:43 +1008 ~3 -27: /Users/karim/Project/pokemonProject/apps/avelune_studio/test/map_workspace/decor_order_e2e_test.dart: mixed render contexts can be reordered from the inspector
17:44 +1009 ~3 -27: /Users/karim/Project/pokemonProject/apps/avelune_studio/test/map_workspace/decor_move_host_test.dart: the move still lands on the right cell after a zoom
17:45 +1010 ~3 -27: /Users/karim/Project/pokemonProject/apps/avelune_studio/test/map_workspace/decor_order_e2e_test.dart: a mixed decor stack moves one neighboring rank and saves it
17:46 +1011 ~3 -27: /Users/karim/Project/pokemonProject/apps/avelune_studio/test/map_workspace/decor_order_e2e_test.dart: a mixed decor stack moves one neighboring rank and saves it
17:47 +1012 ~3 -27: /Users/karim/Project/pokemonProject/apps/avelune_studio/test/map_workspace/decor_move_host_test.dart: placing and moving outside the map explain the refusal without losing history
17:48 +1012 ~3 -27: /Users/karim/Project/pokemonProject/apps/avelune_studio/test/map_workspace/warp_player_journey_test.dart: a warp authored in Studio moves the player to the other map
[runtime_loader] bundle load start projectFilePath=/private/var/folders/b5/7gsfwzyd449_54n8l40h40gc0000gn/T/avelune_player_IOCzkZ/project.json mapId=jardin
[runtime_loader] project manifest lookup path=/private/var/folders/b5/7gsfwzyd449_54n8l40h40gc0000gn/T/avelune_player_IOCzkZ/project.json
[runtime_loader] project manifest read ok bytes=8480
[runtime_loader] project manifest validated maps=2 tilesets=1 scenarios=0
[runtime_loader] bundle map resolved mapId=jardin relativePath=maps/jardin.json mapPath=/private/var/folders/b5/7gsfwzyd449_54n8l40h40gc0000gn/T/avelune_player_IOCzkZ/maps/jardin.json
[runtime_loader] map file lookup path=/private/var/folders/b5/7gsfwzyd449_54n8l40h40gc0000gn/T/avelune_player_IOCzkZ/maps/jardin.json
[runtime_loader] map file read ok bytes=17755
[runtime_loader] map validated id=jardin size=24x16 layers=3 entities=1 placedElements=3 warps=1 triggers=0
[runtime_loader] bundle tilesets collected ids=atelier
[runtime_loader] bundle tileset path id=atelier path=/private/var/folders/b5/7gsfwzyd449_54n8l40h40gc0000gn/T/avelune_player_IOCzkZ/assets/atelier.png
[runtime_loader] bundle load ok mapId=jardin projectRoot=/private/var/folders/b5/7gsfwzyd449_54n8l40h40gc0000gn/T/avelune_player_IOCzkZ tilesets=1
[runtime_game] tileset image load start map=jardin
[runtime_game] tileset cache resolve requested=1
17:48 +1013 ~3 -27: /Users/karim/Project/pokemonProject/apps/avelune_studio/test/map_workspace/warp_player_journey_test.dart: a warp authored in Studio moves the player to the other map
[runtime_game] tileset cache resolve ok result=1
[runtime_game] onLoad start map=jardin projectFilePath=/private/var/folders/b5/7gsfwzyd449_54n8l40h40gc0000gn/T/avelune_player_IOCzkZ/project.json tilesets=1
[runtime_game] world build start map=jardin
[runtime] Map loaded: jardin, spawn at (4, 4)
[runtime_game] tileset image load ok count=1 map=jardin
[runtime_game] mount root map start map=jardin
[runtime_game] mount root map ok map=jardin
[runtime_loader] bundle load start projectFilePath=/private/var/folders/b5/7gsfwzyd449_54n8l40h40gc0000gn/T/avelune_player_IOCzkZ/project.json mapId=clairiere
[runtime_loader] project manifest lookup path=/private/var/folders/b5/7gsfwzyd449_54n8l40h40gc0000gn/T/avelune_player_IOCzkZ/project.json
[runtime_game] onLoad completed activeMapId=jardin
[event_v2] mapEnter activation=mapact_1790779346880005_1 map=jardin reason=initialBoot result=MapEnterProductionDispatchLegacyFallback
[runtime_loader] project manifest read ok bytes=8480
[runtime_loader] project manifest validated maps=2 tilesets=1 scenarios=0
[runtime_loader] bundle map resolved mapId=clairiere relativePath=maps/clairiere.json mapPath=/private/var/folders/b5/7gsfwzyd449_54n8l40h40gc0000gn/T/avelune_player_IOCzkZ/maps/clairiere.json
[runtime_loader] map file lookup path=/private/var/folders/b5/7gsfwzyd449_54n8l40h40gc0000gn/T/avelune_player_IOCzkZ/maps/clairiere.json
[warp] Triggered warp warp-1790779346703927-0 mode=onEnter -> map=clairiere pos=(7, 3)
[runtime_loader] map file read ok bytes=17376
[runtime_loader] map validated id=clairiere size=24x16 layers=3 entities=1 placedElements=3 warps=0 triggers=0
[runtime_loader] bundle tilesets collected ids=atelier
[runtime_loader] bundle tileset path id=atelier path=/private/var/folders/b5/7gsfwzyd449_54n8l40h40gc0000gn/T/avelune_player_IOCzkZ/assets/atelier.png
[runtime_loader] bundle load ok mapId=clairiere projectRoot=/private/var/folders/b5/7gsfwzyd449_54n8l40h40gc0000gn/T/avelune_player_IOCzkZ tilesets=1
[runtime_game] tileset cache resolve requested=1
[runtime_game] tileset cache resolve ok result=1
[warp] start transition warp=warp-1790779346703927-0 map=jardin -> clairiere target=(7, 3)
[perf][warp] loadBundle=0ms
[warp] target map loaded id=clairiere
[warp] fade out durationMs=170
[perf][warp] worldInitial=1ms
[warp] loading target map visuals id=clairiere
[runtime_game] tileset cache resolve requested=1
[runtime_game] tileset cache resolve ok result=1
[perf][warp] loadTilesets=0ms
[perf][warp] loadBorderAssets=0ms
[perf][warp] revalidateBorderBeforeSwap=0ms
[perf][warp] mountMap=0ms
[warp] player placed at map=clairiere pos=(7, 3)
[perf][warp] configureCamera=0ms
[perf][warp] preloadConnectionsKickoff=0ms
[perf][warp] prewarmWarpsKickoff=0ms
[perf][warp] prewarmBattleKickoff=0ms
[perf][warp] pruneLoadedMaps=0ms
[perf][warp] refreshWorldNpcPresence=0ms
[warp] fade in durationMs=170
[perf][warp] total=15ms
[warp] transition completed
[warp] gameplay unlocked map=clairiere pos=(7, 3)
[event_v2] mapEnter activation=mapact_1790779346993698_2 map=clairiere reason=warp result=MapEnterProductionDispatchLegacyFallback
17:48 +1014 ~3 -27: /Users/karim/Project/pokemonProject/apps/avelune_studio/test/map_workspace/decor_move_host_test.dart: Escape during the preview cancels the move without a mutation
17:48 +1014 ~3 -27: /Users/karim/Project/pokemonProject/apps/avelune_studio/test/map_workspace/warp_player_journey_test.dart: a warp saved as bump keeps the player on the departure map
[runtime_loader] bundle load start projectFilePath=/private/var/folders/b5/7gsfwzyd449_54n8l40h40gc0000gn/T/avelune_player_JOadCG/project.json mapId=jardin
[runtime_loader] project manifest lookup path=/private/var/folders/b5/7gsfwzyd449_54n8l40h40gc0000gn/T/avelune_player_JOadCG/project.json
[runtime_loader] project manifest read ok bytes=8480
[runtime_loader] project manifest validated maps=2 tilesets=1 scenarios=0
[runtime_loader] bundle map resolved mapId=jardin relativePath=maps/jardin.json mapPath=/private/var/folders/b5/7gsfwzyd449_54n8l40h40gc0000gn/T/avelune_player_JOadCG/maps/jardin.json
[runtime_loader] map file lookup path=/private/var/folders/b5/7gsfwzyd449_54n8l40h40gc0000gn/T/avelune_player_JOadCG/maps/jardin.json
[runtime_loader] map file read ok bytes=17754
[runtime_loader] map validated id=jardin size=24x16 layers=3 entities=1 placedElements=3 warps=1 triggers=0
[runtime_loader] bundle tilesets collected ids=atelier
[runtime_loader] bundle tileset path id=atelier path=/private/var/folders/b5/7gsfwzyd449_54n8l40h40gc0000gn/T/avelune_player_JOadCG/assets/atelier.png
[runtime_loader] bundle load ok mapId=jardin projectRoot=/private/var/folders/b5/7gsfwzyd449_54n8l40h40gc0000gn/T/avelune_player_JOadCG tilesets=1
[runtime_game] tileset image load start map=jardin
[runtime_game] tileset cache resolve requested=1
[runtime_game] tileset cache resolve ok result=1
[runtime_game] onLoad start map=jardin projectFilePath=/private/var/folders/b5/7gsfwzyd449_54n8l40h40gc0000gn/T/avelune_player_JOadCG/project.json tilesets=1
[runtime_game] world build start map=jardin
[runtime] Map loaded: jardin, spawn at (4, 4)
[runtime_game] tileset image load ok count=1 map=jardin
[runtime_game] mount root map start map=jardin
[runtime_game] mount root map ok map=jardin
[runtime_loader] bundle load start projectFilePath=/private/var/folders/b5/7gsfwzyd449_54n8l40h40gc0000gn/T/avelune_player_JOadCG/project.json mapId=clairiere
[runtime_loader] project manifest lookup path=/private/var/folders/b5/7gsfwzyd449_54n8l40h40gc0000gn/T/avelune_player_JOadCG/project.json
[runtime_game] onLoad completed activeMapId=jardin
[event_v2] mapEnter activation=mapact_1790779347061098_1 map=jardin reason=initialBoot result=MapEnterProductionDispatchLegacyFallback
[runtime_loader] project manifest read ok bytes=8480
[runtime_loader] project manifest validated maps=2 tilesets=1 scenarios=0
[runtime_loader] bundle map resolved mapId=clairiere relativePath=maps/clairiere.json mapPath=/private/var/folders/b5/7gsfwzyd449_54n8l40h40gc0000gn/T/avelune_player_JOadCG/maps/clairiere.json
[runtime_loader] map file lookup path=/private/var/folders/b5/7gsfwzyd449_54n8l40h40gc0000gn/T/avelune_player_JOadCG/maps/clairiere.json
[runtime_loader] map file read ok bytes=17376
[runtime_loader] map validated id=clairiere size=24x16 layers=3 entities=1 placedElements=3 warps=0 triggers=0
[runtime_loader] bundle tilesets collected ids=atelier
[runtime_loader] bundle tileset path id=atelier path=/private/var/folders/b5/7gsfwzyd449_54n8l40h40gc0000gn/T/avelune_player_JOadCG/assets/atelier.png
[runtime_loader] bundle load ok mapId=clairiere projectRoot=/private/var/folders/b5/7gsfwzyd449_54n8l40h40gc0000gn/T/avelune_player_JOadCG tilesets=1
[runtime_game] tileset cache resolve requested=1
[runtime_game] tileset cache resolve ok result=1
17:48 +1015 ~3 -27: /Users/karim/Project/pokemonProject/apps/avelune_studio/test/map_workspace/decor_move_host_test.dart: Escape during the preview cancels the move without a mutation
17:49 +1016 ~3 -27: /Users/karim/Project/pokemonProject/apps/avelune_studio/test/map_workspace/context_identity_host_test.dart: twin ids in two families stay distinct rows of the real menu
17:51 +1017 ~3 -27: /Users/karim/Project/pokemonProject/apps/avelune_studio/test/map_workspace/context_identity_host_test.dart: twin ids in two families stay distinct rows of the real menu
17:52 +1018 ~3 -27: /Users/karim/Project/pokemonProject/apps/avelune_studio/test/map_workspace/context_identity_host_test.dart: twin ids in two families stay distinct rows of the real menu
17:53 +1019 ~3 -27: /Users/karim/Project/pokemonProject/apps/avelune_studio/test/map_workspace/decor_move_host_test.dart: an armed move never comes back after a round trip to another map
17:54 +1020 ~3 -27: /Users/karim/Project/pokemonProject/apps/avelune_studio/test/map_workspace/context_identity_host_test.dart: Shift+F10 reopens the menu on the target chosen in the stack
17:55 +1021 ~3 -27: /Users/karim/Project/pokemonProject/apps/avelune_studio/test/map_workspace/context_identity_host_test.dart: a deleted target is never replaced by its homonym on Shift+F10
17:56 +1022 ~3 -27: /Users/karim/Project/pokemonProject/apps/avelune_studio/test/map_workspace/decor_order_cross_context_repro_test.dart: overlapping decors can exchange their visible order
17:58 +1023 ~3 -27: /Users/karim/Project/pokemonProject/apps/avelune_studio/test/map_workspace/decor_order_cross_context_repro_test.dart: overlapping decors can exchange their visible order
17:59 +1024 ~3 -27: /Users/karim/Project/pokemonProject/apps/avelune_studio/test/map_workspace/map_tool_strip_state_host_test.dart: Terrains tool reveals its hidden asset picker
18:00 +1025 ~3 -27: /Users/karim/Project/pokemonProject/apps/avelune_studio/test/map_workspace/map_tool_strip_state_host_test.dart: Terrains tool reveals its hidden asset picker
18:00 +1026 ~3 -27: /Users/karim/Project/pokemonProject/apps/avelune_studio/test/map_workspace/map_tool_strip_state_host_test.dart: Terrains tool reveals its hidden asset picker
18:00 +1027 ~3 -27: /Users/karim/Project/pokemonProject/apps/avelune_studio/test/map_workspace/map_tool_strip_state_host_test.dart: Terrains tool reveals its hidden asset picker
18:00 +1028 ~3 -27: /Users/karim/Project/pokemonProject/apps/avelune_studio/test/map_workspace/map_tool_strip_state_host_test.dart: Terrains tool reveals its hidden asset picker
18:01 +1029 ~3 -27: /Users/karim/Project/pokemonProject/apps/avelune_studio/test/map_workspace/decor_placement_preview_host_test.dart: the selected decor follows the mouse without editing the map
18:03 +1030 ~3 -27: /Users/karim/Project/pokemonProject/apps/avelune_studio/test/map_workspace/decor_placement_preview_host_test.dart: the selected decor follows the mouse without editing the map
18:03 +1031 ~3 -27: /Users/karim/Project/pokemonProject/apps/avelune_studio/test/map_workspace/map_tool_strip_state_host_test.dart: character placement reveals the hidden character picker
18:04 +1032 ~3 -27: /Users/karim/Project/pokemonProject/apps/avelune_studio/test/map_workspace/decor_placement_preview_host_test.dart: the preview clears when the pointer leaves the map
18:04 +1033 ~3 -27: /Users/karim/Project/pokemonProject/apps/avelune_studio/test/map_workspace/map_tool_strip_state_host_test.dart: visible palette remains inline when selecting the decor tool
18:05 +1034 ~3 -27: /Users/karim/Project/pokemonProject/apps/avelune_studio/test/map_workspace/draft_reference_guard_test.dart: an unsaved world rule draft protects the entity it targets
18:05 +1035 ~3 -27: /Users/karim/Project/pokemonProject/apps/avelune_studio/test/map_workspace/map_tool_strip_state_host_test.dart: decor tool reveals a hidden palette and adds a chosen asset
18:05 +1036 ~3 -27: /Users/karim/Project/pokemonProject/apps/avelune_studio/test/map_workspace/map_tool_strip_state_host_test.dart: decor tool reveals a hidden palette and adds a chosen asset
18:05 +1037 ~3 -27: /Users/karim/Project/pokemonProject/apps/avelune_studio/test/map_workspace/map_tool_strip_state_host_test.dart: decor tool reveals a hidden palette and adds a chosen asset
18:05 +1038 ~3 -27: /Users/karim/Project/pokemonProject/apps/avelune_studio/test/map_workspace/map_tool_strip_state_host_test.dart: decor tool reveals a hidden palette and adds a chosen asset
18:05 +1039 ~3 -27: /Users/karim/Project/pokemonProject/apps/avelune_studio/test/map_workspace/map_tool_strip_state_host_test.dart: decor tool reveals a hidden palette and adds a chosen asset
18:05 +1040 ~3 -27: /Users/karim/Project/pokemonProject/apps/avelune_studio/test/map_workspace/map_tool_strip_state_host_test.dart: decor tool reveals a hidden palette and adds a chosen asset
18:07 +1041 ~3 -27: /Users/karim/Project/pokemonProject/apps/avelune_studio/test/map_workspace/map_tool_strip_state_host_test.dart: decor tool reveals a hidden palette and adds a chosen asset
18:07 +1042 ~3 -27: /Users/karim/Project/pokemonProject/apps/avelune_studio/test/map_workspace/map_tool_strip_state_host_test.dart: decor tool reveals a hidden palette and adds a chosen asset
18:07 +1043 ~3 -27: /Users/karim/Project/pokemonProject/apps/avelune_studio/test/map_workspace/map_tool_strip_state_host_test.dart: decor tool reveals a hidden palette and adds a chosen asset
18:08 +1044 ~3 -27: /Users/karim/Project/pokemonProject/apps/avelune_studio/test/map_workspace/map_tool_strip_state_host_test.dart: decor tool reveals a hidden palette and adds a chosen asset
18:08 +1045 ~3 -27: /Users/karim/Project/pokemonProject/apps/avelune_studio/test/map_workspace/map_tool_strip_state_host_test.dart: decor tool reveals a hidden palette and adds a chosen asset
18:08 +1046 ~3 -27: /Users/karim/Project/pokemonProject/apps/avelune_studio/test/map_workspace/map_tool_strip_state_host_test.dart: decor tool reveals a hidden palette and adds a chosen asset
18:08 +1047 ~3 -27: /Users/karim/Project/pokemonProject/apps/avelune_studio/test/map_workspace/map_tool_strip_state_host_test.dart: decor tool reveals a hidden palette and adds a chosen asset
18:08 +1048 ~3 -27: /Users/karim/Project/pokemonProject/apps/avelune_studio/test/map_workspace/selection_identity_test.dart: the target survives pan and zoom without moving anything
18:08 +1049 ~3 -27: /Users/karim/Project/pokemonProject/apps/avelune_studio/test/map_workspace/map_tool_strip_state_host_test.dart: a chosen eraser replaces the misleading selection highlight
18:09 +1050 ~3 -27: /Users/karim/Project/pokemonProject/apps/avelune_studio/test/map_workspace/warp_canvas_test.dart: choosing a destination then clicking places the warp
18:09 +1051 ~3 -27: /Users/karim/Project/pokemonProject/apps/avelune_studio/test/map_workspace/warp_canvas_test.dart: a warp keeps its identity through zoom and pan
18:09 +1052 ~3 -27: /Users/karim/Project/pokemonProject/apps/avelune_studio/test/map_workspace/warp_canvas_test.dart: dragging moves the warp and the move is undoable
18:09 +1053 ~3 -27: /Users/karim/Project/pokemonProject/apps/avelune_studio/test/map_workspace/warp_canvas_test.dart: a character on the same cell keeps the selection
18:10 +1054 ~3 -27: /Users/karim/Project/pokemonProject/apps/avelune_studio/test/map_workspace/save_while_typing_test.dart: the Save button applies the entry still being written
18:11 +1055 ~3 -27: /Users/karim/Project/pokemonProject/apps/avelune_studio/test/map_workspace/save_while_typing_test.dart: the Save button applies the entry still being written
18:11 +1056 ~3 -27: /Users/karim/Project/pokemonProject/apps/avelune_studio/test/map_workspace/save_while_typing_test.dart: the Save button applies the entry still being written
18:11 +1057 ~3 -27: /Users/karim/Project/pokemonProject/apps/avelune_studio/test/map_workspace/save_while_typing_test.dart: the Save button applies the entry still being written
18:11 +1058 ~3 -27: /Users/karim/Project/pokemonProject/apps/avelune_studio/test/map_workspace/save_while_typing_test.dart: the Save button applies the entry still being written
18:11 +1059 ~3 -27: /Users/karim/Project/pokemonProject/apps/avelune_studio/test/map_workspace/save_while_typing_test.dart: the Save button applies the entry still being written
18:11 +1060 ~3 -27: /Users/karim/Project/pokemonProject/apps/avelune_studio/test/map_workspace/save_while_typing_test.dart: the Save button applies the entry still being written
18:11 +1061 ~3 -27: /Users/karim/Project/pokemonProject/apps/avelune_studio/test/map_workspace/save_while_typing_test.dart: the Save button applies the entry still being written
18:11 +1062 ~3 -27: /Users/karim/Project/pokemonProject/apps/avelune_studio/test/map_workspace/save_while_typing_test.dart: the Save button applies the entry still being written
18:12 +1063 ~3 -27: /Users/karim/Project/pokemonProject/apps/avelune_studio/test/map_workspace/save_while_typing_test.dart: the Save button applies the entry still being written
18:12 +1064 ~3 -27: /Users/karim/Project/pokemonProject/apps/avelune_studio/test/map_workspace/save_while_typing_test.dart: the Save button applies the entry still being written
18:13 +1064 ~3 -27: /Users/karim/Project/pokemonProject/apps/avelune_studio/test/map_workspace/map_connection_journey_test.dart: a paired border link saves both maps and resolves the next cell
[runtime_loader] bundle load start projectFilePath=/private/var/folders/b5/7gsfwzyd449_54n8l40h40gc0000gn/T/avelune_connection_sd3LvI/project.json mapId=jardin
[runtime_loader] project manifest lookup path=/private/var/folders/b5/7gsfwzyd449_54n8l40h40gc0000gn/T/avelune_connection_sd3LvI/project.json
[runtime_loader] project manifest read ok bytes=8480
[runtime_loader] project manifest validated maps=2 tilesets=1 scenarios=0
[runtime_loader] bundle map resolved mapId=jardin relativePath=maps/jardin.json mapPath=/private/var/folders/b5/7gsfwzyd449_54n8l40h40gc0000gn/T/avelune_connection_sd3LvI/maps/jardin.json
[runtime_loader] map file lookup path=/private/var/folders/b5/7gsfwzyd449_54n8l40h40gc0000gn/T/avelune_connection_sd3LvI/maps/jardin.json
[runtime_loader] map file read ok bytes=17465
[runtime_loader] map validated id=jardin size=24x16 layers=3 entities=1 placedElements=3 warps=0 triggers=0
[runtime_loader] bundle tilesets collected ids=atelier
[runtime_loader] bundle tileset path id=atelier path=/private/var/folders/b5/7gsfwzyd449_54n8l40h40gc0000gn/T/avelune_connection_sd3LvI/assets/atelier.png
[runtime_loader] bundle load ok mapId=jardin projectRoot=/private/var/folders/b5/7gsfwzyd449_54n8l40h40gc0000gn/T/avelune_connection_sd3LvI tilesets=1
18:13 +1065 ~3 -27: /Users/karim/Project/pokemonProject/apps/avelune_studio/test/map_workspace/save_while_typing_test.dart: the Save button applies the entry still being written
18:13 +1066 ~3 -27: /Users/karim/Project/pokemonProject/apps/avelune_studio/test/map_workspace/save_while_typing_test.dart: the Save button applies the entry still being written
18:14 +1067 ~3 -27: /Users/karim/Project/pokemonProject/apps/avelune_studio/test/map_workspace/save_while_typing_test.dart: the save shortcut works from inside a field
18:14 +1068 ~3 -27: /Users/karim/Project/pokemonProject/apps/avelune_studio/test/map_workspace/save_while_typing_test.dart: the save shortcut works from inside a field
18:14 +1069 ~3 -27: /Users/karim/Project/pokemonProject/apps/avelune_studio/test/map_workspace/save_while_typing_test.dart: the save shortcut works from inside a field
18:14 +1070 ~3 -27: /Users/karim/Project/pokemonProject/apps/avelune_studio/test/map_workspace/save_while_typing_test.dart: the save shortcut works from inside a field
18:14 +1071 ~3 -27: /Users/karim/Project/pokemonProject/apps/avelune_studio/test/map_workspace/save_while_typing_test.dart: the save shortcut works from inside a field
18:15 +1072 ~3 -27: /Users/karim/Project/pokemonProject/apps/avelune_studio/test/map_workspace/save_while_typing_test.dart: the save shortcut works from inside a field
18:15 +1073 ~3 -27: /Users/karim/Project/pokemonProject/apps/avelune_studio/test/map_workspace/save_while_typing_test.dart: the save shortcut works from inside a field
18:15 +1074 ~3 -27: /Users/karim/Project/pokemonProject/apps/avelune_studio/test/map_workspace/save_while_typing_test.dart: the save shortcut works from inside a field
18:16 +1075 ~3 -27: /Users/karim/Project/pokemonProject/apps/avelune_studio/test/map_workspace/save_while_typing_test.dart: the save shortcut works from inside a field
18:16 +1076 ~3 -27: /Users/karim/Project/pokemonProject/apps/avelune_studio/test/map_workspace/save_while_typing_test.dart: the save shortcut works from inside a field
18:16 +1077 ~3 -27: /Users/karim/Project/pokemonProject/apps/avelune_studio/test/map_workspace/save_while_typing_test.dart: the save shortcut works from inside a field
18:16 +1078 ~3 -27: /Users/karim/Project/pokemonProject/apps/avelune_studio/test/map_workspace/save_while_typing_test.dart: the save shortcut works from inside a field
18:16 +1079 ~3 -27: /Users/karim/Project/pokemonProject/apps/avelune_studio/test/map_workspace/save_while_typing_test.dart: the save shortcut works from inside a field
18:16 +1080 ~3 -27: /Users/karim/Project/pokemonProject/apps/avelune_studio/test/map_workspace/save_while_typing_test.dart: the save shortcut works from inside a field
18:16 +1081 ~3 -27: /Users/karim/Project/pokemonProject/apps/avelune_studio/test/map_workspace/save_while_typing_test.dart: deleting is still refused while the author types
18:17 +1082 ~3 -27: /Users/karim/Project/pokemonProject/apps/avelune_studio/test/map_workspace/save_while_typing_test.dart: deleting is still refused while the author types
18:17 +1083 ~3 -27: /Users/karim/Project/pokemonProject/apps/avelune_studio/test/map_workspace/save_while_typing_test.dart: deleting is still refused while the author types
18:17 +1084 ~3 -27: Some tests failed.

Failing tests:
  /Users/karim/Project/pokemonProject/apps/avelune_studio/test/architecture/architecture_boundaries_test.dart: fichiers Dart manuels limites a 300 lignes
  /Users/karim/Project/pokemonProject/apps/avelune_studio/test/cinematics/cinematic_spatial_gestures_ui10_test.dart: map clicks and point drag respect pan zoom resize at 16 px
  /Users/karim/Project/pokemonProject/apps/avelune_studio/test/cinematics/cinematic_spatial_gestures_ui10_test.dart: map clicks and point drag respect pan zoom resize at 32 px
  /Users/karim/Project/pokemonProject/apps/avelune_studio/test/cinematics/cinematic_viewport_parity_ui10_test.dart: scrub applies camera and fade while stop restores the work view
  ... and 23 more
