00:00 +0: loading /Users/karim/Project/pokemonProject/apps/avelune_studio/test/cinematics/cinematic_preview_media_ui10_test.dart
00:00 +0: /Users/karim/Project/pokemonProject/apps/avelune_studio/test/cinematics/cinematic_preview_media_ui10_test.dart: camera preview advances with media configured and audio=false
00:00 +1: /Users/karim/Project/pokemonProject/apps/avelune_studio/test/cinematics/cinematic_preview_media_ui10_test.dart: camera preview advances with media configured and audio=true
00:00 +2: /Users/karim/Project/pokemonProject/apps/avelune_studio/test/cinematics/cinematic_preview_media_ui10_test.dart: camera coexistence does not suppress missing media diagnostics
00:00 +3: /Users/karim/Project/pokemonProject/apps/avelune_studio/test/cinematics/cinematic_preview_media_ui10_test.dart: explicit playback executes canonical audio once; seek is silent and pause restores
00:00 +4: /Users/karim/Project/pokemonProject/apps/avelune_studio/test/cinematics/cinematic_preview_media_ui10_test.dart: stop during a pending media start restores the late owned channel
00:00 +5: /Users/karim/Project/pokemonProject/apps/avelune_studio/test/cinematics/cinematic_preview_media_ui10_test.dart: replacement and disposal clean previous asynchronous media without late notifications
00:00 +6: /Users/karim/Project/pokemonProject/apps/avelune_studio/test/cinematics/cinematic_preview_media_ui10_test.dart: media failure pauses visual playback and exposes an honest diagnostic
00:02 +7: /Users/karim/Project/pokemonProject/apps/avelune_studio/test/cinematics/cinematic_inspector_ui10_test.dart: focused duration commits canonical value and invalid duration is rejected
00:03 +8: /Users/karim/Project/pokemonProject/apps/avelune_studio/test/cinematics/cinematic_viewport_parity_ui10_test.dart: scrub applies camera and fade while stop restores the work view
00:03 +9: /Users/karim/Project/pokemonProject/apps/avelune_studio/test/cinematics/cinematic_viewport_parity_ui10_test.dart: scrub applies camera and fade while stop restores the work view
00:03 +10: /Users/karim/Project/pokemonProject/apps/avelune_studio/test/cinematics/cinematic_viewport_parity_ui10_test.dart: scrub applies camera and fade while stop restores the work view
00:03 +10 -1: /Users/karim/Project/pokemonProject/apps/avelune_studio/test/cinematics/cinematic_inspector_ui10_test.dart: camera target and zoom update canonical focus while actor choices preserve identity
00:03 +10 -1: /Users/karim/Project/pokemonProject/apps/avelune_studio/test/cinematics/cinematic_viewport_parity_ui10_test.dart: scrub applies camera and fade while stop restores the work view [E]
  Cette carte est absente, invalide ou utilise un format non pris en charge.
  package:avelune_studio/features/map_workspace/data/local_map_workspace_adapter.dart 162:7  LocalMapWorkspaceAdapter.loadMap

  LateInitializationError: Local 'fixture' has not been initialized.
  dart:_internal                                            LateError._throwLocalNotInitialized
  test/cinematics/cinematic_viewport_parity_ui10_test.dart  main.<fn>

00:04 +11 -1: /Users/karim/Project/pokemonProject/apps/avelune_studio/test/cinematics/cinematic_inspector_ui10_test.dart: guided initial placement is nonblocking and map entity role remains explicitly unbound
00:04 +12 -1: /Users/karim/Project/pokemonProject/apps/avelune_studio/test/cinematics/cinematic_independent_publication_ui10_test.dart: cinematic save preserves concurrent import, every map and linked sources
00:05 +13 -1: /Users/karim/Project/pokemonProject/apps/avelune_studio/test/cinematics/cinematic_independent_publication_ui10_test.dart: cinematic save preserves concurrent import, every map and linked sources
00:06 +14 -1: /Users/karim/Project/pokemonProject/apps/avelune_studio/test/cinematics/cinematic_adapter_ui10_test.dart: referenced deletion lists consumer and leaves shared documents intact
00:06 +15 -1: /Users/karim/Project/pokemonProject/apps/avelune_studio/test/cinematics/cinematic_adapter_ui10_test.dart: draft publication creates asset and library atomically without a map
00:06 +16 -1: /Users/karim/Project/pokemonProject/apps/avelune_studio/test/cinematics/cinematic_published_guard_ui10_test.dart: published cinematic test preserves dirty dependencies and focused invalid edit blocks close
00:06 +17 -1: /Users/karim/Project/pokemonProject/apps/avelune_studio/test/cinematics/cinematic_published_guard_ui10_test.dart: published cinematic test preserves dirty dependencies and focused invalid edit blocks close
00:06 +18 -1: /Users/karim/Project/pokemonProject/apps/avelune_studio/test/cinematics/cinematic_published_guard_ui10_test.dart: published cinematic test preserves dirty dependencies and focused invalid edit blocks close
00:06 +19 -1: /Users/karim/Project/pokemonProject/apps/avelune_studio/test/cinematics/cinematic_published_guard_ui10_test.dart: published cinematic test preserves dirty dependencies and focused invalid edit blocks close
00:06 +20 -1: /Users/karim/Project/pokemonProject/apps/avelune_studio/test/cinematics/cinematic_published_guard_ui10_test.dart: published cinematic test preserves dirty dependencies and focused invalid edit blocks close
00:07 +21 -1: /Users/karim/Project/pokemonProject/apps/avelune_studio/test/cinematics/cinematic_published_guard_ui10_test.dart: published cinematic test preserves dirty dependencies and focused invalid edit blocks close
00:07 +22 -1: /Users/karim/Project/pokemonProject/apps/avelune_studio/test/cinematics/cinematic_adapter_ui10_test.dart: interrupted promotion recovers both document and classification
00:07 +23 -1: /Users/karim/Project/pokemonProject/apps/avelune_studio/test/cinematics/cinematic_adapter_ui10_test.dart: homonymous identities load separately and mismatched publication refuses
00:07 +24 -1: /Users/karim/Project/pokemonProject/apps/avelune_studio/test/cinematics/cinematic_preview_transport_ui10_test.dart: canonical intermediate movement, backwards scrub and stop never modify author asset
00:07 +25 -1: /Users/karim/Project/pokemonProject/apps/avelune_studio/test/cinematics/cinematic_preview_transport_ui10_test.dart: eighty sequential actions keep one plan for ticks, pause and scrub
00:10 +26 -1: /Users/karim/Project/pokemonProject/apps/avelune_studio/test/cinematics/cinematic_animation_ui10_test.dart: animation uses canonical command, preserves unknown metadata and undoes repeat edit
00:10 +27 -1: /Users/karim/Project/pokemonProject/apps/avelune_studio/test/cinematics/cinematic_animation_ui10_test.dart: typed animation inspector edits repeat count and retains invalid input diagnostic
00:10 +28 -1: /Users/karim/Project/pokemonProject/apps/avelune_studio/test/cinematics/cinematic_animation_ui10_test.dart: typed animation inspector edits repeat count and retains invalid input diagnostic
00:10 +29 -1: /Users/karim/Project/pokemonProject/apps/avelune_studio/test/cinematics/cinematic_animation_ui10_test.dart: typed animation inspector edits repeat count and retains invalid input diagnostic
00:10 +30 -1: /Users/karim/Project/pokemonProject/apps/avelune_studio/test/cinematics/cinematic_animation_ui10_test.dart: typed animation inspector edits repeat count and retains invalid input diagnostic
00:11 +31 -1: /Users/karim/Project/pokemonProject/apps/avelune_studio/test/cinematics/cinematic_coexistence_ui10_test.dart: full and simplified dirty ownership is reciprocal; publication invalidates only clean owners
00:11 +32 -1: /Users/karim/Project/pokemonProject/apps/avelune_studio/test/cinematics/cinematic_coexistence_ui10_test.dart: full and simplified dirty ownership is reciprocal; publication invalidates only clean owners
00:11 +33 -1: /Users/karim/Project/pokemonProject/apps/avelune_studio/test/cinematics/cinematic_coexistence_ui10_test.dart: full and simplified dirty ownership is reciprocal; publication invalidates only clean owners
00:11 +34 -1: /Users/karim/Project/pokemonProject/apps/avelune_studio/test/cinematics/cinematic_coexistence_ui10_test.dart: full and simplified dirty ownership is reciprocal; publication invalidates only clean owners
00:12 +35 -1: /Users/karim/Project/pokemonProject/apps/avelune_studio/test/cinematics/cinematic_coexistence_ui10_test.dart: changed cinematic base refuses stale simplified publication even when scene is unchanged
00:12 +36 -1: /Users/karim/Project/pokemonProject/apps/avelune_studio/test/cinematics/dialogue_working_source_ui10_test.dart: C1 dirty simplified dialogue wins over old clean full snapshot without publication
00:13 +37 -1: /Users/karim/Project/pokemonProject/apps/avelune_studio/test/cinematics/dialogue_working_source_ui10_test.dart: C1 dirty simplified dialogue wins over old clean full snapshot without publication
00:13 +38 -1: /Users/karim/Project/pokemonProject/apps/avelune_studio/test/cinematics/dialogue_working_source_ui10_test.dart: C1 dirty simplified dialogue wins over old clean full snapshot without publication
00:13 +39 -1: /Users/karim/Project/pokemonProject/apps/avelune_studio/test/cinematics/dialogue_working_source_ui10_test.dart: C1 dirty simplified dialogue wins over old clean full snapshot without publication
00:13 +40 -1: /Users/karim/Project/pokemonProject/apps/avelune_studio/test/cinematics/dialogue_working_source_ui10_test.dart: C1 dirty simplified dialogue wins over old clean full snapshot without publication
00:13 +41 -1: /Users/karim/Project/pokemonProject/apps/avelune_studio/test/cinematics/dialogue_working_source_ui10_test.dart: C1 dirty simplified dialogue wins over old clean full snapshot without publication
00:13 +42 -1: /Users/karim/Project/pokemonProject/apps/avelune_studio/test/cinematics/dialogue_working_source_ui10_test.dart: C1 dirty simplified dialogue wins over old clean full snapshot without publication
00:14 +43 -1: /Users/karim/Project/pokemonProject/apps/avelune_studio/test/cinematics/dialogue_working_source_ui10_test.dart: working source resolves publication, explicit discard, homonyms and project boundary
00:14 +44 -1: /Users/karim/Project/pokemonProject/apps/avelune_studio/test/cinematics/cinematic_spatial_gestures_ui10_test.dart: map clicks and point drag respect pan zoom resize at 16 px
00:15 +45 -1: /Users/karim/Project/pokemonProject/apps/avelune_studio/test/cinematics/cinematic_spatial_gestures_ui10_test.dart: map clicks and point drag respect pan zoom resize at 16 px
00:16 +45 -2: /Users/karim/Project/pokemonProject/apps/avelune_studio/test/cinematics/cinematic_timeline_gestures_ui10_test.dart: timeline empty lane, reorder, resize once and Escape preserve authored time
00:16 +45 -2: /Users/karim/Project/pokemonProject/apps/avelune_studio/test/cinematics/cinematic_spatial_gestures_ui10_test.dart: map clicks and point drag respect pan zoom resize at 16 px [E]
  Cette carte est absente, invalide ou utilise un format non pris en charge.
  package:avelune_studio/features/map_workspace/data/local_map_workspace_adapter.dart 162:7  LocalMapWorkspaceAdapter.loadMap

  LateInitializationError: Local 'fixture' has not been initialized.
  dart:_internal                                             LateError._throwLocalNotInitialized
  test/cinematics/cinematic_spatial_gestures_ui10_test.dart  main.<fn>

  LateInitializationError: Local 'fixture' has not been initialized.
  dart:_internal                                             LateError._throwLocalNotInitialized
  test/cinematics/cinematic_spatial_gestures_ui10_test.dart  main.<fn>

00:16 +46 -2: /Users/karim/Project/pokemonProject/apps/avelune_studio/test/cinematics/cinematic_spatial_gestures_ui10_test.dart: map clicks and point drag respect pan zoom resize at 32 px
00:17 +46 -3: /Users/karim/Project/pokemonProject/apps/avelune_studio/test/cinematics/cinematic_spatial_gestures_ui10_test.dart: map clicks and point drag respect pan zoom resize at 32 px [E]
  Cette carte est absente, invalide ou utilise un format non pris en charge.
  package:avelune_studio/features/map_workspace/data/local_map_workspace_adapter.dart 162:7  LocalMapWorkspaceAdapter.loadMap

  LateInitializationError: Local 'fixture' has not been initialized.
  dart:_internal                                             LateError._throwLocalNotInitialized
  test/cinematics/cinematic_spatial_gestures_ui10_test.dart  main.<fn>

  LateInitializationError: Local 'fixture' has not been initialized.
  dart:_internal                                             LateError._throwLocalNotInitialized
  test/cinematics/cinematic_spatial_gestures_ui10_test.dart  main.<fn>

00:17 +46 -3: /Users/karim/Project/pokemonProject/apps/avelune_studio/test/terrain_editor_test.dart: source assignment, scratch correction and publication activate the saved preset
00:19 +47 -3: /Users/karim/Project/pokemonProject/apps/avelune_studio/test/terrain_editor_test.dart: small editor at enlarged text keeps all sections scrollable
00:19 +48 -3: /Users/karim/Project/pokemonProject/apps/avelune_studio/test/terrain_editor_test.dart: outer corner can be assigned and undone through the pattern
00:20 +49 -3: /Users/karim/Project/pokemonProject/apps/avelune_studio/test/dialogues_ui09_responsive_test.dart: responsive 1440x900 edits text and response then saves
00:24 +50 -3: /Users/karim/Project/pokemonProject/apps/avelune_studio/test/dialogues_ui09_responsive_test.dart: responsive 1440x900 edits text and response then saves
00:26 +51 -3: /Users/karim/Project/pokemonProject/apps/avelune_studio/test/dialogues_ui09_responsive_test.dart: responsive 1440x900 edits text and response then saves
00:28 +52 -3: /Users/karim/Project/pokemonProject/apps/avelune_studio/test/ui11_presentation_transport_controls_test.dart: UI11 transport answers the keyboard without a focused panel
00:28 +53 -3: /Users/karim/Project/pokemonProject/apps/avelune_studio/test/dialogues_ui09_responsive_test.dart: responsive 1280x800 edits text and response then saves
00:31 +54 -3: /Users/karim/Project/pokemonProject/apps/avelune_studio/test/dialogues_ui09_responsive_test.dart: responsive 1280x800 edits text and response then saves
00:33 +55 -3: /Users/karim/Project/pokemonProject/apps/avelune_studio/test/ui13_verification_working_version_test.dart: a scene renamed in its editor is analysed without saving
00:33 +56 -3: /Users/karim/Project/pokemonProject/apps/avelune_studio/test/dialogues_ui09_responsive_test.dart: responsive 1024x640 edits text and response then saves
00:33 +57 -3: /Users/karim/Project/pokemonProject/apps/avelune_studio/test/dialogues_ui09_responsive_test.dart: responsive 1024x640 edits text and response then saves
00:34 +58 -3: /Users/karim/Project/pokemonProject/apps/avelune_studio/test/dialogues_ui09_responsive_test.dart: responsive 1024x640 edits text and response then saves
00:34 +59 -3: /Users/karim/Project/pokemonProject/apps/avelune_studio/test/dialogues_ui09_responsive_test.dart: responsive 1024x640 edits text and response then saves
00:34 +60 -3: /Users/karim/Project/pokemonProject/apps/avelune_studio/test/dialogues_ui09_responsive_test.dart: responsive 1024x640 edits text and response then saves
00:35 +61 -3: /Users/karim/Project/pokemonProject/apps/avelune_studio/test/dialogues_ui09_responsive_test.dart: responsive 1024x640 edits text and response then saves
00:37 +62 -3: /Users/karim/Project/pokemonProject/apps/avelune_studio/test/dialogues_ui09_responsive_test.dart: responsive 1024x640 edits text and response then saves
00:37 +63 -3: /Users/karim/Project/pokemonProject/apps/avelune_studio/test/dialogues_ui09_responsive_test.dart: responsive 1024x640 edits text and response then saves
00:38 +64 -3: /Users/karim/Project/pokemonProject/apps/avelune_studio/test/dialogues_ui09_responsive_test.dart: responsive 1024x640 edits text and response then saves
00:38 +65 -3: /Users/karim/Project/pokemonProject/apps/avelune_studio/test/dialogues_ui09_responsive_test.dart: responsive 1024x640 edits text and response then saves
00:38 +66 -3: /Users/karim/Project/pokemonProject/apps/avelune_studio/test/ui13_verification_recovery_test.dart: the end of a replaced request does not disturb the new one
00:39 +67 -3: /Users/karim/Project/pokemonProject/apps/avelune_studio/test/home/home_all_maps_test.dart: all maps page shows nested folders and opens any map
00:40 +68 -3: /Users/karim/Project/pokemonProject/apps/avelune_studio/test/home/home_character_navigation_test.dart: home character placement preserves map and opens palette: compact=false
00:41 +69 -3: /Users/karim/Project/pokemonProject/apps/avelune_studio/test/home/home_character_navigation_test.dart: home character placement preserves map and opens palette: compact=false
00:41 +70 -3: /Users/karim/Project/pokemonProject/apps/avelune_studio/test/home/home_character_navigation_test.dart: home character placement preserves map and opens palette: compact=false
00:41 +71 -3: /Users/karim/Project/pokemonProject/apps/avelune_studio/test/home/home_character_navigation_test.dart: home character placement preserves map and opens palette: compact=false
00:41 +72 -3: /Users/karim/Project/pokemonProject/apps/avelune_studio/test/home/home_character_navigation_test.dart: home character placement preserves map and opens palette: compact=false
00:41 +73 -3: /Users/karim/Project/pokemonProject/apps/avelune_studio/test/home/home_character_navigation_test.dart: home character placement preserves map and opens palette: compact=false
00:41 +74 -3: /Users/karim/Project/pokemonProject/apps/avelune_studio/test/home/home_character_navigation_test.dart: home character placement preserves map and opens palette: compact=false
00:41 +75 -3: /Users/karim/Project/pokemonProject/apps/avelune_studio/test/home/home_character_navigation_test.dart: home character placement preserves map and opens palette: compact=false
00:41 +76 -3: /Users/karim/Project/pokemonProject/apps/avelune_studio/test/home/home_character_navigation_test.dart: home character placement preserves map and opens palette: compact=false
00:42 +77 -3: /Users/karim/Project/pokemonProject/apps/avelune_studio/test/home/home_character_navigation_test.dart: home character placement preserves map and opens palette: compact=true
00:43 +77 -3: /Users/karim/Project/pokemonProject/apps/avelune_studio/test/home/home_lazy_collection_test.dart: compact home builds long recent collections on demand

Warning: A call to drag() with finder "Found 1 widget with type "Scrollable" descending from widget with key [<'home-recent-projects-list'>]: [
  Scrollable(axisDirection: down, physics: AlwaysScrollableScrollPhysics, restorationId: null, dependencies: [InheritedCupertinoTheme, MediaQuery, ScrollConfiguration, UnmanagedRestorationScope, _InheritedTheme, _LocalizationsScope-[GlobalKey#85034]], state: ScrollableState#c4d9b(position: ScrollPositionWithSingleContext#27c30(offset: 0.0, range: 0.0..8083.2, viewport: 116.8, ScrollableState, AlwaysScrollableScrollPhysics -> ClampingScrollPhysics -> RangeMaintainingScrollPhysics, IdleScrollActivity#3a2cd, ScrollDirection.idle), effective physics: AlwaysScrollableScrollPhysics -> ClampingScrollPhysics -> RangeMaintainingScrollPhysics)),
]" derived an Offset (Offset(548.0, 782.4)) that would not hit test on the specified widget.
Maybe the widget is actually off-screen, or another widget is obscuring it, or the widget cannot receive pointer events.
Indeed, Offset(548.0, 782.4) is outside the bounds of the root of the render tree, Size(1024.0, 640.0).
The finder corresponds to this RenderBox: RenderClipRect#4747b relayoutBoundary=up1
The hit test result at that offset is: HitTestResult(HitTestEntry<HitTestTarget>#56e40(_ReusableRenderView#6b56a), HitTestEntry<HitTestTarget>#3b7a3(<AutomatedTestWidgetsFlutterBinding>))
#0      WidgetController._getElementPoint (package:flutter_test/src/controller.dart:2165:25)
#1      WidgetController.getCenter (package:flutter_test/src/controller.dart:1947:12)
#2      WidgetController.drag (package:flutter_test/src/controller.dart:1604:7)
#3      WidgetController.dragUntilVisible.<anonymous closure> (package:flutter_test/src/controller.dart:2483:17)
#4      Zone.run (dart:async/zone.dart:434:27)
#5      TestAsyncUtils.guard (package:flutter_test/src/test_async_utils.dart:74:41)
#6      WidgetController.dragUntilVisible (package:flutter_test/src/controller.dart:2476:27)
#7      WidgetController.scrollUntilVisible.<anonymous closure> (package:flutter_test/src/controller.dart:2439:13)
#8      Zone.run (dart:async/zone.dart:434:27)
#9      TestAsyncUtils.guard (package:flutter_test/src/test_async_utils.dart:74:41)
#10     WidgetController.scrollUntilVisible (package:flutter_test/src/controller.dart:2427:27)
#11     main.<anonymous closure> (file:///Users/karim/Project/pokemonProject/apps/avelune_studio/test/home/home_lazy_collection_test.dart:54:18)
<asynchronous suspension>
#12     testWidgets.<anonymous closure>.<anonymous closure> (package:flutter_test/src/widget_tester.dart:192:15)
<asynchronous suspension>
#13     TestWidgetsFlutterBinding._runTestBody (package:flutter_test/src/binding.dart:1978:5)
<asynchronous suspension>
#14     StackZoneSpecification._registerCallback.<anonymous closure> (package:stack_trace/src/stack_zone_specification.dart:114:42)
<asynchronous suspension>
To silence this warning, pass "warnIfMissed: false" to "drag()".
To make this warning fatal, set WidgetController.hitTestWarningShouldBeFatal to true.

00:43 +78 -3: /Users/karim/Project/pokemonProject/apps/avelune_studio/test/home/home_lazy_collection_test.dart: compact home builds long recent collections on demand
00:44 +79 -3: /Users/karim/Project/pokemonProject/apps/avelune_studio/test/home/home_tools_cards_test.dart: creation tool cards share one height at 1100.0 and 1.0
00:44 +80 -3: /Users/karim/Project/pokemonProject/apps/avelune_studio/test/home/home_tools_cards_test.dart: creation tool cards share one height at 720.0 and 1.5
00:46 +81 -3: /Users/karim/Project/pokemonProject/apps/avelune_studio/test/home/home_navigation_test.dart: home keeps mounted workspace, document, zoom and undo; cancelled switch preserves it
00:47 +82 -3: /Users/karim/Project/pokemonProject/apps/avelune_studio/test/home/home_navigation_test.dart: home keeps mounted workspace, document, zoom and undo; cancelled switch preserves it
00:49 +83 -3: /Users/karim/Project/pokemonProject/apps/avelune_studio/test/home/home_visual_test.dart: map cards align with one and two line titles at 1.0
00:49 +84 -3: /Users/karim/Project/pokemonProject/apps/avelune_studio/test/home/home_visual_test.dart: map cards align with one and two line titles at 1.5
00:49 +85 -3: /Users/karim/Project/pokemonProject/apps/avelune_studio/test/home/home_visual_test.dart: home fits Size(1536.0, 1024.0) with real layout and local search
00:50 +86 -3: /Users/karim/Project/pokemonProject/apps/avelune_studio/test/home/home_real_project_test.dart: opens disposable on-disk project and captures the real active home
00:50 +87 -3: /Users/karim/Project/pokemonProject/apps/avelune_studio/test/home/home_real_project_test.dart: opens disposable on-disk project and captures the real active home
00:50 +88 -3: /Users/karim/Project/pokemonProject/apps/avelune_studio/test/home/home_real_project_test.dart: opens disposable on-disk project and captures the real active home
00:51 +89 -3: /Users/karim/Project/pokemonProject/apps/avelune_studio/test/home/home_real_project_test.dart: opens disposable on-disk project and captures the real active home
00:51 +90 -3: /Users/karim/Project/pokemonProject/apps/avelune_studio/test/home/home_real_project_test.dart: opens disposable on-disk project and captures the real active home
00:52 +91 -3: /Users/karim/Project/pokemonProject/apps/avelune_studio/test/home/home_real_project_test.dart: opens disposable on-disk project and captures the real active home
00:53 +92 -3: /Users/karim/Project/pokemonProject/apps/avelune_studio/test/ui13_verification_page_test.dart: the page states that nothing was checked before a launch
00:55 +93 -3: /Users/karim/Project/pokemonProject/apps/avelune_studio/test/presentations_ui11_renderer_parity_test.dart: shared montage equals actual runtime frames portrait=false
00:56 +94 -3: /Users/karim/Project/pokemonProject/apps/avelune_studio/test/presentations_ui11_renderer_parity_test.dart: shared montage equals actual runtime frames portrait=false
00:57 +95 -3: /Users/karim/Project/pokemonProject/apps/avelune_studio/test/presentations_ui11_renderer_parity_test.dart: shared montage equals actual runtime frames portrait=false
00:58 +96 -3: /Users/karim/Project/pokemonProject/apps/avelune_studio/test/presentations_ui11_renderer_parity_test.dart: shared montage equals actual runtime frames portrait=false
00:58 +97 -3: /Users/karim/Project/pokemonProject/apps/avelune_studio/test/presentations_ui11_renderer_parity_test.dart: shared montage equals actual runtime frames portrait=true
01:00 +98 -3: /Users/karim/Project/pokemonProject/apps/avelune_studio/test/cinematics_ui10_error_recovery_test.dart: UI10 recovers missing actor through real controls and preserves invalid fields
══╡ EXCEPTION CAUGHT BY FLUTTER TEST FRAMEWORK ╞════════════════════════════════════════════════════
The following MapWorkspaceFailure was thrown while running async test code:
Cette carte est absente, invalide ou utilise un format non pris en charge.

When the exception was thrown, this was the stack:
#0      LocalMapWorkspaceAdapter.loadMap (package:avelune_studio/features/map_workspace/data/local_map_workspace_adapter.dart:162:7)
<asynchronous suspension>
#1      seedUi10Visuals (file:///Users/karim/Project/pokemonProject/apps/avelune_studio/test/support/ui10_fixture_visuals.dart:124:18)
<asynchronous suspension>
#2      createUi10Fixture (file:///Users/karim/Project/pokemonProject/apps/avelune_studio/test/support/ui10_cinematic_fixture.dart:18:5)
<asynchronous suspension>
#3      Ui10WorkspaceHarness.create (file:///Users/karim/Project/pokemonProject/apps/avelune_studio/test/support/ui10_workspace_harness.dart:20:21)
<asynchronous suspension>
<asynchronous suspension>
#5      main.<anonymous closure> (file:///Users/karim/Project/pokemonProject/apps/avelune_studio/test/cinematics_ui10_error_recovery_test.dart:17:24)
<asynchronous suspension>
#6      testWidgets.<anonymous closure>.<anonymous closure> (package:flutter_test/src/widget_tester.dart:192:15)
<asynchronous suspension>
#7      TestWidgetsFlutterBinding._runTestBody (package:flutter_test/src/binding.dart:1978:5)
<asynchronous suspension>
<asynchronous suspension>
(elided 2 frames from dart:async and package:stack_trace)

The exception was caught asynchronously.
════════════════════════════════════════════════════════════════════════════════════════════════════
══╡ EXCEPTION CAUGHT BY FLUTTER TEST FRAMEWORK ╞════════════════════════════════════════════════════
The following _TypeError was thrown running a test:
Null check operator used on a null value

When the exception was thrown, this was the stack:
#0      main.<anonymous closure> (file:///Users/karim/Project/pokemonProject/apps/avelune_studio/test/cinematics_ui10_error_recovery_test.dart:19:9)
<asynchronous suspension>
#1      testWidgets.<anonymous closure>.<anonymous closure> (package:flutter_test/src/widget_tester.dart:192:15)
<asynchronous suspension>
#2      TestWidgetsFlutterBinding._runTestBody (package:flutter_test/src/binding.dart:1978:5)
<asynchronous suspension>
<asynchronous suspension>
(elided one frame from package:stack_trace)

The test description was:
  UI10 recovers missing actor through real controls and preserves invalid fields
════════════════════════════════════════════════════════════════════════════════════════════════════
══╡ EXCEPTION CAUGHT BY FLUTTER TEST FRAMEWORK ╞════════════════════════════════════════════════════
The following message was thrown:
Multiple exceptions (2) were detected during the running of the current test, and at least one was
unexpected.
════════════════════════════════════════════════════════════════════════════════════════════════════
01:01 +98 -4: /Users/karim/Project/pokemonProject/apps/avelune_studio/test/cinematics_ui10_error_recovery_test.dart: UI10 recovers missing actor through real controls and preserves invalid fields [E]
  Test failed. See exception logs above.
  The test description was: UI10 recovers missing actor through real controls and preserves invalid fields

01:01 +98 -4: /Users/karim/Project/pokemonProject/apps/avelune_studio/test/dialogues/dialogue_portrait_ui09_test.dart: portrait resolves canonical character variant to verified asset bytes
01:01 +99 -4: /Users/karim/Project/pokemonProject/apps/avelune_studio/test/dialogues/dialogue_portrait_ui09_test.dart: unchanged source publication preserves all authored bytes
01:01 +100 -4: /Users/karim/Project/pokemonProject/apps/avelune_studio/test/dialogues/dialogue_preview_ui09_test.dart: canonical portrait speaker and clearing apply to the actual line without leaking previous portrait
01:01 +101 -4: /Users/karim/Project/pokemonProject/apps/avelune_studio/test/dialogues/dialogue_preview_ui09_test.dart: canonical preview never automatically selects the first response
01:03 +102 -4: /Users/karim/Project/pokemonProject/apps/avelune_studio/test/dialogues/dialogue_adapter_ui09_test.dart: 100 entries load only the requested source by ID without any map
01:03 +103 -4: /Users/karim/Project/pokemonProject/apps/avelune_studio/test/dialogues/dialogue_adapter_ui09_test.dart: create rename duplicate and delete are targeted and map independent
01:04 +104 -4: /Users/karim/Project/pokemonProject/apps/avelune_studio/test/dialogues/dialogue_controller_ui09_test.dart: lazy library, reply choices shared targets outcomes save reopen and deterministic identities
01:04 +105 -4: /Users/karim/Project/pokemonProject/apps/avelune_studio/test/dialogues/dialogue_controller_ui09_test.dart: lazy library, reply choices shared targets outcomes save reopen and deterministic identities
01:04 +106 -4: /Users/karim/Project/pokemonProject/apps/avelune_studio/test/dialogues/dialogue_controller_ui09_test.dart: lazy library, reply choices shared targets outcomes save reopen and deterministic identities
01:04 +107 -4: /Users/karim/Project/pokemonProject/apps/avelune_studio/test/dialogues/dialogue_controller_ui09_test.dart: lazy library, reply choices shared targets outcomes save reopen and deterministic identities
01:04 +108 -4: /Users/karim/Project/pokemonProject/apps/avelune_studio/test/dialogues/dialogue_adapter_ui09_test.dart: unrelated external catalog changes survive publication on fresh baseline
01:04 +109 -4: /Users/karim/Project/pokemonProject/apps/avelune_studio/test/dialogues/dialogue_controller_ui09_test.dart: deep immutable snapshot and semantic history preserve branch content, rejects unsafe replacement
01:04 +110 -4: /Users/karim/Project/pokemonProject/apps/avelune_studio/test/dialogues/dialogue_controller_ui09_test.dart: canonical preview stops jump loops and refuses missing scene entry
01:04 +111 -4: /Users/karim/Project/pokemonProject/apps/avelune_studio/test/dialogues/dialogue_controller_ui09_test.dart: literal command-looking multiline text remains text through strict compiler and codec
01:05 +112 -4: /Users/karim/Project/pokemonProject/apps/avelune_studio/test/dialogues/dialogue_coexistence_ui09_test.dart: simplified dirty blocks full document; full dirty blocks simplified and preserves unrelated use
01:06 +113 -4: /Users/karim/Project/pokemonProject/apps/avelune_studio/test/dialogues/dialogue_concurrency_ui09_test.dart: late A read cannot replace B; cached selections perform no extra reads
01:06 +114 -4: /Users/karim/Project/pokemonProject/apps/avelune_studio/test/dialogues/dialogue_coexistence_ui09_test.dart: simplified source-only publication invalidates clean full cached source
01:06 +115 -4: /Users/karim/Project/pokemonProject/apps/avelune_studio/test/dialogues/dialogue_concurrency_ui09_test.dart: publication snapshot stays dirty for later edits and new source can be resaved
01:06 +116 -4: /Users/karim/Project/pokemonProject/apps/avelune_studio/test/dialogues/dialogue_coexistence_ui09_test.dart: two clean simplified consumers cannot republish a stale shared source
01:07 +117 -4: /Users/karim/Project/pokemonProject/apps/avelune_studio/test/dialogues/dialogue_concurrency_ui09_test.dart: source conflict preserves unsaved work and file; explicit reload alone replaces draft
01:07 +118 -4: /Users/karim/Project/pokemonProject/apps/avelune_studio/test/dialogues/dialogue_concurrency_ui09_test.dart: missing and unsupported sources never materialize an editable blank recovery
01:07 +119 -4: /Users/karim/Project/pokemonProject/apps/avelune_studio/test/dialogues/dialogue_concurrency_ui09_test.dart: opaque source preamble is preserved and cannot be normalized away
01:07 +120 -4: /Users/karim/Project/pokemonProject/apps/avelune_studio/test/dialogues/dialogue_concurrency_ui09_test.dart: late delete protects A against edits and never deselects B
01:07 +121 -4: /Users/karim/Project/pokemonProject/apps/avelune_studio/test/dialogues/dialogue_publication_guards_ui09_test.dart: interruption between manifest and source recovers the coherent pair
01:07 +122 -4: /Users/karim/Project/pokemonProject/apps/avelune_studio/test/dialogues/dialogue_publication_guards_ui09_test.dart: interruption between manifest and source recovers the coherent pair
01:08 +123 -4: /Users/karim/Project/pokemonProject/apps/avelune_studio/test/dialogues/dialogue_publication_guards_ui09_test.dart: strict compilation rejects unsupported commands without touching either file
01:08 +124 -4: /Users/karim/Project/pokemonProject/apps/avelune_studio/test/dialogues/dialogue_publication_guards_ui09_test.dart: delete and missing external Yarn entry refuse with consumer paths
01:08 +125 -4: /Users/karim/Project/pokemonProject/apps/avelune_studio/test/dialogues/dialogue_publication_guards_ui09_test.dart: mutex rechecks the exact source baseline after waiting for another save
01:08 +126 -4: /Users/karim/Project/pokemonProject/apps/avelune_studio/test/dialogues/dialogue_publication_guards_ui09_test.dart: missing malformed and empty sources do not fabricate a replacement
01:08 +127 -4: /Users/karim/Project/pokemonProject/apps/avelune_studio/test/dialogues/dialogue_publication_guards_ui09_test.dart: an existing unregistered source cannot be overwritten by creation
01:09 +128 -4: /Users/karim/Project/pokemonProject/apps/avelune_studio/test/dialogues_ui09_interaction_test.dart: switching inspector tab commits focused text before disposal
01:09 +129 -4: /Users/karim/Project/pokemonProject/apps/avelune_studio/test/dialogues_ui09_interaction_test.dart: switching inspector tab commits focused text before disposal
01:09 +130 -4: /Users/karim/Project/pokemonProject/apps/avelune_studio/test/dialogues_ui09_interaction_test.dart: switching inspector tab commits focused text before disposal
01:09 +131 -4: /Users/karim/Project/pokemonProject/apps/avelune_studio/test/dialogues_ui09_interaction_test.dart: switching inspector tab commits focused text before disposal
01:09 +132 -4: /Users/karim/Project/pokemonProject/apps/avelune_studio/test/dialogues_ui09_interaction_test.dart: switching inspector tab commits focused text before disposal
01:10 +133 -4: /Users/karim/Project/pokemonProject/apps/avelune_studio/test/dialogues_ui09_interaction_test.dart: switching inspector tab commits focused text before disposal
01:11 +134 -4: /Users/karim/Project/pokemonProject/apps/avelune_studio/test/dialogues_ui09_interaction_test.dart: switching inspector tab commits focused text before disposal
01:11 +135 -4: /Users/karim/Project/pokemonProject/apps/avelune_studio/test/dialogues_ui09_interaction_test.dart: switching inspector tab commits focused text before disposal
01:11 +136 -4: /Users/karim/Project/pokemonProject/apps/avelune_studio/test/dialogues_ui09_interaction_test.dart: switching inspector tab commits focused text before disposal
01:11 +137 -4: /Users/karim/Project/pokemonProject/apps/avelune_studio/test/dialogues_ui09_interaction_test.dart: switching inspector tab commits focused text before disposal
01:12 +138 -4: /Users/karim/Project/pokemonProject/apps/avelune_studio/test/dialogues_ui09_interaction_test.dart: switching inspector tab commits focused text before disposal
01:12 +139 -4: /Users/karim/Project/pokemonProject/apps/avelune_studio/test/dialogues_ui09_interaction_test.dart: switching inspector tab commits focused text before disposal
01:12 +140 -4: /Users/karim/Project/pokemonProject/apps/avelune_studio/test/dialogues_ui09_interaction_test.dart: focused text saves exact source and history remains usable
01:13 +141 -4: /Users/karim/Project/pokemonProject/apps/avelune_studio/test/dialogues_ui09_interaction_test.dart: focused text saves exact source and history remains usable
01:15 +142 -4: /Users/karim/Project/pokemonProject/apps/avelune_studio/test/dialogues_ui09_interaction_test.dart: focused text saves exact source and history remains usable
01:15 +143 -4: /Users/karim/Project/pokemonProject/apps/avelune_studio/test/dialogues_ui09_interaction_test.dart: focused text saves exact source and history remains usable
01:15 +144 -4: /Users/karim/Project/pokemonProject/apps/avelune_studio/test/dialogues_ui09_interaction_test.dart: focused text saves exact source and history remains usable
01:15 +145 -4: /Users/karim/Project/pokemonProject/apps/avelune_studio/test/dialogues_ui09_interaction_test.dart: focused text saves exact source and history remains usable
01:15 +146 -4: /Users/karim/Project/pokemonProject/apps/avelune_studio/test/dialogues_ui09_interaction_test.dart: focused text saves exact source and history remains usable
01:16 +147 -4: /Users/karim/Project/pokemonProject/apps/avelune_studio/test/dialogues_ui09_interaction_test.dart: preview plays both explicit branches without publication
01:16 +148 -4: /Users/karim/Project/pokemonProject/apps/avelune_studio/test/dialogues_ui09_interaction_test.dart: preview plays both explicit branches without publication
01:16 +149 -4: /Users/karim/Project/pokemonProject/apps/avelune_studio/test/dialogues_ui09_interaction_test.dart: preview plays both explicit branches without publication
01:16 +150 -4: /Users/karim/Project/pokemonProject/apps/avelune_studio/test/dialogues_ui09_interaction_test.dart: preview plays both explicit branches without publication
01:16 +151 -4: /Users/karim/Project/pokemonProject/apps/avelune_studio/test/dialogues_ui09_interaction_test.dart: preview plays both explicit branches without publication
01:16 +152 -4: /Users/karim/Project/pokemonProject/apps/avelune_studio/test/dialogues_ui09_interaction_test.dart: preview plays both explicit branches without publication
01:16 +153 -4: /Users/karim/Project/pokemonProject/apps/avelune_studio/test/dialogues_ui09_interaction_test.dart: preview plays both explicit branches without publication
01:16 +154 -4: /Users/karim/Project/pokemonProject/apps/avelune_studio/test/dialogues_ui09_interaction_test.dart: preview plays both explicit branches without publication
01:16 +155 -4: /Users/karim/Project/pokemonProject/apps/avelune_studio/test/dialogues_ui09_interaction_test.dart: preview plays both explicit branches without publication
01:16 +156 -4: /Users/karim/Project/pokemonProject/apps/avelune_studio/test/dialogues_ui09_interaction_test.dart: preview plays both explicit branches without publication
01:19 +157 -4: /Users/karim/Project/pokemonProject/apps/avelune_studio/test/dialogues_ui09_volume_test.dart: UI09 40 suites 200 lines 50 links navigation does not reread or compile
UI09 volume: 40 suites, 200 lines, 50 links; 8 gestures; 1 source read; 0 additional compilations; 9 page builds (initial + 8 selection updates).
01:21 +158 -4: /Users/karim/Project/pokemonProject/apps/avelune_studio/test/dialogues_ui09_interaction_test.dart: wire drag cancellation and real reconnection preserve history at 0.55
01:22 +159 -4: /Users/karim/Project/pokemonProject/apps/avelune_studio/test/ui06_scene_runtime_test.dart: real scene executor commits the false branch after reopen
01:23 +160 -4: /Users/karim/Project/pokemonProject/apps/avelune_studio/test/dialogues_ui09_interaction_test.dart: wire drag cancellation and real reconnection preserve history at 0.9
01:23 +160 -4: /Users/karim/Project/pokemonProject/apps/avelune_studio/test/ui06_scene_runtime_test.dart: real runtime plays Yarn and refusal
[runtime_loader] bundle load start projectFilePath=/private/var/folders/b5/7gsfwzyd449_54n8l40h40gc0000gn/T/avelune_ui06_j8Wz8d/project.json mapId=jardin
[runtime_loader] project manifest lookup path=/private/var/folders/b5/7gsfwzyd449_54n8l40h40gc0000gn/T/avelune_ui06_j8Wz8d/project.json
[runtime_loader] project manifest read ok bytes=16666
[runtime_loader] project manifest validated maps=2 tilesets=1 scenarios=0
[runtime_loader] bundle map resolved mapId=jardin relativePath=maps/jardin.json mapPath=/private/var/folders/b5/7gsfwzyd449_54n8l40h40gc0000gn/T/avelune_ui06_j8Wz8d/maps/jardin.json
[runtime_loader] map file lookup path=/private/var/folders/b5/7gsfwzyd449_54n8l40h40gc0000gn/T/avelune_ui06_j8Wz8d/maps/jardin.json
[runtime_loader] map file read ok bytes=17371
[runtime_loader] map validated id=jardin size=24x16 layers=3 entities=1 placedElements=3 warps=0 triggers=0
[runtime_loader] bundle tilesets collected ids=atelier
[runtime_loader] bundle tileset path id=atelier path=/private/var/folders/b5/7gsfwzyd449_54n8l40h40gc0000gn/T/avelune_ui06_j8Wz8d/assets/atelier.png
[runtime_loader] bundle load ok mapId=jardin projectRoot=/private/var/folders/b5/7gsfwzyd449_54n8l40h40gc0000gn/T/avelune_ui06_j8Wz8d tilesets=1
[runtime_game] tileset image load start map=jardin
[runtime_game] tileset cache resolve requested=1
[runtime_game] tileset cache resolve ok result=1
[runtime_game] onLoad start map=jardin projectFilePath=/private/var/folders/b5/7gsfwzyd449_54n8l40h40gc0000gn/T/avelune_ui06_j8Wz8d/project.json tilesets=1
[runtime_game] world build start map=jardin
[runtime] Map loaded: jardin, spawn at (8, 9)
[runtime_game] tileset image load ok count=1 map=jardin
[runtime_game] mount root map start map=jardin
[runtime_game] mount root map ok map=jardin
[runtime_game] onLoad completed activeMapId=jardin
[runtime_loader] map file lookup path=/private/var/folders/b5/7gsfwzyd449_54n8l40h40gc0000gn/T/avelune_ui06_j8Wz8d/maps/clairiere.json
[runtime_loader] map file read ok bytes=17376
[runtime_loader] map validated id=clairiere size=24x16 layers=3 entities=1 placedElements=3 warps=0 triggers=0
[dialogue] interaction entity=event-v2:evt_019abcde-9000-7000-8000-000000000106:evx_01a0f2c7-37b7-7001-8000-5037ef640488:station_welcome:1790779537340
[dialogue] resolved dialogueId=station_welcome
[dialogue] resolved file=dialogues/station_welcome.yarn
[dialogue] requested startNode=Start
[scenario_lock] accepted source=event-v2:evt_019abcde-9000-7000-8000-000000000106:evx_01a0f2c7-37b7-7001-8000-5037ef640488:station_welcome:1790779537340 phase=dialogueLoading serial=1
[dialogue] parsed 1 node(s) from /private/var/folders/b5/7gsfwzyd449_54n8l40h40gc0000gn/T/avelune_ui06_j8Wz8d/dialogues/station_welcome.yarn
[dialogue] starting at node "Start"
[scene_runtime] dialogue content loaded request=event-v2:evt_019abcde-9000-7000-8000-000000000106:evx_01a0f2c7-37b7-7001-8000-5037ef640488:station_welcome:1790779537340 elapsedMs=54
[scenario_lock] cleared source=event-v2:evt_019abcde-9000-7000-8000-000000000106:evx_01a0f2c7-37b7-7001-8000-5037ef640488:station_welcome:1790779537340 reason=dialogueOpened serial=1
[dialogue] opened node=Start text="Bienvenue en gare. Avez-vous votre laissez-passer ?"
[dialogue] dialogue closed
[scene_runtime] dialogue completed request=event-v2:evt_019abcde-9000-7000-8000-000000000106:evx_01a0f2c7-37b7-7001-8000-5037ef640488:station_welcome:1790779537340 status=completed port=completed
[dialogue] finished
[dialogue] interaction entity=event-v2:evt_019abcde-9000-7000-8000-000000000106:evx_01a0f2c7-37b7-7001-8000-5037ef640488:station_refusal:1790779537410
[dialogue] resolved dialogueId=station_refusal
[dialogue] resolved file=dialogues/station_refusal.yarn
[dialogue] requested startNode=Start
[scenario_lock] accepted source=event-v2:evt_019abcde-9000-7000-8000-000000000106:evx_01a0f2c7-37b7-7001-8000-5037ef640488:station_refusal:1790779537410 phase=dialogueLoading serial=2
[dialogue] parsed 1 node(s) from /private/var/folders/b5/7gsfwzyd449_54n8l40h40gc0000gn/T/avelune_ui06_j8Wz8d/dialogues/station_refusal.yarn
[dialogue] starting at node "Start"
[scene_runtime] dialogue content loaded request=event-v2:evt_019abcde-9000-7000-8000-000000000106:evx_01a0f2c7-37b7-7001-8000-5037ef640488:station_refusal:1790779537410 elapsedMs=42
[scenario_lock] cleared source=event-v2:evt_019abcde-9000-7000-8000-000000000106:evx_01a0f2c7-37b7-7001-8000-5037ef640488:station_refusal:1790779537410 reason=dialogueOpened serial=2
[dialogue] opened node=Start text="Il vous faut un laissez-passer."
[dialogue] dialogue closed
[scene_runtime] dialogue completed request=event-v2:evt_019abcde-9000-7000-8000-000000000106:evx_01a0f2c7-37b7-7001-8000-5037ef640488:station_refusal:1790779537410 status=completed port=completed
[dialogue] finished
[event_v2] outcome noMatch producer=scene:scene_station_meeting outcome=attente legacyFallbackAllowed=false
[event_v2] mapEnter activation=mapact_1790779537118870_1 map=jardin reason=initialBoot result=MapEnterProductionDispatchV2Handled
[step_studio_trace] runtime_save_requested map=jardin completedStepIds=[] completedCutsceneIds=[]
01:24 +161 -4: /Users/karim/Project/pokemonProject/apps/avelune_studio/test/dialogues_ui09_interaction_test.dart: wire drag cancellation and real reconnection preserve history at 0.9
01:24 +162 -4: /Users/karim/Project/pokemonProject/apps/avelune_studio/test/dialogues_ui09_interaction_test.dart: wire drag cancellation and real reconnection preserve history at 0.9
01:25 +162 -4: /Users/karim/Project/pokemonProject/apps/avelune_studio/test/ui06_scene_runtime_test.dart: real runtime plays Yarn and cinematic agreement
[runtime_loader] bundle load start projectFilePath=/private/var/folders/b5/7gsfwzyd449_54n8l40h40gc0000gn/T/avelune_ui06_RiTtfX/project.json mapId=jardin
[runtime_loader] project manifest lookup path=/private/var/folders/b5/7gsfwzyd449_54n8l40h40gc0000gn/T/avelune_ui06_RiTtfX/project.json
[runtime_loader] project manifest read ok bytes=17278
[runtime_loader] project manifest validated maps=2 tilesets=1 scenarios=0
[runtime_loader] bundle map resolved mapId=jardin relativePath=maps/jardin.json mapPath=/private/var/folders/b5/7gsfwzyd449_54n8l40h40gc0000gn/T/avelune_ui06_RiTtfX/maps/jardin.json
[runtime_loader] map file lookup path=/private/var/folders/b5/7gsfwzyd449_54n8l40h40gc0000gn/T/avelune_ui06_RiTtfX/maps/jardin.json
[runtime_loader] map file read ok bytes=17371
[runtime_loader] map validated id=jardin size=24x16 layers=3 entities=1 placedElements=3 warps=0 triggers=0
[runtime_loader] bundle tilesets collected ids=atelier
[runtime_loader] bundle tileset path id=atelier path=/private/var/folders/b5/7gsfwzyd449_54n8l40h40gc0000gn/T/avelune_ui06_RiTtfX/assets/atelier.png
[runtime_loader] bundle load ok mapId=jardin projectRoot=/private/var/folders/b5/7gsfwzyd449_54n8l40h40gc0000gn/T/avelune_ui06_RiTtfX tilesets=1
[runtime_game] tileset image load start map=jardin
[runtime_game] tileset cache resolve requested=1
[runtime_game] tileset cache resolve ok result=1
[runtime_game] onLoad start map=jardin projectFilePath=/private/var/folders/b5/7gsfwzyd449_54n8l40h40gc0000gn/T/avelune_ui06_RiTtfX/project.json tilesets=1
[runtime_game] world build start map=jardin
[runtime] Map loaded: jardin, spawn at (8, 9)
[runtime_game] tileset image load ok count=1 map=jardin
[runtime_game] mount root map start map=jardin
[runtime_game] mount root map ok map=jardin
[runtime_game] onLoad completed activeMapId=jardin
[runtime_loader] map file lookup path=/private/var/folders/b5/7gsfwzyd449_54n8l40h40gc0000gn/T/avelune_ui06_RiTtfX/maps/clairiere.json
01:25 +163 -4: /Users/karim/Project/pokemonProject/apps/avelune_studio/test/ui06_scene_runtime_test.dart: real runtime plays Yarn and cinematic agreement
[runtime_loader] map file read ok bytes=17376
[runtime_loader] map validated id=clairiere size=24x16 layers=3 entities=1 placedElements=3 warps=0 triggers=0
[dialogue] interaction entity=event-v2:evt_019abcde-9000-7000-8000-000000000106:evx_01a0f2c7-3ba6-7001-8000-52a64b9bb3c7:station_welcome:1790779538342
[dialogue] resolved dialogueId=station_welcome
[dialogue] resolved file=dialogues/station_welcome.yarn
[dialogue] requested startNode=Start
[scenario_lock] accepted source=event-v2:evt_019abcde-9000-7000-8000-000000000106:evx_01a0f2c7-3ba6-7001-8000-52a64b9bb3c7:station_welcome:1790779538342 phase=dialogueLoading serial=1
[dialogue] parsed 1 node(s) from /private/var/folders/b5/7gsfwzyd449_54n8l40h40gc0000gn/T/avelune_ui06_RiTtfX/dialogues/station_welcome.yarn
[dialogue] starting at node "Start"
[scene_runtime] dialogue content loaded request=event-v2:evt_019abcde-9000-7000-8000-000000000106:evx_01a0f2c7-3ba6-7001-8000-52a64b9bb3c7:station_welcome:1790779538342 elapsedMs=45
[scenario_lock] cleared source=event-v2:evt_019abcde-9000-7000-8000-000000000106:evx_01a0f2c7-3ba6-7001-8000-52a64b9bb3c7:station_welcome:1790779538342 reason=dialogueOpened serial=1
[dialogue] opened node=Start text="Bienvenue en gare. Avez-vous votre laissez-passer ?"
[dialogue] dialogue closed
[scene_runtime] dialogue completed request=event-v2:evt_019abcde-9000-7000-8000-000000000106:evx_01a0f2c7-3ba6-7001-8000-52a64b9bb3c7:station_welcome:1790779538342 status=completed port=completed
[dialogue] finished
[dialogue] interaction entity=event-v2:evt_019abcde-9000-7000-8000-000000000106:evx_01a0f2c7-3ba6-7001-8000-52a64b9bb3c7:station_agreement:1790779538392
[dialogue] resolved dialogueId=station_agreement
[dialogue] resolved file=dialogues/station_agreement.yarn
[dialogue] requested startNode=Start
[scenario_lock] accepted source=event-v2:evt_019abcde-9000-7000-8000-000000000106:evx_01a0f2c7-3ba6-7001-8000-52a64b9bb3c7:station_agreement:1790779538392 phase=dialogueLoading serial=2
[dialogue] parsed 1 node(s) from /private/var/folders/b5/7gsfwzyd449_54n8l40h40gc0000gn/T/avelune_ui06_RiTtfX/dialogues/station_agreement.yarn
[dialogue] starting at node "Start"
[scene_runtime] dialogue content loaded request=event-v2:evt_019abcde-9000-7000-8000-000000000106:evx_01a0f2c7-3ba6-7001-8000-52a64b9bb3c7:station_agreement:1790779538392 elapsedMs=39
[scenario_lock] cleared source=event-v2:evt_019abcde-9000-7000-8000-000000000106:evx_01a0f2c7-3ba6-7001-8000-52a64b9bb3c7:station_agreement:1790779538392 reason=dialogueOpened serial=2
[dialogue] opened node=Start text="Vous pouvez embarquer."
[dialogue] dialogue closed
[scene_runtime] dialogue completed request=event-v2:evt_019abcde-9000-7000-8000-000000000106:evx_01a0f2c7-3ba6-7001-8000-52a64b9bb3c7:station_agreement:1790779538392 status=completed port=completed
[dialogue] finished
[event_v2] outcome noMatch producer=scene:scene_station_meeting outcome=embarquement legacyFallbackAllowed=false
[event_v2] mapEnter activation=mapact_1790779538270926_1 map=jardin reason=initialBoot result=MapEnterProductionDispatchV2Handled
[step_studio_trace] runtime_save_requested map=jardin completedStepIds=[] completedCutsceneIds=[]
01:26 +164 -4: /Users/karim/Project/pokemonProject/apps/avelune_studio/test/app/provider_lifecycle_test.dart: root session survives listener changes and closes exactly once
01:26 +165 -4: /Users/karim/Project/pokemonProject/apps/avelune_studio/test/app/provider_lifecycle_test.dart: disposing the root releases a late opening result exactly once
01:26 +166 -4: /Users/karim/Project/pokemonProject/apps/avelune_studio/test/app/provider_lifecycle_test.dart: workspace scopes isolate projects and separate session instances
01:26 +167 -4: /Users/karim/Project/pokemonProject/apps/avelune_studio/test/app/studio_bootstrap_test.dart: bootstrap keeps its session until the root scope is removed
01:26 +168 -4: /Users/karim/Project/pokemonProject/apps/avelune_studio/test/app/studio_bootstrap_test.dart: bootstrap keeps its session until the root scope is removed
01:27 +169 -4: /Users/karim/Project/pokemonProject/apps/avelune_studio/test/app/studio_bootstrap_test.dart: bootstrap keeps its session until the root scope is removed
01:27 +170 -4: /Users/karim/Project/pokemonProject/apps/avelune_studio/test/app/studio_bootstrap_test.dart: bootstrap keeps its session until the root scope is removed
01:27 +171 -4: /Users/karim/Project/pokemonProject/apps/avelune_studio/test/app/studio_bootstrap_test.dart: bootstrap keeps its session until the root scope is removed
01:28 +172 -4: /Users/karim/Project/pokemonProject/apps/avelune_studio/test/ui13_verification_selection_test.dart: a new control keeps a selection whose key survives
01:29 +173 -4: /Users/karim/Project/pokemonProject/apps/avelune_studio/test/ui13_verification_selection_test.dart: a new control keeps a selection whose key survives
01:29 +174 -4: /Users/karim/Project/pokemonProject/apps/avelune_studio/test/events_ui08_map_context_test.dart: changing source kind cannot reselect the old entity overlay
01:29 +175 -4: /Users/karim/Project/pokemonProject/apps/avelune_studio/test/ui13_verification_selection_test.dart: a selection that vanished is explained, not called solved
01:29 +176 -4: /Users/karim/Project/pokemonProject/apps/avelune_studio/test/ui13_verification_selection_test.dart: a selection that vanished is explained, not called solved
01:29 +177 -4: /Users/karim/Project/pokemonProject/apps/avelune_studio/test/ui13_verification_selection_test.dart: a selection that vanished is explained, not called solved
01:29 +178 -4: /Users/karim/Project/pokemonProject/apps/avelune_studio/test/ui13_verification_selection_test.dart: a selection that vanished is explained, not called solved
01:29 +179 -4: /Users/karim/Project/pokemonProject/apps/avelune_studio/test/ui13_verification_selection_test.dart: a selection that vanished is explained, not called solved
01:30 +180 -4: /Users/karim/Project/pokemonProject/apps/avelune_studio/test/cinematics_ui10_responsive_test.dart: UI10 1440.0x900.0 inspector edit keyboard save and reopen
══╡ EXCEPTION CAUGHT BY FLUTTER TEST FRAMEWORK ╞════════════════════════════════════════════════════
The following MapWorkspaceFailure was thrown while running async test code:
Cette carte est absente, invalide ou utilise un format non pris en charge.

When the exception was thrown, this was the stack:
#0      LocalMapWorkspaceAdapter.loadMap (package:avelune_studio/features/map_workspace/data/local_map_workspace_adapter.dart:162:7)
<asynchronous suspension>
#1      seedUi10Visuals (file:///Users/karim/Project/pokemonProject/apps/avelune_studio/test/support/ui10_fixture_visuals.dart:124:18)
<asynchronous suspension>
#2      createUi10Fixture (file:///Users/karim/Project/pokemonProject/apps/avelune_studio/test/support/ui10_cinematic_fixture.dart:18:5)
<asynchronous suspension>
#3      Ui10WorkspaceHarness.create (file:///Users/karim/Project/pokemonProject/apps/avelune_studio/test/support/ui10_workspace_harness.dart:20:21)
<asynchronous suspension>
<asynchronous suspension>
#5      main.<anonymous closure> (file:///Users/karim/Project/pokemonProject/apps/avelune_studio/test/cinematics_ui10_responsive_test.dart:21:26)
<asynchronous suspension>
#6      testWidgets.<anonymous closure>.<anonymous closure> (package:flutter_test/src/widget_tester.dart:192:15)
<asynchronous suspension>
#7      TestWidgetsFlutterBinding._runTestBody (package:flutter_test/src/binding.dart:1978:5)
<asynchronous suspension>
<asynchronous suspension>
(elided 2 frames from dart:async and package:stack_trace)

The exception was caught asynchronously.
════════════════════════════════════════════════════════════════════════════════════════════════════
══╡ EXCEPTION CAUGHT BY FLUTTER TEST FRAMEWORK ╞════════════════════════════════════════════════════
The following _TypeError was thrown running a test:
Null check operator used on a null value

When the exception was thrown, this was the stack:
#0      main.<anonymous closure> (file:///Users/karim/Project/pokemonProject/apps/avelune_studio/test/cinematics_ui10_responsive_test.dart:23:11)
<asynchronous suspension>
#1      testWidgets.<anonymous closure>.<anonymous closure> (package:flutter_test/src/widget_tester.dart:192:15)
<asynchronous suspension>
#2      TestWidgetsFlutterBinding._runTestBody (package:flutter_test/src/binding.dart:1978:5)
<asynchronous suspension>
<asynchronous suspension>
(elided one frame from package:stack_trace)

The test description was:
  UI10 1440.0x900.0 inspector edit keyboard save and reopen
════════════════════════════════════════════════════════════════════════════════════════════════════
══╡ EXCEPTION CAUGHT BY FLUTTER TEST FRAMEWORK ╞════════════════════════════════════════════════════
The following message was thrown:
Multiple exceptions (2) were detected during the running of the current test, and at least one was
unexpected.
════════════════════════════════════════════════════════════════════════════════════════════════════
01:32 +180 -5: /Users/karim/Project/pokemonProject/apps/avelune_studio/test/cinematics_ui10_spatial_test.dart: UI10 destination uses 16 pixel cells after actual zoom pan and publication
01:32 +180 -5: /Users/karim/Project/pokemonProject/apps/avelune_studio/test/cinematics_ui10_responsive_test.dart: UI10 1440.0x900.0 inspector edit keyboard save and reopen [E]
  Test failed. See exception logs above.
  The test description was: UI10 1440.0x900.0 inspector edit keyboard save and reopen

01:32 +180 -5: /Users/karim/Project/pokemonProject/apps/avelune_studio/test/cinematics_ui10_spatial_test.dart: UI10 destination uses 16 pixel cells after actual zoom pan and publication
══╡ EXCEPTION CAUGHT BY FLUTTER TEST FRAMEWORK ╞════════════════════════════════════════════════════
The following MapWorkspaceFailure was thrown while running async test code:
Cette carte est absente, invalide ou utilise un format non pris en charge.

When the exception was thrown, this was the stack:
#0      LocalMapWorkspaceAdapter.loadMap (package:avelune_studio/features/map_workspace/data/local_map_workspace_adapter.dart:162:7)
<asynchronous suspension>
#1      seedUi10Visuals (file:///Users/karim/Project/pokemonProject/apps/avelune_studio/test/support/ui10_fixture_visuals.dart:124:18)
<asynchronous suspension>
#2      createUi10Fixture (file:///Users/karim/Project/pokemonProject/apps/avelune_studio/test/support/ui10_cinematic_fixture.dart:18:5)
<asynchronous suspension>
#3      Ui10WorkspaceHarness.create (file:///Users/karim/Project/pokemonProject/apps/avelune_studio/test/support/ui10_workspace_harness.dart:20:21)
<asynchronous suspension>
<asynchronous suspension>
#5      main.<anonymous closure> (file:///Users/karim/Project/pokemonProject/apps/avelune_studio/test/cinematics_ui10_spatial_test.dart:17:26)
<asynchronous suspension>
#6      testWidgets.<anonymous closure>.<anonymous closure> (package:flutter_test/src/widget_tester.dart:192:15)
<asynchronous suspension>
#7      TestWidgetsFlutterBinding._runTestBody (package:flutter_test/src/binding.dart:1978:5)
<asynchronous suspension>
<asynchronous suspension>
(elided 2 frames from dart:async and package:stack_trace)

The exception was caught asynchronously.
════════════════════════════════════════════════════════════════════════════════════════════════════
══╡ EXCEPTION CAUGHT BY FLUTTER TEST FRAMEWORK ╞════════════════════════════════════════════════════
The following _TypeError was thrown running a test:
Null check operator used on a null value

When the exception was thrown, this was the stack:
#0      main.<anonymous closure> (file:///Users/karim/Project/pokemonProject/apps/avelune_studio/test/cinematics_ui10_spatial_test.dart:19:11)
<asynchronous suspension>
#1      testWidgets.<anonymous closure>.<anonymous closure> (package:flutter_test/src/widget_tester.dart:192:15)
<asynchronous suspension>
#2      TestWidgetsFlutterBinding._runTestBody (package:flutter_test/src/binding.dart:1978:5)
<asynchronous suspension>
<asynchronous suspension>
(elided one frame from package:stack_trace)

The test description was:
  UI10 destination uses 16 pixel cells after actual zoom pan and publication
════════════════════════════════════════════════════════════════════════════════════════════════════
══╡ EXCEPTION CAUGHT BY FLUTTER TEST FRAMEWORK ╞════════════════════════════════════════════════════
The following message was thrown:
Multiple exceptions (2) were detected during the running of the current test, and at least one was
unexpected.
════════════════════════════════════════════════════════════════════════════════════════════════════
01:32 +180 -6: /Users/karim/Project/pokemonProject/apps/avelune_studio/test/cinematics_ui10_responsive_test.dart: UI10 1280.0x800.0 inspector edit keyboard save and reopen
01:32 +180 -6: /Users/karim/Project/pokemonProject/apps/avelune_studio/test/cinematics_ui10_spatial_test.dart: UI10 destination uses 16 pixel cells after actual zoom pan and publication [E]
  Test failed. See exception logs above.
  The test description was: UI10 destination uses 16 pixel cells after actual zoom pan and publication

01:34 +180 -6: /Users/karim/Project/pokemonProject/apps/avelune_studio/test/cinematics_ui10_responsive_test.dart: UI10 1280.0x800.0 inspector edit keyboard save and reopen
══╡ EXCEPTION CAUGHT BY FLUTTER TEST FRAMEWORK ╞════════════════════════════════════════════════════
The following MapWorkspaceFailure was thrown while running async test code:
Cette carte est absente, invalide ou utilise un format non pris en charge.

When the exception was thrown, this was the stack:
#0      LocalMapWorkspaceAdapter.loadMap (package:avelune_studio/features/map_workspace/data/local_map_workspace_adapter.dart:162:7)
<asynchronous suspension>
#1      seedUi10Visuals (file:///Users/karim/Project/pokemonProject/apps/avelune_studio/test/support/ui10_fixture_visuals.dart:124:18)
<asynchronous suspension>
#2      createUi10Fixture (file:///Users/karim/Project/pokemonProject/apps/avelune_studio/test/support/ui10_cinematic_fixture.dart:18:5)
<asynchronous suspension>
#3      Ui10WorkspaceHarness.create (file:///Users/karim/Project/pokemonProject/apps/avelune_studio/test/support/ui10_workspace_harness.dart:20:21)
<asynchronous suspension>
<asynchronous suspension>
#5      main.<anonymous closure> (file:///Users/karim/Project/pokemonProject/apps/avelune_studio/test/cinematics_ui10_responsive_test.dart:21:26)
<asynchronous suspension>
#6      testWidgets.<anonymous closure>.<anonymous closure> (package:flutter_test/src/widget_tester.dart:192:15)
<asynchronous suspension>
#7      TestWidgetsFlutterBinding._runTestBody (package:flutter_test/src/binding.dart:1978:5)
<asynchronous suspension>
<asynchronous suspension>
(elided 2 frames from dart:async and package:stack_trace)

The exception was caught asynchronously.
════════════════════════════════════════════════════════════════════════════════════════════════════
══╡ EXCEPTION CAUGHT BY FLUTTER TEST FRAMEWORK ╞════════════════════════════════════════════════════
The following _TypeError was thrown running a test:
Null check operator used on a null value

When the exception was thrown, this was the stack:
#0      main.<anonymous closure> (file:///Users/karim/Project/pokemonProject/apps/avelune_studio/test/cinematics_ui10_responsive_test.dart:23:11)
<asynchronous suspension>
#1      testWidgets.<anonymous closure>.<anonymous closure> (package:flutter_test/src/widget_tester.dart:192:15)
<asynchronous suspension>
#2      TestWidgetsFlutterBinding._runTestBody (package:flutter_test/src/binding.dart:1978:5)
<asynchronous suspension>
<asynchronous suspension>
(elided one frame from package:stack_trace)

The test description was:
  UI10 1280.0x800.0 inspector edit keyboard save and reopen
════════════════════════════════════════════════════════════════════════════════════════════════════
══╡ EXCEPTION CAUGHT BY FLUTTER TEST FRAMEWORK ╞════════════════════════════════════════════════════
The following message was thrown:
Multiple exceptions (2) were detected during the running of the current test, and at least one was
unexpected.
════════════════════════════════════════════════════════════════════════════════════════════════════
01:34 +180 -7: /Users/karim/Project/pokemonProject/apps/avelune_studio/test/cinematics_ui10_spatial_test.dart: UI10 destination uses 32 pixel cells after actual zoom pan and publication
01:34 +180 -7: /Users/karim/Project/pokemonProject/apps/avelune_studio/test/cinematics_ui10_responsive_test.dart: UI10 1280.0x800.0 inspector edit keyboard save and reopen [E]
  Test failed. See exception logs above.
  The test description was: UI10 1280.0x800.0 inspector edit keyboard save and reopen

01:34 +180 -7: /Users/karim/Project/pokemonProject/apps/avelune_studio/test/cinematics_ui10_spatial_test.dart: UI10 destination uses 32 pixel cells after actual zoom pan and publication
══╡ EXCEPTION CAUGHT BY FLUTTER TEST FRAMEWORK ╞════════════════════════════════════════════════════
The following MapWorkspaceFailure was thrown while running async test code:
Cette carte est absente, invalide ou utilise un format non pris en charge.

When the exception was thrown, this was the stack:
#0      LocalMapWorkspaceAdapter.loadMap (package:avelune_studio/features/map_workspace/data/local_map_workspace_adapter.dart:162:7)
<asynchronous suspension>
#1      seedUi10Visuals (file:///Users/karim/Project/pokemonProject/apps/avelune_studio/test/support/ui10_fixture_visuals.dart:124:18)
<asynchronous suspension>
#2      createUi10Fixture (file:///Users/karim/Project/pokemonProject/apps/avelune_studio/test/support/ui10_cinematic_fixture.dart:18:5)
<asynchronous suspension>
#3      Ui10WorkspaceHarness.create (file:///Users/karim/Project/pokemonProject/apps/avelune_studio/test/support/ui10_workspace_harness.dart:20:21)
<asynchronous suspension>
<asynchronous suspension>
#5      main.<anonymous closure> (file:///Users/karim/Project/pokemonProject/apps/avelune_studio/test/cinematics_ui10_spatial_test.dart:17:26)
<asynchronous suspension>
#6      testWidgets.<anonymous closure>.<anonymous closure> (package:flutter_test/src/widget_tester.dart:192:15)
<asynchronous suspension>
#7      TestWidgetsFlutterBinding._runTestBody (package:flutter_test/src/binding.dart:1978:5)
<asynchronous suspension>
<asynchronous suspension>
(elided 2 frames from dart:async and package:stack_trace)

The exception was caught asynchronously.
════════════════════════════════════════════════════════════════════════════════════════════════════
══╡ EXCEPTION CAUGHT BY FLUTTER TEST FRAMEWORK ╞════════════════════════════════════════════════════
The following _TypeError was thrown running a test:
Null check operator used on a null value

When the exception was thrown, this was the stack:
#0      main.<anonymous closure> (file:///Users/karim/Project/pokemonProject/apps/avelune_studio/test/cinematics_ui10_spatial_test.dart:19:11)
<asynchronous suspension>
#1      testWidgets.<anonymous closure>.<anonymous closure> (package:flutter_test/src/widget_tester.dart:192:15)
<asynchronous suspension>
#2      TestWidgetsFlutterBinding._runTestBody (package:flutter_test/src/binding.dart:1978:5)
<asynchronous suspension>
<asynchronous suspension>
(elided one frame from package:stack_trace)

The test description was:
  UI10 destination uses 32 pixel cells after actual zoom pan and publication
════════════════════════════════════════════════════════════════════════════════════════════════════
══╡ EXCEPTION CAUGHT BY FLUTTER TEST FRAMEWORK ╞════════════════════════════════════════════════════
The following message was thrown:
Multiple exceptions (2) were detected during the running of the current test, and at least one was
unexpected.
════════════════════════════════════════════════════════════════════════════════════════════════════
01:34 +180 -8: /Users/karim/Project/pokemonProject/apps/avelune_studio/test/cinematics_ui10_responsive_test.dart: UI10 1024.0x640.0 inspector edit keyboard save and reopen
01:34 +180 -8: /Users/karim/Project/pokemonProject/apps/avelune_studio/test/cinematics_ui10_spatial_test.dart: UI10 destination uses 32 pixel cells after actual zoom pan and publication [E]
  Test failed. See exception logs above.
  The test description was: UI10 destination uses 32 pixel cells after actual zoom pan and publication

01:35 +180 -8: /Users/karim/Project/pokemonProject/apps/avelune_studio/test/cinematics_ui10_responsive_test.dart: UI10 1024.0x640.0 inspector edit keyboard save and reopen
══╡ EXCEPTION CAUGHT BY FLUTTER TEST FRAMEWORK ╞════════════════════════════════════════════════════
The following MapWorkspaceFailure was thrown while running async test code:
Cette carte est absente, invalide ou utilise un format non pris en charge.

When the exception was thrown, this was the stack:
#0      LocalMapWorkspaceAdapter.loadMap (package:avelune_studio/features/map_workspace/data/local_map_workspace_adapter.dart:162:7)
<asynchronous suspension>
#1      seedUi10Visuals (file:///Users/karim/Project/pokemonProject/apps/avelune_studio/test/support/ui10_fixture_visuals.dart:124:18)
<asynchronous suspension>
#2      createUi10Fixture (file:///Users/karim/Project/pokemonProject/apps/avelune_studio/test/support/ui10_cinematic_fixture.dart:18:5)
<asynchronous suspension>
#3      Ui10WorkspaceHarness.create (file:///Users/karim/Project/pokemonProject/apps/avelune_studio/test/support/ui10_workspace_harness.dart:20:21)
<asynchronous suspension>
<asynchronous suspension>
#5      main.<anonymous closure> (file:///Users/karim/Project/pokemonProject/apps/avelune_studio/test/cinematics_ui10_responsive_test.dart:21:26)
<asynchronous suspension>
#6      testWidgets.<anonymous closure>.<anonymous closure> (package:flutter_test/src/widget_tester.dart:192:15)
<asynchronous suspension>
#7      TestWidgetsFlutterBinding._runTestBody (package:flutter_test/src/binding.dart:1978:5)
<asynchronous suspension>
<asynchronous suspension>
(elided 2 frames from dart:async and package:stack_trace)

The exception was caught asynchronously.
════════════════════════════════════════════════════════════════════════════════════════════════════
══╡ EXCEPTION CAUGHT BY FLUTTER TEST FRAMEWORK ╞════════════════════════════════════════════════════
The following _TypeError was thrown running a test:
Null check operator used on a null value

When the exception was thrown, this was the stack:
#0      main.<anonymous closure> (file:///Users/karim/Project/pokemonProject/apps/avelune_studio/test/cinematics_ui10_responsive_test.dart:23:11)
<asynchronous suspension>
#1      testWidgets.<anonymous closure>.<anonymous closure> (package:flutter_test/src/widget_tester.dart:192:15)
<asynchronous suspension>
#2      TestWidgetsFlutterBinding._runTestBody (package:flutter_test/src/binding.dart:1978:5)
<asynchronous suspension>
<asynchronous suspension>
(elided one frame from package:stack_trace)

The test description was:
  UI10 1024.0x640.0 inspector edit keyboard save and reopen
════════════════════════════════════════════════════════════════════════════════════════════════════
══╡ EXCEPTION CAUGHT BY FLUTTER TEST FRAMEWORK ╞════════════════════════════════════════════════════
The following message was thrown:
Multiple exceptions (2) were detected during the running of the current test, and at least one was
unexpected.
════════════════════════════════════════════════════════════════════════════════════════════════════
01:35 +180 -9: /Users/karim/Project/pokemonProject/apps/avelune_studio/test/project_creation/home_creation_entry_test.dart: new project is an active action inside existing recents
01:35 +180 -9: /Users/karim/Project/pokemonProject/apps/avelune_studio/test/cinematics_ui10_responsive_test.dart: UI10 1024.0x640.0 inspector edit keyboard save and reopen [E]
  Test failed. See exception logs above.
  The test description was: UI10 1024.0x640.0 inspector edit keyboard save and reopen

01:36 +181 -9: /Users/karim/Project/pokemonProject/apps/avelune_studio/test/project_creation/creator_ui_test.dart: creator adapts to Size(1536.0, 960.0) text 1.0 and preserves the five steps
01:39 +182 -9: /Users/karim/Project/pokemonProject/apps/avelune_studio/test/project_creation/creation_session_safety_host_test.dart: created project switch preserves a cancelled narrative draft
01:41 +183 -9: /Users/karim/Project/pokemonProject/apps/avelune_studio/test/project_creation/creation_session_safety_host_test.dart: created project switch preserves a cancelled narrative draft
01:43 +184 -9: /Users/karim/Project/pokemonProject/apps/avelune_studio/test/project_creation/creation_session_safety_host_test.dart: created project switch preserves a cancelled narrative draft
01:44 +185 -9: /Users/karim/Project/pokemonProject/apps/avelune_studio/test/project_creation/creation_session_safety_host_test.dart: created project switch preserves a cancelled narrative draft
01:45 +186 -9: /Users/karim/Project/pokemonProject/apps/avelune_studio/test/project_creation/creation_session_safety_host_test.dart: late canonical creation cannot open in a replaced session owner
01:45 +187 -9: /Users/karim/Project/pokemonProject/apps/avelune_studio/test/project_creation/creation_session_safety_host_test.dart: late canonical creation cannot open in a replaced session owner
01:45 +188 -9: /Users/karim/Project/pokemonProject/apps/avelune_studio/test/project_creation/creation_session_safety_host_test.dart: late canonical creation cannot open in a replaced session owner
01:45 +189 -9: /Users/karim/Project/pokemonProject/apps/avelune_studio/test/project_creation/creation_session_safety_host_test.dart: late canonical creation cannot open in a replaced session owner
01:45 +190 -9: /Users/karim/Project/pokemonProject/apps/avelune_studio/test/project_creation/creation_session_safety_host_test.dart: late canonical creation cannot open in a replaced session owner
01:48 +191 -9: /Users/karim/Project/pokemonProject/apps/avelune_studio/test/project_creation/creation_draft_guard_host_test.dart: closing creator does not save the mounted project draft
01:52 +192 -9: /Users/karim/Project/pokemonProject/apps/avelune_studio/test/pokemon/pokemon_combat_responsive_test.dart: combat actions stay reachable at 1280x800 with large text
01:53 +193 -9: /Users/karim/Project/pokemonProject/apps/avelune_studio/test/project_creation/creation_draft_guard_host_test.dart: cancelled switch retains A and created B can be reopened
01:55 +194 -9: /Users/karim/Project/pokemonProject/apps/avelune_studio/test/project_creation/creation_draft_guard_host_test.dart: cancelled switch retains A and created B can be reopened
01:58 +195 -9: /Users/karim/Project/pokemonProject/apps/avelune_studio/test/pokemon/pokemon_external_import_host_test.dart: external search previews without writing and imports in Studio
02:02 +196 -9: /Users/karim/Project/pokemonProject/apps/avelune_studio/test/pokemon/pokemon_external_import_host_test.dart: external search previews without writing and imports in Studio
02:05 +197 -9: /Users/karim/Project/pokemonProject/apps/avelune_studio/test/pokemon/pokemon_corrections_host_test.dart: ambiguous legacy companion leaves the species readable
02:07 +198 -9: /Users/karim/Project/pokemonProject/apps/avelune_studio/test/pokemon/pokemon_external_import_host_test.dart: external network error preserves local project
02:07 +199 -9: /Users/karim/Project/pokemonProject/apps/avelune_studio/test/pokemon/pokemon_corrections_host_test.dart: legacy companion is replaced at its existing identity and path
02:10 +200 -9: /Users/karim/Project/pokemonProject/apps/avelune_studio/test/pokemon/pokemon_corrections_host_test.dart: legacy companion is replaced at its existing identity and path
02:12 +201 -9: /Users/karim/Project/pokemonProject/apps/avelune_studio/test/pokemon/pokemon_external_import_host_test.dart: external import attaches companions to empty references
02:13 +202 -9: /Users/karim/Project/pokemonProject/apps/avelune_studio/test/pokemon/pokemon_corrections_host_test.dart: keeping a species with empty ref excludes unattached companion
02:15 +203 -9: /Users/karim/Project/pokemonProject/apps/avelune_studio/test/pokemon/pokemon_lot_a_visual_host_test.dart: Lot A surfaces use the real workspace and local media
02:18 +204 -9: /Users/karim/Project/pokemonProject/apps/avelune_studio/test/pokemon/pokemon_lot_a_visual_host_test.dart: Lot A surfaces use the real workspace and local media
02:22 +205 -9: /Users/karim/Project/pokemonProject/apps/avelune_studio/test/pokemon/pokemon_commerce_refresh_host_test.dart: return from Carte refreshes saved item pickup references
02:25 +206 -9: /Users/karim/Project/pokemonProject/apps/avelune_studio/test/pokemon/pokemon_commerce_refresh_host_test.dart: return from Carte refreshes saved item pickup references
02:26 +207 -9: /Users/karim/Project/pokemonProject/apps/avelune_studio/test/pokemon/pokemon_lot_a_visual_host_test.dart: 200% text keeps focused save reachable
02:28 +208 -9: /Users/karim/Project/pokemonProject/apps/avelune_studio/test/pokemon/pokemon_commerce_refresh_host_test.dart: return from Histoire refreshes narrative item references
02:29 +209 -9: /Users/karim/Project/pokemonProject/apps/avelune_studio/test/pokemon/pokemon_language_corrections_host_test.dart: language selection does not write fallbacks and focused edit keeps its key
02:33 +210 -9: /Users/karim/Project/pokemonProject/apps/avelune_studio/test/pokemon/pokemon_language_corrections_host_test.dart: language selection does not write fallbacks and focused edit keeps its key
02:34 +211 -9: /Users/karim/Project/pokemonProject/apps/avelune_studio/test/pokemon/pokemon_commerce_refresh_host_test.dart: refresh clears a removed item instead of retaining its draft
02:36 +212 -9: /Users/karim/Project/pokemonProject/apps/avelune_studio/test/pokemon/pokemon_json_collision_host_test.dart: overwriting selected species reloads its draft before editing
02:41 +213 -9: /Users/karim/Project/pokemonProject/apps/avelune_studio/test/pokemon/pokemon_json_collision_host_test.dart: overwriting selected species reloads its draft before editing
02:42 +214 -9: /Users/karim/Project/pokemonProject/apps/avelune_studio/test/pokemon/pokemon_large_collection_host_test.dart: large Pokédex scrolls locally at 150% text scale
02:44 +215 -9: /Users/karim/Project/pokemonProject/apps/avelune_studio/test/pokemon/pokemon_large_collection_host_test.dart: large Pokédex scrolls locally at 150% text scale
02:46 +216 -9: /Users/karim/Project/pokemonProject/apps/avelune_studio/test/pokemon/pokemon_large_collection_host_test.dart: large Pokédex scrolls locally at 150% text scale
02:48 +217 -9: /Users/karim/Project/pokemonProject/apps/avelune_studio/test/pokemon/pokemon_large_collection_host_test.dart: large Pokédex scrolls locally at 150% text scale
02:50 +218 -9: /Users/karim/Project/pokemonProject/apps/avelune_studio/test/pokemon/pokemon_large_collection_host_test.dart: large Pokédex scrolls locally at 150% text scale
02:51 +219 -9: /Users/karim/Project/pokemonProject/apps/avelune_studio/test/pokemon/pokemon_large_collection_host_test.dart: large Pokédex scrolls locally at 150% text scale
02:51 +220 -9: /Users/karim/Project/pokemonProject/apps/avelune_studio/test/pokemon/pokemon_large_collection_host_test.dart: large Pokédex scrolls locally at 150% text scale
02:51 +221 -9: /Users/karim/Project/pokemonProject/apps/avelune_studio/test/pokemon/pokemon_large_collection_host_test.dart: large Pokédex scrolls locally at 150% text scale
02:52 +222 -9: /Users/karim/Project/pokemonProject/apps/avelune_studio/test/pokemon/pokemon_commerce_refresh_guard_test.dart: refresh cannot replace an item edited during its awaited read
02:52 +223 -9: /Users/karim/Project/pokemonProject/apps/avelune_studio/test/pokemon/pokemon_combat_host_test.dart: Studio creates a wild table and trainer with independent reopen
02:53 +224 -9: /Users/karim/Project/pokemonProject/apps/avelune_studio/test/pokemon/pokemon_combat_host_test.dart: Studio creates a wild table and trainer with independent reopen
02:53 +225 -9: /Users/karim/Project/pokemonProject/apps/avelune_studio/test/pokemon/pokemon_combat_host_test.dart: Studio creates a wild table and trainer with independent reopen
02:53 +226 -9: /Users/karim/Project/pokemonProject/apps/avelune_studio/test/pokemon/pokemon_combat_host_test.dart: Studio creates a wild table and trainer with independent reopen
03:00 +227 -9: /Users/karim/Project/pokemonProject/apps/avelune_studio/test/pokemon/pokemon_combat_host_test.dart: Studio creates a wild table and trainer with independent reopen
03:06 +228 -9: /Users/karim/Project/pokemonProject/apps/avelune_studio/test/pokemon/pokemon_combat_host_test.dart: Studio creates a wild table and trainer with independent reopen
[runtime_loader] bundle load start projectFilePath=/private/var/folders/b5/7gsfwzyd449_54n8l40h40gc0000gn/T/avelune_m3_story_NbI1hJ/project.json mapId=jardin
[runtime_loader] project manifest lookup path=/private/var/folders/b5/7gsfwzyd449_54n8l40h40gc0000gn/T/avelune_m3_story_NbI1hJ/project.json
[runtime_loader] project manifest read ok bytes=36348
[runtime_loader] project manifest validated maps=2 tilesets=1 scenarios=0
[runtime_loader] bundle map resolved mapId=jardin relativePath=maps/jardin.json mapPath=/private/var/folders/b5/7gsfwzyd449_54n8l40h40gc0000gn/T/avelune_m3_story_NbI1hJ/maps/jardin.json
[runtime_loader] map file lookup path=/private/var/folders/b5/7gsfwzyd449_54n8l40h40gc0000gn/T/avelune_m3_story_NbI1hJ/maps/jardin.json
[runtime_loader] map file read ok bytes=21159
[runtime_loader] map validated id=jardin size=24x16 layers=3 entities=4 placedElements=3 warps=0 triggers=1
[runtime_loader] bundle tilesets collected ids=atelier
[runtime_loader] bundle tileset path id=atelier path=/private/var/folders/b5/7gsfwzyd449_54n8l40h40gc0000gn/T/avelune_m3_story_NbI1hJ/assets/atelier.png
[runtime_loader] bundle load ok mapId=jardin projectRoot=/private/var/folders/b5/7gsfwzyd449_54n8l40h40gc0000gn/T/avelune_m3_story_NbI1hJ tilesets=1
[runtime_game] tileset image load start map=jardin
[runtime_game] tileset cache resolve requested=1
[runtime_game] tileset cache resolve ok result=1
[runtime_game] onLoad start map=jardin projectFilePath=/private/var/folders/b5/7gsfwzyd449_54n8l40h40gc0000gn/T/avelune_m3_story_NbI1hJ/project.json tilesets=1
[runtime] New game created from project contract on jardin at (8, 9)
[runtime_game] tileset image load ok count=1 map=jardin
[runtime_game] mount root map start map=jardin
[step_studio_trace] npc_mount_added map=jardin entity=chief
[step_studio_trace] npc_mount_added map=jardin entity=traveller
[step_studio_trace] npc_mount_added map=jardin entity=combat-guide
[step_studio_trace] npc_presence_applied map=jardin entity=chief present=true
[step_studio_trace] npc_presence_applied map=jardin entity=traveller present=true
[step_studio_trace] npc_presence_applied map=jardin entity=combat-guide present=true
[runtime_game] mount root map ok map=jardin
[npc_patrol] read movement entity=chief pos=(8,10) size=1x1 mode=idle waypoints= loop=true pauseMs=0 stepMs=200
[npc_patrol] read movement entity=traveller pos=(10,10) size=1x1 mode=idle waypoints= loop=true pauseMs=0 stepMs=200
[npc_patrol] read movement entity=combat-guide pos=(7,9) size=1x1 mode=idle waypoints= loop=true pauseMs=0 stepMs=200
[runtime_game] onLoad completed activeMapId=jardin
[runtime_loader] map file lookup path=/private/var/folders/b5/7gsfwzyd449_54n8l40h40gc0000gn/T/avelune_m3_story_NbI1hJ/maps/clairiere.json
[runtime_loader] map file read ok bytes=17376
[runtime_loader] map validated id=clairiere size=24x16 layers=3 entities=1 placedElements=3 warps=0 triggers=0
[perf][battle][real] imageLoad path=/private/var/folders/b5/7gsfwzyd449_54n8l40h40gc0000gn/T/avelune_m3_story_NbI1hJ/assets/pokemon/sprites/bulbasaur/front.png total=2ms
[perf][battle][real] prewarmActiveMapDataFailed map=jardin error=Image not found: /private/var/folders/b5/7gsfwzyd449_54n8l40h40gc0000gn/T/avelune_m3_story_NbI1hJ/assets/pokemon/sprites/bulbasaur/front.png
#0      loadImageFromFilePath (package:map_runtime/src/infrastructure/tile_image_loader.dart:249:5)
<asynchronous suspension>
#1      BattleVisualAssetCache.loadImage.load (package:map_runtime/src/presentation/flame/battle_visual_asset_cache.dart:57:16)
<asynchronous suspension>
#2      BattleVisualAssetCache.loadImage (package:map_runtime/src/presentation/flame/battle_visual_asset_cache.dart:74:14)
<asynchronous suspension>
#3      BattleVisualAssetCache.prewarmSprite (package:map_runtime/src/presentation/flame/battle_visual_asset_cache.dart:136:19)
<asynchronous suspension>
#4      PlayableMapGame._prewarmBattleSpriteAssetsForSpecies (package:map_runtime/src/presentation/flame/playable_map_game.dart:14338:7)
<asynchronous suspension>
#5      PlayableMapGame._prewarmActiveMapBattleData.<anonymous closure> (package:map_runtime/src/presentation/flame/playable_map_game.dart:14157:11)
<asynchronous suspension>

[step_studio_trace] npc_presence_applied map=jardin entity=chief present=true
[step_studio_trace] npc_presence_applied map=jardin entity=traveller present=true
[step_studio_trace] npc_presence_applied map=jardin entity=combat-guide present=true
[npc_patrol] read movement entity=chief pos=(8,10) size=1x1 mode=idle waypoints= loop=true pauseMs=0 stepMs=200
[npc_patrol] read movement entity=traveller pos=(10,10) size=1x1 mode=idle waypoints= loop=true pauseMs=0 stepMs=200
[npc_patrol] read movement entity=combat-guide pos=(7,9) size=1x1 mode=idle waypoints= loop=true pauseMs=0 stepMs=200
[step_studio_trace] npc_presence_applied map=jardin entity=chief present=true
[step_studio_trace] npc_presence_applied map=jardin entity=traveller present=true
[step_studio_trace] npc_presence_applied map=jardin entity=combat-guide present=true
[npc_patrol] read movement entity=chief pos=(8,10) size=1x1 mode=idle waypoints= loop=true pauseMs=0 stepMs=200
[npc_patrol] read movement entity=traveller pos=(10,10) size=1x1 mode=idle waypoints= loop=true pauseMs=0 stepMs=200
[npc_patrol] read movement entity=combat-guide pos=(7,9) size=1x1 mode=idle waypoints= loop=true pauseMs=0 stepMs=200
[step_studio_trace] npc_presence_applied map=jardin entity=chief present=true
[step_studio_trace] npc_presence_applied map=jardin entity=traveller present=true
[step_studio_trace] npc_presence_applied map=jardin entity=combat-guide present=true
[npc_patrol] read movement entity=chief pos=(8,10) size=1x1 mode=idle waypoints= loop=true pauseMs=0 stepMs=200
[npc_patrol] read movement entity=traveller pos=(10,10) size=1x1 mode=idle waypoints= loop=true pauseMs=0 stepMs=200
[npc_patrol] read movement entity=combat-guide pos=(7,9) size=1x1 mode=idle waypoints= loop=true pauseMs=0 stepMs=200
[event_v2] mapEnter activation=mapact_1790779643818260_1 map=jardin reason=initialBoot result=MapEnterProductionDispatchLegacyFallback
[encounter] matched source=zone-1790779640638157-0 table=jardin_wild
[encounter] triggered species=bulbasaur level=5 kind=walk
[battle] battle request created kind=wild source=wildEncounter requestId=wild:jardin:zone-1790779640638157-0:bulbasaur:1790779643935
[battle] wild payload species=bulbasaur level=5 map=jardin source=zone-1790779640638157-0
[battle] transition started requestId=wild:jardin:zone-1790779640638157-0:bulbasaur:1790779643935 kind=wild
[perf][battle] generateWildPokemon=6ms
[perf][battle] selectPlayerBattleLineup=0ms
[perf][battle] toPsdkBattleSetup=26ms
[perf][battle] markSpeciesSeen=0ms
[perf][battle] createPsdkSession=22ms
[perf][battle] backgroundResolver=0ms
[perf][battle] musicResolver=0ms
[perf][battle] genderResolver=1ms
[perf][battle] experienceProgress=0ms
[perf][battle] overlay=2ms
[perf][battle][real] overlay.backdrop=0ms
[perf][battle][real] overlay.enemyCombatant=3ms
[perf][battle][real] overlay.playerCombatant=0ms
[step_studio_trace] npc_presence_applied map=jardin entity=chief present=true
[step_studio_trace] npc_presence_applied map=jardin entity=traveller present=true
[step_studio_trace] npc_presence_applied map=jardin entity=combat-guide present=true
[npc_patrol] read movement entity=chief pos=(8,10) size=1x1 mode=idle waypoints= loop=true pauseMs=0 stepMs=200
[npc_patrol] read movement entity=traveller pos=(10,10) size=1x1 mode=idle waypoints= loop=true pauseMs=0 stepMs=200
[npc_patrol] read movement entity=combat-guide pos=(7,9) size=1x1 mode=idle waypoints= loop=true pauseMs=0 stepMs=200
[interact] NPC: combat-guide
[trainer] battle triggered trainer=chef_gare entity=combat-guide
[battle] transition started requestId=trainer:jardin:combat-guide:chef_gare:1790779644059 kind=trainer
[perf][battle] selectPlayerBattleLineup=0ms
[perf][battle] toPsdkBattleSetup=1ms
[perf][battle] markSpeciesSeen=0ms
[perf][battle] createPsdkSession=0ms
[perf][battle] backgroundResolver=0ms
[perf][battle] musicResolver=0ms
[perf][battle] genderResolver=0ms
[perf][battle] experienceProgress=0ms
[perf][battle] overlay=0ms
[perf][battle][real] overlay.backdrop=0ms
[perf][battle][real] overlay.enemyCombatant=0ms
[perf][battle][real] overlay.playerCombatant=0ms
[perf][battle][real] overlay.enemyHud=0ms
[perf][battle][real] overlay.playerHud=0ms
[perf][battle][real] overlay.commandPanel=10ms
[perf][battle][real] imageLoad path=/private/var/folders/b5/7gsfwzyd449_54n8l40h40gc0000gn/T/avelune_m3_story_NbI1hJ/assets/pokemon/sprites/bulbasaur/front.png total=32ms
[perf][battle][real] overlay.enemyHud=5ms
[perf][battle][real] overlay.playerHud=0ms
[perf][battle][real] overlay.commandPanel=5ms
[perf][battle][real] imageLoad path=/private/var/folders/b5/7gsfwzyd449_54n8l40h40gc0000gn/T/avelune_m3_story_NbI1hJ/assets/pokemon/sprites/bulbasaur/back.png total=14ms
[perf][battle][real] overlay.initialVisualSync=49ms
[perf][battle][real] overlay.total=110ms
03:11 +229 -9: /Users/karim/Project/pokemonProject/apps/avelune_studio/test/pokemon/pokemon_media_animation_host_test.dart: animation references and custom local PNG reopen from disk
03:12 +230 -9: /Users/karim/Project/pokemonProject/apps/avelune_studio/test/pokemon/pokemon_border_notice_host_test.dart: border preview notice belongs to Map while diagnostics remain
03:17 +231 -9: /Users/karim/Project/pokemonProject/apps/avelune_studio/test/pokemon/pokemon_external_dependency_host_test.dart: kept species changing during import prevents orphan companion
03:18 +232 -9: /Users/karim/Project/pokemonProject/apps/avelune_studio/test/pokemon/pokemon_project_switch_host_test.dart: read-only search can leave A and cannot update project B
03:22 +233 -9: /Users/karim/Project/pokemonProject/apps/avelune_studio/test/pokemon/pokemon_project_switch_host_test.dart: read-only search can leave A and cannot update project B
03:23 +234 -9: /Users/karim/Project/pokemonProject/apps/avelune_studio/test/pokemon/pokemon_external_dependency_host_test.dart: transaction precondition rejects a kept species edited after snapshot
03:24 +235 -9: /Users/karim/Project/pokemonProject/apps/avelune_studio/test/pokemon/pokemon_external_dependency_host_test.dart: transaction precondition rejects a kept species edited after snapshot
03:24 +236 -9: /Users/karim/Project/pokemonProject/apps/avelune_studio/test/pokemon/pokemon_external_dependency_host_test.dart: transaction precondition rejects a kept species edited after snapshot
03:24 +237 -9: /Users/karim/Project/pokemonProject/apps/avelune_studio/test/pokemon/pokemon_external_dependency_host_test.dart: transaction precondition rejects a kept species edited after snapshot
03:25 +238 -9: /Users/karim/Project/pokemonProject/apps/avelune_studio/test/pokemon/pokemon_custom_refs_host_test.dart: save follows manifest and companion refs, not species id
03:26 +239 -9: /Users/karim/Project/pokemonProject/apps/avelune_studio/test/pokemon/pokemon_custom_refs_host_test.dart: save follows manifest and companion refs, not species id
03:26 +240 -9: /Users/karim/Project/pokemonProject/apps/avelune_studio/test/pokemon/pokemon_custom_refs_host_test.dart: save follows manifest and companion refs, not species id
03:26 +241 -9: /Users/karim/Project/pokemonProject/apps/avelune_studio/test/pokemon/pokemon_custom_refs_host_test.dart: save follows manifest and companion refs, not species id
03:31 +242 -9: /Users/karim/Project/pokemonProject/apps/avelune_studio/test/pokemon/pokemon_save_conflict_host_test.dart: disk revision conflict keeps the focused species draft
03:32 +243 -9: /Users/karim/Project/pokemonProject/apps/avelune_studio/test/pokemon/pokemon_commerce_creation_host_test.dart: commerce actions remain reachable in a compact window
03:35 +244 -9: /Users/karim/Project/pokemonProject/apps/avelune_studio/test/pokemon/pokemon_commerce_guard_host_test.dart: item draft stays intact when changing view is refused
03:37 +245 -9: /Users/karim/Project/pokemonProject/apps/avelune_studio/test/pokemon/pokemon_commerce_creation_host_test.dart: creates an item with a battle effect and a shop through Studio
03:41 +246 -9: /Users/karim/Project/pokemonProject/apps/avelune_studio/test/pokemon/pokemon_commerce_creation_host_test.dart: creates an item with a battle effect and a shop through Studio
03:44 +247 -9: /Users/karim/Project/pokemonProject/apps/avelune_studio/test/pokemon/pokemon_commerce_guard_host_test.dart: save writes item and independent reopen sees it
03:44 +248 -9: /Users/karim/Project/pokemonProject/apps/avelune_studio/test/pokemon/pokemon_commerce_guard_host_test.dart: species draft cannot be hidden by Objets
03:50 +249 -9: /Users/karim/Project/pokemonProject/apps/avelune_studio/test/pokemon/pokemon_workspace_host_test.dart: Pokémon is a real workspace destination
03:51 +250 -9: /Users/karim/Project/pokemonProject/apps/avelune_studio/test/pokemon/pokemon_commerce_guard_host_test.dart: shop draft cannot be hidden by Attaques
03:53 +251 -9: /Users/karim/Project/pokemonProject/apps/avelune_studio/test/pokemon/pokemon_workspace_host_test.dart: focused species and learnset edits survive independent reopen
03:56 +252 -9: /Users/karim/Project/pokemonProject/apps/avelune_studio/test/pokemon/pokemon_workspace_host_test.dart: focused species and learnset edits survive independent reopen
03:56 +253 -9: /Users/karim/Project/pokemonProject/apps/avelune_studio/test/pokemon/pokemon_workspace_host_test.dart: JSON preview does not write and apply reopens imported identity
03:59 +254 -9: /Users/karim/Project/pokemonProject/apps/avelune_studio/test/pokemon/pokemon_corrections_visual_host_test.dart: 1145 species and 754 moves fill and scroll their own viewports
04:03 +255 -9: /Users/karim/Project/pokemonProject/apps/avelune_studio/test/pokemon/pokemon_corrections_visual_host_test.dart: 1145 species and 754 moves fill and scroll their own viewports
04:07 +256 -9: /Users/karim/Project/pokemonProject/apps/avelune_studio/test/pokemon/pokemon_corrections_visual_host_test.dart: 1145 species and 754 moves fill and scroll their own viewports
04:13 +257 -9: /Users/karim/Project/pokemonProject/apps/avelune_studio/test/pokemon/pokemon_commerce_host_test.dart: objects and shops persist through the real workspace
04:14 +258 -9: /Users/karim/Project/pokemonProject/apps/avelune_studio/test/pokemon/pokemon_commerce_host_test.dart: objects and shops persist through the real workspace
04:14 +259 -9: /Users/karim/Project/pokemonProject/apps/avelune_studio/test/pokemon/pokemon_commerce_host_test.dart: objects and shops persist through the real workspace
04:17 +260 -9: /Users/karim/Project/pokemonProject/apps/avelune_studio/test/pokemon/pokemon_move_presentation_test.dart: the real Pokémon workspace uses the game export locale
04:17 +261 -9: /Users/karim/Project/pokemonProject/apps/avelune_studio/test/pokemon/pokemon_commerce_host_test.dart: catalog revision conflict preserves focused draft
04:19 +262 -9: /Users/karim/Project/pokemonProject/apps/avelune_studio/test/dialogues_ui09_navigation_test.dart: scene opens exact dialogue and returns without losing dirty graph or text
04:23 +263 -9: /Users/karim/Project/pokemonProject/apps/avelune_studio/test/dialogues_ui09_navigation_test.dart: scene opens exact dialogue and returns without losing dirty graph or text
04:24 +264 -9: /Users/karim/Project/pokemonProject/apps/avelune_studio/test/pokemon/pokemon_commerce_host_test.dart: invalid focused price blocks save and leaving keeps the draft
04:25 +265 -9: /Users/karim/Project/pokemonProject/apps/avelune_studio/test/pokemon/pokemon_commerce_host_test.dart: invalid focused price blocks save and leaving keeps the draft
04:25 +266 -9: /Users/karim/Project/pokemonProject/apps/avelune_studio/test/pokemon/pokemon_commerce_host_test.dart: invalid focused price blocks save and leaving keeps the draft
04:25 +267 -9: /Users/karim/Project/pokemonProject/apps/avelune_studio/test/pokemon/pokemon_commerce_host_test.dart: invalid focused price blocks save and leaving keeps the draft
04:25 +267 -9: /Users/karim/Project/pokemonProject/apps/avelune_studio/test/project_session/scoped_project_session_adapter_test.dart: opens a valid project when the native bridge is unavailable
Studio project access activateProjectDirectory failed: MissingPluginException
Studio project access rememberProjectDirectory failed: MissingPluginException
Studio project access activateProjectDirectory failed: MissingPluginException
04:25 +268 -9: /Users/karim/Project/pokemonProject/apps/avelune_studio/test/pokemon/pokemon_commerce_host_test.dart: invalid focused price blocks save and leaving keeps the draft
04:26 +269 -9: /Users/karim/Project/pokemonProject/apps/avelune_studio/test/pokemon/pokemon_commerce_host_test.dart: invalid focused price blocks save and leaving keeps the draft
04:27 +270 -9: /Users/karim/Project/pokemonProject/apps/avelune_studio/test/pokemon/pokemon_commerce_host_test.dart: invalid focused price blocks save and leaving keeps the draft
04:27 +271 -9: /Users/karim/Project/pokemonProject/apps/avelune_studio/test/pokemon/pokemon_commerce_host_test.dart: invalid focused price blocks save and leaving keeps the draft
04:27 +272 -9: /Users/karim/Project/pokemonProject/apps/avelune_studio/test/pokemon/pokemon_commerce_host_test.dart: invalid focused price blocks save and leaving keeps the draft
04:28 +273 -9: /Users/karim/Project/pokemonProject/apps/avelune_studio/test/ui13_verification_navigation_test.dart: a rule opened from the report comes back to that report
04:30 +274 -9: /Users/karim/Project/pokemonProject/apps/avelune_studio/test/ui13_verification_navigation_test.dart: a rule opened from the report comes back to that report
04:31 +275 -9: /Users/karim/Project/pokemonProject/apps/avelune_studio/test/ui13_verification_navigation_test.dart: a rule opened from the report comes back to that report
04:31 +276 -9: /Users/karim/Project/pokemonProject/apps/avelune_studio/test/ui13_verification_navigation_test.dart: a rule opened from the report comes back to that report
04:31 +277 -9: /Users/karim/Project/pokemonProject/apps/avelune_studio/test/ui13_verification_navigation_test.dart: a rule opened from the report comes back to that report
04:32 +278 -9: /Users/karim/Project/pokemonProject/apps/avelune_studio/test/events_ui08_conditions_simulation_test.dart: consumed simulation input is isolated and withdraws selection
04:32 +279 -9: /Users/karim/Project/pokemonProject/apps/avelune_studio/test/ui13_verification_navigation_test.dart: a story diagnostic opens its own step and comes back
04:33 +280 -9: /Users/karim/Project/pokemonProject/apps/avelune_studio/test/ui13_verification_navigation_test.dart: a story diagnostic opens its own step and comes back
04:33 +281 -9: /Users/karim/Project/pokemonProject/apps/avelune_studio/test/ui13_verification_navigation_test.dart: a story diagnostic opens its own step and comes back
04:34 +282 -9: /Users/karim/Project/pokemonProject/apps/avelune_studio/test/ui13_verification_navigation_test.dart: a story diagnostic opens its own step and comes back
04:34 +283 -9: /Users/karim/Project/pokemonProject/apps/avelune_studio/test/ui13_verification_navigation_test.dart: a story diagnostic opens its own step and comes back
04:34 +284 -9: /Users/karim/Project/pokemonProject/apps/avelune_studio/test/ui13_verification_navigation_test.dart: a story diagnostic opens its own step and comes back
04:34 +285 -9: /Users/karim/Project/pokemonProject/apps/avelune_studio/test/ui13_verification_navigation_test.dart: a story diagnostic opens its own step and comes back
04:34 +286 -9: /Users/karim/Project/pokemonProject/apps/avelune_studio/test/ui13_verification_controller_test.dart: a filter never turns a failing report into a valid project
04:34 +287 -9: /Users/karim/Project/pokemonProject/apps/avelune_studio/test/ui13_verification_navigation_test.dart: verification, scene, dialogue, scene and back again
04:35 +288 -9: /Users/karim/Project/pokemonProject/apps/avelune_studio/test/ui13_verification_navigation_test.dart: verification, scene, dialogue, scene and back again
04:35 +289 -9: /Users/karim/Project/pokemonProject/apps/avelune_studio/test/ui13_verification_navigation_test.dart: verification, scene, dialogue, scene and back again
04:35 +290 -9: /Users/karim/Project/pokemonProject/apps/avelune_studio/test/ui13_verification_navigation_test.dart: verification, scene, dialogue, scene and back again
04:35 +291 -9: /Users/karim/Project/pokemonProject/apps/avelune_studio/test/ui13_verification_navigation_test.dart: verification, scene, dialogue, scene and back again
04:35 +292 -9: /Users/karim/Project/pokemonProject/apps/avelune_studio/test/ui13_verification_navigation_test.dart: verification, scene, dialogue, scene and back again
04:37 +293 -9: /Users/karim/Project/pokemonProject/apps/avelune_studio/test/presentations_ui11_scenario_test.dart: published presentation holds on real cue then continues the real scene
04:39 +294 -9: /Users/karim/Project/pokemonProject/apps/avelune_studio/test/presentations_ui11_scenario_test.dart: published presentation holds on real cue then continues the real scene
04:40 +295 -9: /Users/karim/Project/pokemonProject/apps/avelune_studio/test/ui06_scene_volume_test.dart: 200 canonical nodes retain document identity during eight viewport updates
04:41 +296 -9: /Users/karim/Project/pokemonProject/apps/avelune_studio/test/ui06_scene_volume_test.dart: 200 canonical nodes retain document identity during eight viewport updates
04:41 +297 -9: /Users/karim/Project/pokemonProject/apps/avelune_studio/test/ui06_scene_volume_test.dart: 200 canonical nodes retain document identity during eight viewport updates
04:41 +298 -9: /Users/karim/Project/pokemonProject/apps/avelune_studio/test/ui06_scene_volume_test.dart: 200 canonical nodes retain document identity during eight viewport updates
04:41 +299 -9: /Users/karim/Project/pokemonProject/apps/avelune_studio/test/ui06_scene_volume_test.dart: 200 canonical nodes retain document identity during eight viewport updates
04:41 +300 -9: /Users/karim/Project/pokemonProject/apps/avelune_studio/test/ui06_scene_volume_test.dart: 200 canonical nodes retain document identity during eight viewport updates
04:41 +301 -9: /Users/karim/Project/pokemonProject/apps/avelune_studio/test/ui06_scene_volume_test.dart: 200 canonical nodes retain document identity during eight viewport updates
04:41 +302 -9: /Users/karim/Project/pokemonProject/apps/avelune_studio/test/ui06_scene_volume_test.dart: 200 canonical nodes retain document identity during eight viewport updates
04:41 +303 -9: /Users/karim/Project/pokemonProject/apps/avelune_studio/test/ui06_scene_volume_test.dart: 200 canonical nodes retain document identity during eight viewport updates
04:41 +304 -9: /Users/karim/Project/pokemonProject/apps/avelune_studio/test/ui06_scene_volume_test.dart: 200 canonical nodes retain document identity during eight viewport updates
04:41 +305 -9: /Users/karim/Project/pokemonProject/apps/avelune_studio/test/ui06_scene_volume_test.dart: 200 canonical nodes retain document identity during eight viewport updates
04:43 +306 -9: /Users/karim/Project/pokemonProject/apps/avelune_studio/test/ui06_scene_volume_test.dart: 200 canonical nodes retain document identity during eight viewport updates
04:43 +307 -9: /Users/karim/Project/pokemonProject/apps/avelune_studio/test/ui06_scene_volume_test.dart: 200 canonical nodes retain document identity during eight viewport updates
UI06 volume: nodes=200 edges=265 viewportUpdates=8 documentMutations=0 firstFrameUs=1143943 gesturesUs=1471001; no I/O adapter instantiated
04:43 +308 -9: /Users/karim/Project/pokemonProject/apps/avelune_studio/test/narrative/narrative_story_navigation_test.dart: long stories only mount visible step rows
04:44 +309 -9: /Users/karim/Project/pokemonProject/apps/avelune_studio/test/narrative/narrative_story_navigation_test.dart: long stories only mount visible step rows
04:44 +310 -9: /Users/karim/Project/pokemonProject/apps/avelune_studio/test/narrative/narrative_story_navigation_test.dart: long stories only mount visible step rows
04:45 +311 -9: /Users/karim/Project/pokemonProject/apps/avelune_studio/test/narrative/narrative_artwork_adapter_test.dart: artwork is read only from the current project and the expected path
04:45 +312 -9: /Users/karim/Project/pokemonProject/apps/avelune_studio/test/narrative/narrative_story_navigation_test.dart: 1000 interactions mount only visible rows without extra source reads
04:46 +313 -9: /Users/karim/Project/pokemonProject/apps/avelune_studio/test/narrative/narrative_story_navigation_test.dart: 1000 interactions mount only visible rows without extra source reads
04:46 +314 -9: /Users/karim/Project/pokemonProject/apps/avelune_studio/test/narrative/narrative_story_navigation_test.dart: 1000 interactions mount only visible rows without extra source reads
04:47 +315 -9: /Users/karim/Project/pokemonProject/apps/avelune_studio/test/narrative/narrative_story_navigation_test.dart: 1000 interactions mount only visible rows without extra source reads
04:47 +316 -9: /Users/karim/Project/pokemonProject/apps/avelune_studio/test/narrative/narrative_story_navigation_test.dart: 1000 interactions mount only visible rows without extra source reads
04:47 +317 -9: /Users/karim/Project/pokemonProject/apps/avelune_studio/test/narrative/narrative_story_navigation_test.dart: 1000 interactions mount only visible rows without extra source reads
04:47 +318 -9: /Users/karim/Project/pokemonProject/apps/avelune_studio/test/narrative/narrative_story_navigation_test.dart: 1000 interactions mount only visible rows without extra source reads
04:47 +319 -9: /Users/karim/Project/pokemonProject/apps/avelune_studio/test/narrative/narrative_story_navigation_test.dart: 1000 interactions mount only visible rows without extra source reads
04:47 +320 -9: /Users/karim/Project/pokemonProject/apps/avelune_studio/test/narrative/narrative_story_navigation_test.dart: new source variant ranks above existing conditional and fallback drafts
04:47 +321 -9: /Users/karim/Project/pokemonProject/apps/avelune_studio/test/narrative/interaction_event_publication_ui08_test.dart: stale record-only write rejected inside mutation queue with unchanged scene
04:48 +322 -9: /Users/karim/Project/pokemonProject/apps/avelune_studio/test/narrative/interaction_event_publication_ui08_test.dart: stale record-only write rejected inside mutation queue with unchanged scene
04:48 +323 -9: /Users/karim/Project/pokemonProject/apps/avelune_studio/test/narrative/interaction_event_publication_ui08_test.dart: stale record-only write rejected inside mutation queue with unchanged scene
04:48 +324 -9: /Users/karim/Project/pokemonProject/apps/avelune_studio/test/narrative/interaction_event_publication_ui08_test.dart: stale record-only write rejected inside mutation queue with unchanged scene
04:48 +325 -9: /Users/karim/Project/pokemonProject/apps/avelune_studio/test/narrative/interaction_event_publication_ui08_test.dart: stale record-only write rejected inside mutation queue with unchanged scene
04:48 +326 -9: /Users/karim/Project/pokemonProject/apps/avelune_studio/test/narrative/interaction_event_publication_ui08_test.dart: stale record-only write rejected inside mutation queue with unchanged scene
04:48 +327 -9: /Users/karim/Project/pokemonProject/apps/avelune_studio/test/narrative/interaction_event_publication_ui08_test.dart: stale record-only write rejected inside mutation queue with unchanged scene
04:49 +328 -9: /Users/karim/Project/pokemonProject/apps/avelune_studio/test/narrative/narrative_publication_test.dart: interrupted multi file publication resumes before reporting success
04:49 +329 -9: /Users/karim/Project/pokemonProject/apps/avelune_studio/test/narrative/interaction_event_publication_ui08_test.dart: independent event remains publishable after another record changed
04:49 +330 -9: /Users/karim/Project/pokemonProject/apps/avelune_studio/test/narrative/interaction_event_publication_ui08_test.dart: independent event remains publishable after another record changed
04:49 +331 -9: /Users/karim/Project/pokemonProject/apps/avelune_studio/test/narrative/interaction_event_publication_ui08_test.dart: independent event remains publishable after another record changed
04:49 +332 -9: /Users/karim/Project/pokemonProject/apps/avelune_studio/test/narrative/interaction_event_publication_ui08_test.dart: independent event remains publishable after another record changed
04:49 +333 -9: /Users/karim/Project/pokemonProject/apps/avelune_studio/test/narrative/narrative_publication_test.dart: external dialogue edit blocks overwrite after reading draft
04:49 +334 -9: /Users/karim/Project/pokemonProject/apps/avelune_studio/test/narrative/interaction_event_publication_ui08_test.dart: scene baseline is protected even when record stays identical
04:50 +335 -9: /Users/karim/Project/pokemonProject/apps/avelune_studio/test/narrative/interaction_event_publication_ui08_test.dart: dialogue metadata baseline is protected when source bytes stay identical
04:50 +336 -9: /Users/karim/Project/pokemonProject/apps/avelune_studio/test/narrative/interaction_event_roundtrip_ui08_test.dart: UI08 priority publication refreshes clean simplified record with scene unchanged
04:51 +337 -9: /Users/karim/Project/pokemonProject/apps/avelune_studio/test/narrative/interaction_event_roundtrip_ui08_test.dart: UI08 priority publication refreshes clean simplified record with scene unchanged
04:51 +338 -9: /Users/karim/Project/pokemonProject/apps/avelune_studio/test/narrative/interaction_event_roundtrip_ui08_test.dart: UI08 priority publication refreshes clean simplified record with scene unchanged
04:51 +339 -9: /Users/karim/Project/pokemonProject/apps/avelune_studio/test/narrative/interaction_event_roundtrip_ui08_test.dart: UI08 priority publication refreshes clean simplified record with scene unchanged
04:51 +340 -9: /Users/karim/Project/pokemonProject/apps/avelune_studio/test/narrative/interaction_event_roundtrip_ui08_test.dart: UI08 priority publication refreshes clean simplified record with scene unchanged
04:51 +341 -9: /Users/karim/Project/pokemonProject/apps/avelune_studio/test/narrative/interaction_event_roundtrip_ui08_test.dart: UI08 priority publication refreshes clean simplified record with scene unchanged
04:51 +342 -9: /Users/karim/Project/pokemonProject/apps/avelune_studio/test/narrative/interaction_event_roundtrip_ui08_test.dart: UI08 priority publication refreshes clean simplified record with scene unchanged
04:51 +343 -9: /Users/karim/Project/pokemonProject/apps/avelune_studio/test/narrative/interaction_event_roundtrip_ui08_test.dart: UI08 priority publication refreshes clean simplified record with scene unchanged
04:51 +344 -9: /Users/karim/Project/pokemonProject/apps/avelune_studio/test/narrative/interaction_event_roundtrip_ui08_test.dart: UI08 priority publication refreshes clean simplified record with scene unchanged
04:51 +345 -9: /Users/karim/Project/pokemonProject/apps/avelune_studio/test/narrative/interaction_event_roundtrip_ui08_test.dart: UI08 priority publication refreshes clean simplified record with scene unchanged
04:51 +346 -9: /Users/karim/Project/pokemonProject/apps/avelune_studio/test/narrative/interaction_event_roundtrip_ui08_test.dart: UI08 priority publication refreshes clean simplified record with scene unchanged
04:51 +347 -9: /Users/karim/Project/pokemonProject/apps/avelune_studio/test/narrative/interaction_event_roundtrip_ui08_test.dart: UI08 dirty record blocks simplified changes until explicit discard
04:52 +348 -9: /Users/karim/Project/pokemonProject/apps/avelune_studio/test/events_ui08_source_loading_test.dart: switch A to delayed B removes all stale clickable targets until B loads
04:53 +349 -9: /Users/karim/Project/pokemonProject/apps/avelune_studio/test/story_scenario_links_test.dart: role change preserves metadata, outcomes and existing effects at 150 percent text
04:53 +350 -9: /Users/karim/Project/pokemonProject/apps/avelune_studio/test/story_scenario_links_test.dart: role change preserves metadata, outcomes and existing effects at 150 percent text
04:53 +351 -9: /Users/karim/Project/pokemonProject/apps/avelune_studio/test/story_scenario_links_test.dart: association starts with real declared sources and no fabricated effects
04:54 +352 -9: /Users/karim/Project/pokemonProject/apps/avelune_studio/test/release/studio_windows_linux_migration_contract_test.dart: Windows installer upgrades the existing PokeMap installation
04:54 +353 -9: /Users/karim/Project/pokemonProject/apps/avelune_studio/test/release/studio_windows_linux_migration_contract_test.dart: Windows runner uses the Studio name and icon
04:54 +354 -9: /Users/karim/Project/pokemonProject/apps/avelune_studio/test/release/studio_windows_linux_migration_contract_test.dart: Linux keeps the install identity and displays Avelune Studio
04:54 +355 -9: /Users/karim/Project/pokemonProject/apps/avelune_studio/test/release/studio_windows_linux_migration_contract_test.dart: Linux packager produces the release asset from a complete bundle
04:54 +356 -9: /Users/karim/Project/pokemonProject/apps/avelune_studio/test/ui11_presentation_field_guard_test.dart: UI11 invalid focused duration blocks save and switching until corrected
04:54 +357 -9: /Users/karim/Project/pokemonProject/apps/avelune_studio/test/ui11_presentation_field_guard_test.dart: UI11 invalid focused duration blocks save and switching until corrected
04:54 +358 -9: /Users/karim/Project/pokemonProject/apps/avelune_studio/test/ui11_presentation_field_guard_test.dart: UI11 invalid focused duration blocks save and switching until corrected
04:55 +359 -9: /Users/karim/Project/pokemonProject/apps/avelune_studio/test/ui11_presentation_field_guard_test.dart: UI11 invalid focused duration blocks save and switching until corrected
04:55 +360 -9: /Users/karim/Project/pokemonProject/apps/avelune_studio/test/ui11_presentation_field_guard_test.dart: UI11 invalid focused duration blocks save and switching until corrected
04:55 +361 -9: /Users/karim/Project/pokemonProject/apps/avelune_studio/test/ui11_presentation_field_guard_test.dart: UI11 invalid focused duration blocks save and switching until corrected
04:55 +362 -9: /Users/karim/Project/pokemonProject/apps/avelune_studio/test/ui11_presentation_field_guard_test.dart: UI11 invalid focused duration blocks save and switching until corrected
05:00 +363 -9: /Users/karim/Project/pokemonProject/apps/avelune_studio/test/ui11_presentation_widget_test.dart: UI11 real shared renderer early composition
05:01 +364 -9: /Users/karim/Project/pokemonProject/apps/avelune_studio/test/ui11_presentation_widget_test.dart: UI11 real shared renderer early composition
05:01 +365 -9: /Users/karim/Project/pokemonProject/apps/avelune_studio/test/ui11_presentation_widget_test.dart: UI11 blank to image text canvas timeline save and reopen via controls
05:03 +365 -9: /Users/karim/Project/pokemonProject/apps/avelune_studio/test/ui07_story_graph_volume_test.dart: 200 steps and 100 semantic links retain projection during viewport gestures
UI07 volume stories=10 chapters=20 steps=200 semanticLinks=100 gestures=8 viewportUpdates=12 projectionRebuilt=false documentMutations=0 firstFrameUs=831265 gesturesUs=958444; no I/O adapter instantiated
05:03 +366 -9: /Users/karim/Project/pokemonProject/apps/avelune_studio/test/ui11_presentation_widget_test.dart: UI11 blank to image text canvas timeline save and reopen via controls
05:08 +367 -9: /Users/karim/Project/pokemonProject/apps/avelune_studio/test/ui11_presentation_canvas_gesture_test.dart: UI11 real scale handle preview cancel and one undo
05:09 +368 -9: /Users/karim/Project/pokemonProject/apps/avelune_studio/test/ui11_presentation_canvas_gesture_test.dart: UI11 real rotate handle preview cancel and one undo
05:12 +369 -9: /Users/karim/Project/pokemonProject/apps/avelune_studio/test/ui12_world_page_test.dart: a state and its rule are composed from the page controls
05:13 +369 -9: /Users/karim/Project/pokemonProject/apps/avelune_studio/test/events_runtime_ui09_dialogue_test.dart: UI09 published conversation choice 0 drives its real Scene branch
[runtime_loader] bundle load start projectFilePath=/private/var/folders/b5/7gsfwzyd449_54n8l40h40gc0000gn/T/avelune_ui06_6oORh0/project.json mapId=jardin
[runtime_loader] project manifest lookup path=/private/var/folders/b5/7gsfwzyd449_54n8l40h40gc0000gn/T/avelune_ui06_6oORh0/project.json
[runtime_loader] project manifest read ok bytes=14470
[runtime_loader] project manifest validated maps=2 tilesets=1 scenarios=0
[runtime_loader] bundle map resolved mapId=jardin relativePath=maps/jardin.json mapPath=/private/var/folders/b5/7gsfwzyd449_54n8l40h40gc0000gn/T/avelune_ui06_6oORh0/maps/jardin.json
[runtime_loader] map file lookup path=/private/var/folders/b5/7gsfwzyd449_54n8l40h40gc0000gn/T/avelune_ui06_6oORh0/maps/jardin.json
[runtime_loader] map file read ok bytes=17371
[runtime_loader] map validated id=jardin size=24x16 layers=3 entities=1 placedElements=3 warps=0 triggers=0
[runtime_loader] bundle tilesets collected ids=atelier
[runtime_loader] bundle tileset path id=atelier path=/private/var/folders/b5/7gsfwzyd449_54n8l40h40gc0000gn/T/avelune_ui06_6oORh0/assets/atelier.png
[runtime_loader] bundle load ok mapId=jardin projectRoot=/private/var/folders/b5/7gsfwzyd449_54n8l40h40gc0000gn/T/avelune_ui06_6oORh0 tilesets=1
[runtime_game] tileset image load start map=jardin
[runtime_game] tileset cache resolve requested=1
[runtime_game] tileset cache resolve ok result=1
[runtime_game] onLoad start map=jardin projectFilePath=/private/var/folders/b5/7gsfwzyd449_54n8l40h40gc0000gn/T/avelune_ui06_6oORh0/project.json tilesets=1
[runtime_game] world build start map=jardin
[runtime] Map loaded: jardin, spawn at (8, 9)
[runtime_game] tileset image load ok count=1 map=jardin
[runtime_game] mount root map start map=jardin
[runtime_game] mount root map ok map=jardin
[runtime_game] onLoad completed activeMapId=jardin
[runtime_loader] map file lookup path=/private/var/folders/b5/7gsfwzyd449_54n8l40h40gc0000gn/T/avelune_ui06_6oORh0/maps/clairiere.json
[runtime_loader] map file read ok bytes=17376
[runtime_loader] map validated id=clairiere size=24x16 layers=3 entities=1 placedElements=3 warps=0 triggers=0
[dialogue] interaction entity=event-v2:evt_019abcde-9000-7000-8000-000000000106:evx_01a0f2ca-b884-7001-8000-7a78cbbbf745:ui09_guichet:1790779766923
[dialogue] resolved dialogueId=ui09_guichet
[dialogue] resolved file=dialogues/ui09_guichet.yarn
[dialogue] requested startNode=Accueil
[scenario_lock] accepted source=event-v2:evt_019abcde-9000-7000-8000-000000000106:evx_01a0f2ca-b884-7001-8000-7a78cbbbf745:ui09_guichet:1790779766923 phase=dialogueLoading serial=1
[dialogue] parsed 1 node(s) from /private/var/folders/b5/7gsfwzyd449_54n8l40h40gc0000gn/T/avelune_ui06_6oORh0/dialogues/ui09_guichet.yarn
[dialogue] starting at node "Accueil"
[scene_runtime] dialogue content loaded request=event-v2:evt_019abcde-9000-7000-8000-000000000106:evx_01a0f2ca-b884-7001-8000-7a78cbbbf745:ui09_guichet:1790779766923 elapsedMs=4
[scenario_lock] cleared source=event-v2:evt_019abcde-9000-7000-8000-000000000106:evx_01a0f2ca-b884-7001-8000-7a78cbbbf745:ui09_guichet:1790779766923 reason=dialogueOpened serial=1
[dialogue] opened node=Accueil text="Chef: Bonjour ! Souhaitez-vous préparer votre départ ?"
[dialogue] choice opened count=2 selected=0
[dialogue] choice confirmed index=0 text="Je pars maintenant"
[dialogue] line text="Chef: Votre train vous attend sur le quai."
[dialogue] dialogue closed
[scene_runtime] dialogue completed request=event-v2:evt_019abcde-9000-7000-8000-000000000106:evx_01a0f2ca-b884-7001-8000-7a78cbbbf745:ui09_guichet:1790779766923 status=completed port=depart
[dialogue] finished
[event_v2] mapEnter activation=mapact_1790779766838160_1 map=jardin reason=initialBoot result=MapEnterProductionDispatchV2Handled
05:14 +370 -9: /Users/karim/Project/pokemonProject/apps/avelune_studio/test/ui12_world_page_test.dart: a state and its rule are composed from the page controls
05:14 +370 -9: /Users/karim/Project/pokemonProject/apps/avelune_studio/test/events_runtime_ui09_dialogue_test.dart: UI09 published conversation choice 1 drives its real Scene branch
[runtime_loader] bundle load start projectFilePath=/private/var/folders/b5/7gsfwzyd449_54n8l40h40gc0000gn/T/avelune_ui06_s1EKt1/project.json mapId=jardin
[runtime_loader] project manifest lookup path=/private/var/folders/b5/7gsfwzyd449_54n8l40h40gc0000gn/T/avelune_ui06_s1EKt1/project.json
[runtime_loader] project manifest read ok bytes=14470
[runtime_loader] project manifest validated maps=2 tilesets=1 scenarios=0
[runtime_loader] bundle map resolved mapId=jardin relativePath=maps/jardin.json mapPath=/private/var/folders/b5/7gsfwzyd449_54n8l40h40gc0000gn/T/avelune_ui06_s1EKt1/maps/jardin.json
[runtime_loader] map file lookup path=/private/var/folders/b5/7gsfwzyd449_54n8l40h40gc0000gn/T/avelune_ui06_s1EKt1/maps/jardin.json
[runtime_loader] map file read ok bytes=17371
[runtime_loader] map validated id=jardin size=24x16 layers=3 entities=1 placedElements=3 warps=0 triggers=0
[runtime_loader] bundle tilesets collected ids=atelier
[runtime_loader] bundle tileset path id=atelier path=/private/var/folders/b5/7gsfwzyd449_54n8l40h40gc0000gn/T/avelune_ui06_s1EKt1/assets/atelier.png
[runtime_loader] bundle load ok mapId=jardin projectRoot=/private/var/folders/b5/7gsfwzyd449_54n8l40h40gc0000gn/T/avelune_ui06_s1EKt1 tilesets=1
[runtime_game] tileset image load start map=jardin
[runtime_game] tileset cache resolve requested=1
[runtime_game] tileset cache resolve ok result=1
[runtime_game] onLoad start map=jardin projectFilePath=/private/var/folders/b5/7gsfwzyd449_54n8l40h40gc0000gn/T/avelune_ui06_s1EKt1/project.json tilesets=1
[runtime_game] world build start map=jardin
[runtime] Map loaded: jardin, spawn at (8, 9)
[runtime_game] tileset image load ok count=1 map=jardin
[runtime_game] mount root map start map=jardin
[runtime_game] mount root map ok map=jardin
[runtime_game] onLoad completed activeMapId=jardin
[runtime_loader] map file lookup path=/private/var/folders/b5/7gsfwzyd449_54n8l40h40gc0000gn/T/avelune_ui06_s1EKt1/maps/clairiere.json
[runtime_loader] map file read ok bytes=17376
[runtime_loader] map validated id=clairiere size=24x16 layers=3 entities=1 placedElements=3 warps=0 triggers=0
[dialogue] interaction entity=event-v2:evt_019abcde-9000-7000-8000-000000000106:evx_01a0f2ca-ba19-7001-8000-7b73197f7c4a:ui09_guichet:1790779767321
[dialogue] resolved dialogueId=ui09_guichet
[dialogue] resolved file=dialogues/ui09_guichet.yarn
[dialogue] requested startNode=Accueil
[scenario_lock] accepted source=event-v2:evt_019abcde-9000-7000-8000-000000000106:evx_01a0f2ca-ba19-7001-8000-7b73197f7c4a:ui09_guichet:1790779767321 phase=dialogueLoading serial=1
[dialogue] parsed 1 node(s) from /private/var/folders/b5/7gsfwzyd449_54n8l40h40gc0000gn/T/avelune_ui06_s1EKt1/dialogues/ui09_guichet.yarn
[dialogue] starting at node "Accueil"
[scene_runtime] dialogue content loaded request=event-v2:evt_019abcde-9000-7000-8000-000000000106:evx_01a0f2ca-ba19-7001-8000-7b73197f7c4a:ui09_guichet:1790779767321 elapsedMs=1
[scenario_lock] cleared source=event-v2:evt_019abcde-9000-7000-8000-000000000106:evx_01a0f2ca-ba19-7001-8000-7b73197f7c4a:ui09_guichet:1790779767321 reason=dialogueOpened serial=1
[dialogue] opened node=Accueil text="Chef: Bonjour ! Souhaitez-vous préparer votre départ ?"
[dialogue] choice opened count=2 selected=0
[dialogue] choice confirmed index=1 text="Je préfère attendre"
[dialogue] line text="Chef: Prenez votre temps dans la salle d’attente."
[dialogue] dialogue closed
[scene_runtime] dialogue completed request=event-v2:evt_019abcde-9000-7000-8000-000000000106:evx_01a0f2ca-ba19-7001-8000-7b73197f7c4a:ui09_guichet:1790779767321 status=completed port=attente
[dialogue] finished
[event_v2] mapEnter activation=mapact_1790779767312334_1 map=jardin reason=initialBoot result=MapEnterProductionDispatchV2Handled
05:14 +371 -9: /Users/karim/Project/pokemonProject/apps/avelune_studio/test/ui12_world_page_test.dart: a state and its rule are composed from the page controls
05:14 +372 -9: /Users/karim/Project/pokemonProject/apps/avelune_studio/test/ui12_world_page_test.dart: a rule refuses to outrun the state it reads, and offers it
05:16 +372 -9: /Users/karim/Project/pokemonProject/apps/avelune_studio/test/m3_story_runtime_test.dart: published story plays choices, conditions, one-shot and isolated save/load
[runtime_loader] bundle load start projectFilePath=/private/var/folders/b5/7gsfwzyd449_54n8l40h40gc0000gn/T/avelune_m3_story_yBhsRM/project.json mapId=jardin
[runtime_loader] project manifest lookup path=/private/var/folders/b5/7gsfwzyd449_54n8l40h40gc0000gn/T/avelune_m3_story_yBhsRM/project.json
[runtime_loader] project manifest read ok bytes=34071
[runtime_loader] project manifest validated maps=2 tilesets=1 scenarios=0
[runtime_loader] bundle map resolved mapId=jardin relativePath=maps/jardin.json mapPath=/private/var/folders/b5/7gsfwzyd449_54n8l40h40gc0000gn/T/avelune_m3_story_yBhsRM/maps/jardin.json
[runtime_loader] map file lookup path=/private/var/folders/b5/7gsfwzyd449_54n8l40h40gc0000gn/T/avelune_m3_story_yBhsRM/maps/jardin.json
[runtime_loader] map file read ok bytes=19335
05:16 +373 -9: /Users/karim/Project/pokemonProject/apps/avelune_studio/test/m3_story_runtime_test.dart: published story plays choices, conditions, one-shot and isolated save/load
[runtime_loader] map validated id=jardin size=24x16 layers=3 entities=3 placedElements=3 warps=0 triggers=1
[runtime_loader] bundle tilesets collected ids=atelier
[runtime_loader] bundle tileset path id=atelier path=/private/var/folders/b5/7gsfwzyd449_54n8l40h40gc0000gn/T/avelune_m3_story_yBhsRM/assets/atelier.png
[runtime_loader] bundle load ok mapId=jardin projectRoot=/private/var/folders/b5/7gsfwzyd449_54n8l40h40gc0000gn/T/avelune_m3_story_yBhsRM tilesets=1
[runtime_game] tileset image load start map=jardin
[runtime_game] tileset cache resolve requested=1
[runtime_game] tileset cache resolve ok result=1
[runtime_game] onLoad start map=jardin projectFilePath=/private/var/folders/b5/7gsfwzyd449_54n8l40h40gc0000gn/T/avelune_m3_story_yBhsRM/project.json tilesets=1
[runtime_game] world build start map=jardin
[runtime] Map loaded: jardin, spawn at (8, 9)
[runtime_game] tileset image load ok count=1 map=jardin
[runtime_game] mount root map start map=jardin
[step_studio_trace] npc_mount_added map=jardin entity=chief
[step_studio_trace] npc_mount_added map=jardin entity=traveller
[step_studio_trace] npc_presence_applied map=jardin entity=chief present=true
[step_studio_trace] npc_presence_applied map=jardin entity=traveller present=true
[runtime_game] mount root map ok map=jardin
[npc_patrol] read movement entity=chief pos=(8,10) size=1x1 mode=idle waypoints= loop=true pauseMs=0 stepMs=200
[npc_patrol] read movement entity=traveller pos=(10,10) size=1x1 mode=idle waypoints= loop=true pauseMs=0 stepMs=200
[runtime_game] onLoad completed activeMapId=jardin
[runtime_loader] map file lookup path=/private/var/folders/b5/7gsfwzyd449_54n8l40h40gc0000gn/T/avelune_m3_story_yBhsRM/maps/clairiere.json
[runtime_loader] map file read ok bytes=17376
[runtime_loader] map validated id=clairiere size=24x16 layers=3 entities=1 placedElements=3 warps=0 triggers=0
[step_studio_trace] npc_presence_applied map=jardin entity=chief present=true
[step_studio_trace] npc_presence_applied map=jardin entity=traveller present=true
[npc_patrol] read movement entity=chief pos=(8,10) size=1x1 mode=idle waypoints= loop=true pauseMs=0 stepMs=200
[npc_patrol] read movement entity=traveller pos=(10,10) size=1x1 mode=idle waypoints= loop=true pauseMs=0 stepMs=200
[step_studio_trace] npc_presence_applied map=jardin entity=chief present=true
[step_studio_trace] npc_presence_applied map=jardin entity=traveller present=true
[npc_patrol] read movement entity=chief pos=(8,10) size=1x1 mode=idle waypoints= loop=true pauseMs=0 stepMs=200
[npc_patrol] read movement entity=traveller pos=(10,10) size=1x1 mode=idle waypoints= loop=true pauseMs=0 stepMs=200
[step_studio_trace] npc_presence_applied map=jardin entity=chief present=true
[step_studio_trace] npc_presence_applied map=jardin entity=traveller present=true
[npc_patrol] read movement entity=chief pos=(8,10) size=1x1 mode=idle waypoints= loop=true pauseMs=0 stepMs=200
[npc_patrol] read movement entity=traveller pos=(10,10) size=1x1 mode=idle waypoints= loop=true pauseMs=0 stepMs=200
[event_v2] mapEnter activation=mapact_1790779769835582_1 map=jardin reason=initialBoot result=MapEnterProductionDispatchLegacyFallback
[dialogue] interaction entity=event-v2:evt_019abcde-9000-7000-8000-000000000002:evx_01a0f2ca-c4fa-7004-8000-822c53025ade:before:1790779770125
[dialogue] resolved dialogueId=before
[dialogue] resolved file=dialogues/before.yarn
[dialogue] requested startNode=Start
[scenario_lock] accepted source=event-v2:evt_019abcde-9000-7000-8000-000000000002:evx_01a0f2ca-c4fa-7004-8000-822c53025ade:before:1790779770125 phase=dialogueLoading serial=1
[dialogue] parsed 1 node(s) from /private/var/folders/b5/7gsfwzyd449_54n8l40h40gc0000gn/T/avelune_m3_story_yBhsRM/dialogues/before.yarn
[dialogue] starting at node "Start"
[scene_runtime] dialogue content loaded request=event-v2:evt_019abcde-9000-7000-8000-000000000002:evx_01a0f2ca-c4fa-7004-8000-822c53025ade:before:1790779770125 elapsedMs=49
[scenario_lock] cleared source=event-v2:evt_019abcde-9000-7000-8000-000000000002:evx_01a0f2ca-c4fa-7004-8000-822c53025ade:before:1790779770125 reason=dialogueOpened serial=1
[dialogue] opened node=Start text="Je patiente avant le départ."
[dialogue] dialogue closed
[scene_runtime] dialogue completed request=event-v2:evt_019abcde-9000-7000-8000-000000000002:evx_01a0f2ca-c4fa-7004-8000-822c53025ade:before:1790779770125 status=completed port=completed
[dialogue] finished
[step_studio_trace] npc_presence_applied map=jardin entity=chief present=true
[step_studio_trace] npc_presence_applied map=jardin entity=traveller present=true
[npc_patrol] read movement entity=chief pos=(8,10) size=1x1 mode=idle waypoints= loop=true pauseMs=0 stepMs=200
[npc_patrol] read movement entity=traveller pos=(10,10) size=1x1 mode=idle waypoints= loop=true pauseMs=0 stepMs=200
[step_studio_trace] npc_presence_applied map=jardin entity=chief present=true
[step_studio_trace] npc_presence_applied map=jardin entity=traveller present=true
[npc_patrol] read movement entity=chief pos=(8,10) size=1x1 mode=idle waypoints= loop=true pauseMs=0 stepMs=200
[npc_patrol] read movement entity=traveller pos=(10,10) size=1x1 mode=idle waypoints= loop=true pauseMs=0 stepMs=200
[dialogue] interaction entity=event-v2:evt_019abcde-9000-7000-8000-000000000001:evx_01a0f2ca-c588-7007-8000-828415c7db0f:offer:1790779770249
[dialogue] resolved dialogueId=offer
[dialogue] resolved file=dialogues/offer.yarn
[dialogue] requested startNode=Start
[scenario_lock] accepted source=event-v2:evt_019abcde-9000-7000-8000-000000000001:evx_01a0f2ca-c588-7007-8000-828415c7db0f:offer:1790779770249 phase=dialogueLoading serial=2
[dialogue] parsed 3 node(s) from /private/var/folders/b5/7gsfwzyd449_54n8l40h40gc0000gn/T/avelune_m3_story_yBhsRM/dialogues/offer.yarn
[dialogue] starting at node "Start"
[scene_runtime] dialogue content loaded request=event-v2:evt_019abcde-9000-7000-8000-000000000001:evx_01a0f2ca-c588-7007-8000-828415c7db0f:offer:1790779770249 elapsedMs=40
[scenario_lock] cleared source=event-v2:evt_019abcde-9000-7000-8000-000000000001:evx_01a0f2ca-c588-7007-8000-828415c7db0f:offer:1790779770249 reason=dialogueOpened serial=2
[dialogue] opened node=Start text="Voulez-vous aider au départ ?"
[dialogue] choice opened count=2 selected=0
05:17 +374 -9: /Users/karim/Project/pokemonProject/apps/avelune_studio/test/m3_story_runtime_test.dart: published story plays choices, conditions, one-shot and isolated save/load
[dialogue] choice moved selected=1
[dialogue] choice confirmed index=1 text="Pas maintenant"
[dialogue] jump to=Refuse
[dialogue] line text="Revenez quand vous voulez."
05:17 +375 -9: /Users/karim/Project/pokemonProject/apps/avelune_studio/test/m3_story_runtime_test.dart: published story plays choices, conditions, one-shot and isolated save/load
[dialogue] dialogue closed
[scene_runtime] dialogue completed request=event-v2:evt_019abcde-9000-7000-8000-000000000001:evx_01a0f2ca-c588-7007-8000-828415c7db0f:offer:1790779770249 status=completed port=refused
[dialogue] finished
[step_studio_trace] npc_presence_applied map=jardin entity=chief present=true
[step_studio_trace] npc_presence_applied map=jardin entity=traveller present=true
[npc_patrol] read movement entity=chief pos=(8,10) size=1x1 mode=idle waypoints= loop=true pauseMs=0 stepMs=200
[npc_patrol] read movement entity=traveller pos=(10,10) size=1x1 mode=idle waypoints= loop=true pauseMs=0 stepMs=200
[step_studio_trace] npc_presence_applied map=jardin entity=chief present=true
[step_studio_trace] npc_presence_applied map=jardin entity=traveller present=true
[npc_patrol] read movement entity=chief pos=(8,10) size=1x1 mode=idle waypoints= loop=true pauseMs=0 stepMs=200
[npc_patrol] read movement entity=traveller pos=(10,10) size=1x1 mode=idle waypoints= loop=true pauseMs=0 stepMs=200
05:17 +376 -9: /Users/karim/Project/pokemonProject/apps/avelune_studio/test/m3_story_runtime_test.dart: published story plays choices, conditions, one-shot and isolated save/load
05:17 +377 -9: /Users/karim/Project/pokemonProject/apps/avelune_studio/test/m3_story_runtime_test.dart: published story plays choices, conditions, one-shot and isolated save/load
[dialogue] interaction entity=event-v2:evt_019abcde-9000-7000-8000-000000000001:evx_01a0f2ca-c5d2-700a-8000-82b1d1d1083c:offer:1790779770323
[dialogue] resolved dialogueId=offer
[dialogue] resolved file=dialogues/offer.yarn
[dialogue] requested startNode=Start
[scenario_lock] accepted source=event-v2:evt_019abcde-9000-7000-8000-000000000001:evx_01a0f2ca-c5d2-700a-8000-82b1d1d1083c:offer:1790779770323 phase=dialogueLoading serial=3
[dialogue] parsed 3 node(s) from /private/var/folders/b5/7gsfwzyd449_54n8l40h40gc0000gn/T/avelune_m3_story_yBhsRM/dialogues/offer.yarn
[dialogue] starting at node "Start"
[scene_runtime] dialogue content loaded request=event-v2:evt_019abcde-9000-7000-8000-000000000001:evx_01a0f2ca-c5d2-700a-8000-82b1d1d1083c:offer:1790779770323 elapsedMs=6
[scenario_lock] cleared source=event-v2:evt_019abcde-9000-7000-8000-000000000001:evx_01a0f2ca-c5d2-700a-8000-82b1d1d1083c:offer:1790779770323 reason=dialogueOpened serial=3
[dialogue] opened node=Start text="Voulez-vous aider au départ ?"
[dialogue] choice opened count=2 selected=0
[dialogue] choice confirmed index=0 text="Je vous aide"
[dialogue] jump to=Accept
[dialogue] line text="Très bien, retrouvez la voyageuse."
[dialogue] dialogue closed
[scene_runtime] dialogue completed request=event-v2:evt_019abcde-9000-7000-8000-000000000001:evx_01a0f2ca-c5d2-700a-8000-82b1d1d1083c:offer:1790779770323 status=completed port=accepted
[dialogue] finished
[step_studio_trace] npc_presence_applied map=jardin entity=chief present=true
[step_studio_trace] npc_presence_applied map=jardin entity=traveller present=true
[npc_patrol] read movement entity=chief pos=(8,10) size=1x1 mode=idle waypoints= loop=true pauseMs=0 stepMs=200
[npc_patrol] read movement entity=traveller pos=(10,10) size=1x1 mode=idle waypoints= loop=true pauseMs=0 stepMs=200
[step_studio_trace] npc_presence_applied map=jardin entity=chief present=true
[step_studio_trace] npc_presence_applied map=jardin entity=traveller present=true
[npc_patrol] read movement entity=chief pos=(8,10) size=1x1 mode=idle waypoints= loop=true pauseMs=0 stepMs=200
[npc_patrol] read movement entity=traveller pos=(10,10) size=1x1 mode=idle waypoints= loop=true pauseMs=0 stepMs=200
[dialogue] interaction entity=event-v2:evt_019abcde-9000-7000-8000-000000000003:evx_01a0f2ca-c628-700d-8000-82e6f873e9b5:traveller:1790779770409
[dialogue] resolved dialogueId=traveller
[dialogue] resolved file=dialogues/traveller.yarn
[dialogue] requested startNode=Start
[scenario_lock] accepted source=event-v2:evt_019abcde-9000-7000-8000-000000000003:evx_01a0f2ca-c628-700d-8000-82e6f873e9b5:traveller:1790779770409 phase=dialogueLoading serial=4
[dialogue] parsed 1 node(s) from /private/var/folders/b5/7gsfwzyd449_54n8l40h40gc0000gn/T/avelune_m3_story_yBhsRM/dialogues/traveller.yarn
[dialogue] starting at node "Start"
[scene_runtime] dialogue content loaded request=event-v2:evt_019abcde-9000-7000-8000-000000000003:evx_01a0f2ca-c628-700d-8000-82e6f873e9b5:traveller:1790779770409 elapsedMs=44
[scenario_lock] cleared source=event-v2:evt_019abcde-9000-7000-8000-000000000003:evx_01a0f2ca-c628-700d-8000-82e6f873e9b5:traveller:1790779770409 reason=dialogueOpened serial=4
[dialogue] opened node=Start text="Merci, ma place est prête !"
[dialogue] dialogue closed
[scene_runtime] dialogue completed request=event-v2:evt_019abcde-9000-7000-8000-000000000003:evx_01a0f2ca-c628-700d-8000-82e6f873e9b5:traveller:1790779770409 status=completed port=completed
[dialogue] finished
[step_studio_trace] npc_presence_applied map=jardin entity=chief present=true
[step_studio_trace] npc_presence_applied map=jardin entity=traveller present=true
[npc_patrol] read movement entity=chief pos=(8,10) size=1x1 mode=idle waypoints= loop=true pauseMs=0 stepMs=200
[npc_patrol] read movement entity=traveller pos=(10,10) size=1x1 mode=idle waypoints= loop=true pauseMs=0 stepMs=200
[step_studio_trace] npc_presence_applied map=jardin entity=chief present=true
[step_studio_trace] npc_presence_applied map=jardin entity=traveller present=true
[npc_patrol] read movement entity=chief pos=(8,10) size=1x1 mode=idle waypoints= loop=true pauseMs=0 stepMs=200
[npc_patrol] read movement entity=traveller pos=(10,10) size=1x1 mode=idle waypoints= loop=true pauseMs=0 stepMs=200
[dialogue] interaction entity=event-v2:evt_019abcde-9000-7000-8000-000000000005:evx_01a0f2ca-c693-7010-8000-832919a3c6b3:finish:1790779770515
[dialogue] resolved dialogueId=finish
[dialogue] resolved file=dialogues/finish.yarn
[dialogue] requested startNode=Start
[scenario_lock] accepted source=event-v2:evt_019abcde-9000-7000-8000-000000000005:evx_01a0f2ca-c693-7010-8000-832919a3c6b3:finish:1790779770515 phase=dialogueLoading serial=5
[dialogue] parsed 1 node(s) from /private/var/folders/b5/7gsfwzyd449_54n8l40h40gc0000gn/T/avelune_m3_story_yBhsRM/dialogues/finish.yarn
[dialogue] starting at node "Start"
[scene_runtime] dialogue content loaded request=event-v2:evt_019abcde-9000-7000-8000-000000000005:evx_01a0f2ca-c693-7010-8000-832919a3c6b3:finish:1790779770515 elapsedMs=41
[scenario_lock] cleared source=event-v2:evt_019abcde-9000-7000-8000-000000000005:evx_01a0f2ca-c693-7010-8000-832919a3c6b3:finish:1790779770515 reason=dialogueOpened serial=5
[dialogue] opened node=Start text="Tout est prêt, départ autorisé !"
[dialogue] dialogue closed
[scene_runtime] dialogue completed request=event-v2:evt_019abcde-9000-7000-8000-000000000005:evx_01a0f2ca-c693-7010-8000-832919a3c6b3:finish:1790779770515 status=completed port=completed
[dialogue] finished
[step_studio_trace] npc_presence_applied map=jardin entity=chief present=true
[step_studio_trace] npc_presence_applied map=jardin entity=traveller present=true
[npc_patrol] read movement entity=chief pos=(8,10) size=1x1 mode=idle waypoints= loop=true pauseMs=0 stepMs=200
[npc_patrol] read movement entity=traveller pos=(10,10) size=1x1 mode=idle waypoints= loop=true pauseMs=0 stepMs=200
[step_studio_trace] npc_presence_applied map=jardin entity=chief present=true
[step_studio_trace] npc_presence_applied map=jardin entity=traveller present=true
[npc_patrol] read movement entity=chief pos=(8,10) size=1x1 mode=idle waypoints= loop=true pauseMs=0 stepMs=200
[npc_patrol] read movement entity=traveller pos=(10,10) size=1x1 mode=idle waypoints= loop=true pauseMs=0 stepMs=200
[dialogue] interaction entity=event-v2:evt_019abcde-9000-7000-8000-000000000006:evx_01a0f2ca-c6d4-7013-8000-835145b9aca7:conclusion:1790779770580
[dialogue] resolved dialogueId=conclusion
[dialogue] resolved file=dialogues/conclusion.yarn
[dialogue] requested startNode=Start
[scenario_lock] accepted source=event-v2:evt_019abcde-9000-7000-8000-000000000006:evx_01a0f2ca-c6d4-7013-8000-835145b9aca7:conclusion:1790779770580 phase=dialogueLoading serial=6
[dialogue] parsed 1 node(s) from /private/var/folders/b5/7gsfwzyd449_54n8l40h40gc0000gn/T/avelune_m3_story_yBhsRM/dialogues/conclusion.yarn
[dialogue] starting at node "Start"
[scene_runtime] dialogue content loaded request=event-v2:evt_019abcde-9000-7000-8000-000000000006:evx_01a0f2ca-c6d4-7013-8000-835145b9aca7:conclusion:1790779770580 elapsedMs=42
[scenario_lock] cleared source=event-v2:evt_019abcde-9000-7000-8000-000000000006:evx_01a0f2ca-c6d4-7013-8000-835145b9aca7:conclusion:1790779770580 reason=dialogueOpened serial=6
[dialogue] opened node=Start text="Merci encore pour votre aide."
[dialogue] dialogue closed
[scene_runtime] dialogue completed request=event-v2:evt_019abcde-9000-7000-8000-000000000006:evx_01a0f2ca-c6d4-7013-8000-835145b9aca7:conclusion:1790779770580 status=completed port=completed
[dialogue] finished
[step_studio_trace] npc_presence_applied map=jardin entity=chief present=true
[step_studio_trace] npc_presence_applied map=jardin entity=traveller present=true
[npc_patrol] read movement entity=chief pos=(8,10) size=1x1 mode=idle waypoints= loop=true pauseMs=0 stepMs=200
[npc_patrol] read movement entity=traveller pos=(10,10) size=1x1 mode=idle waypoints= loop=true pauseMs=0 stepMs=200
[step_studio_trace] npc_presence_applied map=jardin entity=chief present=true
[step_studio_trace] npc_presence_applied map=jardin entity=traveller present=true
[npc_patrol] read movement entity=chief pos=(8,10) size=1x1 mode=idle waypoints= loop=true pauseMs=0 stepMs=200
[npc_patrol] read movement entity=traveller pos=(10,10) size=1x1 mode=idle waypoints= loop=true pauseMs=0 stepMs=200
[dialogue] interaction entity=event-v2:evt_019abcde-9000-7000-8000-000000000007:evx_01a0f2ca-c730-7016-8000-838a21a96846:zone:1790779770672
[dialogue] resolved dialogueId=zone
[dialogue] resolved file=dialogues/zone.yarn
[dialogue] requested startNode=Start
[scenario_lock] accepted source=event-v2:evt_019abcde-9000-7000-8000-000000000007:evx_01a0f2ca-c730-7016-8000-838a21a96846:zone:1790779770672 phase=dialogueLoading serial=7
[dialogue] parsed 1 node(s) from /private/var/folders/b5/7gsfwzyd449_54n8l40h40gc0000gn/T/avelune_m3_story_yBhsRM/dialogues/zone.yarn
[dialogue] starting at node "Start"
[scene_runtime] dialogue content loaded request=event-v2:evt_019abcde-9000-7000-8000-000000000007:evx_01a0f2ca-c730-7016-8000-838a21a96846:zone:1790779770672 elapsedMs=51
[scenario_lock] cleared source=event-v2:evt_019abcde-9000-7000-8000-000000000007:evx_01a0f2ca-c730-7016-8000-838a21a96846:zone:1790779770672 reason=dialogueOpened serial=7
[dialogue] opened node=Start text="Bienvenue sur le quai."
[dialogue] dialogue closed
[scene_runtime] dialogue completed request=event-v2:evt_019abcde-9000-7000-8000-000000000007:evx_01a0f2ca-c730-7016-8000-838a21a96846:zone:1790779770672 status=completed port=completed
[dialogue] finished
[step_studio_trace] npc_presence_applied map=jardin entity=chief present=true
[step_studio_trace] npc_presence_applied map=jardin entity=traveller present=true
[npc_patrol] read movement entity=chief pos=(8,10) size=1x1 mode=idle waypoints= loop=true pauseMs=0 stepMs=200
[npc_patrol] read movement entity=traveller pos=(10,10) size=1x1 mode=idle waypoints= loop=true pauseMs=0 stepMs=200
[step_studio_trace] npc_presence_applied map=jardin entity=chief present=true
[step_studio_trace] npc_presence_applied map=jardin entity=traveller present=true
[npc_patrol] read movement entity=chief pos=(8,10) size=1x1 mode=idle waypoints= loop=true pauseMs=0 stepMs=200
[npc_patrol] read movement entity=traveller pos=(10,10) size=1x1 mode=idle waypoints= loop=true pauseMs=0 stepMs=200
[step_studio_trace] runtime_save_requested map=jardin completedStepIds=[prepare, help, finish] completedCutsceneIds=[]
[runtime_game] tileset cache resolve requested=1
[runtime_game] tileset cache resolve ok result=1
[step_studio_trace] npc_mount_added map=jardin entity=chief
[step_studio_trace] npc_mount_added map=jardin entity=traveller
[step_studio_trace] npc_presence_applied map=jardin entity=chief present=true
[step_studio_trace] npc_presence_applied map=jardin entity=traveller present=true
[npc_patrol] read movement entity=chief pos=(8,10) size=1x1 mode=idle waypoints= loop=true pauseMs=0 stepMs=200
[npc_patrol] read movement entity=traveller pos=(10,10) size=1x1 mode=idle waypoints= loop=true pauseMs=0 stepMs=200
[step_studio_trace] npc_presence_applied map=jardin entity=chief present=true
[step_studio_trace] npc_presence_applied map=jardin entity=traveller present=true
[npc_patrol] read movement entity=chief pos=(8,10) size=1x1 mode=idle waypoints= loop=true pauseMs=0 stepMs=200
[npc_patrol] read movement entity=traveller pos=(10,10) size=1x1 mode=idle waypoints= loop=true pauseMs=0 stepMs=200
[step_studio_trace] npc_presence_applied map=jardin entity=chief present=true
[step_studio_trace] npc_presence_applied map=jardin entity=traveller present=true
[npc_patrol] read movement entity=chief pos=(8,10) size=1x1 mode=idle waypoints= loop=true pauseMs=0 stepMs=200
[npc_patrol] read movement entity=traveller pos=(10,10) size=1x1 mode=idle waypoints= loop=true pauseMs=0 stepMs=200
[step_studio_trace] npc_presence_applied map=jardin entity=chief present=true
[step_studio_trace] npc_presence_applied map=jardin entity=traveller present=true
[npc_patrol] read movement entity=chief pos=(8,10) size=1x1 mode=idle waypoints= loop=true pauseMs=0 stepMs=200
[npc_patrol] read movement entity=traveller pos=(10,10) size=1x1 mode=idle waypoints= loop=true pauseMs=0 stepMs=200
[step_studio_trace] npc_presence_applied map=jardin entity=chief present=true
[step_studio_trace] npc_presence_applied map=jardin entity=traveller present=true
[npc_patrol] read movement entity=chief pos=(8,10) size=1x1 mode=idle waypoints= loop=true pauseMs=0 stepMs=200
[npc_patrol] read movement entity=traveller pos=(10,10) size=1x1 mode=idle waypoints= loop=true pauseMs=0 stepMs=200
[step_studio_trace] npc_presence_applied map=jardin entity=chief present=true
[step_studio_trace] npc_presence_applied map=jardin entity=traveller present=true
[npc_patrol] read movement entity=chief pos=(8,10) size=1x1 mode=idle waypoints= loop=true pauseMs=0 stepMs=200
[npc_patrol] read movement entity=traveller pos=(10,10) size=1x1 mode=idle waypoints= loop=true pauseMs=0 stepMs=200
[step_studio_trace] npc_presence_applied map=jardin entity=chief present=true
[step_studio_trace] npc_presence_applied map=jardin entity=traveller present=true
[npc_patrol] read movement entity=chief pos=(8,10) size=1x1 mode=idle waypoints= loop=true pauseMs=0 stepMs=200
[npc_patrol] read movement entity=traveller pos=(10,10) size=1x1 mode=idle waypoints= loop=true pauseMs=0 stepMs=200
[event_v2] mapEnter activation=mapact_1790779770774469_2 map=jardin reason=saveRestore result=MapEnterProductionDispatchLegacyFallback
[load] game loaded from saveId=default
[runtime_loader] bundle load start projectFilePath=/private/var/folders/b5/7gsfwzyd449_54n8l40h40gc0000gn/T/avelune_m3_story_yBhsRM/project.json mapId=jardin
[runtime_loader] project manifest lookup path=/private/var/folders/b5/7gsfwzyd449_54n8l40h40gc0000gn/T/avelune_m3_story_yBhsRM/project.json
[runtime_loader] project manifest read ok bytes=34071
[runtime_loader] project manifest validated maps=2 tilesets=1 scenarios=0
[runtime_loader] bundle map resolved mapId=jardin relativePath=maps/jardin.json mapPath=/private/var/folders/b5/7gsfwzyd449_54n8l40h40gc0000gn/T/avelune_m3_story_yBhsRM/maps/jardin.json
[runtime_loader] map file lookup path=/private/var/folders/b5/7gsfwzyd449_54n8l40h40gc0000gn/T/avelune_m3_story_yBhsRM/maps/jardin.json
[runtime_loader] map file read ok bytes=19335
[runtime_loader] map validated id=jardin size=24x16 layers=3 entities=3 placedElements=3 warps=0 triggers=1
[runtime_loader] bundle tilesets collected ids=atelier
[runtime_loader] bundle tileset path id=atelier path=/private/var/folders/b5/7gsfwzyd449_54n8l40h40gc0000gn/T/avelune_m3_story_yBhsRM/assets/atelier.png
[runtime_loader] bundle load ok mapId=jardin projectRoot=/private/var/folders/b5/7gsfwzyd449_54n8l40h40gc0000gn/T/avelune_m3_story_yBhsRM tilesets=1
[runtime_game] tileset image load start map=jardin
[runtime_game] tileset cache resolve requested=1
[runtime_game] tileset cache resolve ok result=1
[runtime_game] onLoad start map=jardin projectFilePath=/private/var/folders/b5/7gsfwzyd449_54n8l40h40gc0000gn/T/avelune_m3_story_yBhsRM/project.json tilesets=1
[runtime_game] world build start map=jardin
[runtime] Map loaded: jardin, spawn at (8, 9)
[runtime_game] tileset image load ok count=1 map=jardin
[runtime_game] mount root map start map=jardin
[step_studio_trace] npc_mount_added map=jardin entity=chief
[step_studio_trace] npc_mount_added map=jardin entity=traveller
[step_studio_trace] npc_presence_applied map=jardin entity=chief present=true
[step_studio_trace] npc_presence_applied map=jardin entity=traveller present=true
[runtime_game] mount root map ok map=jardin
[npc_patrol] read movement entity=chief pos=(8,10) size=1x1 mode=idle waypoints= loop=true pauseMs=0 stepMs=200
[npc_patrol] read movement entity=traveller pos=(10,10) size=1x1 mode=idle waypoints= loop=true pauseMs=0 stepMs=200
[runtime_game] onLoad completed activeMapId=jardin
[runtime_loader] map file lookup path=/private/var/folders/b5/7gsfwzyd449_54n8l40h40gc0000gn/T/avelune_m3_story_yBhsRM/maps/clairiere.json
[runtime_loader] map file read ok bytes=17376
[runtime_loader] map validated id=clairiere size=24x16 layers=3 entities=1 placedElements=3 warps=0 triggers=0
[step_studio_trace] npc_presence_applied map=jardin entity=chief present=true
[step_studio_trace] npc_presence_applied map=jardin entity=traveller present=true
[npc_patrol] read movement entity=chief pos=(8,10) size=1x1 mode=idle waypoints= loop=true pauseMs=0 stepMs=200
[npc_patrol] read movement entity=traveller pos=(10,10) size=1x1 mode=idle waypoints= loop=true pauseMs=0 stepMs=200
[step_studio_trace] npc_presence_applied map=jardin entity=chief present=true
[step_studio_trace] npc_presence_applied map=jardin entity=traveller present=true
[npc_patrol] read movement entity=chief pos=(8,10) size=1x1 mode=idle waypoints= loop=true pauseMs=0 stepMs=200
[npc_patrol] read movement entity=traveller pos=(10,10) size=1x1 mode=idle waypoints= loop=true pauseMs=0 stepMs=200
[step_studio_trace] npc_presence_applied map=jardin entity=chief present=true
[step_studio_trace] npc_presence_applied map=jardin entity=traveller present=true
[npc_patrol] read movement entity=chief pos=(8,10) size=1x1 mode=idle waypoints= loop=true pauseMs=0 stepMs=200
[npc_patrol] read movement entity=traveller pos=(10,10) size=1x1 mode=idle waypoints= loop=true pauseMs=0 stepMs=200
[event_v2] mapEnter activation=mapact_1790779771192027_1 map=jardin reason=initialBoot result=MapEnterProductionDispatchLegacyFallback
[step_studio_trace] runtime_save_requested map=jardin completedStepIds=[] completedCutsceneIds=[]
05:18 +378 -9: /Users/karim/Project/pokemonProject/apps/avelune_studio/test/cinematics_ui10_widget_test.dart: UI10 full Studio frame early composition with isolated real project
05:19 +379 -9: /Users/karim/Project/pokemonProject/apps/avelune_studio/test/cinematics_ui10_widget_test.dart: UI10 full Studio frame early composition with isolated real project
══╡ EXCEPTION CAUGHT BY FLUTTER TEST FRAMEWORK ╞════════════════════════════════════════════════════
The following MapWorkspaceFailure was thrown while running async test code:
Cette carte est absente, invalide ou utilise un format non pris en charge.

When the exception was thrown, this was the stack:
#0      LocalMapWorkspaceAdapter.loadMap (package:avelune_studio/features/map_workspace/data/local_map_workspace_adapter.dart:162:7)
<asynchronous suspension>
#1      seedUi10Visuals (file:///Users/karim/Project/pokemonProject/apps/avelune_studio/test/support/ui10_fixture_visuals.dart:124:18)
<asynchronous suspension>
#2      createUi10Fixture (file:///Users/karim/Project/pokemonProject/apps/avelune_studio/test/support/ui10_cinematic_fixture.dart:18:5)
<asynchronous suspension>
#3      Ui10WorkspaceHarness.create (file:///Users/karim/Project/pokemonProject/apps/avelune_studio/test/support/ui10_workspace_harness.dart:20:21)
<asynchronous suspension>
<asynchronous suspension>
#5      main.<anonymous closure> (file:///Users/karim/Project/pokemonProject/apps/avelune_studio/test/cinematics_ui10_widget_test.dart:15:24)
<asynchronous suspension>
#6      testWidgets.<anonymous closure>.<anonymous closure> (package:flutter_test/src/widget_tester.dart:192:15)
<asynchronous suspension>
#7      TestWidgetsFlutterBinding._runTestBody (package:flutter_test/src/binding.dart:1978:5)
<asynchronous suspension>
<asynchronous suspension>
(elided 2 frames from dart:async and package:stack_trace)

The exception was caught asynchronously.
════════════════════════════════════════════════════════════════════════════════════════════════════
══╡ EXCEPTION CAUGHT BY FLUTTER TEST FRAMEWORK ╞════════════════════════════════════════════════════
The following _TypeError was thrown running a test:
Null check operator used on a null value

When the exception was thrown, this was the stack:
#0      main.<anonymous closure> (file:///Users/karim/Project/pokemonProject/apps/avelune_studio/test/cinematics_ui10_widget_test.dart:17:9)
<asynchronous suspension>
#1      testWidgets.<anonymous closure>.<anonymous closure> (package:flutter_test/src/widget_tester.dart:192:15)
<asynchronous suspension>
#2      TestWidgetsFlutterBinding._runTestBody (package:flutter_test/src/binding.dart:1978:5)
<asynchronous suspension>
<asynchronous suspension>
(elided one frame from package:stack_trace)

The test description was:
  UI10 full Studio frame early composition with isolated real project
════════════════════════════════════════════════════════════════════════════════════════════════════
══╡ EXCEPTION CAUGHT BY FLUTTER TEST FRAMEWORK ╞════════════════════════════════════════════════════
The following message was thrown:
Multiple exceptions (2) were detected during the running of the current test, and at least one was
unexpected.
════════════════════════════════════════════════════════════════════════════════════════════════════
05:20 +379 -10: /Users/karim/Project/pokemonProject/apps/avelune_studio/test/scene_canvas_addition_test.dart: output contextual search retains canonical origin and escape creates nothing
05:20 +379 -10: /Users/karim/Project/pokemonProject/apps/avelune_studio/test/cinematics_ui10_widget_test.dart: UI10 full Studio frame early composition with isolated real project [E]
  Test failed. See exception logs above.
  The test description was: UI10 full Studio frame early composition with isolated real project

05:20 +380 -10: /Users/karim/Project/pokemonProject/apps/avelune_studio/test/scene_canvas_addition_test.dart: text editing delete does not delete graph selection
05:21 +381 -10: /Users/karim/Project/pokemonProject/apps/avelune_studio/test/ui13_verification_runtime_test.dart: a receipt of another version is stale, never a success
05:22 +382 -10: /Users/karim/Project/pokemonProject/apps/avelune_studio/test/ui13_verification_dialogue_version_test.dart: an advanced read-only source is not simplified
05:22 +383 -10: /Users/karim/Project/pokemonProject/apps/avelune_studio/test/ui13_verification_runtime_test.dart: a receipt of another profile is refused with its provenance
05:22 +384 -10: /Users/karim/Project/pokemonProject/apps/avelune_studio/test/ui13_verification_dialogue_version_test.dart: two incompatible versions of one dialogue are a named conflict
05:22 +385 -10: /Users/karim/Project/pokemonProject/apps/avelune_studio/test/ui13_verification_runtime_test.dart: a receipt missing a required suite stays inconclusive
05:22 +386 -10: /Users/karim/Project/pokemonProject/apps/avelune_studio/test/ui13_verification_dialogue_version_test.dart: the fixture really exercises the authoring compiler
05:22 +387 -10: /Users/karim/Project/pokemonProject/apps/avelune_studio/test/ui13_verification_runtime_test.dart: an unreadable receipt is reported, not ignored
05:22 +388 -10: /Users/karim/Project/pokemonProject/apps/avelune_studio/test/ui13_verification_runtime_test.dart: a matching receipt is the only one that verifies runtime
05:22 +389 -10: /Users/karim/Project/pokemonProject/apps/avelune_studio/test/ui13_verification_runtime_test.dart: a failed run of this version is a failure, not a notRun
05:23 +390 -10: /Users/karim/Project/pokemonProject/apps/avelune_studio/test/ui13_verification_executor_test.dart: the real analysis runs outside the interface isolate
05:24 +391 -10: /Users/karim/Project/pokemonProject/apps/avelune_studio/test/stories/story_publication_ui07_test.dart: story action preserves concurrent image import and every map byte
05:24 +392 -10: /Users/karim/Project/pokemonProject/apps/avelune_studio/test/stories/story_publication_ui07_test.dart: story action preserves concurrent image import and every map byte
05:24 +393 -10: /Users/karim/Project/pokemonProject/apps/avelune_studio/test/stories/story_publication_ui07_test.dart: story action preserves concurrent image import and every map byte
05:24 +394 -10: /Users/karim/Project/pokemonProject/apps/avelune_studio/test/ui13_verification_executor_test.dart: a replacing request keeps only its own answer
05:24 +395 -10: /Users/karim/Project/pokemonProject/apps/avelune_studio/test/stories/story_publication_ui07_test.dart: same aggregate conflict and vanished target are refused without overwrite
05:24 +396 -10: /Users/karim/Project/pokemonProject/apps/avelune_studio/test/ui13_verification_executor_test.dart: closing the page drops the work and its answer
05:24 +397 -10: /Users/karim/Project/pokemonProject/apps/avelune_studio/test/stories/story_publication_ui07_test.dart: interrupted promotion recovers; external journal conflict keeps draft and file
05:24 +398 -10: /Users/karim/Project/pokemonProject/apps/avelune_studio/test/ui13_verification_executor_test.dart: a failed read leaves no synthetic green report
05:24 +399 -10: /Users/karim/Project/pokemonProject/apps/avelune_studio/test/ui13_verification_executor_test.dart: a second launch while one runs starts no second job
05:25 +400 -10: /Users/karim/Project/pokemonProject/apps/avelune_studio/test/stories/ui07_story_fixture_test.dart: rich fixture publishes real outcomes, owner relationship and modern scene link
05:26 +401 -10: /Users/karim/Project/pokemonProject/apps/avelune_studio/test/stories/ui07_story_fixture_test.dart: rich fixture publishes real outcomes, owner relationship and modern scene link
05:26 +402 -10: /Users/karim/Project/pokemonProject/apps/avelune_studio/test/stories/ui07_story_fixture_test.dart: rich fixture publishes real outcomes, owner relationship and modern scene link
05:26 +403 -10: /Users/karim/Project/pokemonProject/apps/avelune_studio/test/stories/ui07_story_fixture_test.dart: rich fixture publishes real outcomes, owner relationship and modern scene link
05:26 +404 -10: /Users/karim/Project/pokemonProject/apps/avelune_studio/test/stories/ui07_story_fixture_test.dart: rich fixture publishes real outcomes, owner relationship and modern scene link
05:26 +405 -10: /Users/karim/Project/pokemonProject/apps/avelune_studio/test/stories/ui07_story_fixture_test.dart: rich fixture publishes real outcomes, owner relationship and modern scene link
05:26 +406 -10: /Users/karim/Project/pokemonProject/apps/avelune_studio/test/stories/ui07_story_fixture_test.dart: rich fixture publishes real outcomes, owner relationship and modern scene link
05:26 +407 -10: /Users/karim/Project/pokemonProject/apps/avelune_studio/test/stories/ui07_story_fixture_test.dart: construction fixture provides prerequisites but no authored stories
05:27 +408 -10: /Users/karim/Project/pokemonProject/apps/avelune_studio/test/stories/story_publication_races_ui07_test.dart: edit during publication stays dirty, revertToBase=false
05:27 +409 -10: /Users/karim/Project/pokemonProject/apps/avelune_studio/test/stories/story_publication_races_ui07_test.dart: edit during publication stays dirty, revertToBase=false
05:27 +410 -10: /Users/karim/Project/pokemonProject/apps/avelune_studio/test/stories/story_publication_races_ui07_test.dart: edit during publication stays dirty, revertToBase=false
05:28 +411 -10: /Users/karim/Project/pokemonProject/apps/avelune_studio/test/stories/story_document_commands_test.dart: empty story gains real chapter then step without fake placeholders
05:28 +412 -10: /Users/karim/Project/pokemonProject/apps/avelune_studio/test/stories/story_publication_races_ui07_test.dart: edit during publication stays dirty, revertToBase=true
05:28 +413 -10: /Users/karim/Project/pokemonProject/apps/avelune_studio/test/stories/story_publication_races_ui07_test.dart: late response after close does not replace the workspace catalog
05:28 +414 -10: /Users/karim/Project/pokemonProject/apps/avelune_studio/test/stories/story_publication_races_ui07_test.dart: partial multi-owner failure reports written scope and keeps remaining draft
05:28 +415 -10: /Users/karim/Project/pokemonProject/apps/avelune_studio/test/architecture/dart_dependency_graph_test.dart: detecte I/O derriere un import relatif et un export
05:28 +416 -10: /Users/karim/Project/pokemonProject/apps/avelune_studio/test/architecture/dart_dependency_graph_test.dart: detecte I/O derriere un barrel package public
05:28 +417 -10: /Users/karim/Project/pokemonProject/apps/avelune_studio/test/architecture/dart_dependency_graph_test.dart: inspecte aussi les branches conditionnelles des exports
05:28 +418 -10: /Users/karim/Project/pokemonProject/apps/avelune_studio/test/architecture/dart_dependency_graph_test.dart: termine sur un cycle et accepte les SDK purs
05:28 +419 -10: /Users/karim/Project/pokemonProject/apps/avelune_studio/test/architecture/dart_dependency_graph_test.dart: un package inconnu echoue au lieu de masquer une dependance
05:29 +420 -10: /Users/karim/Project/pokemonProject/apps/avelune_studio/test/stories/story_reconciliation_ui07_test.dart: explicit reload reconciles target and preserves every unrelated dirty draft
05:29 +421 -10: /Users/karim/Project/pokemonProject/apps/avelune_studio/test/architecture/architecture_boundaries_test.dart: application et domaine restent purs dans leur graphe transitif
05:29 +422 -10: /Users/karim/Project/pokemonProject/apps/avelune_studio/test/architecture/architecture_boundaries_test.dart: application et domaine restent purs dans leur graphe transitif
05:29 +423 -10: /Users/karim/Project/pokemonProject/apps/avelune_studio/test/stories/story_reconciliation_ui07_test.dart: multi-owner deletion publishes consumers before referenced stories
05:29 +424 -10: /Users/karim/Project/pokemonProject/apps/avelune_studio/test/architecture/architecture_boundaries_test.dart: presentation sans acces aux adaptateurs ou au filesystem
05:30 +425 -10: /Users/karim/Project/pokemonProject/apps/avelune_studio/test/architecture/architecture_boundaries_test.dart: theme et widgets partages independants des features et de la DI
05:30 +426 -10: /Users/karim/Project/pokemonProject/apps/avelune_studio/test/architecture/architecture_boundaries_test.dart: presentation centralisee et barrel DI limite aux exports
05:30 +427 -10: /Users/karim/Project/pokemonProject/apps/avelune_studio/test/architecture/architecture_boundaries_test.dart: aucun import prive inter-package dans les sources Studio
05:30 +428 -10: /Users/karim/Project/pokemonProject/apps/avelune_studio/test/architecture/architecture_boundaries_test.dart: aucune dependance vers ancien editeur
05:31 +429 -10: /Users/karim/Project/pokemonProject/apps/avelune_studio/test/dialogues_ui09_nested_navigation_test.dart: nested events → scene → dialogue returns to exact owner
05:31 +429 -11: /Users/karim/Project/pokemonProject/apps/avelune_studio/test/dialogues_ui09_nested_navigation_test.dart: nested events → scene → dialogue returns to exact owner
05:31 +429 -11: /Users/karim/Project/pokemonProject/apps/avelune_studio/test/architecture/architecture_boundaries_test.dart: fichiers Dart manuels limites a 300 lignes [E]
  Expected: empty
    Actual: [
              '/Users/karim/Project/pokemonProject/apps/avelune_studio/lib/features/map_workspace/application/map_editing_commands.dart: 310 lignes',
              '/Users/karim/Project/pokemonProject/apps/avelune_studio/lib/features/map_workspace/data/local_map_workspace_adapter.dart: 305 lignes',
              '/Users/karim/Project/pokemonProject/apps/avelune_studio/lib/presentation/features/map_workspace/map_workspace_canvas.dart: 474 lignes',
              '/Users/karim/Project/pokemonProject/apps/avelune_studio/lib/presentation/features/map_workspace/map_workspace_tool_strip.dart: 306 lignes',
              '/Users/karim/Project/pokemonProject/apps/avelune_studio/test/home/home_visual_test.dart: 312 lignes',
              '/Users/karim/Project/pokemonProject/apps/avelune_studio/test/map_workspace/decor_transform_host_test.dart: 389 lignes'
            ]

  package:matcher                                            expect
  package:flutter_test/src/widget_tester.dart 473:18         expect
  test/architecture/architecture_boundaries_test.dart 169:5  main.<fn>

05:32 +430 -11: /Users/karim/Project/pokemonProject/apps/avelune_studio/test/dialogues_ui09_nested_navigation_test.dart: nested events → scene → dialogue returns to exact owner
05:33 +431 -11: /Users/karim/Project/pokemonProject/apps/avelune_studio/test/dialogues_ui09_nested_navigation_test.dart: nested events → scene → dialogue returns to exact owner
05:33 +432 -11: /Users/karim/Project/pokemonProject/apps/avelune_studio/test/dialogues_ui09_nested_navigation_test.dart: nested events → scene → dialogue returns to exact owner
05:33 +433 -11: /Users/karim/Project/pokemonProject/apps/avelune_studio/test/dialogues_ui09_nested_navigation_test.dart: nested events → scene → dialogue returns to exact owner
05:33 +434 -11: /Users/karim/Project/pokemonProject/apps/avelune_studio/test/dialogues_ui09_nested_navigation_test.dart: nested events → scene → dialogue returns to exact owner
05:33 +435 -11: /Users/karim/Project/pokemonProject/apps/avelune_studio/test/dialogues_ui09_nested_navigation_test.dart: nested events → scene → dialogue returns to exact owner
05:34 +436 -11: /Users/karim/Project/pokemonProject/apps/avelune_studio/test/dialogues_ui09_nested_navigation_test.dart: nested events → scene → dialogue returns to exact owner
05:35 +437 -11: /Users/karim/Project/pokemonProject/apps/avelune_studio/test/dialogues_ui09_nested_navigation_test.dart: nested events → scene → dialogue returns to exact owner
05:35 +438 -11: /Users/karim/Project/pokemonProject/apps/avelune_studio/test/dialogues_ui09_nested_navigation_test.dart: nested events → scene → dialogue returns to exact owner
05:36 +439 -11: /Users/karim/Project/pokemonProject/apps/avelune_studio/test/dialogues_ui09_nested_navigation_test.dart: nested events → scene → dialogue returns to exact owner
05:36 +440 -11: /Users/karim/Project/pokemonProject/apps/avelune_studio/test/dialogues_ui09_nested_navigation_test.dart: nested events → scene → dialogue returns to exact owner
05:37 +441 -11: /Users/karim/Project/pokemonProject/apps/avelune_studio/test/dialogues_ui09_nested_navigation_test.dart: nested events → scene → dialogue returns to exact owner
05:37 +442 -11: /Users/karim/Project/pokemonProject/apps/avelune_studio/test/presentations/presentation_controller_ui11_test.dart: failed grouped edit rolls back all commands and accepts correction
05:37 +443 -11: /Users/karim/Project/pokemonProject/apps/avelune_studio/test/dialogues_ui09_nested_navigation_test.dart: nested stories → scene → dialogue returns to exact owner
05:38 +444 -11: /Users/karim/Project/pokemonProject/apps/avelune_studio/test/dialogues_ui09_nested_navigation_test.dart: nested stories → scene → dialogue returns to exact owner
05:38 +445 -11: /Users/karim/Project/pokemonProject/apps/avelune_studio/test/dialogues_ui09_nested_navigation_test.dart: nested stories → scene → dialogue returns to exact owner
05:38 +446 -11: /Users/karim/Project/pokemonProject/apps/avelune_studio/test/dialogues_ui09_nested_navigation_test.dart: nested stories → scene → dialogue returns to exact owner
05:38 +447 -11: /Users/karim/Project/pokemonProject/apps/avelune_studio/test/dialogues_ui09_nested_navigation_test.dart: nested stories → scene → dialogue returns to exact owner
05:38 +448 -11: /Users/karim/Project/pokemonProject/apps/avelune_studio/test/dialogues_ui09_nested_navigation_test.dart: nested stories → scene → dialogue returns to exact owner
05:39 +449 -11: /Users/karim/Project/pokemonProject/apps/avelune_studio/test/dialogues_ui09_nested_navigation_test.dart: nested stories → scene → dialogue returns to exact owner
05:40 +450 -11: /Users/karim/Project/pokemonProject/apps/avelune_studio/test/dialogues_ui09_nested_navigation_test.dart: nested stories → scene → dialogue returns to exact owner
05:41 +451 -11: /Users/karim/Project/pokemonProject/apps/avelune_studio/test/dialogues_ui09_nested_navigation_test.dart: nested stories → scene → dialogue returns to exact owner
05:42 +452 -11: /Users/karim/Project/pokemonProject/apps/avelune_studio/test/resource_io/decor_resource_io_test.dart: PNG selection, collision, variant, repeated placement, undo and disk reopen
05:42 +453 -11: /Users/karim/Project/pokemonProject/apps/avelune_studio/test/resource_io/terrain_navigation_ui04_test.dart: same image creates distinct drafts and reopening retains canonical identity
05:43 +454 -11: /Users/karim/Project/pokemonProject/apps/avelune_studio/test/resource_io/terrain_resource_io_test.dart: outer corner publishes and resolves after independent reopen
05:44 +455 -11: /Users/karim/Project/pokemonProject/apps/avelune_studio/test/resource_io/terrain_resource_io_test.dart: outer corner publishes and resolves after independent reopen
05:44 +456 -11: /Users/karim/Project/pokemonProject/apps/avelune_studio/test/resource_io/terrain_resource_io_test.dart: draft, publish, paint, erase, save and fresh reopen use canonical resources
05:45 +457 -11: /Users/karim/Project/pokemonProject/apps/avelune_studio/test/resource_io/terrain_resource_io_test.dart: draft, publish, paint, erase, save and fresh reopen use canonical resources
05:45 +458 -11: /Users/karim/Project/pokemonProject/apps/avelune_studio/test/resource_io/terrain_resource_io_test.dart: draft, publish, paint, erase, save and fresh reopen use canonical resources
05:45 +459 -11: /Users/karim/Project/pokemonProject/apps/avelune_studio/test/resource_io/local_resource_adapter_test.dart: dirty map survives import and saves against accepted receipt
05:45 +460 -11: /Users/karim/Project/pokemonProject/apps/avelune_studio/test/resource_io/local_resource_adapter_test.dart: creates and publishes a drawable border from project elements
05:46 +461 -11: /Users/karim/Project/pokemonProject/apps/avelune_studio/test/resource_io/local_resource_adapter_test.dart: creates and publishes a drawable border from project elements
05:46 +462 -11: /Users/karim/Project/pokemonProject/apps/avelune_studio/test/resource_io/local_resource_adapter_test.dart: creates and publishes a drawable border from project elements
05:46 +463 -11: /Users/karim/Project/pokemonProject/apps/avelune_studio/test/resource_io/local_resource_adapter_test.dart: creates and publishes a drawable border from project elements
05:46 +464 -11: /Users/karim/Project/pokemonProject/apps/avelune_studio/test/resource_io/local_resource_adapter_test.dart: creates and publishes a drawable border from project elements
05:46 +465 -11: /Users/karim/Project/pokemonProject/apps/avelune_studio/test/resource_io/local_resource_adapter_test.dart: missing border image leaves no draft behind
05:46 +466 -11: /Users/karim/Project/pokemonProject/apps/avelune_studio/test/resource_io/local_resource_adapter_test.dart: first decor category and definition commit together; variant preserves original
05:47 +467 -11: /Users/karim/Project/pokemonProject/apps/avelune_studio/test/resource_io/local_resource_adapter_test.dart: invalid grid leaves manifest, source and resource catalogue unpublished
05:47 +468 -11: /Users/karim/Project/pokemonProject/apps/avelune_studio/test/resource_io/local_resource_adapter_test.dart: external manifest edit blocks import without accepting foreign revision
05:47 +469 -11: /Users/karim/Project/pokemonProject/apps/avelune_studio/test/resource_io/local_resource_adapter_test.dart: external map edit stays protected by map CAS after own import
05:47 +470 -11: /Users/karim/Project/pokemonProject/apps/avelune_studio/test/ui13_verification_identity_test.dart: two entities sharing an identifier stay two documents
05:47 +471 -11: /Users/karim/Project/pokemonProject/apps/avelune_studio/test/ui13_verification_identity_test.dart: two entities sharing an identifier stay two documents
05:47 +472 -11: /Users/karim/Project/pokemonProject/apps/avelune_studio/test/ui13_verification_identity_test.dart: two entities sharing an identifier stay two documents
05:47 +473 -11: /Users/karim/Project/pokemonProject/apps/avelune_studio/test/ui13_verification_identity_test.dart: two entities sharing an identifier stay two documents
05:47 +474 -11: /Users/karim/Project/pokemonProject/apps/avelune_studio/test/ui13_verification_identity_test.dart: two entities sharing an identifier stay two documents
05:47 +475 -11: /Users/karim/Project/pokemonProject/apps/avelune_studio/test/ui13_verification_identity_test.dart: an identifier answered by several documents is not guessed
05:47 +476 -11: /Users/karim/Project/pokemonProject/apps/avelune_studio/test/ui13_verification_identity_test.dart: a fact never resolves to an entity of the same name
05:48 +477 -11: /Users/karim/Project/pokemonProject/apps/avelune_studio/test/ui13_verification_identity_test.dart: every identity carries its kind, scope and parent
05:48 +478 -11: /Users/karim/Project/pokemonProject/apps/avelune_studio/test/ui13_verification_identity_test.dart: a real diagnostic still finds its own document
05:48 +479 -11: /Users/karim/Project/pokemonProject/apps/avelune_studio/test/cinematics_ui10_parity_viewport_test.dart: preview camera zoom shake fade uses playback transform and Stop restores author view
══╡ EXCEPTION CAUGHT BY FLUTTER TEST FRAMEWORK ╞════════════════════════════════════════════════════
The following MapWorkspaceFailure was thrown while running async test code:
Cette carte est absente, invalide ou utilise un format non pris en charge.

When the exception was thrown, this was the stack:
#0      LocalMapWorkspaceAdapter.loadMap (package:avelune_studio/features/map_workspace/data/local_map_workspace_adapter.dart:162:7)
<asynchronous suspension>
#1      seedUi10Visuals (file:///Users/karim/Project/pokemonProject/apps/avelune_studio/test/support/ui10_fixture_visuals.dart:124:18)
<asynchronous suspension>
#2      createUi10Fixture (file:///Users/karim/Project/pokemonProject/apps/avelune_studio/test/support/ui10_cinematic_fixture.dart:18:5)
<asynchronous suspension>
#3      createUi10ParityFixture (file:///Users/karim/Project/pokemonProject/apps/avelune_studio/test/support/ui10_parity_fixture.dart:38:19)
<asynchronous suspension>
#4      main.<anonymous closure>.<anonymous closure> (file:///Users/karim/Project/pokemonProject/apps/avelune_studio/test/cinematics_ui10_parity_viewport_test.dart:22:25)
<asynchronous suspension>
<asynchronous suspension>
#6      main.<anonymous closure> (file:///Users/karim/Project/pokemonProject/apps/avelune_studio/test/cinematics_ui10_parity_viewport_test.dart:21:24)
<asynchronous suspension>
#7      testWidgets.<anonymous closure>.<anonymous closure> (package:flutter_test/src/widget_tester.dart:192:15)
<asynchronous suspension>
#8      TestWidgetsFlutterBinding._runTestBody (package:flutter_test/src/binding.dart:1978:5)
<asynchronous suspension>
<asynchronous suspension>
(elided 2 frames from dart:async and package:stack_trace)

The exception was caught asynchronously.
════════════════════════════════════════════════════════════════════════════════════════════════════
══╡ EXCEPTION CAUGHT BY FLUTTER TEST FRAMEWORK ╞════════════════════════════════════════════════════
The following _TypeError was thrown running a test:
Null check operator used on a null value

When the exception was thrown, this was the stack:
#0      main.<anonymous closure> (file:///Users/karim/Project/pokemonProject/apps/avelune_studio/test/cinematics_ui10_parity_viewport_test.dart:43:10)
<asynchronous suspension>
#1      testWidgets.<anonymous closure>.<anonymous closure> (package:flutter_test/src/widget_tester.dart:192:15)
<asynchronous suspension>
#2      TestWidgetsFlutterBinding._runTestBody (package:flutter_test/src/binding.dart:1978:5)
<asynchronous suspension>
<asynchronous suspension>
(elided one frame from package:stack_trace)

The test description was:
  preview camera zoom shake fade uses playback transform and Stop restores author view
════════════════════════════════════════════════════════════════════════════════════════════════════
══╡ EXCEPTION CAUGHT BY FLUTTER TEST FRAMEWORK ╞════════════════════════════════════════════════════
The following message was thrown:
Multiple exceptions (2) were detected during the running of the current test, and at least one was
unexpected.
════════════════════════════════════════════════════════════════════════════════════════════════════
05:50 +479 -12: /Users/karim/Project/pokemonProject/apps/avelune_studio/test/cinematics_ui10_nested_navigation_test.dart: UI10 nested events → scene → cinematic → dialogue returns to dirty owners
05:50 +479 -12: /Users/karim/Project/pokemonProject/apps/avelune_studio/test/cinematics_ui10_parity_viewport_test.dart: preview camera zoom shake fade uses playback transform and Stop restores author view [E]
  Test failed. See exception logs above.
  The test description was: preview camera zoom shake fade uses playback transform and Stop restores author view

05:51 +479 -12: /Users/karim/Project/pokemonProject/apps/avelune_studio/test/cinematics_ui10_nested_navigation_test.dart: UI10 nested events → scene → cinematic → dialogue returns to dirty owners
══╡ EXCEPTION CAUGHT BY FLUTTER TEST FRAMEWORK ╞════════════════════════════════════════════════════
The following MapWorkspaceFailure was thrown while running async test code:
Cette carte est absente, invalide ou utilise un format non pris en charge.

When the exception was thrown, this was the stack:
#0      LocalMapWorkspaceAdapter.loadMap (package:avelune_studio/features/map_workspace/data/local_map_workspace_adapter.dart:162:7)
<asynchronous suspension>
#1      seedUi10Visuals (file:///Users/karim/Project/pokemonProject/apps/avelune_studio/test/support/ui10_fixture_visuals.dart:124:18)
<asynchronous suspension>
#2      createUi10Fixture (file:///Users/karim/Project/pokemonProject/apps/avelune_studio/test/support/ui10_cinematic_fixture.dart:18:5)
<asynchronous suspension>
#3      Ui10WorkspaceHarness.create (file:///Users/karim/Project/pokemonProject/apps/avelune_studio/test/support/ui10_workspace_harness.dart:20:21)
<asynchronous suspension>
<asynchronous suspension>
#5      main.<anonymous closure> (file:///Users/karim/Project/pokemonProject/apps/avelune_studio/test/cinematics_ui10_nested_navigation_test.dart:28:26)
<asynchronous suspension>
#6      testWidgets.<anonymous closure>.<anonymous closure> (package:flutter_test/src/widget_tester.dart:192:15)
<asynchronous suspension>
#7      TestWidgetsFlutterBinding._runTestBody (package:flutter_test/src/binding.dart:1978:5)
<asynchronous suspension>
<asynchronous suspension>
(elided 2 frames from dart:async and package:stack_trace)

The exception was caught asynchronously.
════════════════════════════════════════════════════════════════════════════════════════════════════
══╡ EXCEPTION CAUGHT BY FLUTTER TEST FRAMEWORK ╞════════════════════════════════════════════════════
The following _TypeError was thrown running a test:
Null check operator used on a null value

When the exception was thrown, this was the stack:
#0      main.<anonymous closure> (file:///Users/karim/Project/pokemonProject/apps/avelune_studio/test/cinematics_ui10_nested_navigation_test.dart:30:11)
<asynchronous suspension>
#1      testWidgets.<anonymous closure>.<anonymous closure> (package:flutter_test/src/widget_tester.dart:192:15)
<asynchronous suspension>
#2      TestWidgetsFlutterBinding._runTestBody (package:flutter_test/src/binding.dart:1978:5)
<asynchronous suspension>
<asynchronous suspension>
(elided one frame from package:stack_trace)

The test description was:
  UI10 nested events → scene → cinematic → dialogue returns to dirty owners
════════════════════════════════════════════════════════════════════════════════════════════════════
══╡ EXCEPTION CAUGHT BY FLUTTER TEST FRAMEWORK ╞════════════════════════════════════════════════════
The following message was thrown:
Multiple exceptions (2) were detected during the running of the current test, and at least one was
unexpected.
════════════════════════════════════════════════════════════════════════════════════════════════════
05:51 +479 -13: /Users/karim/Project/pokemonProject/apps/avelune_studio/test/ui13_verification_late_evidence_test.dart: an abandoned control never replaces the report that followed
05:51 +479 -13: /Users/karim/Project/pokemonProject/apps/avelune_studio/test/cinematics_ui10_nested_navigation_test.dart: UI10 nested events → scene → cinematic → dialogue returns to dirty owners [E]
  Test failed. See exception logs above.
  The test description was: UI10 nested events → scene → cinematic → dialogue returns to dirty owners

05:51 +480 -13: /Users/karim/Project/pokemonProject/apps/avelune_studio/test/cinematics_ui10_nested_navigation_test.dart: UI10 nested stories → scene → cinematic → dialogue returns to dirty owners
05:52 +481 -13: /Users/karim/Project/pokemonProject/apps/avelune_studio/test/cinematics_ui10_nested_navigation_test.dart: UI10 nested stories → scene → cinematic → dialogue returns to dirty owners
05:52 +482 -13: /Users/karim/Project/pokemonProject/apps/avelune_studio/test/cinematics_ui10_nested_navigation_test.dart: UI10 nested stories → scene → cinematic → dialogue returns to dirty owners
05:52 +483 -13: /Users/karim/Project/pokemonProject/apps/avelune_studio/test/cinematics_ui10_nested_navigation_test.dart: UI10 nested stories → scene → cinematic → dialogue returns to dirty owners
══╡ EXCEPTION CAUGHT BY FLUTTER TEST FRAMEWORK ╞════════════════════════════════════════════════════
The following MapWorkspaceFailure was thrown while running async test code:
Cette carte est absente, invalide ou utilise un format non pris en charge.

When the exception was thrown, this was the stack:
#0      LocalMapWorkspaceAdapter.loadMap (package:avelune_studio/features/map_workspace/data/local_map_workspace_adapter.dart:162:7)
<asynchronous suspension>
#1      seedUi10Visuals (file:///Users/karim/Project/pokemonProject/apps/avelune_studio/test/support/ui10_fixture_visuals.dart:124:18)
<asynchronous suspension>
#2      createUi10Fixture (file:///Users/karim/Project/pokemonProject/apps/avelune_studio/test/support/ui10_cinematic_fixture.dart:18:5)
<asynchronous suspension>
#3      Ui10WorkspaceHarness.create (file:///Users/karim/Project/pokemonProject/apps/avelune_studio/test/support/ui10_workspace_harness.dart:20:21)
<asynchronous suspension>
<asynchronous suspension>
#5      main.<anonymous closure> (file:///Users/karim/Project/pokemonProject/apps/avelune_studio/test/cinematics_ui10_nested_navigation_test.dart:28:26)
<asynchronous suspension>
#6      testWidgets.<anonymous closure>.<anonymous closure> (package:flutter_test/src/widget_tester.dart:192:15)
<asynchronous suspension>
#7      TestWidgetsFlutterBinding._runTestBody (package:flutter_test/src/binding.dart:1978:5)
<asynchronous suspension>
<asynchronous suspension>
(elided 2 frames from dart:async and package:stack_trace)

The exception was caught asynchronously.
════════════════════════════════════════════════════════════════════════════════════════════════════
══╡ EXCEPTION CAUGHT BY FLUTTER TEST FRAMEWORK ╞════════════════════════════════════════════════════
The following _TypeError was thrown running a test:
Null check operator used on a null value

When the exception was thrown, this was the stack:
#0      main.<anonymous closure> (file:///Users/karim/Project/pokemonProject/apps/avelune_studio/test/cinematics_ui10_nested_navigation_test.dart:30:11)
<asynchronous suspension>
#1      testWidgets.<anonymous closure>.<anonymous closure> (package:flutter_test/src/widget_tester.dart:192:15)
<asynchronous suspension>
#2      TestWidgetsFlutterBinding._runTestBody (package:flutter_test/src/binding.dart:1978:5)
<asynchronous suspension>
<asynchronous suspension>
(elided one frame from package:stack_trace)

The test description was:
  UI10 nested stories → scene → cinematic → dialogue returns to dirty owners
════════════════════════════════════════════════════════════════════════════════════════════════════
══╡ EXCEPTION CAUGHT BY FLUTTER TEST FRAMEWORK ╞════════════════════════════════════════════════════
The following message was thrown:
Multiple exceptions (2) were detected during the running of the current test, and at least one was
unexpected.
════════════════════════════════════════════════════════════════════════════════════════════════════
05:52 +483 -14: /Users/karim/Project/pokemonProject/apps/avelune_studio/test/ui13_verification_late_evidence_test.dart: a late failure of a replaced request is not the new error
05:52 +483 -14: /Users/karim/Project/pokemonProject/apps/avelune_studio/test/cinematics_ui10_nested_navigation_test.dart: UI10 nested stories → scene → cinematic → dialogue returns to dirty owners [E]
  Test failed. See exception logs above.
  The test description was: UI10 nested stories → scene → cinematic → dialogue returns to dirty owners

05:53 +484 -14: /Users/karim/Project/pokemonProject/apps/avelune_studio/test/ui11_fixture_test.dart: UI11 isolated presentation fixture publishes real image and text
05:54 +485 -14: /Users/karim/Project/pokemonProject/apps/avelune_studio/test/ui11_fixture_test.dart: UI11 isolated presentation fixture publishes real image and text
05:54 +486 -14: /Users/karim/Project/pokemonProject/apps/avelune_studio/test/ui11_fixture_test.dart: UI11 isolated presentation fixture publishes real image and text
05:55 +487 -14: /Users/karim/Project/pokemonProject/apps/avelune_studio/test/terrain_outer_corner_test.dart: outer corner uses its own source and survives a published draft
05:55 +488 -14: /Users/karim/Project/pokemonProject/apps/avelune_studio/test/terrain_canvas_test.dart: canvas previews interpolated terrain, commits one history, erases neighbors and cancels
05:56 +489 -14: /Users/karim/Project/pokemonProject/apps/avelune_studio/test/ui12_world_responsive_test.dart: UI12 stays usable at 1536
05:58 +490 -14: /Users/karim/Project/pokemonProject/apps/avelune_studio/test/events_ui09_dialogue_fixture_test.dart: UI09 fixture opens editable canonical conversation, portrait and dirty consumer
05:58 +491 -14: /Users/karim/Project/pokemonProject/apps/avelune_studio/test/ui12_world_responsive_test.dart: UI12 stays usable at 1440
05:59 +492 -14: /Users/karim/Project/pokemonProject/apps/avelune_studio/test/events_ui08_legacy_consultation_test.dart: canonical historical projections preserve pages, scenario and registry
05:59 +493 -14: /Users/karim/Project/pokemonProject/apps/avelune_studio/test/ui12_world_responsive_test.dart: UI12 stays usable at 1280
06:00 +494 -14: /Users/karim/Project/pokemonProject/apps/avelune_studio/test/ui12_world_responsive_test.dart: UI12 stays usable at 1280
06:00 +495 -14: /Users/karim/Project/pokemonProject/apps/avelune_studio/test/ui12_world_responsive_test.dart: UI12 stays usable at 1280
06:00 +496 -14: /Users/karim/Project/pokemonProject/apps/avelune_studio/test/ui12_world_responsive_test.dart: UI12 stays usable at 1024
06:01 +497 -14: /Users/karim/Project/pokemonProject/apps/avelune_studio/test/ui11_presentation_library_test.dart: UI11 library visual ordering archives and restores the real asset
06:03 +498 -14: /Users/karim/Project/pokemonProject/apps/avelune_studio/test/ui11_presentation_library_test.dart: UI11 library visual ordering archives and restores the real asset
06:03 +499 -14: /Users/karim/Project/pokemonProject/apps/avelune_studio/test/ui11_presentation_library_test.dart: UI11 library visual ordering archives and restores the real asset
06:03 +500 -14: /Users/karim/Project/pokemonProject/apps/avelune_studio/test/ui11_presentation_library_test.dart: UI11 library visual ordering archives and restores the real asset
06:03 +501 -14: /Users/karim/Project/pokemonProject/apps/avelune_studio/test/ui11_presentation_library_test.dart: UI11 library visual ordering archives and restores the real asset
06:03 +502 -14: /Users/karim/Project/pokemonProject/apps/avelune_studio/test/ui11_presentation_library_test.dart: UI11 library visual ordering archives and restores the real asset
06:04 +503 -14: /Users/karim/Project/pokemonProject/apps/avelune_studio/test/ui11_presentation_library_test.dart: UI11 library visual ordering archives and restores the real asset
06:04 +504 -14: /Users/karim/Project/pokemonProject/apps/avelune_studio/test/ui11_presentation_library_test.dart: UI11 library visual ordering archives and restores the real asset
06:04 +505 -14: /Users/karim/Project/pokemonProject/apps/avelune_studio/test/ui11_presentation_library_test.dart: UI11 library visual ordering archives and restores the real asset
06:04 +506 -14: /Users/karim/Project/pokemonProject/apps/avelune_studio/test/ui11_presentation_library_test.dart: UI11 library visual ordering archives and restores the real asset
06:08 +507 -14: /Users/karim/Project/pokemonProject/apps/avelune_studio/test/ui12_workspace_return_test.dart: a detour through a second consumer still returns to scene A
06:11 +507 -14: /Users/karim/Project/pokemonProject/apps/avelune_studio/test/cinematics_ui10_renderer_test.dart: UI10 real map paints inside a new RepaintBoundary with unbounded recording clip
══╡ EXCEPTION CAUGHT BY FLUTTER TEST FRAMEWORK ╞════════════════════════════════════════════════════
The following MapWorkspaceFailure was thrown while running async test code:
Cette carte est absente, invalide ou utilise un format non pris en charge.

When the exception was thrown, this was the stack:
#0      LocalMapWorkspaceAdapter.loadMap (package:avelune_studio/features/map_workspace/data/local_map_workspace_adapter.dart:162:7)
<asynchronous suspension>
#1      seedUi10Visuals (file:///Users/karim/Project/pokemonProject/apps/avelune_studio/test/support/ui10_fixture_visuals.dart:124:18)
<asynchronous suspension>
#2      createUi10Fixture (file:///Users/karim/Project/pokemonProject/apps/avelune_studio/test/support/ui10_cinematic_fixture.dart:18:5)
<asynchronous suspension>
<asynchronous suspension>
#4      main.<anonymous closure> (file:///Users/karim/Project/pokemonProject/apps/avelune_studio/test/cinematics_ui10_renderer_test.dart:18:24)
<asynchronous suspension>
#5      testWidgets.<anonymous closure>.<anonymous closure> (package:flutter_test/src/widget_tester.dart:192:15)
<asynchronous suspension>
#6      TestWidgetsFlutterBinding._runTestBody (package:flutter_test/src/binding.dart:1978:5)
<asynchronous suspension>
<asynchronous suspension>
(elided 2 frames from dart:async and package:stack_trace)

The exception was caught asynchronously.
════════════════════════════════════════════════════════════════════════════════════════════════════
══╡ EXCEPTION CAUGHT BY FLUTTER TEST FRAMEWORK ╞════════════════════════════════════════════════════
The following _TypeError was thrown running a test:
Null check operator used on a null value

When the exception was thrown, this was the stack:
#0      main.<anonymous closure> (file:///Users/karim/Project/pokemonProject/apps/avelune_studio/test/cinematics_ui10_renderer_test.dart:18:73)
<asynchronous suspension>
#1      testWidgets.<anonymous closure>.<anonymous closure> (package:flutter_test/src/widget_tester.dart:192:15)
<asynchronous suspension>
#2      TestWidgetsFlutterBinding._runTestBody (package:flutter_test/src/binding.dart:1978:5)
<asynchronous suspension>
<asynchronous suspension>
(elided one frame from package:stack_trace)

The test description was:
  UI10 real map paints inside a new RepaintBoundary with unbounded recording clip
════════════════════════════════════════════════════════════════════════════════════════════════════
══╡ EXCEPTION CAUGHT BY FLUTTER TEST FRAMEWORK ╞════════════════════════════════════════════════════
The following message was thrown:
Multiple exceptions (2) were detected during the running of the current test, and at least one was
unexpected.
════════════════════════════════════════════════════════════════════════════════════════════════════
06:11 +507 -15: /Users/karim/Project/pokemonProject/apps/avelune_studio/test/ui12_workspace_return_test.dart: a detour through a second consumer still returns to scene A
06:11 +507 -15: /Users/karim/Project/pokemonProject/apps/avelune_studio/test/cinematics_ui10_renderer_test.dart: UI10 real map paints inside a new RepaintBoundary with unbounded recording clip [E]
  Test failed. See exception logs above.
  The test description was: UI10 real map paints inside a new RepaintBoundary with unbounded recording clip

06:12 +508 -15: /Users/karim/Project/pokemonProject/apps/avelune_studio/test/cinematics_ui10_renderer_test.dart: UI10 canonical actor renderer selects walk frames at absolute time and rewinds exactly
06:12 +508 -16: /Users/karim/Project/pokemonProject/apps/avelune_studio/test/cinematics_ui10_renderer_test.dart: UI10 canonical actor renderer selects walk frames at absolute time and rewinds exactly [E]
  Cette carte est absente, invalide ou utilise un format non pris en charge.
  package:avelune_studio/features/map_workspace/data/local_map_workspace_adapter.dart 162:7  LocalMapWorkspaceAdapter.loadMap

06:12 +508 -16: /Users/karim/Project/pokemonProject/apps/avelune_studio/test/story_graph_canvas_test.dart: pending outcome identity avoids another result and preserves source names
06:12 +509 -16: /Users/karim/Project/pokemonProject/apps/avelune_studio/test/story_graph_canvas_test.dart: first declared outcome connects without a fabricated effect
06:13 +510 -16: /Users/karim/Project/pokemonProject/apps/avelune_studio/test/story_graph_canvas_test.dart: first declared outcome connects without a fabricated effect
06:13 +511 -16: /Users/karim/Project/pokemonProject/apps/avelune_studio/test/story_graph_canvas_test.dart: first declared outcome connects without a fabricated effect
06:13 +512 -16: /Users/karim/Project/pokemonProject/apps/avelune_studio/test/story_graph_canvas_test.dart: first declared outcome connects without a fabricated effect
06:13 +513 -16: /Users/karim/Project/pokemonProject/apps/avelune_studio/test/story_graph_canvas_test.dart: first declared outcome connects without a fabricated effect
06:13 +514 -16: /Users/karim/Project/pokemonProject/apps/avelune_studio/test/story_graph_canvas_test.dart: first declared outcome connects without a fabricated effect
06:13 +515 -16: /Users/karim/Project/pokemonProject/apps/avelune_studio/test/story_graph_canvas_test.dart: first declared outcome connects without a fabricated effect
06:13 +516 -16: /Users/karim/Project/pokemonProject/apps/avelune_studio/test/story_graph_canvas_test.dart: first declared outcome connects without a fabricated effect
06:13 +517 -16: /Users/karim/Project/pokemonProject/apps/avelune_studio/test/story_graph_canvas_test.dart: outcome pointer uses exact second step after pan and zoom
06:13 +518 -16: /Users/karim/Project/pokemonProject/apps/avelune_studio/test/story_graph_canvas_test.dart: fact pointer chooses exact completion slot and false value
06:14 +519 -16: /Users/karim/Project/pokemonProject/apps/avelune_studio/test/story_graph_canvas_test.dart: secondary relationship keeps canonical owner outside displayed story
06:14 +520 -16: /Users/karim/Project/pokemonProject/apps/avelune_studio/test/story_graph_canvas_test.dart: pointer cancellation and empty drop have zero mutations
06:14 +521 -16: /Users/karim/Project/pokemonProject/apps/avelune_studio/test/story_graph_canvas_test.dart: group drag and view undo preserve canonical order and document
06:14 +522 -16: /Users/karim/Project/pokemonProject/apps/avelune_studio/test/story_graph_canvas_test.dart: group drag and view undo preserve canonical order and document
06:14 +523 -16: /Users/karim/Project/pokemonProject/apps/avelune_studio/test/story_graph_canvas_test.dart: group drag and view undo preserve canonical order and document
06:14 +524 -16: /Users/karim/Project/pokemonProject/apps/avelune_studio/test/story_graph_canvas_test.dart: group drag and view undo preserve canonical order and document
06:14 +525 -16: /Users/karim/Project/pokemonProject/apps/avelune_studio/test/story_graph_canvas_test.dart: group drag and view undo preserve canonical order and document
06:14 +526 -16: /Users/karim/Project/pokemonProject/apps/avelune_studio/test/story_graph_canvas_test.dart: group drag and view undo preserve canonical order and document
06:14 +527 -16: /Users/karim/Project/pokemonProject/apps/avelune_studio/test/story_graph_canvas_test.dart: group drag and view undo preserve canonical order and document
06:14 +528 -16: /Users/karim/Project/pokemonProject/apps/avelune_studio/test/story_graph_canvas_test.dart: group drag and view undo preserve canonical order and document
06:14 +529 -16: /Users/karim/Project/pokemonProject/apps/avelune_studio/test/story_graph_canvas_test.dart: group drag and view undo preserve canonical order and document
06:14 +530 -16: /Users/karim/Project/pokemonProject/apps/avelune_studio/test/story_graph_canvas_test.dart: group drag and view undo preserve canonical order and document
06:14 +531 -16: /Users/karim/Project/pokemonProject/apps/avelune_studio/test/story_graph_canvas_test.dart: group drag and view undo preserve canonical order and document
06:14 +532 -16: /Users/karim/Project/pokemonProject/apps/avelune_studio/test/story_graph_canvas_test.dart: group drag and view undo preserve canonical order and document
06:14 +533 -16: /Users/karim/Project/pokemonProject/apps/avelune_studio/test/story_graph_canvas_test.dart: group drag and view undo preserve canonical order and document
06:14 +534 -16: /Users/karim/Project/pokemonProject/apps/avelune_studio/test/story_graph_canvas_test.dart: group drag and view undo preserve canonical order and document
06:14 +535 -16: /Users/karim/Project/pokemonProject/apps/avelune_studio/test/story_graph_canvas_test.dart: group drag and view undo preserve canonical order and document
06:14 +536 -16: /Users/karim/Project/pokemonProject/apps/avelune_studio/test/story_graph_canvas_test.dart: trackpad over chapter and text shortcuts never mutate story
06:14 +537 -16: /Users/karim/Project/pokemonProject/apps/avelune_studio/test/story_graph_canvas_test.dart: curve hit testing resolves semantic edge away from its label
06:15 +538 -16: /Users/karim/Project/pokemonProject/apps/avelune_studio/test/application/m1_controller_test.dart: warm map activation keeps edits and loads project and maps only once
06:16 +539 -16: /Users/karim/Project/pokemonProject/apps/avelune_studio/test/application/m1_controller_test.dart: late activation cannot replace the latest choice
06:16 +540 -16: /Users/karim/Project/pokemonProject/apps/avelune_studio/test/application/m1_controller_test.dart: simultaneous requests for one map share the same load
06:16 +541 -16: /Users/karim/Project/pokemonProject/apps/avelune_studio/test/application/m1_controller_test.dart: obsolete load failure does not replace current success
06:16 +542 -16: /Users/karim/Project/pokemonProject/apps/avelune_studio/test/application/m1_controller_test.dart: disposed project initialization cannot trigger a map load
06:16 +543 -16: /Users/karim/Project/pokemonProject/apps/avelune_studio/test/application/m1_controller_test.dart: disposed map completion cannot publish or retain a document
06:16 +544 -16: /Users/karim/Project/pokemonProject/apps/avelune_studio/test/application/m1_controller_test.dart: save uses its snapshot and retains edits made during the write
06:16 +545 -16: /Users/karim/Project/pokemonProject/apps/avelune_studio/test/application/m1_controller_test.dart: conflict keeps current, base revision and dirty for retry
06:16 +546 -16: /Users/karim/Project/pokemonProject/apps/avelune_studio/test/application/m1_controller_test.dart: writeFailed keeps current, base revision and dirty for retry
06:16 +547 -16: /Users/karim/Project/pokemonProject/apps/avelune_studio/test/application/m1_controller_test.dart: saveAll refuses closing if a document changed during save
06:16 +548 -16: /Users/karim/Project/pokemonProject/apps/avelune_studio/test/application/m1_controller_test.dart: saveAll stops on failure and leaves every later document dirty
06:16 +549 -16: /Users/karim/Project/pokemonProject/apps/avelune_studio/test/application/m1_controller_test.dart: disposed save completion cannot accept a new baseline
06:16 +550 -16: /Users/karim/Project/pokemonProject/apps/avelune_studio/test/application/m1_controller_test.dart: a disposed empty controller cannot authorize saveAll close
06:16 +551 -16: /Users/karim/Project/pokemonProject/apps/avelune_studio/test/application/m1_controller_test.dart: failed navigation preserves the previous dirty document
06:16 +552 -16: /Users/karim/Project/pokemonProject/apps/avelune_studio/test/application/m1_controller_test.dart: saveAll succeeds only after all dirty documents finish sequentially
06:16 +553 -16: /Users/karim/Project/pokemonProject/apps/avelune_studio/test/application/decor_draft_test.dart: decor conversion permits matching non-square grid and precisely rejects unsupported geometry
06:16 +554 -16: /Users/karim/Project/pokemonProject/apps/avelune_studio/test/application/decor_draft_test.dart: variant creates independent identity and preserves animation, categories and advanced collision data
06:16 +555 -16: /Users/karim/Project/pokemonProject/apps/avelune_studio/test/application/decor_draft_test.dart: new rectangle decor blocks selected cells and rejects blank name
06:17 +556 -16: /Users/karim/Project/pokemonProject/apps/avelune_studio/test/application/project_session_races_test.dart: late A is released without replacing or closing ready B
06:17 +557 -16: /Users/karim/Project/pokemonProject/apps/avelune_studio/test/application/project_session_races_test.dart: late A failure leaves ready B unchanged
06:17 +558 -16: /Users/karim/Project/pokemonProject/apps/avelune_studio/test/application/project_session_races_test.dart: close during a read releases its late success and stays idle
06:17 +559 -16: /Users/karim/Project/pokemonProject/apps/avelune_studio/test/application/project_session_races_test.dart: close during a read ignores its late failure
06:17 +560 -16: /Users/karim/Project/pokemonProject/apps/avelune_studio/test/application/project_session_races_test.dart: dispose rejects late success without notifying detached views
06:17 +561 -16: /Users/karim/Project/pokemonProject/apps/avelune_studio/test/application/project_session_races_test.dart: opening B retains A and a failed replacement leaves A available
06:17 +562 -16: /Users/karim/Project/pokemonProject/apps/avelune_studio/test/application/project_session_races_test.dart: close while replacing releases previous and late candidate once each
06:17 +563 -16: /Users/karim/Project/pokemonProject/apps/avelune_studio/test/application/project_session_races_test.dart: successful replacement publishes B before releasing A
06:17 +564 -16: /Users/karim/Project/pokemonProject/apps/avelune_studio/test/application/project_session_races_test.dart: cancel keeps A ready and closes late B
06:17 +565 -16: /Users/karim/Project/pokemonProject/apps/avelune_studio/test/application/project_session_races_test.dart: cancel without previous project stays idle after late failure
06:17 +566 -16: /Users/karim/Project/pokemonProject/apps/avelune_studio/test/application/project_session_races_test.dart: dispose while replacing releases previous and late candidate
06:17 +567 -16: /Users/karim/Project/pokemonProject/apps/avelune_studio/test/application/project_session_races_test.dart: latest replacement failure retains A despite older success
06:17 +568 -16: /Users/karim/Project/pokemonProject/apps/avelune_studio/test/terrain_runtime_test.dart: new imported and published terrain renders its pixels in real runtime and walks
[runtime_loader] bundle load start projectFilePath=/private/var/folders/b5/7gsfwzyd449_54n8l40h40gc0000gn/T/studio_terrain_runtime_xLlntt/project.json mapId=jardin
[runtime_loader] project manifest lookup path=/private/var/folders/b5/7gsfwzyd449_54n8l40h40gc0000gn/T/studio_terrain_runtime_xLlntt/project.json
[runtime_loader] project manifest read ok bytes=43142
[runtime_loader] project manifest validated maps=2 tilesets=2 scenarios=0
[runtime_loader] bundle map resolved mapId=jardin relativePath=maps/jardin.json mapPath=/private/var/folders/b5/7gsfwzyd449_54n8l40h40gc0000gn/T/studio_terrain_runtime_xLlntt/maps/jardin.json
[runtime_loader] map file lookup path=/private/var/folders/b5/7gsfwzyd449_54n8l40h40gc0000gn/T/studio_terrain_runtime_xLlntt/maps/jardin.json
[runtime_loader] map file read ok bytes=22871
[runtime_loader] map validated id=jardin size=24x16 layers=4 entities=1 placedElements=3 warps=0 triggers=0
[runtime_loader] bundle tilesets collected ids=atelier,source_1790779830735706_2645417474
[runtime_loader] bundle tileset path id=atelier path=/private/var/folders/b5/7gsfwzyd449_54n8l40h40gc0000gn/T/studio_terrain_runtime_xLlntt/assets/atelier.png
[runtime_loader] bundle tileset path id=source_1790779830735706_2645417474 path=/private/var/folders/b5/7gsfwzyd449_54n8l40h40gc0000gn/T/studio_terrain_runtime_xLlntt/assets/.pokemap-store/9417e071d7b249ab91d1e45db390e4a3b5b332ee420f1ae0f5acd110df673697.blob
[runtime_loader] bundle load ok mapId=jardin projectRoot=/private/var/folders/b5/7gsfwzyd449_54n8l40h40gc0000gn/T/studio_terrain_runtime_xLlntt tilesets=2
[runtime_game] tileset image load start map=jardin
[runtime_game] tileset cache resolve requested=2
[runtime_game] tileset cache resolve ok result=2
[runtime_game] onLoad start map=jardin projectFilePath=/private/var/folders/b5/7gsfwzyd449_54n8l40h40gc0000gn/T/studio_terrain_runtime_xLlntt/project.json tilesets=2
[runtime_game] world build start map=jardin
[runtime] Map loaded: jardin, spawn at (8, 9)
[runtime_game] tileset image load ok count=2 map=jardin
[runtime_game] mount root map start map=jardin
[runtime_game] mount root map ok map=jardin
[runtime_game] onLoad completed activeMapId=jardin
[event_v2] mapEnter activation=mapact_1790779832624232_1 map=jardin reason=initialBoot result=MapEnterProductionDispatchLegacyFallback
06:19 +569 -16: /Users/karim/Project/pokemonProject/apps/avelune_studio/test/cinematics_ui10_runtime_test.dart: UI10 real Flame cinematic animates before Scene continuation and restores authoring bytes
══╡ EXCEPTION CAUGHT BY FLUTTER TEST FRAMEWORK ╞════════════════════════════════════════════════════
The following MapWorkspaceFailure was thrown while running async test code:
Cette carte est absente, invalide ou utilise un format non pris en charge.

When the exception was thrown, this was the stack:
#0      LocalMapWorkspaceAdapter.loadMap (package:avelune_studio/features/map_workspace/data/local_map_workspace_adapter.dart:162:7)
<asynchronous suspension>
#1      seedUi10Visuals (file:///Users/karim/Project/pokemonProject/apps/avelune_studio/test/support/ui10_fixture_visuals.dart:124:18)
<asynchronous suspension>
#2      createUi10Fixture (file:///Users/karim/Project/pokemonProject/apps/avelune_studio/test/support/ui10_cinematic_fixture.dart:18:5)
<asynchronous suspension>
<asynchronous suspension>
#4      main.<anonymous closure> (file:///Users/karim/Project/pokemonProject/apps/avelune_studio/test/cinematics_ui10_runtime_test.dart:21:24)
<asynchronous suspension>
#5      testWidgets.<anonymous closure>.<anonymous closure> (package:flutter_test/src/widget_tester.dart:192:15)
<asynchronous suspension>
#6      TestWidgetsFlutterBinding._runTestBody (package:flutter_test/src/binding.dart:1978:5)
<asynchronous suspension>
<asynchronous suspension>
(elided 2 frames from dart:async and package:stack_trace)

The exception was caught asynchronously.
════════════════════════════════════════════════════════════════════════════════════════════════════
══╡ EXCEPTION CAUGHT BY FLUTTER TEST FRAMEWORK ╞════════════════════════════════════════════════════
The following _TypeError was thrown running a test:
Null check operator used on a null value

When the exception was thrown, this was the stack:
#0      main.<anonymous closure> (file:///Users/karim/Project/pokemonProject/apps/avelune_studio/test/cinematics_ui10_runtime_test.dart:23:9)
<asynchronous suspension>
#1      testWidgets.<anonymous closure>.<anonymous closure> (package:flutter_test/src/widget_tester.dart:192:15)
<asynchronous suspension>
#2      TestWidgetsFlutterBinding._runTestBody (package:flutter_test/src/binding.dart:1978:5)
<asynchronous suspension>
<asynchronous suspension>
(elided one frame from package:stack_trace)

The test description was:
  UI10 real Flame cinematic animates before Scene continuation and restores authoring bytes
════════════════════════════════════════════════════════════════════════════════════════════════════
══╡ EXCEPTION CAUGHT BY FLUTTER TEST FRAMEWORK ╞════════════════════════════════════════════════════
The following message was thrown:
Multiple exceptions (2) were detected during the running of the current test, and at least one was
unexpected.
════════════════════════════════════════════════════════════════════════════════════════════════════
06:20 +569 -17: /Users/karim/Project/pokemonProject/apps/avelune_studio/test/cinematics_ui10_runtime_test.dart: UI10 real Flame cinematic animates before Scene continuation and restores authoring bytes [E]
  Test failed. See exception logs above.
  The test description was: UI10 real Flame cinematic animates before Scene continuation and restores authoring bytes

06:20 +569 -17: /Users/karim/Project/pokemonProject/apps/avelune_studio/test/cinematics_ui10_runtime_test.dart: UI10 leaving real runtime cancels cinematic without continuation or event consumption
══╡ EXCEPTION CAUGHT BY FLUTTER TEST FRAMEWORK ╞════════════════════════════════════════════════════
The following MapWorkspaceFailure was thrown while running async test code:
Cette carte est absente, invalide ou utilise un format non pris en charge.

When the exception was thrown, this was the stack:
#0      LocalMapWorkspaceAdapter.loadMap (package:avelune_studio/features/map_workspace/data/local_map_workspace_adapter.dart:162:7)
<asynchronous suspension>
#1      seedUi10Visuals (file:///Users/karim/Project/pokemonProject/apps/avelune_studio/test/support/ui10_fixture_visuals.dart:124:18)
<asynchronous suspension>
#2      createUi10Fixture (file:///Users/karim/Project/pokemonProject/apps/avelune_studio/test/support/ui10_cinematic_fixture.dart:18:5)
<asynchronous suspension>
<asynchronous suspension>
#4      main.<anonymous closure> (file:///Users/karim/Project/pokemonProject/apps/avelune_studio/test/cinematics_ui10_runtime_test.dart:120:24)
<asynchronous suspension>
#5      testWidgets.<anonymous closure>.<anonymous closure> (package:flutter_test/src/widget_tester.dart:192:15)
<asynchronous suspension>
#6      TestWidgetsFlutterBinding._runTestBody (package:flutter_test/src/binding.dart:1978:5)
<asynchronous suspension>
<asynchronous suspension>
(elided 2 frames from dart:async and package:stack_trace)

The exception was caught asynchronously.
════════════════════════════════════════════════════════════════════════════════════════════════════
══╡ EXCEPTION CAUGHT BY FLUTTER TEST FRAMEWORK ╞════════════════════════════════════════════════════
The following _TypeError was thrown running a test:
Null check operator used on a null value

When the exception was thrown, this was the stack:
#0      main.<anonymous closure> (file:///Users/karim/Project/pokemonProject/apps/avelune_studio/test/cinematics_ui10_runtime_test.dart:122:9)
<asynchronous suspension>
#1      testWidgets.<anonymous closure>.<anonymous closure> (package:flutter_test/src/widget_tester.dart:192:15)
<asynchronous suspension>
#2      TestWidgetsFlutterBinding._runTestBody (package:flutter_test/src/binding.dart:1978:5)
<asynchronous suspension>
<asynchronous suspension>
(elided one frame from package:stack_trace)

The test description was:
  UI10 leaving real runtime cancels cinematic without continuation or event consumption
════════════════════════════════════════════════════════════════════════════════════════════════════
══╡ EXCEPTION CAUGHT BY FLUTTER TEST FRAMEWORK ╞════════════════════════════════════════════════════
The following message was thrown:
Multiple exceptions (2) were detected during the running of the current test, and at least one was
unexpected.
════════════════════════════════════════════════════════════════════════════════════════════════════
06:21 +569 -18: /Users/karim/Project/pokemonProject/apps/avelune_studio/test/ui13_verification_scale_test.dart: UI13 stays usable at 1536
06:21 +569 -18: /Users/karim/Project/pokemonProject/apps/avelune_studio/test/cinematics_ui10_runtime_test.dart: UI10 leaving real runtime cancels cinematic without continuation or event consumption [E]
  Test failed. See exception logs above.
  The test description was: UI10 leaving real runtime cancels cinematic without continuation or event consumption

06:22 +570 -18: /Users/karim/Project/pokemonProject/apps/avelune_studio/test/dialogues_ui09_safety_test.dart: CmdS and CtrlS publish text while inspector keeps keyboard focus
06:23 +571 -18: /Users/karim/Project/pokemonProject/apps/avelune_studio/test/dialogues_ui09_safety_test.dart: CmdS and CtrlS publish text while inspector keeps keyboard focus
06:24 +572 -18: /Users/karim/Project/pokemonProject/apps/avelune_studio/test/dialogues_ui09_safety_test.dart: CmdS and CtrlS publish text while inspector keeps keyboard focus
06:25 +573 -18: /Users/karim/Project/pokemonProject/apps/avelune_studio/test/dialogues_ui09_safety_test.dart: CmdS and CtrlS publish text while inspector keeps keyboard focus
06:26 +574 -18: /Users/karim/Project/pokemonProject/apps/avelune_studio/test/dialogues_ui09_safety_test.dart: CmdS and CtrlS publish text while inspector keeps keyboard focus
06:27 +575 -18: /Users/karim/Project/pokemonProject/apps/avelune_studio/test/cinematics_ui10_preview_runtime_parity_test.dart: preview matches real Flame actors camera shake fade at 16x16 reset=false
06:29 +576 -18: /Users/karim/Project/pokemonProject/apps/avelune_studio/test/cinematics_ui10_preview_runtime_parity_test.dart: preview matches real Flame actors camera shake fade at 16x16 reset=false
══╡ EXCEPTION CAUGHT BY FLUTTER TEST FRAMEWORK ╞════════════════════════════════════════════════════
The following MapWorkspaceFailure was thrown while running async test code:
Cette carte est absente, invalide ou utilise un format non pris en charge.

When the exception was thrown, this was the stack:
#0      LocalMapWorkspaceAdapter.loadMap (package:avelune_studio/features/map_workspace/data/local_map_workspace_adapter.dart:162:7)
<asynchronous suspension>
#1      seedUi10Visuals (file:///Users/karim/Project/pokemonProject/apps/avelune_studio/test/support/ui10_fixture_visuals.dart:124:18)
<asynchronous suspension>
#2      createUi10Fixture (file:///Users/karim/Project/pokemonProject/apps/avelune_studio/test/support/ui10_cinematic_fixture.dart:18:5)
<asynchronous suspension>
#3      createUi10ParityFixture (file:///Users/karim/Project/pokemonProject/apps/avelune_studio/test/support/ui10_parity_fixture.dart:38:19)
<asynchronous suspension>
<asynchronous suspension>
#5      main.<anonymous closure> (file:///Users/karim/Project/pokemonProject/apps/avelune_studio/test/cinematics_ui10_preview_runtime_parity_test.dart:22:26)
<asynchronous suspension>
#6      testWidgets.<anonymous closure>.<anonymous closure> (package:flutter_test/src/widget_tester.dart:192:15)
<asynchronous suspension>
#7      TestWidgetsFlutterBinding._runTestBody (package:flutter_test/src/binding.dart:1978:5)
<asynchronous suspension>
<asynchronous suspension>
(elided 2 frames from dart:async and package:stack_trace)

The exception was caught asynchronously.
════════════════════════════════════════════════════════════════════════════════════════════════════
══╡ EXCEPTION CAUGHT BY FLUTTER TEST FRAMEWORK ╞════════════════════════════════════════════════════
The following _TypeError was thrown running a test:
Null check operator used on a null value

When the exception was thrown, this was the stack:
#0      main.<anonymous closure> (file:///Users/karim/Project/pokemonProject/apps/avelune_studio/test/cinematics_ui10_preview_runtime_parity_test.dart:28:11)
<asynchronous suspension>
#1      testWidgets.<anonymous closure>.<anonymous closure> (package:flutter_test/src/widget_tester.dart:192:15)
<asynchronous suspension>
#2      TestWidgetsFlutterBinding._runTestBody (package:flutter_test/src/binding.dart:1978:5)
<asynchronous suspension>
<asynchronous suspension>
(elided one frame from package:stack_trace)

The test description was:
  preview matches real Flame actors camera shake fade at 16x16 reset=false
════════════════════════════════════════════════════════════════════════════════════════════════════
══╡ EXCEPTION CAUGHT BY FLUTTER TEST FRAMEWORK ╞════════════════════════════════════════════════════
The following message was thrown:
Multiple exceptions (2) were detected during the running of the current test, and at least one was
unexpected.
════════════════════════════════════════════════════════════════════════════════════════════════════
06:29 +576 -19: /Users/karim/Project/pokemonProject/apps/avelune_studio/test/dialogues_ui09_safety_test.dart: undo commits pending focused edit then restores exactly once
06:29 +576 -19: /Users/karim/Project/pokemonProject/apps/avelune_studio/test/cinematics_ui10_preview_runtime_parity_test.dart: preview matches real Flame actors camera shake fade at 16x16 reset=false [E]
  Test failed. See exception logs above.
  The test description was: preview matches real Flame actors camera shake fade at 16x16 reset=false

06:30 +576 -19: /Users/karim/Project/pokemonProject/apps/avelune_studio/test/cinematics_ui10_preview_runtime_parity_test.dart: preview matches real Flame actors camera shake fade at 32x24 reset=false
══╡ EXCEPTION CAUGHT BY FLUTTER TEST FRAMEWORK ╞════════════════════════════════════════════════════
The following MapWorkspaceFailure was thrown while running async test code:
Cette carte est absente, invalide ou utilise un format non pris en charge.

When the exception was thrown, this was the stack:
#0      LocalMapWorkspaceAdapter.loadMap (package:avelune_studio/features/map_workspace/data/local_map_workspace_adapter.dart:162:7)
<asynchronous suspension>
#1      seedUi10Visuals (file:///Users/karim/Project/pokemonProject/apps/avelune_studio/test/support/ui10_fixture_visuals.dart:124:18)
<asynchronous suspension>
#2      createUi10Fixture (file:///Users/karim/Project/pokemonProject/apps/avelune_studio/test/support/ui10_cinematic_fixture.dart:18:5)
<asynchronous suspension>
#3      createUi10ParityFixture (file:///Users/karim/Project/pokemonProject/apps/avelune_studio/test/support/ui10_parity_fixture.dart:38:19)
<asynchronous suspension>
<asynchronous suspension>
#5      main.<anonymous closure> (file:///Users/karim/Project/pokemonProject/apps/avelune_studio/test/cinematics_ui10_preview_runtime_parity_test.dart:22:26)
<asynchronous suspension>
#6      testWidgets.<anonymous closure>.<anonymous closure> (package:flutter_test/src/widget_tester.dart:192:15)
<asynchronous suspension>
#7      TestWidgetsFlutterBinding._runTestBody (package:flutter_test/src/binding.dart:1978:5)
<asynchronous suspension>
<asynchronous suspension>
(elided 2 frames from dart:async and package:stack_trace)

The exception was caught asynchronously.
════════════════════════════════════════════════════════════════════════════════════════════════════
══╡ EXCEPTION CAUGHT BY FLUTTER TEST FRAMEWORK ╞════════════════════════════════════════════════════
The following _TypeError was thrown running a test:
Null check operator used on a null value

When the exception was thrown, this was the stack:
#0      main.<anonymous closure> (file:///Users/karim/Project/pokemonProject/apps/avelune_studio/test/cinematics_ui10_preview_runtime_parity_test.dart:28:11)
<asynchronous suspension>
#1      testWidgets.<anonymous closure>.<anonymous closure> (package:flutter_test/src/widget_tester.dart:192:15)
<asynchronous suspension>
#2      TestWidgetsFlutterBinding._runTestBody (package:flutter_test/src/binding.dart:1978:5)
<asynchronous suspension>
<asynchronous suspension>
(elided one frame from package:stack_trace)

The test description was:
  preview matches real Flame actors camera shake fade at 32x24 reset=false
════════════════════════════════════════════════════════════════════════════════════════════════════
══╡ EXCEPTION CAUGHT BY FLUTTER TEST FRAMEWORK ╞════════════════════════════════════════════════════
The following message was thrown:
Multiple exceptions (2) were detected during the running of the current test, and at least one was
unexpected.
════════════════════════════════════════════════════════════════════════════════════════════════════
06:30 +576 -20: /Users/karim/Project/pokemonProject/apps/avelune_studio/test/dialogues_ui09_safety_test.dart: undo commits pending focused edit then restores exactly once
06:30 +576 -20: /Users/karim/Project/pokemonProject/apps/avelune_studio/test/cinematics_ui10_preview_runtime_parity_test.dart: preview matches real Flame actors camera shake fade at 32x24 reset=false [E]
  Test failed. See exception logs above.
  The test description was: preview matches real Flame actors camera shake fade at 32x24 reset=false

06:31 +577 -20: /Users/karim/Project/pokemonProject/apps/avelune_studio/test/cinematics_ui10_preview_runtime_parity_test.dart: preview matches real Flame actors camera shake fade at 32x32 reset=true
══╡ EXCEPTION CAUGHT BY FLUTTER TEST FRAMEWORK ╞════════════════════════════════════════════════════
The following MapWorkspaceFailure was thrown while running async test code:
Cette carte est absente, invalide ou utilise un format non pris en charge.

When the exception was thrown, this was the stack:
#0      LocalMapWorkspaceAdapter.loadMap (package:avelune_studio/features/map_workspace/data/local_map_workspace_adapter.dart:162:7)
<asynchronous suspension>
#1      seedUi10Visuals (file:///Users/karim/Project/pokemonProject/apps/avelune_studio/test/support/ui10_fixture_visuals.dart:124:18)
<asynchronous suspension>
#2      createUi10Fixture (file:///Users/karim/Project/pokemonProject/apps/avelune_studio/test/support/ui10_cinematic_fixture.dart:18:5)
<asynchronous suspension>
#3      createUi10ParityFixture (file:///Users/karim/Project/pokemonProject/apps/avelune_studio/test/support/ui10_parity_fixture.dart:38:19)
<asynchronous suspension>
<asynchronous suspension>
#5      main.<anonymous closure> (file:///Users/karim/Project/pokemonProject/apps/avelune_studio/test/cinematics_ui10_preview_runtime_parity_test.dart:22:26)
<asynchronous suspension>
#6      testWidgets.<anonymous closure>.<anonymous closure> (package:flutter_test/src/widget_tester.dart:192:15)
<asynchronous suspension>
#7      TestWidgetsFlutterBinding._runTestBody (package:flutter_test/src/binding.dart:1978:5)
<asynchronous suspension>
<asynchronous suspension>
(elided 2 frames from dart:async and package:stack_trace)

The exception was caught asynchronously.
════════════════════════════════════════════════════════════════════════════════════════════════════
══╡ EXCEPTION CAUGHT BY FLUTTER TEST FRAMEWORK ╞════════════════════════════════════════════════════
The following _TypeError was thrown running a test:
Null check operator used on a null value

When the exception was thrown, this was the stack:
#0      main.<anonymous closure> (file:///Users/karim/Project/pokemonProject/apps/avelune_studio/test/cinematics_ui10_preview_runtime_parity_test.dart:28:11)
<asynchronous suspension>
#1      testWidgets.<anonymous closure>.<anonymous closure> (package:flutter_test/src/widget_tester.dart:192:15)
<asynchronous suspension>
#2      TestWidgetsFlutterBinding._runTestBody (package:flutter_test/src/binding.dart:1978:5)
<asynchronous suspension>
<asynchronous suspension>
(elided one frame from package:stack_trace)

The test description was:
  preview matches real Flame actors camera shake fade at 32x32 reset=true
════════════════════════════════════════════════════════════════════════════════════════════════════
══╡ EXCEPTION CAUGHT BY FLUTTER TEST FRAMEWORK ╞════════════════════════════════════════════════════
The following message was thrown:
Multiple exceptions (2) were detected during the running of the current test, and at least one was
unexpected.
════════════════════════════════════════════════════════════════════════════════════════════════════
06:32 +577 -21: /Users/karim/Project/pokemonProject/apps/avelune_studio/test/dialogues_ui09_safety_test.dart: wire replacement confirms and semantic edit cancels pending wire
06:32 +577 -21: /Users/karim/Project/pokemonProject/apps/avelune_studio/test/cinematics_ui10_preview_runtime_parity_test.dart: preview matches real Flame actors camera shake fade at 32x32 reset=true [E]
  Test failed. See exception logs above.
  The test description was: preview matches real Flame actors camera shake fade at 32x32 reset=true

06:33 +578 -21: /Users/karim/Project/pokemonProject/apps/avelune_studio/test/dialogues_ui09_safety_test.dart: wire replacement confirms and semantic edit cancels pending wire
06:33 +579 -21: /Users/karim/Project/pokemonProject/apps/avelune_studio/test/dialogues_ui09_safety_test.dart: wire replacement confirms and semantic edit cancels pending wire
06:33 +580 -21: /Users/karim/Project/pokemonProject/apps/avelune_studio/test/dialogues_ui09_safety_test.dart: wire replacement confirms and semantic edit cancels pending wire
06:33 +581 -21: /Users/karim/Project/pokemonProject/apps/avelune_studio/test/dialogues_ui09_safety_test.dart: wire replacement confirms and semantic edit cancels pending wire
06:33 +582 -21: /Users/karim/Project/pokemonProject/apps/avelune_studio/test/dialogues_ui09_safety_test.dart: wire replacement confirms and semantic edit cancels pending wire
06:33 +583 -21: /Users/karim/Project/pokemonProject/apps/avelune_studio/test/dialogues_ui09_safety_test.dart: wire replacement confirms and semantic edit cancels pending wire
06:33 +584 -21: /Users/karim/Project/pokemonProject/apps/avelune_studio/test/dialogues_ui09_safety_test.dart: wire replacement confirms and semantic edit cancels pending wire
06:33 +585 -21: /Users/karim/Project/pokemonProject/apps/avelune_studio/test/dialogues_ui09_safety_test.dart: wire replacement confirms and semantic edit cancels pending wire
06:34 +586 -21: /Users/karim/Project/pokemonProject/apps/avelune_studio/test/events/event_rename_ui09_test.dart: UI09 metadata rename preserves activation=true through history and publication
06:35 +587 -21: /Users/karim/Project/pokemonProject/apps/avelune_studio/test/events/event_rename_ui09_test.dart: UI09 metadata rename preserves activation=false through history and publication
06:35 +588 -21: /Users/karim/Project/pokemonProject/apps/avelune_studio/test/events/event_catalog_ui08_test.dart: library performs no map scan, explicit preparation caches unchanged catalogue
06:35 +589 -21: /Users/karim/Project/pokemonProject/apps/avelune_studio/test/events/event_catalog_ui08_test.dart: library performs no map scan, explicit preparation caches unchanged catalogue
06:36 +590 -21: /Users/karim/Project/pokemonProject/apps/avelune_studio/test/events/event_catalog_ui08_test.dart: event consumed dependency blocks deleting its target
06:36 +591 -21: /Users/karim/Project/pokemonProject/apps/avelune_studio/test/events/event_sources_ui08_test.dart: four canonical sources publish exact identity and leave existing maps and scenes alone
06:38 +592 -21: /Users/karim/Project/pokemonProject/apps/avelune_studio/test/events/event_sources_ui08_test.dart: four canonical sources publish exact identity and leave existing maps and scenes alone
06:38 +593 -21: /Users/karim/Project/pokemonProject/apps/avelune_studio/test/events/event_sources_ui08_test.dart: four canonical sources publish exact identity and leave existing maps and scenes alone
06:38 +594 -21: /Users/karim/Project/pokemonProject/apps/avelune_studio/test/events/event_recovery_ui08_test.dart: clean reconciliation invalidates obsolete undo; dirty external change stays editable
06:38 +595 -21: /Users/karim/Project/pokemonProject/apps/avelune_studio/test/events/event_recovery_ui08_test.dart: clean reconciliation invalidates obsolete undo; dirty external change stays editable
06:38 +596 -21: /Users/karim/Project/pokemonProject/apps/avelune_studio/test/events/event_sources_ui08_test.dart: unavailable outcome does not replace source and full key is retained
06:39 +597 -21: /Users/karim/Project/pokemonProject/apps/avelune_studio/test/events/event_flush_ui08_test.dart: registry mode flushes pending text and refuses dirty record without writing
06:40 +598 -21: /Users/karim/Project/pokemonProject/apps/avelune_studio/test/events/event_publication_ui08_test.dart: external event-only edit conflicts without losing scene or draft; reload is targeted
06:40 +599 -21: /Users/karim/Project/pokemonProject/apps/avelune_studio/test/events/event_flush_ui08_test.dart: saveAll awaits focused edit before capturing publication snapshot
06:40 +600 -21: /Users/karim/Project/pokemonProject/apps/avelune_studio/test/events/event_publication_ui08_test.dart: edit during write retains newer draft and second save publishes it
06:40 +601 -21: /Users/karim/Project/pokemonProject/apps/avelune_studio/test/events/event_publication_ui08_test.dart: edit during write retains newer draft and second save publishes it
06:40 +602 -21: /Users/karim/Project/pokemonProject/apps/avelune_studio/test/events/event_publication_ui08_test.dart: edit during write retains newer draft and second save publishes it
06:40 +603 -21: /Users/karim/Project/pokemonProject/apps/avelune_studio/test/events/event_publication_ui08_test.dart: close during write never installs an obsolete receipt
06:41 +604 -21: /Users/karim/Project/pokemonProject/apps/avelune_studio/test/events/event_publication_ui08_test.dart: unrelated fact publication survives targeted event save
06:41 +605 -21: /Users/karim/Project/pokemonProject/apps/avelune_studio/test/events/event_workspace_ui08_test.dart: draft creation save reopens without inventing scene or changing registry mode
06:41 +606 -21: /Users/karim/Project/pokemonProject/apps/avelune_studio/test/events/event_workspace_ui08_test.dart: draft creation save reopens without inventing scene or changing registry mode
06:42 +607 -21: /Users/karim/Project/pokemonProject/apps/avelune_studio/test/events/event_workspace_ui08_test.dart: renaming activated record preserves activation and history restores name
06:42 +608 -21: /Users/karim/Project/pokemonProject/apps/avelune_studio/test/events/event_workspace_ui08_test.dart: duplicate is distinct draft and deletion uses canonical confirmation
06:43 +609 -21: /Users/karim/Project/pokemonProject/apps/avelune_studio/test/characters/dialogue_portrait_choice_test.dart: portrait names select canonical state without rewriting the line or speaker
06:43 +610 -21: /Users/karim/Project/pokemonProject/apps/avelune_studio/test/characters/dialogue_portrait_choice_test.dart: portrait names select canonical state without rewriting the line or speaker
06:43 +611 -21: /Users/karim/Project/pokemonProject/apps/avelune_studio/test/events/event_workspace_ui08_test.dart: canonical simulation handles disabled configured and consumed states without writes
06:44 +612 -21: /Users/karim/Project/pokemonProject/apps/avelune_studio/test/characters/character_editing_test.dart: place, move, duplicate, properties, deletion and undo use map history
06:44 +613 -21: /Users/karim/Project/pokemonProject/apps/avelune_studio/test/characters/character_editing_test.dart: changing one instance property preserves all advanced payloads
06:44 +614 -21: /Users/karim/Project/pokemonProject/apps/avelune_studio/test/characters/character_editing_test.dart: out of bounds does not add a history entry
06:44 +615 -21: /Users/karim/Project/pokemonProject/apps/avelune_studio/test/characters/character_editing_test.dart: assigning a real trainer is undoable and rejects stale IDs
06:44 +616 -21: /Users/karim/Project/pokemonProject/apps/avelune_studio/test/characters/character_editing_test.dart: story source references block deletion with the canonical index
06:44 +617 -21: /Users/karim/Project/pokemonProject/apps/avelune_studio/test/characters/character_render_io_test.dart: dedicated Character Studio asset uses canonical pixel source and shared image budget
06:44 +618 -21: /Users/karim/Project/pokemonProject/apps/avelune_studio/test/characters/character_render_io_test.dart: existing sprite pixels render on map and instance survives canonical save/reopen
06:45 +619 -21: /Users/karim/Project/pokemonProject/apps/avelune_studio/test/characters/character_studio_draft_test.dart: la planche classique affecte exactement trois poses aux quatre directions
06:45 +620 -21: /Users/karim/Project/pokemonProject/apps/avelune_studio/test/characters/character_studio_draft_test.dart: une pose isolée reste brouillon et ne publie pas de trou implicite
06:45 +621 -21: /Users/karim/Project/pokemonProject/apps/avelune_studio/test/characters/character_studio_draft_test.dart: modifier une pose conserve les frames supplémentaires existantes
06:45 +622 -21: /Users/karim/Project/pokemonProject/apps/avelune_studio/test/characters/character_studio_draft_test.dart: découper une planche remplace exactement les anciennes poses
06:45 +623 -21: /Users/karim/Project/pokemonProject/apps/avelune_studio/test/characters/character_studio_draft_test.dart: une pose identique choisie sur atlas remplace une source dédiée
06:45 +624 -21: /Users/karim/Project/pokemonProject/apps/avelune_studio/test/characters/character_studio_draft_test.dart: changer la durée conserve la source et les rectangles dédiés
06:45 +625 -21: /Users/karim/Project/pokemonProject/apps/avelune_studio/test/characters/character_studio_draft_test.dart: retirer une pose dédiée conserve la source des poses restantes
06:46 +626 -21: /Users/karim/Project/pokemonProject/apps/avelune_studio/test/characters/character_canvas_test.dart: selection distinguishes covered character and decor without moving either
06:46 +627 -21: /Users/karim/Project/pokemonProject/apps/avelune_studio/test/characters/character_canvas_test.dart: canvas places, drags once, cancels and draws a bounded story zone
06:46 +628 -21: /Users/karim/Project/pokemonProject/apps/avelune_studio/test/characters/character_widgets_test.dart: palette and inspector support real instance edits at enlarged text
06:47 +629 -21: /Users/karim/Project/pokemonProject/apps/avelune_studio/test/characters/character_compact_workspace_test.dart: enlarged text keeps palette and character inspector reachable over the map
06:49 +630 -21: /Users/karim/Project/pokemonProject/apps/avelune_studio/test/characters/character_compact_workspace_test.dart: keyboard deletion guards pending stories and duplication keeps independent instances
06:49 +631 -21: /Users/karim/Project/pokemonProject/apps/avelune_studio/test/characters/character_resource_index_test.dart: a walk-only character retains its base and dedicated source
06:50 +632 -21: /Users/karim/Project/pokemonProject/apps/avelune_studio/test/characters/story_zone_overlay_test.dart: saved story zones render bounded labels and outlines without showing other triggers
06:50 +633 -21: /Users/karim/Project/pokemonProject/apps/avelune_studio/test/characters/story_zone_overlay_test.dart: fitted map keeps zone outlines without unreadable labels
06:50 +634 -21: /Users/karim/Project/pokemonProject/apps/avelune_studio/test/ui11_presentation_responsive_test.dart: UI11 responsive 1536 portrait and compare
06:52 +635 -21: /Users/karim/Project/pokemonProject/apps/avelune_studio/test/ui11_presentation_responsive_test.dart: UI11 responsive 1536 portrait and compare
06:52 +636 -21: /Users/karim/Project/pokemonProject/apps/avelune_studio/test/ui11_presentation_responsive_test.dart: UI11 responsive 1536 portrait and compare
06:53 +637 -21: /Users/karim/Project/pokemonProject/apps/avelune_studio/test/ui11_presentation_responsive_test.dart: UI11 responsive 1536 portrait and compare
06:53 +638 -21: /Users/karim/Project/pokemonProject/apps/avelune_studio/test/ui11_presentation_responsive_test.dart: UI11 responsive 1536 portrait and compare
06:53 +639 -21: /Users/karim/Project/pokemonProject/apps/avelune_studio/test/ui11_presentation_responsive_test.dart: UI11 responsive 1536 portrait and compare
06:54 +640 -21: /Users/karim/Project/pokemonProject/apps/avelune_studio/test/ui11_presentation_responsive_test.dart: UI11 responsive 1536 portrait and compare
06:54 +641 -21: /Users/karim/Project/pokemonProject/apps/avelune_studio/test/ui11_presentation_responsive_test.dart: UI11 responsive 1536 portrait and compare
06:54 +642 -21: /Users/karim/Project/pokemonProject/apps/avelune_studio/test/ui11_presentation_responsive_test.dart: UI11 responsive 1536 portrait and compare
06:54 +643 -21: /Users/karim/Project/pokemonProject/apps/avelune_studio/test/ui11_presentation_responsive_test.dart: UI11 responsive 1536 portrait and compare
06:54 +644 -21: /Users/karim/Project/pokemonProject/apps/avelune_studio/test/ui11_presentation_responsive_test.dart: UI11 responsive 1536 portrait and compare
06:54 +645 -21: /Users/karim/Project/pokemonProject/apps/avelune_studio/test/ui11_presentation_responsive_test.dart: UI11 responsive 1536 portrait and compare
06:55 +646 -21: /Users/karim/Project/pokemonProject/apps/avelune_studio/test/ui11_presentation_responsive_test.dart: UI11 responsive 1536 portrait and compare
06:55 +647 -21: /Users/karim/Project/pokemonProject/apps/avelune_studio/test/ui11_presentation_responsive_test.dart: UI11 responsive 1536 portrait and compare
06:55 +648 -21: /Users/karim/Project/pokemonProject/apps/avelune_studio/test/ui11_presentation_responsive_test.dart: UI11 responsive 1536 portrait and compare
06:55 +649 -21: /Users/karim/Project/pokemonProject/apps/avelune_studio/test/ui11_presentation_responsive_test.dart: UI11 responsive 1536 portrait and compare
06:55 +650 -21: /Users/karim/Project/pokemonProject/apps/avelune_studio/test/ui11_presentation_responsive_test.dart: UI11 responsive 1536 portrait and compare
06:55 +651 -21: /Users/karim/Project/pokemonProject/apps/avelune_studio/test/ui11_presentation_responsive_test.dart: UI11 responsive 1536 portrait and compare
06:55 +652 -21: /Users/karim/Project/pokemonProject/apps/avelune_studio/test/ui11_presentation_responsive_test.dart: UI11 responsive 1536 portrait and compare
06:55 +653 -21: /Users/karim/Project/pokemonProject/apps/avelune_studio/test/ui11_presentation_responsive_test.dart: UI11 responsive 1536 portrait and compare
06:55 +654 -21: /Users/karim/Project/pokemonProject/apps/avelune_studio/test/ui11_presentation_responsive_test.dart: UI11 responsive 1536 portrait and compare
06:55 +655 -21: /Users/karim/Project/pokemonProject/apps/avelune_studio/test/ui11_presentation_responsive_test.dart: UI11 responsive 1536 portrait and compare
06:55 +656 -21: /Users/karim/Project/pokemonProject/apps/avelune_studio/test/ui11_presentation_responsive_test.dart: UI11 responsive 1536 portrait and compare
06:55 +657 -21: /Users/karim/Project/pokemonProject/apps/avelune_studio/test/ui11_presentation_responsive_test.dart: UI11 responsive 1536 portrait and compare
06:55 +658 -21: /Users/karim/Project/pokemonProject/apps/avelune_studio/test/ui11_presentation_responsive_test.dart: UI11 responsive 1440 portrait and compare
06:56 +658 -21: /Users/karim/Project/pokemonProject/apps/avelune_studio/test/infrastructure/studio_large_atlas_test.dart: isolated Train building atlas renders a real decor without loading its 329 atlas catalogue
  Skip: AVELUNE_PROJECT_COPY non fourni
06:56 +658 ~1 -21: /Users/karim/Project/pokemonProject/apps/avelune_studio/test/ui11_presentation_responsive_test.dart: UI11 responsive 1440 portrait and compare
06:57 +659 ~1 -21: /Users/karim/Project/pokemonProject/apps/avelune_studio/test/ui11_presentation_responsive_test.dart: UI11 responsive 1440 portrait and compare
06:57 +660 ~1 -21: /Users/karim/Project/pokemonProject/apps/avelune_studio/test/ui11_presentation_responsive_test.dart: UI11 responsive 1440 portrait and compare
06:57 +661 ~1 -21: /Users/karim/Project/pokemonProject/apps/avelune_studio/test/ui11_presentation_responsive_test.dart: UI11 responsive 1440 portrait and compare
06:58 +661 ~1 -21: /Users/karim/Project/pokemonProject/apps/avelune_studio/test/infrastructure/studio_real_project_memory_test.dart: large project map visits stay within resource and process budgets
  Skip: Set AVELUNE_RESOURCE_PROJECT
06:58 +661 ~2 -21: /Users/karim/Project/pokemonProject/apps/avelune_studio/test/ui11_presentation_responsive_test.dart: UI11 responsive 1440 portrait and compare
06:59 +662 ~2 -21: /Users/karim/Project/pokemonProject/apps/avelune_studio/test/infrastructure/studio_map_resources_test.dart: canvas preview paints transformed decor and collisions like committed geometry
07:00 +663 ~2 -21: /Users/karim/Project/pokemonProject/apps/avelune_studio/test/ui11_presentation_responsive_test.dart: UI11 responsive 1280 portrait and compare
07:00 +664 ~2 -21: /Users/karim/Project/pokemonProject/apps/avelune_studio/test/ui11_presentation_responsive_test.dart: UI11 responsive 1280 portrait and compare
07:00 +665 ~2 -21: /Users/karim/Project/pokemonProject/apps/avelune_studio/test/ui11_presentation_responsive_test.dart: UI11 responsive 1280 portrait and compare
07:00 +666 ~2 -21: /Users/karim/Project/pokemonProject/apps/avelune_studio/test/ui11_presentation_responsive_test.dart: UI11 responsive 1280 portrait and compare
07:00 +667 ~2 -21: /Users/karim/Project/pokemonProject/apps/avelune_studio/test/ui11_presentation_responsive_test.dart: UI11 responsive 1280 portrait and compare
07:00 +668 ~2 -21: /Users/karim/Project/pokemonProject/apps/avelune_studio/test/ui11_presentation_responsive_test.dart: UI11 responsive 1280 portrait and compare
07:00 +669 ~2 -21: /Users/karim/Project/pokemonProject/apps/avelune_studio/test/ui11_presentation_responsive_test.dart: UI11 responsive 1280 portrait and compare
07:00 +670 ~2 -21: /Users/karim/Project/pokemonProject/apps/avelune_studio/test/ui11_presentation_responsive_test.dart: UI11 responsive 1280 portrait and compare
07:00 +671 ~2 -21: /Users/karim/Project/pokemonProject/apps/avelune_studio/test/ui11_presentation_responsive_test.dart: UI11 responsive 1280 portrait and compare
07:00 +672 ~2 -21: /Users/karim/Project/pokemonProject/apps/avelune_studio/test/ui11_presentation_responsive_test.dart: UI11 responsive 1280 portrait and compare
07:00 +673 ~2 -21: /Users/karim/Project/pokemonProject/apps/avelune_studio/test/ui11_presentation_responsive_test.dart: UI11 responsive 1280 portrait and compare
07:00 +674 ~2 -21: /Users/karim/Project/pokemonProject/apps/avelune_studio/test/ui11_presentation_responsive_test.dart: UI11 responsive 1280 portrait and compare
07:00 +675 ~2 -21: /Users/karim/Project/pokemonProject/apps/avelune_studio/test/ui11_presentation_responsive_test.dart: UI11 responsive 1280 portrait and compare
07:00 +676 ~2 -21: /Users/karim/Project/pokemonProject/apps/avelune_studio/test/ui11_presentation_responsive_test.dart: UI11 responsive 1280 portrait and compare
07:01 +677 ~2 -21: /Users/karim/Project/pokemonProject/apps/avelune_studio/test/ui11_presentation_responsive_test.dart: UI11 responsive 1280 portrait and compare
07:01 +678 ~2 -21: /Users/karim/Project/pokemonProject/apps/avelune_studio/test/ui11_presentation_responsive_test.dart: UI11 responsive 1280 portrait and compare
07:01 +679 ~2 -21: /Users/karim/Project/pokemonProject/apps/avelune_studio/test/ui11_presentation_responsive_test.dart: UI11 responsive 1280 portrait and compare
07:01 +680 ~2 -21: /Users/karim/Project/pokemonProject/apps/avelune_studio/test/ui11_presentation_responsive_test.dart: UI11 responsive 1280 portrait and compare
07:01 +681 ~2 -21: /Users/karim/Project/pokemonProject/apps/avelune_studio/test/ui11_presentation_responsive_test.dart: UI11 responsive 1280 portrait and compare
07:01 +682 ~2 -21: /Users/karim/Project/pokemonProject/apps/avelune_studio/test/ui11_presentation_responsive_test.dart: UI11 responsive 1280 portrait and compare
07:01 +683 ~2 -21: /Users/karim/Project/pokemonProject/apps/avelune_studio/test/ui11_presentation_responsive_test.dart: UI11 responsive 1280 portrait and compare
07:01 +684 ~2 -21: /Users/karim/Project/pokemonProject/apps/avelune_studio/test/ui11_presentation_responsive_test.dart: UI11 responsive 1280 portrait and compare
07:01 +685 ~2 -21: /Users/karim/Project/pokemonProject/apps/avelune_studio/test/ui11_presentation_responsive_test.dart: UI11 responsive 1280 portrait and compare
07:01 +686 ~2 -21: /Users/karim/Project/pokemonProject/apps/avelune_studio/test/ui11_presentation_responsive_test.dart: UI11 responsive 1280 portrait and compare
07:01 +687 ~2 -21: /Users/karim/Project/pokemonProject/apps/avelune_studio/test/ui11_presentation_responsive_test.dart: UI11 responsive 1280 portrait and compare
07:01 +688 ~2 -21: /Users/karim/Project/pokemonProject/apps/avelune_studio/test/ui11_presentation_responsive_test.dart: UI11 responsive 1280 portrait and compare
07:02 +689 ~2 -21: /Users/karim/Project/pokemonProject/apps/avelune_studio/test/ui11_presentation_responsive_test.dart: UI11 responsive 1024 portrait and compare
07:02 +690 ~2 -21: /Users/karim/Project/pokemonProject/apps/avelune_studio/test/ui11_presentation_responsive_test.dart: UI11 responsive 1024 portrait and compare
07:02 +691 ~2 -21: /Users/karim/Project/pokemonProject/apps/avelune_studio/test/ui11_presentation_responsive_test.dart: UI11 responsive 1024 portrait and compare
07:03 +692 ~2 -21: /Users/karim/Project/pokemonProject/apps/avelune_studio/test/ui11_presentation_responsive_test.dart: UI11 responsive 1024 portrait and compare
07:03 +692 ~2 -21: /Users/karim/Project/pokemonProject/apps/avelune_studio/test/infrastructure/studio_playtest_test.dart: saved example mounts real runtime, walks, and returns
[runtime_loader] bundle load start projectFilePath=/private/var/folders/b5/7gsfwzyd449_54n8l40h40gc0000gn/T/studio_playtest_UfUj8h/project.json mapId=jardin
[runtime_loader] project manifest lookup path=/private/var/folders/b5/7gsfwzyd449_54n8l40h40gc0000gn/T/studio_playtest_UfUj8h/project.json
[runtime_loader] project manifest read ok bytes=8480
[runtime_loader] project manifest validated maps=2 tilesets=1 scenarios=0
[runtime_loader] bundle map resolved mapId=jardin relativePath=maps/jardin.json mapPath=/private/var/folders/b5/7gsfwzyd449_54n8l40h40gc0000gn/T/studio_playtest_UfUj8h/maps/jardin.json
[runtime_loader] map file lookup path=/private/var/folders/b5/7gsfwzyd449_54n8l40h40gc0000gn/T/studio_playtest_UfUj8h/maps/jardin.json
[runtime_loader] map file read ok bytes=17371
[runtime_loader] map validated id=jardin size=24x16 layers=3 entities=1 placedElements=3 warps=0 triggers=0
[runtime_loader] bundle tilesets collected ids=atelier
[runtime_loader] bundle tileset path id=atelier path=/private/var/folders/b5/7gsfwzyd449_54n8l40h40gc0000gn/T/studio_playtest_UfUj8h/assets/atelier.png
[runtime_loader] bundle load ok mapId=jardin projectRoot=/private/var/folders/b5/7gsfwzyd449_54n8l40h40gc0000gn/T/studio_playtest_UfUj8h tilesets=1
[runtime_game] tileset image load start map=jardin
[runtime_game] tileset cache resolve requested=1
[runtime_game] tileset cache resolve ok result=1
[runtime_game] onLoad start map=jardin projectFilePath=/private/var/folders/b5/7gsfwzyd449_54n8l40h40gc0000gn/T/studio_playtest_UfUj8h/project.json tilesets=1
[runtime_game] world build start map=jardin
[runtime] Map loaded: jardin, spawn at (8, 9)
[runtime_game] tileset image load ok count=1 map=jardin
[runtime_game] mount root map start map=jardin
[runtime_game] mount root map ok map=jardin
[runtime_game] onLoad completed activeMapId=jardin
[event_v2] mapEnter activation=mapact_1790779877023667_1 map=jardin reason=initialBoot result=MapEnterProductionDispatchLegacyFallback
07:04 +693 ~2 -21: /Users/karim/Project/pokemonProject/apps/avelune_studio/test/ui11_presentation_responsive_test.dart: UI11 responsive 1024 portrait and compare
07:04 +693 ~2 -21: /Users/karim/Project/pokemonProject/apps/avelune_studio/test/infrastructure/studio_playtest_test.dart: selected map without a spawn starts an isolated test game
[runtime_loader] bundle load start projectFilePath=/private/var/folders/b5/7gsfwzyd449_54n8l40h40gc0000gn/T/studio_other_map_yhUHVE/project.json mapId=clairiere
[runtime_loader] project manifest lookup path=/private/var/folders/b5/7gsfwzyd449_54n8l40h40gc0000gn/T/studio_other_map_yhUHVE/project.json
[runtime_loader] project manifest read ok bytes=4973
[runtime_loader] project manifest validated maps=2 tilesets=1 scenarios=0
[runtime_loader] bundle map resolved mapId=clairiere relativePath=maps/clairiere.json mapPath=/private/var/folders/b5/7gsfwzyd449_54n8l40h40gc0000gn/T/studio_other_map_yhUHVE/maps/clairiere.json
[runtime_loader] map file lookup path=/private/var/folders/b5/7gsfwzyd449_54n8l40h40gc0000gn/T/studio_other_map_yhUHVE/maps/clairiere.json
[runtime_loader] map file read ok bytes=5465
[runtime_loader] map validated id=clairiere size=24x16 layers=3 entities=0 placedElements=3 warps=0 triggers=0
[runtime_loader] bundle tilesets collected ids=atelier
[runtime_loader] bundle tileset path id=atelier path=/private/var/folders/b5/7gsfwzyd449_54n8l40h40gc0000gn/T/studio_other_map_yhUHVE/assets/atelier.png
[runtime_loader] bundle load ok mapId=clairiere projectRoot=/private/var/folders/b5/7gsfwzyd449_54n8l40h40gc0000gn/T/studio_other_map_yhUHVE tilesets=1
[runtime_loader] bundle load start projectFilePath=/private/var/folders/b5/7gsfwzyd449_54n8l40h40gc0000gn/T/studio_other_map_yhUHVE/project.json mapId=jardin
[runtime_loader] project manifest lookup path=/private/var/folders/b5/7gsfwzyd449_54n8l40h40gc0000gn/T/studio_other_map_yhUHVE/project.json
[runtime_loader] project manifest read ok bytes=4973
[runtime_loader] project manifest validated maps=2 tilesets=1 scenarios=0
[runtime_loader] bundle map resolved mapId=jardin relativePath=maps/jardin.json mapPath=/private/var/folders/b5/7gsfwzyd449_54n8l40h40gc0000gn/T/studio_other_map_yhUHVE/maps/jardin.json
[runtime_loader] map file lookup path=/private/var/folders/b5/7gsfwzyd449_54n8l40h40gc0000gn/T/studio_other_map_yhUHVE/maps/jardin.json
[runtime_loader] map file read ok bytes=17371
[runtime_loader] map validated id=jardin size=24x16 layers=3 entities=1 placedElements=3 warps=0 triggers=0
[runtime_loader] bundle tilesets collected ids=atelier
[runtime_loader] bundle tileset path id=atelier path=/private/var/folders/b5/7gsfwzyd449_54n8l40h40gc0000gn/T/studio_other_map_yhUHVE/assets/atelier.png
[runtime_loader] bundle load ok mapId=jardin projectRoot=/private/var/folders/b5/7gsfwzyd449_54n8l40h40gc0000gn/T/studio_other_map_yhUHVE tilesets=1
[runtime_game] tileset image load start map=clairiere
[runtime_game] tileset cache resolve requested=1
[runtime_game] tileset cache resolve ok result=1
[runtime_game] onLoad start map=clairiere projectFilePath=/private/var/folders/b5/7gsfwzyd449_54n8l40h40gc0000gn/T/studio_other_map_yhUHVE/project.json tilesets=1
[runtime] New game created from project contract on clairiere at (12, 8)
[runtime_game] tileset image load ok count=1 map=clairiere
[runtime_game] mount root map start map=clairiere
[runtime_game] mount root map ok map=clairiere
[runtime_game] onLoad completed activeMapId=clairiere
[event_v2] mapEnter activation=mapact_1790779878000113_1 map=clairiere reason=initialBoot result=MapEnterProductionDispatchLegacyFallback
07:05 +694 ~2 -21: /Users/karim/Project/pokemonProject/apps/avelune_studio/test/ui11_presentation_responsive_test.dart: UI11 responsive 1024 portrait and compare
07:06 +695 ~2 -21: /Users/karim/Project/pokemonProject/apps/avelune_studio/test/infrastructure/studio_resource_catalog_update_test.dart: catalogue refresh keeps unrelated decoded images and requests only demand
07:06 +696 ~2 -21: /Users/karim/Project/pokemonProject/apps/avelune_studio/test/infrastructure/studio_terrain_brush_resources_test.dart: terrain brush loads only its shared resolver dependencies before any map stroke
07:06 +697 ~2 -21: /Users/karim/Project/pokemonProject/apps/avelune_studio/test/infrastructure/studio_resource_catalog_update_test.dart: same-path pixels and aliases refresh while previous painters retain the old image
07:06 +698 ~2 -21: /Users/karim/Project/pokemonProject/apps/avelune_studio/test/infrastructure/studio_resource_catalog_update_test.dart: deterministic oversize is not decoded or retried until resource changes
07:06 +699 ~2 -21: /Users/karim/Project/pokemonProject/apps/avelune_studio/test/infrastructure/studio_resource_catalog_update_test.dart: 4096 by 5280 atlas uses existing chunks with bounded whole-decode reservation
07:07 +700 ~2 -21: /Users/karim/Project/pokemonProject/apps/avelune_studio/test/infrastructure/studio_resource_catalog_update_test.dart: 4096 by 5280 atlas uses existing chunks with bounded whole-decode reservation
07:07 +701 ~2 -21: /Users/karim/Project/pokemonProject/apps/avelune_studio/test/infrastructure/studio_resource_catalog_update_test.dart: 4096 by 5280 atlas uses existing chunks with bounded whole-decode reservation
07:07 +702 ~2 -21: /Users/karim/Project/pokemonProject/apps/avelune_studio/test/infrastructure/studio_resource_catalog_update_test.dart: 4096 by 5280 atlas uses existing chunks with bounded whole-decode reservation
07:07 +703 ~2 -21: /Users/karim/Project/pokemonProject/apps/avelune_studio/test/infrastructure/m1_manifest_revision_test.dart: clean playtest recheck rejects changed manifest before map read and preserves saved work
07:08 +704 ~2 -21: /Users/karim/Project/pokemonProject/apps/avelune_studio/test/cinematics_ui10_timeline_gesture_test.dart: UI10 timeline drag reorders and duration handle commits once with undo redo
══╡ EXCEPTION CAUGHT BY FLUTTER TEST FRAMEWORK ╞════════════════════════════════════════════════════
The following MapWorkspaceFailure was thrown while running async test code:
Cette carte est absente, invalide ou utilise un format non pris en charge.

When the exception was thrown, this was the stack:
#0      LocalMapWorkspaceAdapter.loadMap (package:avelune_studio/features/map_workspace/data/local_map_workspace_adapter.dart:162:7)
<asynchronous suspension>
#1      seedUi10Visuals (file:///Users/karim/Project/pokemonProject/apps/avelune_studio/test/support/ui10_fixture_visuals.dart:124:18)
<asynchronous suspension>
#2      createUi10Fixture (file:///Users/karim/Project/pokemonProject/apps/avelune_studio/test/support/ui10_cinematic_fixture.dart:18:5)
<asynchronous suspension>
#3      Ui10WorkspaceHarness.create (file:///Users/karim/Project/pokemonProject/apps/avelune_studio/test/support/ui10_workspace_harness.dart:20:21)
<asynchronous suspension>
<asynchronous suspension>
#5      main.<anonymous closure> (file:///Users/karim/Project/pokemonProject/apps/avelune_studio/test/cinematics_ui10_timeline_gesture_test.dart:16:24)
<asynchronous suspension>
#6      testWidgets.<anonymous closure>.<anonymous closure> (package:flutter_test/src/widget_tester.dart:192:15)
<asynchronous suspension>
#7      TestWidgetsFlutterBinding._runTestBody (package:flutter_test/src/binding.dart:1978:5)
<asynchronous suspension>
<asynchronous suspension>
(elided 2 frames from dart:async and package:stack_trace)

The exception was caught asynchronously.
════════════════════════════════════════════════════════════════════════════════════════════════════
══╡ EXCEPTION CAUGHT BY FLUTTER TEST FRAMEWORK ╞════════════════════════════════════════════════════
The following _TypeError was thrown running a test:
Null check operator used on a null value

When the exception was thrown, this was the stack:
#0      main.<anonymous closure> (file:///Users/karim/Project/pokemonProject/apps/avelune_studio/test/cinematics_ui10_timeline_gesture_test.dart:18:9)
<asynchronous suspension>
#1      testWidgets.<anonymous closure>.<anonymous closure> (package:flutter_test/src/widget_tester.dart:192:15)
<asynchronous suspension>
#2      TestWidgetsFlutterBinding._runTestBody (package:flutter_test/src/binding.dart:1978:5)
<asynchronous suspension>
<asynchronous suspension>
(elided one frame from package:stack_trace)

The test description was:
  UI10 timeline drag reorders and duration handle commits once with undo redo
════════════════════════════════════════════════════════════════════════════════════════════════════
══╡ EXCEPTION CAUGHT BY FLUTTER TEST FRAMEWORK ╞════════════════════════════════════════════════════
The following message was thrown:
Multiple exceptions (2) were detected during the running of the current test, and at least one was
unexpected.
════════════════════════════════════════════════════════════════════════════════════════════════════
07:10 +704 ~2 -22: /Users/karim/Project/pokemonProject/apps/avelune_studio/test/ui06_scene_construction_test.dart: build both branches through palette, properties and wires then publish and reopen
07:10 +704 ~2 -22: /Users/karim/Project/pokemonProject/apps/avelune_studio/test/cinematics_ui10_timeline_gesture_test.dart: UI10 timeline drag reorders and duration handle commits once with undo redo [E]
  Test failed. See exception logs above.
  The test description was: UI10 timeline drag reorders and duration handle commits once with undo redo

07:13 +704 ~2 -22: /Users/karim/Project/pokemonProject/apps/avelune_studio/test/ui06_scene_construction_test.dart: build both branches through palette, properties and wires then publish and reopen
UI06 construction: 8 blocs et 7 fils construits, publication
UI06 construction: publication terminée, relecture indépendante
07:14 +705 ~2 -22: /Users/karim/Project/pokemonProject/apps/avelune_studio/test/ui11_presentation_busy_test.dart: UI11 a slow creation shows progress and blocks a second start
07:15 +706 ~2 -22: /Users/karim/Project/pokemonProject/apps/avelune_studio/test/ui12_world_controller_test.dart: a state and the rule that hides an entity survive a reopening
07:16 +707 ~2 -22: /Users/karim/Project/pokemonProject/apps/avelune_studio/test/m3_conditions_widgets_test.dart: real conditions and ordered sequence stay editable at enlarged text
07:18 +708 ~2 -22: /Users/karim/Project/pokemonProject/apps/avelune_studio/test/ui12_world_close_test.dart: invalid rule input blocks global save until corrected
07:22 +709 ~2 -22: /Users/karim/Project/pokemonProject/apps/avelune_studio/test/dialogues_ui09_visual_test.dart: UI09 early real widget capture and compact layout
07:24 +710 ~2 -22: /Users/karim/Project/pokemonProject/apps/avelune_studio/test/dialogues_ui09_visual_test.dart: UI09 early real widget capture and compact layout
07:26 +711 ~2 -22: /Users/karim/Project/pokemonProject/apps/avelune_studio/test/ui12_world_close_test.dart: a close asked during a publication is refused
07:26 +712 ~2 -22: /Users/karim/Project/pokemonProject/apps/avelune_studio/test/ui12_world_navigation_test.dart: Histoire opens the states and rules page and comes back
07:30 +713 ~2 -22: /Users/karim/Project/pokemonProject/apps/avelune_studio/test/presentation/ui08_event_focus_test.dart: UI08 focused name commits original owner on selection save and undo
07:31 +714 ~2 -22: /Users/karim/Project/pokemonProject/apps/avelune_studio/test/presentation/ui08_event_focus_test.dart: UI08 focused name commits original owner on selection save and undo
07:33 +715 ~2 -22: /Users/karim/Project/pokemonProject/apps/avelune_studio/test/presentation/ui08_event_focus_test.dart: UI08 focused name commits original owner on selection save and undo
07:33 +716 ~2 -22: /Users/karim/Project/pokemonProject/apps/avelune_studio/test/presentation/ui08_event_focus_test.dart: UI08 focused name commits original owner on selection save and undo
07:34 +717 ~2 -22: /Users/karim/Project/pokemonProject/apps/avelune_studio/test/presentation/ui08_event_focus_test.dart: UI08 focused name commits original owner on selection save and undo
07:34 +718 ~2 -22: /Users/karim/Project/pokemonProject/apps/avelune_studio/test/presentation/ui08_event_focus_test.dart: UI08 focused name commits original owner on selection save and undo
07:34 +719 ~2 -22: /Users/karim/Project/pokemonProject/apps/avelune_studio/test/presentation/ui08_event_focus_test.dart: UI08 focused name commits original owner on selection save and undo
07:34 +720 ~2 -22: /Users/karim/Project/pokemonProject/apps/avelune_studio/test/presentation/ui08_event_focus_test.dart: UI08 focused name commits original owner on selection save and undo
07:35 +721 ~2 -22: /Users/karim/Project/pokemonProject/apps/avelune_studio/test/presentation/ui08_event_focus_test.dart: UI08 focused name commits original owner on selection save and undo
07:35 +722 ~2 -22: /Users/karim/Project/pokemonProject/apps/avelune_studio/test/presentation/ui08_event_focus_test.dart: UI08 focused name commits original owner on selection save and undo
07:35 +723 ~2 -22: /Users/karim/Project/pokemonProject/apps/avelune_studio/test/presentation/ui08_event_focus_test.dart: UI08 focused name commits original owner on selection save and undo
07:35 +724 ~2 -22: /Users/karim/Project/pokemonProject/apps/avelune_studio/test/presentation/ui08_event_focus_test.dart: UI08 focused name commits original owner on selection save and undo
07:35 +725 ~2 -22: /Users/karim/Project/pokemonProject/apps/avelune_studio/test/presentation/ui08_event_focus_test.dart: UI08 focused name commits original owner on selection save and undo
07:36 +726 ~2 -22: /Users/karim/Project/pokemonProject/apps/avelune_studio/test/presentation/ui06_scene_inspector_test.dart: changing dialogue retains stale wires until explicit correction or undo
07:37 +727 ~2 -22: /Users/karim/Project/pokemonProject/apps/avelune_studio/test/presentation/ui04_terrain_journey_test.dart: UI04 source rules trial publication and map preserve the current session
07:38 +728 ~2 -22: /Users/karim/Project/pokemonProject/apps/avelune_studio/test/presentation/ui04_terrain_journey_test.dart: UI04 source rules trial publication and map preserve the current session
07:38 +729 ~2 -22: /Users/karim/Project/pokemonProject/apps/avelune_studio/test/presentation/ui04_terrain_journey_test.dart: UI04 source rules trial publication and map preserve the current session
07:43 +730 ~2 -22: /Users/karim/Project/pokemonProject/apps/avelune_studio/test/presentation/ui04_terrain_journey_test.dart: UI04 source rules trial publication and map preserve the current session
07:52 +731 ~2 -22: /Users/karim/Project/pokemonProject/apps/avelune_studio/test/presentation/character_studio_workspace_test.dart: Character Studio edits a clip through the real workspace and reopens it
07:54 +732 ~2 -22: /Users/karim/Project/pokemonProject/apps/avelune_studio/test/presentation/ui07_story_journey_test.dart: UI07 real workspace preserves drafts and canonical owner through graph structure scene and save
07:59 +733 ~2 -22: /Users/karim/Project/pokemonProject/apps/avelune_studio/test/presentation/ui07_story_journey_test.dart: UI07 real workspace preserves drafts and canonical owner through graph structure scene and save
08:00 +734 ~2 -22: /Users/karim/Project/pokemonProject/apps/avelune_studio/test/presentation/map_library_navigation_test.dart: folder creation and map move survive independent reopening
08:06 +735 ~2 -22: /Users/karim/Project/pokemonProject/apps/avelune_studio/test/presentation/ui03_resource_journey_test.dart: UI03 real previews selection search return and compact detail
08:09 +736 ~2 -22: /Users/karim/Project/pokemonProject/apps/avelune_studio/test/presentation/ui03_resource_journey_test.dart: UI03 real previews selection search return and compact detail
08:10 +737 ~2 -22: /Users/karim/Project/pokemonProject/apps/avelune_studio/test/presentation/ui03_resource_journey_test.dart: UI03 real previews selection search return and compact detail
08:11 +738 ~2 -22: /Users/karim/Project/pokemonProject/apps/avelune_studio/test/presentation/ui03_resource_journey_test.dart: UI03 real previews selection search return and compact detail
08:13 +739 ~2 -22: /Users/karim/Project/pokemonProject/apps/avelune_studio/test/presentation/ui03_resource_journey_test.dart: UI03 real previews selection search return and compact detail
08:13 +740 ~2 -22: /Users/karim/Project/pokemonProject/apps/avelune_studio/test/presentation/ui03_resource_journey_test.dart: UI03 real previews selection search return and compact detail
08:13 +741 ~2 -22: /Users/karim/Project/pokemonProject/apps/avelune_studio/test/presentation/ui03_resource_journey_test.dart: UI03 real previews selection search return and compact detail
08:13 +742 ~2 -22: /Users/karim/Project/pokemonProject/apps/avelune_studio/test/presentation/ui03_resource_journey_test.dart: UI03 real previews selection search return and compact detail
08:18 +743 ~2 -22: /Users/karim/Project/pokemonProject/apps/avelune_studio/test/presentation/ui05_story_creation_test.dart: UI05 cancelled creation is inert and explicit save survives fresh reopen
08:19 +744 ~2 -22: /Users/karim/Project/pokemonProject/apps/avelune_studio/test/presentation/ui05_story_creation_test.dart: UI05 cancelled creation is inert and explicit save survives fresh reopen
08:19 +745 ~2 -22: /Users/karim/Project/pokemonProject/apps/avelune_studio/test/presentation/ui05_story_creation_test.dart: UI05 cancelled creation is inert and explicit save survives fresh reopen
08:19 +746 ~2 -22: /Users/karim/Project/pokemonProject/apps/avelune_studio/test/presentation/ui05_story_creation_test.dart: UI05 cancelled creation is inert and explicit save survives fresh reopen
08:19 +747 ~2 -22: /Users/karim/Project/pokemonProject/apps/avelune_studio/test/presentation/ui05_story_creation_test.dart: UI05 cancelled creation is inert and explicit save survives fresh reopen
08:19 +748 ~2 -22: /Users/karim/Project/pokemonProject/apps/avelune_studio/test/presentation/ui05_story_creation_test.dart: UI05 cancelled creation is inert and explicit save survives fresh reopen
08:21 +749 ~2 -22: /Users/karim/Project/pokemonProject/apps/avelune_studio/test/presentation/ui02_map_journey_test.dart: UI02 real map, overlap, shared home and responsive viewport
08:25 +750 ~2 -22: /Users/karim/Project/pokemonProject/apps/avelune_studio/test/presentation/ui02_map_journey_test.dart: UI02 real map, overlap, shared home and responsive viewport
08:26 +751 ~2 -22: /Users/karim/Project/pokemonProject/apps/avelune_studio/test/presentation/ui02_map_journey_test.dart: UI02 real map, overlap, shared home and responsive viewport
08:27 +751 ~2 -22: /Users/karim/Project/pokemonProject/apps/avelune_studio/test/presentation/map_inspector_ui02_test.dart: local stack selects a hidden instance and respects order command limits
══╡ EXCEPTION CAUGHT BY FLUTTER TEST FRAMEWORK ╞════════════════════════════════════════════════════
The following assertion was thrown running a test:
The finder "Found 0 widgets with text "Position 3 / 3": []" (used in a call to "tap()") could not
find any matching widgets.

When the exception was thrown, this was the stack:
#0      WidgetController._getElementPoint (package:flutter_test/src/controller.dart:2095:7)
#1      WidgetController.getCenter (package:flutter_test/src/controller.dart:1947:12)
#2      WidgetController.tap (package:flutter_test/src/controller.dart:1080:7)
#3      main.<anonymous closure> (file:///Users/karim/Project/pokemonProject/apps/avelune_studio/test/presentation/map_inspector_ui02_test.dart:83:20)
<asynchronous suspension>
#4      testWidgets.<anonymous closure>.<anonymous closure> (package:flutter_test/src/widget_tester.dart:192:15)
<asynchronous suspension>
#5      TestWidgetsFlutterBinding._runTestBody (package:flutter_test/src/binding.dart:1978:5)
<asynchronous suspension>
<asynchronous suspension>
(elided one frame from package:stack_trace)

The test description was:
  local stack selects a hidden instance and respects order command limits
════════════════════════════════════════════════════════════════════════════════════════════════════
08:27 +751 ~2 -23: /Users/karim/Project/pokemonProject/apps/avelune_studio/test/presentation/ui02_map_journey_test.dart: UI02 real map, overlap, shared home and responsive viewport
08:27 +751 ~2 -23: /Users/karim/Project/pokemonProject/apps/avelune_studio/test/presentation/map_inspector_ui02_test.dart: local stack selects a hidden instance and respects order command limits [E]
  Test failed. See exception logs above.
  The test description was: local stack selects a hidden instance and respects order command limits

08:36 +752 ~2 -23: /Users/karim/Project/pokemonProject/apps/avelune_studio/test/presentation/character_studio_portrait_workspace_test.dart: portrait import binds a real image and survives independent reopen
08:38 +753 ~2 -23: /Users/karim/Project/pokemonProject/apps/avelune_studio/test/presentation/character_studio_dedicated_workspace_test.dart: a dedicated three-pose strip imports and its timing reopens
08:45 +754 ~2 -23: /Users/karim/Project/pokemonProject/apps/avelune_studio/test/presentation/character_studio_dedicated_workspace_test.dart: a dedicated three-pose strip imports and its timing reopens
08:48 +755 ~2 -23: /Users/karim/Project/pokemonProject/apps/avelune_studio/test/presentation/ui05_narrative_overview_links_test.dart: scene draft remains with its owner after returning to overview
08:49 +756 ~2 -23: /Users/karim/Project/pokemonProject/apps/avelune_studio/test/presentation/resource_image_import_test.dart: unreadable PNG preview reports a recoverable error and cancels
08:50 +757 ~2 -23: /Users/karim/Project/pokemonProject/apps/avelune_studio/test/presentation/ui05_narrative_overview_links_test.dart: search opens exact dialogue and event documents
08:52 +758 ~2 -23: /Users/karim/Project/pokemonProject/apps/avelune_studio/test/presentation/desktop_workspace_layout_test.dart: real stress workspace stays usable across desktop sizes and diagnostics
08:53 +759 ~2 -23: /Users/karim/Project/pokemonProject/apps/avelune_studio/test/presentation/desktop_workspace_layout_test.dart: real stress workspace stays usable across desktop sizes and diagnostics
08:56 +760 ~2 -23: /Users/karim/Project/pokemonProject/apps/avelune_studio/test/presentation/desktop_workspace_layout_test.dart: real stress workspace stays usable across desktop sizes and diagnostics
08:56 +761 ~2 -23: /Users/karim/Project/pokemonProject/apps/avelune_studio/test/presentation/desktop_workspace_layout_test.dart: real stress workspace stays usable across desktop sizes and diagnostics
08:58 +762 ~2 -23: /Users/karim/Project/pokemonProject/apps/avelune_studio/test/presentation/studio_app_test.dart: releases the path field while the native picker owns input
08:59 +763 ~2 -23: /Users/karim/Project/pokemonProject/apps/avelune_studio/test/presentation/decor_collision_mask_test.dart: six cells remain visible and compact; last cell can toggle
08:59 +764 ~2 -23: /Users/karim/Project/pokemonProject/apps/avelune_studio/test/presentation/decor_collision_mask_test.dart: six cells remain visible and compact; last cell can toggle
08:59 +765 ~2 -23: /Users/karim/Project/pokemonProject/apps/avelune_studio/test/presentation/studio_app_test.dart: opens from the native selection, displays identity and closes
08:59 +766 ~2 -23: /Users/karim/Project/pokemonProject/apps/avelune_studio/test/presentation/decor_collision_mask_test.dart: narrow tall mask fits every row within 200 pixels
09:00 +767 ~2 -23: /Users/karim/Project/pokemonProject/apps/avelune_studio/test/presentation/studio_app_test.dart: shows an actionable failure and retries the entered directory
09:00 +768 ~2 -23: /Users/karim/Project/pokemonProject/apps/avelune_studio/test/presentation/studio_app_test.dart: rebuilds and resizes without recreating or reloading a session
09:00 +769 ~2 -23: /Users/karim/Project/pokemonProject/apps/avelune_studio/test/presentation/studio_app_test.dart: supports keyboard submission and focus traversal
09:01 +770 ~2 -23: /Users/karim/Project/pokemonProject/apps/avelune_studio/test/presentation/studio_app_test.dart: cancels a pending read and disposes its late result
09:01 +771 ~2 -23: /Users/karim/Project/pokemonProject/apps/avelune_studio/test/presentation/studio_app_test.dart: does not open a directory picker result after disposal
09:01 +772 ~2 -23: /Users/karim/Project/pokemonProject/apps/avelune_studio/test/presentation/ui05_narrative_overview_navigation_test.dart: overview opens the exact story and step without publishing
09:04 +773 ~2 -23: /Users/karim/Project/pokemonProject/apps/avelune_studio/test/presentation/ui05_narrative_overview_navigation_test.dart: overview opens the exact story and step without publishing
09:06 +773 ~2 -23: /Users/karim/Project/pokemonProject/apps/avelune_studio/test/presentation/map_workspace_journey_test.dart: place move stack undo redo save and runtime return preserve document
══╡ EXCEPTION CAUGHT BY FLUTTER TEST FRAMEWORK ╞════════════════════════════════════════════════════
The following TestFailure was thrown running a test:
Expected: 'studio-1790779998070727-1'
  Actual: 'studio-1790779998204071-2'
   Which: is different.
          Expected: ... 1790779998070727-1
            Actual: ... 1790779998204071-2
                                  ^
           Differ at offset 17

When the exception was thrown, this was the stack:
#4      main.<anonymous closure> (file:///Users/karim/Project/pokemonProject/apps/avelune_studio/test/presentation/map_workspace_journey_test.dart:122:7)
<asynchronous suspension>
#5      testWidgets.<anonymous closure>.<anonymous closure> (package:flutter_test/src/widget_tester.dart:192:15)
<asynchronous suspension>
#6      TestWidgetsFlutterBinding._runTestBody (package:flutter_test/src/binding.dart:1978:5)
<asynchronous suspension>
<asynchronous suspension>
(elided one frame from package:stack_trace)

This was caught by the test expectation on the following line:
  file:///Users/karim/Project/pokemonProject/apps/avelune_studio/test/presentation/map_workspace_journey_test.dart line 122
The test description was:
  place move stack undo redo save and runtime return preserve document
════════════════════════════════════════════════════════════════════════════════════════════════════
09:06 +773 ~2 -24: /Users/karim/Project/pokemonProject/apps/avelune_studio/test/presentation/ui05_narrative_overview_navigation_test.dart: overview opens the exact story and step without publishing
09:06 +773 ~2 -24: /Users/karim/Project/pokemonProject/apps/avelune_studio/test/presentation/map_workspace_journey_test.dart: place move stack undo redo save and runtime return preserve document [E]
  Test failed. See exception logs above.
  The test description was: place move stack undo redo save and runtime return preserve document

09:07 +774 ~2 -24: /Users/karim/Project/pokemonProject/apps/avelune_studio/test/presentation/ui05_narrative_overview_navigation_test.dart: overview opens the exact story and step without publishing
09:08 +775 ~2 -24: /Users/karim/Project/pokemonProject/apps/avelune_studio/test/presentation/ui05_narrative_overview_navigation_test.dart: overview opens the exact story and step without publishing
09:08 +776 ~2 -24: /Users/karim/Project/pokemonProject/apps/avelune_studio/test/presentation/ui05_narrative_overview_navigation_test.dart: overview opens the exact story and step without publishing
09:08 +777 ~2 -24: /Users/karim/Project/pokemonProject/apps/avelune_studio/test/presentation/ui05_narrative_overview_navigation_test.dart: overview opens the exact story and step without publishing
09:08 +778 ~2 -24: /Users/karim/Project/pokemonProject/apps/avelune_studio/test/presentation/ui05_narrative_overview_navigation_test.dart: search and map shortcut preserve the author project
09:09 +778 ~3 -24: /Users/karim/Project/pokemonProject/apps/avelune_studio/test/presentation/ui05_narrative_overview_navigation_test.dart: search and map shortcut preserve the author project
09:10 +779 ~3 -24: /Users/karim/Project/pokemonProject/apps/avelune_studio/test/presentation/ui05_narrative_overview_navigation_test.dart: search and map shortcut preserve the author project
09:11 +780 ~3 -24: /Users/karim/Project/pokemonProject/apps/avelune_studio/test/presentation/ui05_narrative_overview_navigation_test.dart: search and map shortcut preserve the author project
09:11 +781 ~3 -24: /Users/karim/Project/pokemonProject/apps/avelune_studio/test/presentation/ui05_narrative_overview_navigation_test.dart: search and map shortcut preserve the author project
09:11 +782 ~3 -24: /Users/karim/Project/pokemonProject/apps/avelune_studio/test/presentation/ui05_narrative_overview_navigation_test.dart: search and map shortcut preserve the author project
09:11 +783 ~3 -24: /Users/karim/Project/pokemonProject/apps/avelune_studio/test/presentation/ui05_narrative_overview_navigation_test.dart: search and map shortcut preserve the author project
09:11 +784 ~3 -24: /Users/karim/Project/pokemonProject/apps/avelune_studio/test/presentation/ui05_narrative_overview_navigation_test.dart: search and map shortcut preserve the author project
09:11 +785 ~3 -24: /Users/karim/Project/pokemonProject/apps/avelune_studio/test/presentation/ui05_narrative_overview_navigation_test.dart: search and map shortcut preserve the author project
09:11 +786 ~3 -24: /Users/karim/Project/pokemonProject/apps/avelune_studio/test/presentation/ui05_narrative_overview_navigation_test.dart: search and map shortcut preserve the author project
09:11 +787 ~3 -24: /Users/karim/Project/pokemonProject/apps/avelune_studio/test/presentation/ui05_narrative_overview_navigation_test.dart: search and map shortcut preserve the author project
09:11 +788 ~3 -24: /Users/karim/Project/pokemonProject/apps/avelune_studio/test/presentation/ui05_narrative_overview_navigation_test.dart: search and map shortcut preserve the author project
09:12 +789 ~3 -24: /Users/karim/Project/pokemonProject/apps/avelune_studio/test/presentation/ui05_narrative_overview_navigation_test.dart: search and map shortcut preserve the author project
09:12 +790 ~3 -24: /Users/karim/Project/pokemonProject/apps/avelune_studio/test/presentation/ui05_narrative_overview_navigation_test.dart: search and map shortcut preserve the author project
09:12 +791 ~3 -24: /Users/karim/Project/pokemonProject/apps/avelune_studio/test/presentation/ui05_narrative_overview_navigation_test.dart: search and map shortcut preserve the author project
09:12 +792 ~3 -24: /Users/karim/Project/pokemonProject/apps/avelune_studio/test/presentation/ui05_narrative_overview_navigation_test.dart: search and map shortcut preserve the author project
09:12 +793 ~3 -24: /Users/karim/Project/pokemonProject/apps/avelune_studio/test/presentation/ui05_narrative_overview_navigation_test.dart: search and map shortcut preserve the author project
09:12 +794 ~3 -24: /Users/karim/Project/pokemonProject/apps/avelune_studio/test/presentation/ui05_narrative_overview_navigation_test.dart: search and map shortcut preserve the author project
09:12 +795 ~3 -24: /Users/karim/Project/pokemonProject/apps/avelune_studio/test/presentation/ui05_narrative_overview_navigation_test.dart: search and map shortcut preserve the author project
09:12 +796 ~3 -24: /Users/karim/Project/pokemonProject/apps/avelune_studio/test/presentation/ui05_narrative_overview_navigation_test.dart: search and map shortcut preserve the author project
09:12 +797 ~3 -24: /Users/karim/Project/pokemonProject/apps/avelune_studio/test/presentation/ui05_narrative_overview_navigation_test.dart: search and map shortcut preserve the author project
09:15 +798 ~3 -24: /Users/karim/Project/pokemonProject/apps/avelune_studio/test/presentation/ui05_narrative_overview_navigation_test.dart: search and map shortcut preserve the author project
09:15 +799 ~3 -24: /Users/karim/Project/pokemonProject/apps/avelune_studio/test/presentation/ui05_narrative_overview_navigation_test.dart: search and map shortcut preserve the author project
09:15 +800 ~3 -24: /Users/karim/Project/pokemonProject/apps/avelune_studio/test/presentation/ui08_event_playtest_test.dart: published disabled event refuses runtime launch
09:15 +801 ~3 -24: /Users/karim/Project/pokemonProject/apps/avelune_studio/test/presentation/ui08_event_playtest_test.dart: published draft refuses runtime launch
09:16 +802 ~3 -24: /Users/karim/Project/pokemonProject/apps/avelune_studio/test/presentation/ui08_event_playtest_test.dart: launch refuses selection changing during asynchronous read
09:16 +803 ~3 -24: /Users/karim/Project/pokemonProject/apps/avelune_studio/test/presentation/ui08_event_playtest_test.dart: launch refuses record changing during asynchronous read
09:16 +804 ~3 -24: /Users/karim/Project/pokemonProject/apps/avelune_studio/test/presentation/ui11_scene_presentation_binding_test.dart: typed linked callbacks retain scene draft, selection and viewport
09:16 +805 ~3 -24: /Users/karim/Project/pokemonProject/apps/avelune_studio/test/presentation/ui11_scene_presentation_binding_test.dart: typed linked callbacks retain scene draft, selection and viewport
09:17 +806 ~3 -24: /Users/karim/Project/pokemonProject/apps/avelune_studio/test/presentation/ui11_scene_presentation_binding_test.dart: typed linked callbacks retain scene draft, selection and viewport
09:17 +807 ~3 -24: /Users/karim/Project/pokemonProject/apps/avelune_studio/test/presentation/ui11_scene_presentation_binding_test.dart: typed linked callbacks retain scene draft, selection and viewport
09:18 +808 ~3 -24: /Users/karim/Project/pokemonProject/apps/avelune_studio/test/presentation/ui11_scene_presentation_binding_test.dart: presentation preview resolves current draft and does not revive a deleted source
09:18 +809 ~3 -24: /Users/karim/Project/pokemonProject/apps/avelune_studio/test/presentation/border_creation_journey_test.dart: Studio publishes a border and offers it to the map tool
09:28 +810 ~3 -24: /Users/karim/Project/pokemonProject/apps/avelune_studio/test/presentation/border_creation_journey_test.dart: Studio publishes a border and offers it to the map tool
09:29 +811 ~3 -24: /Users/karim/Project/pokemonProject/apps/avelune_studio/test/presentation/ui05_verification_summary_test.dart: overview summarizes the last real verification report
09:34 +812 ~3 -24: /Users/karim/Project/pokemonProject/apps/avelune_studio/test/presentation/ui05_verification_summary_test.dart: overview summarizes the last real verification report
09:36 +813 ~3 -24: /Users/karim/Project/pokemonProject/apps/avelune_studio/test/presentation/ui07_story_selection_test.dart: UI07 homonym story IDs and filtering retain the exact active dirty document
09:37 +814 ~3 -24: /Users/karim/Project/pokemonProject/apps/avelune_studio/test/presentation/ui06_scene_navigation_test.dart: UI06 advanced interaction opens exact scene and draft survives navigation and refused close
09:39 +815 ~3 -24: /Users/karim/Project/pokemonProject/apps/avelune_studio/test/presentation/ui06_scene_navigation_test.dart: UI06 advanced interaction opens exact scene and draft survives navigation and refused close
09:40 +816 ~3 -24: /Users/karim/Project/pokemonProject/apps/avelune_studio/test/presentation/ui06_scene_navigation_test.dart: UI06 advanced interaction opens exact scene and draft survives navigation and refused close
09:42 +817 ~3 -24: /Users/karim/Project/pokemonProject/apps/avelune_studio/test/presentation/m2_end_to_end_test.dart: real import decor terrain save reload and runtime journey
[runtime_loader] bundle load start projectFilePath=/private/var/folders/b5/7gsfwzyd449_54n8l40h40gc0000gn/T/avelune_m2_ui_Ud0u2l/project.json mapId=jardin
[runtime_loader] project manifest lookup path=/private/var/folders/b5/7gsfwzyd449_54n8l40h40gc0000gn/T/avelune_m2_ui_Ud0u2l/project.json
[runtime_loader] project manifest read ok bytes=45393
[runtime_loader] project manifest validated maps=2 tilesets=2 scenarios=0
[runtime_loader] bundle map resolved mapId=jardin relativePath=maps/jardin.json mapPath=/private/var/folders/b5/7gsfwzyd449_54n8l40h40gc0000gn/T/avelune_m2_ui_Ud0u2l/maps/jardin.json
[runtime_loader] map file lookup path=/private/var/folders/b5/7gsfwzyd449_54n8l40h40gc0000gn/T/avelune_m2_ui_Ud0u2l/maps/jardin.json
[runtime_loader] map file read ok bytes=24375
[runtime_loader] map validated id=jardin size=24x16 layers=4 entities=1 placedElements=6 warps=0 triggers=0
[runtime_loader] bundle tilesets collected ids=atelier,source_1790780038136380_795770542
[runtime_loader] bundle tileset path id=atelier path=/private/var/folders/b5/7gsfwzyd449_54n8l40h40gc0000gn/T/avelune_m2_ui_Ud0u2l/assets/atelier.png
[runtime_loader] bundle tileset path id=source_1790780038136380_795770542 path=/private/var/folders/b5/7gsfwzyd449_54n8l40h40gc0000gn/T/avelune_m2_ui_Ud0u2l/assets/.pokemap-store/410a5c9667c98ac02aab06b022caa817b619b07228972c838d3c023576cff8a8.blob
[runtime_loader] bundle load ok mapId=jardin projectRoot=/private/var/folders/b5/7gsfwzyd449_54n8l40h40gc0000gn/T/avelune_m2_ui_Ud0u2l tilesets=2
[runtime_game] tileset image load start map=jardin
[runtime_game] tileset cache resolve requested=2
[runtime_game] tileset cache resolve ok result=2
[runtime_game] onLoad start map=jardin projectFilePath=/private/var/folders/b5/7gsfwzyd449_54n8l40h40gc0000gn/T/avelune_m2_ui_Ud0u2l/project.json tilesets=2
[runtime_game] world build start map=jardin
[runtime] Map loaded: jardin, spawn at (8, 9)
[runtime_game] tileset image load ok count=2 map=jardin
[runtime_game] mount root map start map=jardin
[runtime_game] mount root map ok map=jardin
[runtime_game] onLoad completed activeMapId=jardin
[event_v2] mapEnter activation=mapact_1790780048539297_1 map=jardin reason=initialBoot result=MapEnterProductionDispatchLegacyFallback
09:57 +818 ~3 -24: /Users/karim/Project/pokemonProject/apps/avelune_studio/test/presentation/m2_end_to_end_test.dart: real import decor terrain save reload and runtime journey
09:58 +819 ~3 -24: /Users/karim/Project/pokemonProject/apps/avelune_studio/test/presentation/studio_gallery_test.dart: gallery controls resources and tokens remain usable: desktop
09:59 +820 ~3 -24: /Users/karim/Project/pokemonProject/apps/avelune_studio/test/presentation/m2_end_to_end_test.dart: large resource library remains usable at narrow enlarged text
09:59 +821 ~3 -24: /Users/karim/Project/pokemonProject/apps/avelune_studio/test/presentation/m2_end_to_end_test.dart: large resource library remains usable at narrow enlarged text
10:00 +822 ~3 -24: /Users/karim/Project/pokemonProject/apps/avelune_studio/test/presentation/ui02_palette_test.dart: lazy decor grid retains scroll and activates actual brush
10:01 +823 ~3 -24: /Users/karim/Project/pokemonProject/apps/avelune_studio/test/presentation/ui02_palette_test.dart: inline atlas selects real tile and preserves zoom across tabs
10:01 +824 ~3 -24: /Users/karim/Project/pokemonProject/apps/avelune_studio/test/presentation/brush_retention_transition_test.dart: tool integration retains one brush with hidden palette and small budget
10:02 +825 ~3 -24: /Users/karim/Project/pokemonProject/apps/avelune_studio/test/presentation/brush_retention_transition_test.dart: tool integration retains one brush with hidden palette and small budget
10:03 +826 ~3 -24: /Users/karim/Project/pokemonProject/apps/avelune_studio/test/presentation/brush_retention_transition_test.dart: tool integration retains one brush with hidden palette and small budget
10:04 +827 ~3 -24: /Users/karim/Project/pokemonProject/apps/avelune_studio/test/presentation/brush_retention_transition_test.dart: tool integration retains one brush with hidden palette and small budget
10:04 +828 ~3 -24: /Users/karim/Project/pokemonProject/apps/avelune_studio/test/presentation/brush_retention_transition_test.dart: tool integration retains one brush with hidden palette and small budget
10:04 +829 ~3 -24: /Users/karim/Project/pokemonProject/apps/avelune_studio/test/presentation/brush_retention_transition_test.dart: tool integration retains one brush with hidden palette and small budget
10:08 +830 ~3 -24: /Users/karim/Project/pokemonProject/apps/avelune_studio/test/presentation/ui05_narrative_overview_collection_test.dart: large story collections keep the overview bounded and searchable
10:09 +831 ~3 -24: /Users/karim/Project/pokemonProject/apps/avelune_studio/test/presentation/ui06_scene_action_form_test.dart: action edits preserve opaque metadata until explicit apply
10:09 +832 ~3 -24: /Users/karim/Project/pokemonProject/apps/avelune_studio/test/presentation/ui05_narrative_overview_collection_test.dart: filter leaves a neutral detail until a visible story is selected
10:09 +833 ~3 -24: /Users/karim/Project/pokemonProject/apps/avelune_studio/test/presentation/ui05_narrative_overview_collection_test.dart: filter leaves a neutral detail until a visible story is selected
10:10 +834 ~3 -24: /Users/karim/Project/pokemonProject/apps/avelune_studio/test/presentation/ui05_narrative_overview_collection_test.dart: filter leaves a neutral detail until a visible story is selected
10:10 +835 ~3 -24: /Users/karim/Project/pokemonProject/apps/avelune_studio/test/presentation/ui05_story_journey_test.dart: UI05 story overview reads canonical fixture without mutations
10:15 +836 ~3 -24: /Users/karim/Project/pokemonProject/apps/avelune_studio/test/presentation/ui05_story_journey_test.dart: UI05 story overview reads canonical fixture without mutations
10:17 +837 ~3 -24: /Users/karim/Project/pokemonProject/apps/avelune_studio/test/presentation/ui05_story_journey_test.dart: UI05 story overview reads canonical fixture without mutations
10:20 +838 ~3 -24: /Users/karim/Project/pokemonProject/apps/avelune_studio/test/presentation/ui05_narrative_artwork_test.dart: overview uses project artwork for hero, story, and scene
10:21 +839 ~3 -24: /Users/karim/Project/pokemonProject/apps/avelune_studio/test/presentation/ui05_narrative_artwork_test.dart: a project without storylines features its real scenes
10:22 +840 ~3 -24: /Users/karim/Project/pokemonProject/apps/avelune_studio/test/presentation/ui08_event_sources_test.dart: UI08 four real sources preserve exact targets and Escape cancels without writes
10:28 +841 ~3 -24: /Users/karim/Project/pokemonProject/apps/avelune_studio/test/presentation/ui08_event_sources_test.dart: UI08 four real sources preserve exact targets and Escape cancels without writes
10:30 +842 ~3 -24: /Users/karim/Project/pokemonProject/apps/avelune_studio/test/presentation/ui05_narrative_overview_landing_test.dart: history map shortcut disarms placement and eraser before canvas input
10:32 +843 ~3 -24: /Users/karim/Project/pokemonProject/apps/avelune_studio/test/presentation/resource_detail_ui03_test.dart: terrain category is canonical and missing maps are explained
10:32 +844 ~3 -24: /Users/karim/Project/pokemonProject/apps/avelune_studio/test/presentation/resource_detail_ui03_test.dart: use action stays visible while detail scrolls at 150 percent
10:32 +845 ~3 -24: /Users/karim/Project/pokemonProject/apps/avelune_studio/test/presentation/resource_detail_ui03_test.dart: unprepared image retains an honest tile-use destination
10:32 +846 ~3 -24: /Users/karim/Project/pokemonProject/apps/avelune_studio/test/presentation/resource_detail_ui03_test.dart: terrain example resolves distinct edges using real tile IDs
10:32 +847 ~3 -24: /Users/karim/Project/pokemonProject/apps/avelune_studio/test/terrain_creation_test.dart: source respects rectangular cells, margins, spacing and exact frame pixels
10:33 +848 ~3 -24: /Users/karim/Project/pokemonProject/apps/avelune_studio/test/terrain_creation_test.dart: all 16 native cardinal contexts resolve their own assigned candidate
10:33 +849 ~3 -24: /Users/karim/Project/pokemonProject/apps/avelune_studio/test/terrain_creation_test.dart: scratch paint and erase update neighbor rule using canonical resolver
10:33 +850 ~3 -24: /Users/karim/Project/pokemonProject/apps/avelune_studio/test/terrain_creation_test.dart: incomplete draft saves through existing contract and resumes unchanged
10:33 +851 ~3 -24: /Users/karim/Project/pokemonProject/apps/avelune_studio/test/terrain_creation_test.dart: publication failure retains editable draft and never writes a map
10:33 +852 ~3 -24: /Users/karim/Project/pokemonProject/apps/avelune_studio/test/terrain_creation_test.dart: one brush gesture creates support, paints, undoes and reloads same resolution
10:34 +853 ~3 -24: /Users/karim/Project/pokemonProject/apps/avelune_studio/test/ui13_verification_host_recovery_test.dart: saving from an editor during a control frees the page
10:37 +854 ~3 -24: /Users/karim/Project/pokemonProject/apps/avelune_studio/test/ui13_verification_host_recovery_test.dart: saving from an editor during a control frees the page
10:40 +855 ~3 -24: /Users/karim/Project/pokemonProject/apps/avelune_studio/test/game_export/studio_game_export_cancel_test.dart: cancel before confirmed replacement preserves existing bytes
10:40 +856 ~3 -24: /Users/karim/Project/pokemonProject/apps/avelune_studio/test/game_export/studio_game_export_cancel_test.dart: cancel during destination existence check prevents writing
10:41 +857 ~3 -24: /Users/karim/Project/pokemonProject/apps/avelune_studio/test/game_export/studio_game_export_cancel_test.dart: project invalidation before writing produces no late success
10:42 +858 ~3 -24: /Users/karim/Project/pokemonProject/apps/avelune_studio/test/game_export/studio_game_export_service_test.dart: home navigation opens export as a workspace page and returns to Carte
10:42 +859 ~3 -24: /Users/karim/Project/pokemonProject/apps/avelune_studio/test/game_export/studio_game_export_service_test.dart: home navigation opens export as a workspace page and returns to Carte
10:43 +860 ~3 -24: /Users/karim/Project/pokemonProject/apps/avelune_studio/test/game_export/studio_game_export_service_test.dart: home navigation opens export as a workspace page and returns to Carte
10:45 +861 ~3 -24: /Users/karim/Project/pokemonProject/apps/avelune_studio/test/game_export/studio_game_export_service_test.dart: home navigation opens export as a workspace page and returns to Carte
10:45 +862 ~3 -24: /Users/karim/Project/pokemonProject/apps/avelune_studio/test/game_export/studio_game_export_control_test.dart: an unreadable export profile is preserved and blocks export
10:45 +863 ~3 -24: /Users/karim/Project/pokemonProject/apps/avelune_studio/test/game_export/studio_game_export_service_test.dart: small desktop page keeps fields and actions reachable
10:47 +864 ~3 -24: /Users/karim/Project/pokemonProject/apps/avelune_studio/test/game_export/studio_game_export_control_test.dart: missing source resource prevents the package
10:48 +865 ~3 -24: /Users/karim/Project/pokemonProject/apps/avelune_studio/test/game_export/studio_game_export_control_test.dart: missing source resource prevents the package
10:49 +866 ~3 -24: /Users/karim/Project/pokemonProject/apps/avelune_studio/test/game_export/studio_game_export_service_test.dart: a rejected owner save keeps the interaction draft and blocks export
10:49 +867 ~3 -24: /Users/karim/Project/pokemonProject/apps/avelune_studio/test/game_export/studio_game_export_service_test.dart: a rejected owner save keeps the interaction draft and blocks export
10:50 +868 ~3 -24: /Users/karim/Project/pokemonProject/apps/avelune_studio/test/game_export/studio_game_export_service_test.dart: a rejected owner save keeps the interaction draft and blocks export
10:50 +869 ~3 -24: /Users/karim/Project/pokemonProject/apps/avelune_studio/test/game_export/studio_game_export_service_test.dart: a rejected owner save keeps the interaction draft and blocks export
10:51 +870 ~3 -24: /Users/karim/Project/pokemonProject/apps/avelune_studio/test/game_export/studio_game_export_service_test.dart: a rejected owner save keeps the interaction draft and blocks export
10:51 +871 ~3 -24: /Users/karim/Project/pokemonProject/apps/avelune_studio/test/game_export/studio_game_export_service_test.dart: a rejected owner save keeps the interaction draft and blocks export
10:52 +872 ~3 -24: /Users/karim/Project/pokemonProject/apps/avelune_studio/test/game_export/studio_game_export_service_test.dart: a rejected owner save keeps the interaction draft and blocks export
10:52 +873 ~3 -24: /Users/karim/Project/pokemonProject/apps/avelune_studio/test/game_export/studio_game_export_service_test.dart: declining replacement preserves an existing package
10:54 +874 ~3 -24: /Users/karim/Project/pokemonProject/apps/avelune_studio/test/game_export/studio_game_export_close_test.dart: unreadable profile permits workspace and window exit without a draft
10:56 +875 ~3 -24: /Users/karim/Project/pokemonProject/apps/avelune_studio/test/game_export/studio_game_export_service_test.dart: Studio exports the saved two-map story through its own page
10:58 +876 ~3 -24: /Users/karim/Project/pokemonProject/apps/avelune_studio/test/game_export/studio_game_export_service_test.dart: Studio exports the saved two-map story through its own page
11:00 +877 ~3 -24: /Users/karim/Project/pokemonProject/apps/avelune_studio/test/game_export/studio_game_export_close_test.dart: cancelled export keeps every exit guard until cleanup finishes
11:01 +878 ~3 -24: /Users/karim/Project/pokemonProject/apps/avelune_studio/test/game_export/studio_game_export_close_test.dart: cancelled export keeps every exit guard until cleanup finishes
11:04 +879 ~3 -24: /Users/karim/Project/pokemonProject/apps/avelune_studio/test/game_export/studio_game_export_project_switch_test.dart: home opens the export page on its mounted project and exports a package
11:09 +880 ~3 -24: /Users/karim/Project/pokemonProject/apps/avelune_studio/test/game_export/studio_game_export_project_switch_test.dart: home opens the export page on its mounted project and exports a package
11:11 +881 ~3 -24: /Users/karim/Project/pokemonProject/apps/avelune_studio/test/ui12_world_global_close_test.dart: invalid input on a clean rule still requires an explicit choice
11:12 +882 ~3 -24: /Users/karim/Project/pokemonProject/apps/avelune_studio/test/game_export/studio_game_export_project_switch_test.dart: home switches a real workspace despite its unreadable profile
11:13 +883 ~3 -24: /Users/karim/Project/pokemonProject/apps/avelune_studio/test/ui12_world_global_close_test.dart: a failed rule keeps close blocked after its new state is saved
11:15 +884 ~3 -24: /Users/karim/Project/pokemonProject/apps/avelune_studio/test/ui12_world_global_close_test.dart: a failed rule keeps close blocked after its new state is saved
11:15 +885 ~3 -24: /Users/karim/Project/pokemonProject/apps/avelune_studio/test/ui12_world_global_close_test.dart: a failed rule keeps close blocked after its new state is saved
11:15 +886 ~3 -24: /Users/karim/Project/pokemonProject/apps/avelune_studio/test/ui12_world_global_close_test.dart: a failed rule keeps close blocked after its new state is saved
11:15 +887 ~3 -24: /Users/karim/Project/pokemonProject/apps/avelune_studio/test/ui13_verification_dialogue_source_test.dart: an unreadable source is named, never counted as clean
11:16 +888 ~3 -24: /Users/karim/Project/pokemonProject/apps/avelune_studio/test/map_workspace/zone_visual_test.dart: the encounter zone inspector holds the charter
11:17 +889 ~3 -24: /Users/karim/Project/pokemonProject/apps/avelune_studio/test/map_workspace/context_keyboard_test.dart: the menu takes the focus and gives it back on Escape
11:17 +890 ~3 -24: /Users/karim/Project/pokemonProject/apps/avelune_studio/test/map_workspace/zone_visual_test.dart: the hazard zone inspector holds the charter
11:17 +891 ~3 -24: /Users/karim/Project/pokemonProject/apps/avelune_studio/test/map_workspace/context_keyboard_test.dart: an action is activated with the keyboard alone
11:17 +892 ~3 -24: /Users/karim/Project/pokemonProject/apps/avelune_studio/test/map_workspace/context_keyboard_test.dart: a blocked action cannot be run from the keyboard
11:17 +893 ~3 -24: /Users/karim/Project/pokemonProject/apps/avelune_studio/test/map_workspace/context_keyboard_test.dart: a right click elsewhere retargets instead of reusing the old
11:18 +894 ~3 -24: /Users/karim/Project/pokemonProject/apps/avelune_studio/test/map_workspace/trigger_visual_test.dart: the story zone inspector holds the charter
11:19 +895 ~3 -24: /Users/karim/Project/pokemonProject/apps/avelune_studio/test/map_workspace/keyboard_delete_host_test.dart: the Delete keys refuse a character an unsaved world rule targets
11:21 +896 ~3 -24: /Users/karim/Project/pokemonProject/apps/avelune_studio/test/map_workspace/keyboard_delete_host_test.dart: the Delete keys refuse a character an unsaved world rule targets
11:21 +897 ~3 -24: /Users/karim/Project/pokemonProject/apps/avelune_studio/test/map_workspace/keyboard_delete_host_test.dart: the Delete keys refuse a character an unsaved world rule targets
11:23 +898 ~3 -24: /Users/karim/Project/pokemonProject/apps/avelune_studio/test/map_workspace/keyboard_delete_host_test.dart: the Delete keys refuse a character an unsaved world rule targets
11:23 +899 ~3 -24: /Users/karim/Project/pokemonProject/apps/avelune_studio/test/map_workspace/keyboard_delete_host_test.dart: the Delete keys refuse a character an unsaved world rule targets
11:23 +900 ~3 -24: /Users/karim/Project/pokemonProject/apps/avelune_studio/test/map_workspace/context_menu_parity_test.dart: a menu edit survives saving and reopening from disk
11:23 +901 ~3 -24: /Users/karim/Project/pokemonProject/apps/avelune_studio/test/map_workspace/keyboard_delete_host_test.dart: a configured event that is not saved yet protects its character
11:25 +902 ~3 -24: /Users/karim/Project/pokemonProject/apps/avelune_studio/test/map_workspace/keyboard_delete_host_test.dart: a configured event that is not saved yet protects its character
11:26 +903 ~3 -24: /Users/karim/Project/pokemonProject/apps/avelune_studio/test/map_workspace/warp_disk_journey_test.dart: a warp saved on disk really carries the player to the other map
[runtime_loader] bundle load start projectFilePath=/private/var/folders/b5/7gsfwzyd449_54n8l40h40gc0000gn/T/avelune_asmap_YGYyGU/project.json mapId=jardin
[runtime_loader] project manifest lookup path=/private/var/folders/b5/7gsfwzyd449_54n8l40h40gc0000gn/T/avelune_asmap_YGYyGU/project.json
[runtime_loader] project manifest read ok bytes=8480
[runtime_loader] project manifest validated maps=2 tilesets=1 scenarios=0
[runtime_loader] bundle map resolved mapId=jardin relativePath=maps/jardin.json mapPath=/private/var/folders/b5/7gsfwzyd449_54n8l40h40gc0000gn/T/avelune_asmap_YGYyGU/maps/jardin.json
[runtime_loader] map file lookup path=/private/var/folders/b5/7gsfwzyd449_54n8l40h40gc0000gn/T/avelune_asmap_YGYyGU/maps/jardin.json
[runtime_loader] map file read ok bytes=17755
[runtime_loader] map validated id=jardin size=24x16 layers=3 entities=1 placedElements=3 warps=1 triggers=0
[runtime_loader] bundle tilesets collected ids=atelier
[runtime_loader] bundle tileset path id=atelier path=/private/var/folders/b5/7gsfwzyd449_54n8l40h40gc0000gn/T/avelune_asmap_YGYyGU/assets/atelier.png
[runtime_loader] bundle load ok mapId=jardin projectRoot=/private/var/folders/b5/7gsfwzyd449_54n8l40h40gc0000gn/T/avelune_asmap_YGYyGU tilesets=1
[runtime_loader] bundle load start projectFilePath=/private/var/folders/b5/7gsfwzyd449_54n8l40h40gc0000gn/T/avelune_asmap_YGYyGU/project.json mapId=clairiere
[runtime_loader] bundle map resolved mapId=clairiere relativePath=maps/clairiere.json mapPath=/private/var/folders/b5/7gsfwzyd449_54n8l40h40gc0000gn/T/avelune_asmap_YGYyGU/maps/clairiere.json
[runtime_loader] map file lookup path=/private/var/folders/b5/7gsfwzyd449_54n8l40h40gc0000gn/T/avelune_asmap_YGYyGU/maps/clairiere.json
[runtime_loader] map file read ok bytes=17376
[runtime_loader] map validated id=clairiere size=24x16 layers=3 entities=1 placedElements=3 warps=0 triggers=0
[runtime_loader] bundle tilesets collected ids=atelier
[runtime_loader] bundle tileset path id=atelier path=/private/var/folders/b5/7gsfwzyd449_54n8l40h40gc0000gn/T/avelune_asmap_YGYyGU/assets/atelier.png
[runtime_loader] bundle load ok mapId=clairiere projectRoot=/private/var/folders/b5/7gsfwzyd449_54n8l40h40gc0000gn/T/avelune_asmap_YGYyGU tilesets=1
11:26 +904 ~3 -24: /Users/karim/Project/pokemonProject/apps/avelune_studio/test/map_workspace/keyboard_delete_host_test.dart: a rule on a twin id elsewhere blocks nothing, and the deletion undoes
11:26 +904 ~3 -24: /Users/karim/Project/pokemonProject/apps/avelune_studio/test/map_workspace/warp_disk_journey_test.dart: a warp saved as bump does not fire on a plain step
[runtime_loader] bundle load start projectFilePath=/private/var/folders/b5/7gsfwzyd449_54n8l40h40gc0000gn/T/avelune_asmap_AC94hY/project.json mapId=jardin
[runtime_loader] project manifest lookup path=/private/var/folders/b5/7gsfwzyd449_54n8l40h40gc0000gn/T/avelune_asmap_AC94hY/project.json
[runtime_loader] project manifest read ok bytes=8480
[runtime_loader] project manifest validated maps=2 tilesets=1 scenarios=0
[runtime_loader] bundle map resolved mapId=jardin relativePath=maps/jardin.json mapPath=/private/var/folders/b5/7gsfwzyd449_54n8l40h40gc0000gn/T/avelune_asmap_AC94hY/maps/jardin.json
[runtime_loader] map file lookup path=/private/var/folders/b5/7gsfwzyd449_54n8l40h40gc0000gn/T/avelune_asmap_AC94hY/maps/jardin.json
[runtime_loader] map file read ok bytes=17754
[runtime_loader] map validated id=jardin size=24x16 layers=3 entities=1 placedElements=3 warps=1 triggers=0
[runtime_loader] bundle tilesets collected ids=atelier
[runtime_loader] bundle tileset path id=atelier path=/private/var/folders/b5/7gsfwzyd449_54n8l40h40gc0000gn/T/avelune_asmap_AC94hY/assets/atelier.png
[runtime_loader] bundle load ok mapId=jardin projectRoot=/private/var/folders/b5/7gsfwzyd449_54n8l40h40gc0000gn/T/avelune_asmap_AC94hY tilesets=1
11:26 +905 ~3 -24: /Users/karim/Project/pokemonProject/apps/avelune_studio/test/map_workspace/keyboard_delete_host_test.dart: a rule on a twin id elsewhere blocks nothing, and the deletion undoes
11:27 +906 ~3 -24: /Users/karim/Project/pokemonProject/apps/avelune_studio/test/map_workspace/keyboard_delete_host_test.dart: a rule on a twin id elsewhere blocks nothing, and the deletion undoes
11:27 +907 ~3 -24: /Users/karim/Project/pokemonProject/apps/avelune_studio/test/map_workspace/keyboard_delete_host_test.dart: a rule on a twin id elsewhere blocks nothing, and the deletion undoes
11:27 +908 ~3 -24: /Users/karim/Project/pokemonProject/apps/avelune_studio/test/map_workspace/keyboard_delete_host_test.dart: a rule on a twin id elsewhere blocks nothing, and the deletion undoes
11:28 +909 ~3 -24: /Users/karim/Project/pokemonProject/apps/avelune_studio/test/map_workspace/context_menu_visual_test.dart: context actions have distinct icons and destructive color
11:29 +910 ~3 -24: /Users/karim/Project/pokemonProject/apps/avelune_studio/test/map_workspace/keyboard_delete_host_test.dart: Delete never acts behind an open context menu
11:29 +911 ~3 -24: /Users/karim/Project/pokemonProject/apps/avelune_studio/test/map_workspace/keyboard_delete_host_test.dart: Delete never acts behind an open context menu
11:29 +912 ~3 -24: /Users/karim/Project/pokemonProject/apps/avelune_studio/test/map_workspace/keyboard_delete_host_test.dart: Delete never acts behind an open context menu
11:29 +913 ~3 -24: /Users/karim/Project/pokemonProject/apps/avelune_studio/test/map_workspace/keyboard_delete_host_test.dart: a story zone whose interaction is being written refuses both paths
11:30 +914 ~3 -24: /Users/karim/Project/pokemonProject/apps/avelune_studio/test/map_workspace/keyboard_delete_host_test.dart: a story zone whose interaction is being written refuses both paths
11:30 +915 ~3 -24: /Users/karim/Project/pokemonProject/apps/avelune_studio/test/map_workspace/keyboard_delete_host_test.dart: a story zone whose interaction is being written refuses both paths
11:30 +916 ~3 -24: /Users/karim/Project/pokemonProject/apps/avelune_studio/test/map_workspace/keyboard_delete_host_test.dart: a story zone whose interaction is being written refuses both paths
11:30 +917 ~3 -24: /Users/karim/Project/pokemonProject/apps/avelune_studio/test/map_workspace/keyboard_delete_host_test.dart: a story zone whose interaction is being written refuses both paths
11:30 +918 ~3 -24: /Users/karim/Project/pokemonProject/apps/avelune_studio/test/map_workspace/keyboard_delete_host_test.dart: a story zone whose interaction is being written refuses both paths
11:30 +919 ~3 -24: /Users/karim/Project/pokemonProject/apps/avelune_studio/test/map_workspace/keyboard_delete_host_test.dart: a story zone whose interaction is being written refuses both paths
11:31 +920 ~3 -24: /Users/karim/Project/pokemonProject/apps/avelune_studio/test/map_workspace/keyboard_delete_host_test.dart: a story zone whose interaction is being written refuses both paths
11:31 +921 ~3 -24: /Users/karim/Project/pokemonProject/apps/avelune_studio/test/map_workspace/keyboard_delete_host_test.dart: a story zone whose interaction is being written refuses both paths
11:31 +922 ~3 -24: /Users/karim/Project/pokemonProject/apps/avelune_studio/test/map_workspace/keyboard_delete_host_test.dart: a story zone whose interaction is being written refuses both paths
11:32 +923 ~3 -24: /Users/karim/Project/pokemonProject/apps/avelune_studio/test/map_workspace/decor_transform_host_test.dart: pixel selection finds a tiny offset decor and text focus leaves it unchanged
11:34 +924 ~3 -24: /Users/karim/Project/pokemonProject/apps/avelune_studio/test/map_workspace/keyboard_delete_host_test.dart: every family the menu deletes, the keyboard deletes and undoes
11:36 +925 ~3 -24: /Users/karim/Project/pokemonProject/apps/avelune_studio/test/map_workspace/decor_transform_host_test.dart: inspector transform saves and reloads through the real workspace adapter
11:38 +926 ~3 -24: /Users/karim/Project/pokemonProject/apps/avelune_studio/test/map_workspace/decor_transform_host_test.dart: inspector transform saves and reloads through the real workspace adapter
11:38 +927 ~3 -24: /Users/karim/Project/pokemonProject/apps/avelune_studio/test/map_workspace/warp_visual_test.dart: the warp palette and inspector hold the charter at Size(1024.0, 640.0)
11:38 +928 ~3 -24: /Users/karim/Project/pokemonProject/apps/avelune_studio/test/map_workspace/decor_transform_host_test.dart: new decor is authored and Shift drag commits one pixel once
11:38 +929 ~3 -24: /Users/karim/Project/pokemonProject/apps/avelune_studio/test/map_workspace/decor_transform_host_test.dart: right handle stretches only width and Shift repeat is one undo
11:38 +930 ~3 -24: /Users/karim/Project/pokemonProject/apps/avelune_studio/test/map_workspace/decor_transform_host_test.dart: inspector accepts integer instance geometry and resets natural size
11:38 +931 ~3 -24: /Users/karim/Project/pokemonProject/apps/avelune_studio/test/map_workspace/decor_transform_host_test.dart: Shift rebases without a jump at zoom 0.5 and grid keeps residue
11:39 +932 ~3 -24: /Users/karim/Project/pokemonProject/apps/avelune_studio/test/map_workspace/decor_transform_host_test.dart: Shift rebases without a jump at zoom 1.0 and grid keeps residue
11:39 +933 ~3 -24: /Users/karim/Project/pokemonProject/apps/avelune_studio/test/map_workspace/decor_transform_host_test.dart: Shift rebases without a jump at zoom 1.5 and grid keeps residue
11:39 +934 ~3 -24: /Users/karim/Project/pokemonProject/apps/avelune_studio/test/map_workspace/decor_transform_host_test.dart: Shift rebases without a jump at zoom 2.0 and grid keeps residue
11:39 +935 ~3 -24: /Users/karim/Project/pokemonProject/apps/avelune_studio/test/map_workspace/decor_transform_host_test.dart: Shift rebases without a jump at zoom 3.0 and grid keeps residue
11:39 +936 ~3 -24: /Users/karim/Project/pokemonProject/apps/avelune_studio/test/map_workspace/map_connection_host_test.dart: the real map workspace links and unlinks both borders
11:39 +937 ~3 -24: /Users/karim/Project/pokemonProject/apps/avelune_studio/test/map_workspace/map_connection_host_test.dart: the real map workspace links and unlinks both borders
11:39 +938 ~3 -24: /Users/karim/Project/pokemonProject/apps/avelune_studio/test/map_workspace/map_connection_host_test.dart: the real map workspace links and unlinks both borders
11:39 +939 ~3 -24: /Users/karim/Project/pokemonProject/apps/avelune_studio/test/map_workspace/map_connection_host_test.dart: the real map workspace links and unlinks both borders
11:40 +940 ~3 -24: /Users/karim/Project/pokemonProject/apps/avelune_studio/test/map_workspace/map_connection_host_test.dart: the real map workspace links and unlinks both borders

Warning: A call to tap() with finder "Found 1 widget with key [<'connection-create'>]: [
  StudioButton-[<'connection-create'>](dependencies: [InheritedCupertinoTheme, _InheritedTheme, _LocalizationsScope-[GlobalKey#17d6a]]),
]" derived an Offset (Offset(1330.0, 684.0)) that would not hit test on the specified widget.
Maybe the widget is actually off-screen, or another widget is obscuring it, or the widget cannot receive pointer events.
The finder corresponds to this RenderBox: RenderSemanticsAnnotations#333df relayoutBoundary=up3
The hit test result at that offset is: HitTestResult(RenderPointerListener#e1675@Offset(191.0, 243.0), RenderSemanticsGestureHandler#ad009@Offset(191.0, 243.0), RenderPointerListener#6a6f0@Offset(191.0, 243.0), _RenderScrollSemantics#43e45@Offset(191.0, 243.0), RenderClipRect#85cf4@Offset(191.0, 243.0), RenderFlex#e194e@Offset(191.0, 267.0), RenderFlex#d9e3d@Offset(191.0, 411.0), RenderPadding#20b2e@Offset(201.0, 421.0), RenderPadding#45fda@Offset(202.0, 421.0), RenderDecoratedBox#431d6@Offset(202.0, 421.0), RenderConstrainedBox#34941@Offset(202.0, 421.0), _RenderInkFeatures#8235b@Offset(202.0, 421.0), RenderPhysicalModel#0d606@Offset(202.0, 421.0), RenderFlex#ac258@Offset(202.0, 627.0), _RenderLayoutBuilder#64daf@Offset(202.0, 627.0), RenderConstrainedBox#a9190@Offset(202.0, 627.0), RenderFlex#d7aa0@Offset(202.0, 672.0), RenderConstrainedBox#3bce3@Offset(202.0, 672.0), _RenderInkFeatures#cbd50@Offset(202.0, 672.0), RenderCustomPaint#12c78@Offset(202.0, 672.0), RenderPhysicalShape#c3173@Offset(202.0, 672.0), RenderConstrainedBox#a6020@Offset(202.0, 672.0), RenderPositionedBox#e3dea@Offset(1318.0, 672.0), RenderPadding#279da@Offset(1330.0, 684.0), RenderSemanticsAnnotations#47f0b@Offset(1330.0, 684.0), RenderPadding#d4972@Offset(1330.0, 684.0), RenderSemanticsAnnotations#f90af@Offset(1330.0, 684.0), RenderPadding#55a02@Offset(1330.0, 684.0), RenderSemanticsAnnotations#53827@Offset(1330.0, 684.0), RenderRepaintBoundary#baf4f@Offset(1330.0, 684.0), RenderIgnorePointer#94c68@Offset(1330.0, 684.0), RenderAnimatedOpacity#680f8@Offset(1330.0, 684.0), RenderRepaintBoundary#b3bd5@Offset(1330.0, 684.0), RenderSemanticsAnnotations#05bdb@Offset(1330.0, 684.0), RenderOffstage#1352e@Offset(1330.0, 684.0), RenderSemanticsAnnotations#1953d@Offset(1330.0, 684.0), _RenderTheater#253af@Offset(1330.0, 684.0), RenderAbsorbPointer#abe6e@Offset(1330.0, 684.0), RenderPointerListener#08a67@Offset(1330.0, 684.0), RenderSemanticsAnnotations#54d02@Offset(1330.0, 684.0), RenderCustomPaint#b81d2@Offset(1330.0, 684.0), RenderSemanticsAnnotations#5a9c4@Offset(1330.0, 684.0), RenderSemanticsAnnotations#3ec12@Offset(1330.0, 684.0), RenderSemanticsAnnotations#bb400@Offset(1330.0, 684.0), RenderTapRegionSurface#a6c07@Offset(1330.0, 684.0), RenderSemanticsAnnotations#a4d2a@Offset(1330.0, 684.0), RenderSemanticsAnnotations#166d2@Offset(1330.0, 684.0), HitTestEntry<HitTestTarget>#84a78(_ReusableRenderView#1783d), HitTestEntry<HitTestTarget>#34092(<AutomatedTestWidgetsFlutterBinding>))
#0      WidgetController._getElementPoint (package:flutter_test/src/controller.dart:2165:25)
#1      WidgetController.getCenter (package:flutter_test/src/controller.dart:1947:12)
#2      WidgetController.tap (package:flutter_test/src/controller.dart:1080:7)
#3      main.<anonymous closure> (file:///Users/karim/Project/pokemonProject/apps/avelune_studio/test/map_workspace/map_connection_host_test.dart:41:18)
<asynchronous suspension>
#4      testWidgets.<anonymous closure>.<anonymous closure> (package:flutter_test/src/widget_tester.dart:192:15)
<asynchronous suspension>
#5      TestWidgetsFlutterBinding._runTestBody (package:flutter_test/src/binding.dart:1978:5)
<asynchronous suspension>
#6      StackZoneSpecification._registerCallback.<anonymous closure> (package:stack_trace/src/stack_zone_specification.dart:114:42)
<asynchronous suspension>
To silence this warning, pass "warnIfMissed: false" to "tap()".
To make this warning fatal, set WidgetController.hitTestWarningShouldBeFatal to true.

══╡ EXCEPTION CAUGHT BY FLUTTER TEST FRAMEWORK ╞════════════════════════════════════════════════════
The following TestFailure was thrown running a test:
Expected: <1>
  Actual: <0>

When the exception was thrown, this was the stack:
#4      main.<anonymous closure> (file:///Users/karim/Project/pokemonProject/apps/avelune_studio/test/map_workspace/map_connection_host_test.dart:43:5)
<asynchronous suspension>
#5      testWidgets.<anonymous closure>.<anonymous closure> (package:flutter_test/src/widget_tester.dart:192:15)
<asynchronous suspension>
#6      TestWidgetsFlutterBinding._runTestBody (package:flutter_test/src/binding.dart:1978:5)
<asynchronous suspension>
<asynchronous suspension>
(elided one frame from package:stack_trace)

This was caught by the test expectation on the following line:
  file:///Users/karim/Project/pokemonProject/apps/avelune_studio/test/map_workspace/map_connection_host_test.dart line 43
The test description was:
  the real map workspace links and unlinks both borders
════════════════════════════════════════════════════════════════════════════════════════════════════
11:41 +940 ~3 -25: /Users/karim/Project/pokemonProject/apps/avelune_studio/test/map_workspace/context_menu_host_test.dart: the real screen opens the menu and deletes through it
11:41 +940 ~3 -25: /Users/karim/Project/pokemonProject/apps/avelune_studio/test/map_workspace/map_connection_host_test.dart: the real map workspace links and unlinks both borders [E]
  Test failed. See exception logs above.
  The test description was: the real map workspace links and unlinks both borders

11:41 +940 ~3 -25: /Users/karim/Project/pokemonProject/apps/avelune_studio/test/map_workspace/map_connection_host_test.dart: a draft blocks the link without losing its changes

Warning: A call to tap() with finder "Found 1 widget with key [<'connection-create'>]: [
  StudioButton-[<'connection-create'>](dependencies: [InheritedCupertinoTheme, _InheritedTheme, _LocalizationsScope-[GlobalKey#6acab]]),
]" derived an Offset (Offset(1330.0, 684.0)) that would not hit test on the specified widget.
Maybe the widget is actually off-screen, or another widget is obscuring it, or the widget cannot receive pointer events.
The finder corresponds to this RenderBox: RenderSemanticsAnnotations#cbdb3 relayoutBoundary=up3
The hit test result at that offset is: HitTestResult(RenderPointerListener#0cfbb@Offset(191.0, 243.0), RenderSemanticsGestureHandler#f031a@Offset(191.0, 243.0), RenderPointerListener#68446@Offset(191.0, 243.0), _RenderScrollSemantics#3b2c5@Offset(191.0, 243.0), RenderClipRect#be54f@Offset(191.0, 243.0), RenderFlex#b7e6e@Offset(191.0, 267.0), RenderFlex#bfc0c@Offset(191.0, 411.0), RenderPadding#ba2d4@Offset(201.0, 421.0), RenderPadding#33f3f@Offset(202.0, 421.0), RenderDecoratedBox#418ba@Offset(202.0, 421.0), RenderConstrainedBox#188ff@Offset(202.0, 421.0), _RenderInkFeatures#aaa14@Offset(202.0, 421.0), RenderPhysicalModel#cd4d5@Offset(202.0, 421.0), RenderFlex#88f20@Offset(202.0, 627.0), _RenderLayoutBuilder#27261@Offset(202.0, 627.0), RenderConstrainedBox#7e09c@Offset(202.0, 627.0), RenderFlex#b2509@Offset(202.0, 672.0), RenderConstrainedBox#d74e8@Offset(202.0, 672.0), _RenderInkFeatures#c6820@Offset(202.0, 672.0), RenderCustomPaint#ae3ba@Offset(202.0, 672.0), RenderPhysicalShape#6423e@Offset(202.0, 672.0), RenderConstrainedBox#24f23@Offset(202.0, 672.0), RenderPositionedBox#5bc0f@Offset(1318.0, 672.0), RenderPadding#01c80@Offset(1330.0, 684.0), RenderSemanticsAnnotations#5f5d8@Offset(1330.0, 684.0), RenderPadding#5b6c3@Offset(1330.0, 684.0), RenderSemanticsAnnotations#a5d4b@Offset(1330.0, 684.0), RenderPadding#b1286@Offset(1330.0, 684.0), RenderSemanticsAnnotations#c9e4d@Offset(1330.0, 684.0), RenderRepaintBoundary#12fab@Offset(1330.0, 684.0), RenderIgnorePointer#30ba9@Offset(1330.0, 684.0), RenderAnimatedOpacity#ffa4b@Offset(1330.0, 684.0), RenderRepaintBoundary#e5712@Offset(1330.0, 684.0), RenderSemanticsAnnotations#6d6af@Offset(1330.0, 684.0), RenderOffstage#add3b@Offset(1330.0, 684.0), RenderSemanticsAnnotations#110dc@Offset(1330.0, 684.0), _RenderTheater#f7942@Offset(1330.0, 684.0), RenderAbsorbPointer#6dffa@Offset(1330.0, 684.0), RenderPointerListener#a8f61@Offset(1330.0, 684.0), RenderSemanticsAnnotations#11cf5@Offset(1330.0, 684.0), RenderCustomPaint#54552@Offset(1330.0, 684.0), RenderSemanticsAnnotations#409c2@Offset(1330.0, 684.0), RenderSemanticsAnnotations#04027@Offset(1330.0, 684.0), RenderSemanticsAnnotations#32b9d@Offset(1330.0, 684.0), RenderTapRegionSurface#c7f54@Offset(1330.0, 684.0), RenderSemanticsAnnotations#80273@Offset(1330.0, 684.0), RenderSemanticsAnnotations#4e91f@Offset(1330.0, 684.0), HitTestEntry<HitTestTarget>#cf7a8(_ReusableRenderView#1783d), HitTestEntry<HitTestTarget>#c0825(<AutomatedTestWidgetsFlutterBinding>))
#0      WidgetController._getElementPoint (package:flutter_test/src/controller.dart:2165:25)
#1      WidgetController.getCenter (package:flutter_test/src/controller.dart:1947:12)
#2      WidgetController.tap (package:flutter_test/src/controller.dart:1080:7)
#3      main.<anonymous closure> (file:///Users/karim/Project/pokemonProject/apps/avelune_studio/test/map_workspace/map_connection_host_test.dart:87:18)
<asynchronous suspension>
#4      testWidgets.<anonymous closure>.<anonymous closure> (package:flutter_test/src/widget_tester.dart:192:15)
<asynchronous suspension>
#5      TestWidgetsFlutterBinding._runTestBody (package:flutter_test/src/binding.dart:1978:5)
<asynchronous suspension>
#6      StackZoneSpecification._registerCallback.<anonymous closure> (package:stack_trace/src/stack_zone_specification.dart:114:42)
<asynchronous suspension>
To silence this warning, pass "warnIfMissed: false" to "tap()".
To make this warning fatal, set WidgetController.hitTestWarningShouldBeFatal to true.

══╡ EXCEPTION CAUGHT BY FLUTTER TEST FRAMEWORK ╞════════════════════════════════════════════════════
The following TestFailure was thrown running a test:
Expected: exactly one matching candidate
  Actual: _TextContainingWidgetFinder:<Found 0 widgets with text containing Enregistrez les
brouillons: []>
   Which: means none were found but one was expected

When the exception was thrown, this was the stack:
#4      main.<anonymous closure> (file:///Users/karim/Project/pokemonProject/apps/avelune_studio/test/map_workspace/map_connection_host_test.dart:92:5)
<asynchronous suspension>
#5      testWidgets.<anonymous closure>.<anonymous closure> (package:flutter_test/src/widget_tester.dart:192:15)
<asynchronous suspension>
#6      TestWidgetsFlutterBinding._runTestBody (package:flutter_test/src/binding.dart:1978:5)
<asynchronous suspension>
<asynchronous suspension>
(elided one frame from package:stack_trace)

This was caught by the test expectation on the following line:
  file:///Users/karim/Project/pokemonProject/apps/avelune_studio/test/map_workspace/map_connection_host_test.dart line 92
The test description was:
  a draft blocks the link without losing its changes
════════════════════════════════════════════════════════════════════════════════════════════════════
11:42 +940 ~3 -26: /Users/karim/Project/pokemonProject/apps/avelune_studio/test/map_workspace/context_menu_host_test.dart: the real screen opens the menu and deletes through it
11:42 +940 ~3 -26: /Users/karim/Project/pokemonProject/apps/avelune_studio/test/map_workspace/map_connection_host_test.dart: a draft blocks the link without losing its changes [E]
  Test failed. See exception logs above.
  The test description was: a draft blocks the link without losing its changes

11:42 +941 ~3 -26: /Users/karim/Project/pokemonProject/apps/avelune_studio/test/map_workspace/context_menu_host_test.dart: the real screen opens the menu and deletes through it
11:42 +942 ~3 -26: /Users/karim/Project/pokemonProject/apps/avelune_studio/test/map_workspace/context_menu_host_test.dart: opening and closing the menu writes nothing
11:43 +943 ~3 -26: /Users/karim/Project/pokemonProject/apps/avelune_studio/test/map_workspace/context_menu_host_test.dart: opening and closing the menu writes nothing
11:43 +944 ~3 -26: /Users/karim/Project/pokemonProject/apps/avelune_studio/test/map_workspace/context_menu_host_test.dart: opening and closing the menu writes nothing
11:43 +945 ~3 -26: /Users/karim/Project/pokemonProject/apps/avelune_studio/test/map_workspace/context_menu_host_test.dart: opening and closing the menu writes nothing
11:43 +946 ~3 -26: /Users/karim/Project/pokemonProject/apps/avelune_studio/test/map_workspace/context_menu_host_test.dart: Propriétés reaches the inspector even when it is compact
11:44 +947 ~3 -26: /Users/karim/Project/pokemonProject/apps/avelune_studio/test/map_workspace/context_menu_host_test.dart: a story zone without interaction says so instead of opening
11:44 +948 ~3 -26: /Users/karim/Project/pokemonProject/apps/avelune_studio/test/map_workspace/context_menu_host_test.dart: a story zone without interaction says so instead of opening
11:44 +949 ~3 -26: /Users/karim/Project/pokemonProject/apps/avelune_studio/test/map_workspace/context_menu_host_test.dart: a story zone without interaction says so instead of opening
11:44 +950 ~3 -26: /Users/karim/Project/pokemonProject/apps/avelune_studio/test/map_workspace/context_menu_host_test.dart: a story zone without interaction says so instead of opening
11:44 +951 ~3 -26: /Users/karim/Project/pokemonProject/apps/avelune_studio/test/map_workspace/context_menu_host_test.dart: a story zone without interaction says so instead of opening
11:44 +952 ~3 -26: /Users/karim/Project/pokemonProject/apps/avelune_studio/test/map_workspace/context_menu_host_test.dart: a story zone without interaction says so instead of opening
11:44 +953 ~3 -26: /Users/karim/Project/pokemonProject/apps/avelune_studio/test/map_workspace/context_menu_host_test.dart: a story zone without interaction says so instead of opening
11:44 +954 ~3 -26: /Users/karim/Project/pokemonProject/apps/avelune_studio/test/map_workspace/inspector_fields_undo_test.dart: an undone sign title is not re-applied when leaving the field
11:45 +955 ~3 -26: /Users/karim/Project/pokemonProject/apps/avelune_studio/test/map_workspace/inspector_fields_undo_test.dart: an undone sign title is not re-applied when leaving the field
11:45 +956 ~3 -26: /Users/karim/Project/pokemonProject/apps/avelune_studio/test/map_workspace/tile_paint_preview_test.dart: tile stroke is visible while dragging and commits once on release
11:45 +957 ~3 -26: /Users/karim/Project/pokemonProject/apps/avelune_studio/test/map_workspace/inspector_fields_undo_test.dart: an undone zone name is not re-applied when leaving the field
11:46 +958 ~3 -26: /Users/karim/Project/pokemonProject/apps/avelune_studio/test/map_workspace/inspector_fields_undo_test.dart: redo brings the field back to the redone value
11:46 +959 ~3 -26: /Users/karim/Project/pokemonProject/apps/avelune_studio/test/map_workspace/inspector_fields_undo_test.dart: an entry aimed at one sign never lands on another
11:46 +960 ~3 -26: /Users/karim/Project/pokemonProject/apps/avelune_studio/test/map_workspace/inspector_fields_undo_test.dart: an invalid arrival cell is refused and the field restored
11:46 +961 ~3 -26: /Users/karim/Project/pokemonProject/apps/avelune_studio/test/map_workspace/inspector_fields_undo_test.dart: saving while a field still has focus keeps the entry
11:46 +962 ~3 -26: /Users/karim/Project/pokemonProject/apps/avelune_studio/test/map_workspace/gameplay_zone_table_commands_test.dart: a zone adopts its table type and excludes scripted encounters
11:47 +963 ~3 -26: /Users/karim/Project/pokemonProject/apps/avelune_studio/test/map_workspace/map_canvas_navigation_test.dart: selection drags empty map space to pan without editing
11:47 +964 ~3 -26: /Users/karim/Project/pokemonProject/apps/avelune_studio/test/map_workspace/map_canvas_navigation_test.dart: selection drags empty map space to pan without editing
11:47 +965 ~3 -26: /Users/karim/Project/pokemonProject/apps/avelune_studio/test/map_workspace/map_canvas_navigation_test.dart: selection drags empty map space to pan without editing
11:47 +966 ~3 -26: /Users/karim/Project/pokemonProject/apps/avelune_studio/test/map_workspace/map_canvas_navigation_test.dart: selection drags empty map space to pan without editing
11:47 +967 ~3 -26: /Users/karim/Project/pokemonProject/apps/avelune_studio/test/map_workspace/map_canvas_navigation_test.dart: selection drags empty map space to pan without editing
11:47 +968 ~3 -26: /Users/karim/Project/pokemonProject/apps/avelune_studio/test/map_workspace/map_canvas_navigation_test.dart: selection drags empty map space to pan without editing
11:47 +969 ~3 -26: /Users/karim/Project/pokemonProject/apps/avelune_studio/test/map_workspace/map_canvas_navigation_test.dart: selection drags empty map space to pan without editing
11:48 +970 ~3 -26: /Users/karim/Project/pokemonProject/apps/avelune_studio/test/map_workspace/entity_deletion_guard_test.dart: the inspector blocks and explains instead of deleting
11:48 +971 ~3 -26: /Users/karim/Project/pokemonProject/apps/avelune_studio/test/map_workspace/entity_deletion_guard_test.dart: the inspector blocks and explains instead of deleting
11:48 +972 ~3 -26: /Users/karim/Project/pokemonProject/apps/avelune_studio/test/map_workspace/entity_deletion_guard_test.dart: the inspector blocks and explains instead of deleting
11:48 +973 ~3 -26: /Users/karim/Project/pokemonProject/apps/avelune_studio/test/map_workspace/entity_deletion_guard_test.dart: the inspector blocks and explains instead of deleting
11:48 +974 ~3 -26: /Users/karim/Project/pokemonProject/apps/avelune_studio/test/map_workspace/entity_deletion_guard_test.dart: the inspector blocks and explains instead of deleting
11:48 +975 ~3 -26: /Users/karim/Project/pokemonProject/apps/avelune_studio/test/map_workspace/entity_deletion_guard_test.dart: an unsaved interaction draft also holds the sign
11:49 +976 ~3 -26: /Users/karim/Project/pokemonProject/apps/avelune_studio/test/map_workspace/entity_editing_test.dart: a map without a player start cannot be played at all
11:49 +977 ~3 -26: /Users/karim/Project/pokemonProject/apps/avelune_studio/test/map_workspace/entity_editing_test.dart: the player start follows the author when it is moved
11:49 +978 ~3 -26: /Users/karim/Project/pokemonProject/apps/avelune_studio/test/map_workspace/entity_editing_test.dart: a spawn placed for something else is not a player start
11:49 +979 ~3 -26: /Users/karim/Project/pokemonProject/apps/avelune_studio/test/map_workspace/entity_editing_test.dart: a sign carries its own text and blocks the way
11:49 +980 ~3 -26: /Users/karim/Project/pokemonProject/apps/avelune_studio/test/map_workspace/entity_editing_test.dart: these families never answer for a character
11:49 +981 ~3 -26: /Users/karim/Project/pokemonProject/apps/avelune_studio/test/map_workspace/entity_editing_test.dart: placing, editing and deleting are undoable step by step
11:49 +982 ~3 -26: /Users/karim/Project/pokemonProject/apps/avelune_studio/test/map_workspace/map_library_tree_test.dart: real folders, descendants and root maps remain distinct
11:49 +983 ~3 -26: /Users/karim/Project/pokemonProject/apps/avelune_studio/test/map_workspace/map_library_tree_test.dart: search keeps the real ancestor chain without renaming maps
11:49 +984 ~3 -26: /Users/karim/Project/pokemonProject/apps/avelune_studio/test/map_workspace/map_library_tree_test.dart: unclassified map collection starts entirely without folders
11:50 +985 ~3 -26: /Users/karim/Project/pokemonProject/apps/avelune_studio/test/map_workspace/trigger_editing_test.dart: a story zone goes through the shared validation now
11:50 +986 ~3 -26: /Users/karim/Project/pokemonProject/apps/avelune_studio/test/map_workspace/trigger_editing_test.dart: a story zone is renamed, moved, resized and removed
11:50 +987 ~3 -26: /Users/karim/Project/pokemonProject/apps/avelune_studio/test/map_workspace/context_move_test.dart: a gameplay zone is really moved by the menu action
11:50 +988 ~3 -26: /Users/karim/Project/pokemonProject/apps/avelune_studio/test/map_workspace/context_move_test.dart: a gameplay zone is really moved by the menu action
11:50 +989 ~3 -26: /Users/karim/Project/pokemonProject/apps/avelune_studio/test/map_workspace/context_move_test.dart: a gameplay zone is really moved by the menu action
11:50 +990 ~3 -26: /Users/karim/Project/pokemonProject/apps/avelune_studio/test/map_workspace/context_move_test.dart: a gameplay zone is really moved by the menu action
11:51 +991 ~3 -26: /Users/karim/Project/pokemonProject/apps/avelune_studio/test/map_workspace/context_move_test.dart: a story zone moves the same way
11:51 +992 ~3 -26: /Users/karim/Project/pokemonProject/apps/avelune_studio/test/map_workspace/context_move_test.dart: a character under the zone does not move instead of it
11:51 +993 ~3 -26: /Users/karim/Project/pokemonProject/apps/avelune_studio/test/map_workspace/border_drawing_host_test.dart: Bordures explains when this project has no published model
11:54 +994 ~3 -26: /Users/karim/Project/pokemonProject/apps/avelune_studio/test/map_workspace/story_zone_reopen_host_test.dart: an interaction never saved reopens from the map with its own draft
11:57 +995 ~3 -26: /Users/karim/Project/pokemonProject/apps/avelune_studio/test/map_workspace/story_zone_reopen_host_test.dart: an interaction never saved reopens from the map with its own draft
11:58 +996 ~3 -26: /Users/karim/Project/pokemonProject/apps/avelune_studio/test/map_workspace/border_drawing_host_test.dart: cancelling a trace leaves the map and history untouched
11:58 +997 ~3 -26: /Users/karim/Project/pokemonProject/apps/avelune_studio/test/map_workspace/story_zone_reopen_host_test.dart: a saved interaction edited again reopens its current simplified draft
12:01 +998 ~3 -26: /Users/karim/Project/pokemonProject/apps/avelune_studio/test/map_workspace/story_zone_reopen_host_test.dart: a saved interaction edited again reopens its current simplified draft
12:01 +999 ~3 -26: /Users/karim/Project/pokemonProject/apps/avelune_studio/test/map_workspace/story_zone_reopen_host_test.dart: a saved interaction edited again reopens its current simplified draft
12:01 +1000 ~3 -26: /Users/karim/Project/pokemonProject/apps/avelune_studio/test/map_workspace/story_zone_reopen_host_test.dart: a saved interaction edited again reopens its current simplified draft
12:01 +1001 ~3 -26: /Users/karim/Project/pokemonProject/apps/avelune_studio/test/map_workspace/story_zone_reopen_host_test.dart: a saved interaction edited again reopens its current simplified draft
12:02 +1002 ~3 -26: /Users/karim/Project/pokemonProject/apps/avelune_studio/test/map_workspace/border_drawing_host_test.dart: a published stone chain uses grid edges through the host
12:02 +1003 ~3 -26: /Users/karim/Project/pokemonProject/apps/avelune_studio/test/map_workspace/story_zone_reopen_host_test.dart: a saved zone interaction opens in its events owner
12:03 +1004 ~3 -26: /Users/karim/Project/pokemonProject/apps/avelune_studio/test/map_workspace/decor_move_host_test.dart: Déplacer moves the chosen decor by the offset it was grabbed at
12:05 +1005 ~3 -26: /Users/karim/Project/pokemonProject/apps/avelune_studio/test/map_workspace/decor_move_host_test.dart: Déplacer moves the chosen decor by the offset it was grabbed at
12:06 +1006 ~3 -26: /Users/karim/Project/pokemonProject/apps/avelune_studio/test/map_workspace/story_zone_reopen_host_test.dart: several interactions on one zone offer only those, then open the one
12:07 +1007 ~3 -26: /Users/karim/Project/pokemonProject/apps/avelune_studio/test/map_workspace/decor_move_host_test.dart: a move made through the menu is saved and read back independently
12:09 +1008 ~3 -26: /Users/karim/Project/pokemonProject/apps/avelune_studio/test/map_workspace/decor_order_e2e_test.dart: mixed render contexts can be reordered from the inspector
12:10 +1009 ~3 -26: /Users/karim/Project/pokemonProject/apps/avelune_studio/test/map_workspace/decor_order_e2e_test.dart: mixed render contexts can be reordered from the inspector
12:12 +1010 ~3 -26: /Users/karim/Project/pokemonProject/apps/avelune_studio/test/map_workspace/decor_move_host_test.dart: the move still lands on the right cell after a zoom
12:12 +1011 ~3 -26: /Users/karim/Project/pokemonProject/apps/avelune_studio/test/map_workspace/decor_order_e2e_test.dart: a mixed decor stack moves one neighboring rank and saves it
12:13 +1012 ~3 -26: /Users/karim/Project/pokemonProject/apps/avelune_studio/test/map_workspace/decor_order_e2e_test.dart: a mixed decor stack moves one neighboring rank and saves it
12:14 +1013 ~3 -26: /Users/karim/Project/pokemonProject/apps/avelune_studio/test/map_workspace/decor_move_host_test.dart: placing and moving outside the map explain the refusal without losing history
12:15 +1014 ~3 -26: /Users/karim/Project/pokemonProject/apps/avelune_studio/test/map_workspace/decor_move_host_test.dart: Escape during the preview cancels the move without a mutation
12:16 +1014 ~3 -26: /Users/karim/Project/pokemonProject/apps/avelune_studio/test/map_workspace/warp_player_journey_test.dart: a warp authored in Studio moves the player to the other map
[runtime_loader] bundle load start projectFilePath=/private/var/folders/b5/7gsfwzyd449_54n8l40h40gc0000gn/T/avelune_player_1VDZDF/project.json mapId=jardin
[runtime_loader] project manifest lookup path=/private/var/folders/b5/7gsfwzyd449_54n8l40h40gc0000gn/T/avelune_player_1VDZDF/project.json
[runtime_loader] project manifest read ok bytes=8480
[runtime_loader] project manifest validated maps=2 tilesets=1 scenarios=0
[runtime_loader] bundle map resolved mapId=jardin relativePath=maps/jardin.json mapPath=/private/var/folders/b5/7gsfwzyd449_54n8l40h40gc0000gn/T/avelune_player_1VDZDF/maps/jardin.json
[runtime_loader] map file lookup path=/private/var/folders/b5/7gsfwzyd449_54n8l40h40gc0000gn/T/avelune_player_1VDZDF/maps/jardin.json
[runtime_loader] map file read ok bytes=17755
[runtime_loader] map validated id=jardin size=24x16 layers=3 entities=1 placedElements=3 warps=1 triggers=0
[runtime_loader] bundle tilesets collected ids=atelier
[runtime_loader] bundle tileset path id=atelier path=/private/var/folders/b5/7gsfwzyd449_54n8l40h40gc0000gn/T/avelune_player_1VDZDF/assets/atelier.png
[runtime_loader] bundle load ok mapId=jardin projectRoot=/private/var/folders/b5/7gsfwzyd449_54n8l40h40gc0000gn/T/avelune_player_1VDZDF tilesets=1
[runtime_game] tileset image load start map=jardin
[runtime_game] tileset cache resolve requested=1
[runtime_game] tileset cache resolve ok result=1
[runtime_game] onLoad start map=jardin projectFilePath=/private/var/folders/b5/7gsfwzyd449_54n8l40h40gc0000gn/T/avelune_player_1VDZDF/project.json tilesets=1
[runtime_game] world build start map=jardin
[runtime] Map loaded: jardin, spawn at (4, 4)
[runtime_game] tileset image load ok count=1 map=jardin
[runtime_game] mount root map start map=jardin
[runtime_game] mount root map ok map=jardin
[runtime_loader] bundle load start projectFilePath=/private/var/folders/b5/7gsfwzyd449_54n8l40h40gc0000gn/T/avelune_player_1VDZDF/project.json mapId=clairiere
[runtime_loader] project manifest lookup path=/private/var/folders/b5/7gsfwzyd449_54n8l40h40gc0000gn/T/avelune_player_1VDZDF/project.json
[runtime_game] onLoad completed activeMapId=jardin
[event_v2] mapEnter activation=mapact_1790780189255571_1 map=jardin reason=initialBoot result=MapEnterProductionDispatchLegacyFallback
[runtime_loader] project manifest read ok bytes=8480
[runtime_loader] project manifest validated maps=2 tilesets=1 scenarios=0
[runtime_loader] bundle map resolved mapId=clairiere relativePath=maps/clairiere.json mapPath=/private/var/folders/b5/7gsfwzyd449_54n8l40h40gc0000gn/T/avelune_player_1VDZDF/maps/clairiere.json
[runtime_loader] map file lookup path=/private/var/folders/b5/7gsfwzyd449_54n8l40h40gc0000gn/T/avelune_player_1VDZDF/maps/clairiere.json
[warp] Triggered warp warp-1790780189029977-0 mode=onEnter -> map=clairiere pos=(7, 3)
[runtime_loader] map file read ok bytes=17376
[warp] start transition warp=warp-1790780189029977-0 map=jardin -> clairiere target=(7, 3)
[runtime_loader] map validated id=clairiere size=24x16 layers=3 entities=1 placedElements=3 warps=0 triggers=0
[runtime_loader] bundle tilesets collected ids=atelier
[runtime_loader] bundle tileset path id=atelier path=/private/var/folders/b5/7gsfwzyd449_54n8l40h40gc0000gn/T/avelune_player_1VDZDF/assets/atelier.png
[runtime_loader] bundle load ok mapId=clairiere projectRoot=/private/var/folders/b5/7gsfwzyd449_54n8l40h40gc0000gn/T/avelune_player_1VDZDF tilesets=1
[runtime_game] tileset cache resolve requested=1
[perf][warp] loadBundle=1ms
[warp] target map loaded id=clairiere
[warp] fade out durationMs=170
[runtime_game] tileset cache resolve ok result=1
[perf][warp] worldInitial=0ms
[warp] loading target map visuals id=clairiere
[runtime_game] tileset cache resolve requested=1
[runtime_game] tileset cache resolve ok result=1
[perf][warp] loadTilesets=0ms
[perf][warp] loadBorderAssets=0ms
[perf][warp] revalidateBorderBeforeSwap=0ms
[perf][warp] mountMap=0ms
[warp] player placed at map=clairiere pos=(7, 3)
[perf][warp] configureCamera=0ms
[perf][warp] preloadConnectionsKickoff=0ms
[perf][warp] prewarmWarpsKickoff=0ms
[perf][warp] prewarmBattleKickoff=0ms
[perf][warp] pruneLoadedMaps=0ms
[perf][warp] refreshWorldNpcPresence=0ms
[warp] fade in durationMs=170
[perf][warp] total=12ms
[warp] transition completed
[warp] gameplay unlocked map=clairiere pos=(7, 3)
[event_v2] mapEnter activation=mapact_1790780189363069_2 map=clairiere reason=warp result=MapEnterProductionDispatchLegacyFallback
12:16 +1015 ~3 -26: /Users/karim/Project/pokemonProject/apps/avelune_studio/test/map_workspace/decor_move_host_test.dart: Escape during the preview cancels the move without a mutation
12:16 +1015 ~3 -26: /Users/karim/Project/pokemonProject/apps/avelune_studio/test/map_workspace/warp_player_journey_test.dart: a warp saved as bump keeps the player on the departure map
[runtime_loader] bundle load start projectFilePath=/private/var/folders/b5/7gsfwzyd449_54n8l40h40gc0000gn/T/avelune_player_cXhay5/project.json mapId=jardin
[runtime_loader] project manifest lookup path=/private/var/folders/b5/7gsfwzyd449_54n8l40h40gc0000gn/T/avelune_player_cXhay5/project.json
[runtime_loader] project manifest read ok bytes=8480
[runtime_loader] project manifest validated maps=2 tilesets=1 scenarios=0
[runtime_loader] bundle map resolved mapId=jardin relativePath=maps/jardin.json mapPath=/private/var/folders/b5/7gsfwzyd449_54n8l40h40gc0000gn/T/avelune_player_cXhay5/maps/jardin.json
[runtime_loader] map file lookup path=/private/var/folders/b5/7gsfwzyd449_54n8l40h40gc0000gn/T/avelune_player_cXhay5/maps/jardin.json
[runtime_loader] map file read ok bytes=17754
[runtime_loader] map validated id=jardin size=24x16 layers=3 entities=1 placedElements=3 warps=1 triggers=0
[runtime_loader] bundle tilesets collected ids=atelier
[runtime_loader] bundle tileset path id=atelier path=/private/var/folders/b5/7gsfwzyd449_54n8l40h40gc0000gn/T/avelune_player_cXhay5/assets/atelier.png
[runtime_loader] bundle load ok mapId=jardin projectRoot=/private/var/folders/b5/7gsfwzyd449_54n8l40h40gc0000gn/T/avelune_player_cXhay5 tilesets=1
[runtime_game] tileset image load start map=jardin
[runtime_game] tileset cache resolve requested=1
[runtime_game] tileset cache resolve ok result=1
[runtime_game] onLoad start map=jardin projectFilePath=/private/var/folders/b5/7gsfwzyd449_54n8l40h40gc0000gn/T/avelune_player_cXhay5/project.json tilesets=1
[runtime_game] world build start map=jardin
[runtime] Map loaded: jardin, spawn at (4, 4)
[runtime_game] tileset image load ok count=1 map=jardin
[runtime_game] mount root map start map=jardin
[runtime_game] mount root map ok map=jardin
[runtime_loader] bundle load start projectFilePath=/private/var/folders/b5/7gsfwzyd449_54n8l40h40gc0000gn/T/avelune_player_cXhay5/project.json mapId=clairiere
[runtime_loader] project manifest lookup path=/private/var/folders/b5/7gsfwzyd449_54n8l40h40gc0000gn/T/avelune_player_cXhay5/project.json
[runtime_game] onLoad completed activeMapId=jardin
[event_v2] mapEnter activation=mapact_1790780189428386_1 map=jardin reason=initialBoot result=MapEnterProductionDispatchLegacyFallback
[runtime_loader] project manifest read ok bytes=8480
[runtime_loader] project manifest validated maps=2 tilesets=1 scenarios=0
[runtime_loader] bundle map resolved mapId=clairiere relativePath=maps/clairiere.json mapPath=/private/var/folders/b5/7gsfwzyd449_54n8l40h40gc0000gn/T/avelune_player_cXhay5/maps/clairiere.json
[runtime_loader] map file lookup path=/private/var/folders/b5/7gsfwzyd449_54n8l40h40gc0000gn/T/avelune_player_cXhay5/maps/clairiere.json
[runtime_loader] map file read ok bytes=17376
[runtime_loader] map validated id=clairiere size=24x16 layers=3 entities=1 placedElements=3 warps=0 triggers=0
[runtime_loader] bundle tilesets collected ids=atelier
[runtime_loader] bundle tileset path id=atelier path=/private/var/folders/b5/7gsfwzyd449_54n8l40h40gc0000gn/T/avelune_player_cXhay5/assets/atelier.png
[runtime_loader] bundle load ok mapId=clairiere projectRoot=/private/var/folders/b5/7gsfwzyd449_54n8l40h40gc0000gn/T/avelune_player_cXhay5 tilesets=1
[runtime_game] tileset cache resolve requested=1
[runtime_game] tileset cache resolve ok result=1
12:16 +1016 ~3 -26: /Users/karim/Project/pokemonProject/apps/avelune_studio/test/map_workspace/decor_move_host_test.dart: Escape during the preview cancels the move without a mutation
12:17 +1017 ~3 -26: /Users/karim/Project/pokemonProject/apps/avelune_studio/test/map_workspace/decor_move_host_test.dart: Escape during an armed story zone preview leaves the zone in place
12:18 +1018 ~3 -26: /Users/karim/Project/pokemonProject/apps/avelune_studio/test/map_workspace/context_identity_host_test.dart: twin ids in two families stay distinct rows of the real menu
12:19 +1019 ~3 -26: /Users/karim/Project/pokemonProject/apps/avelune_studio/test/map_workspace/context_identity_host_test.dart: twin ids in two families stay distinct rows of the real menu
12:20 +1020 ~3 -26: /Users/karim/Project/pokemonProject/apps/avelune_studio/test/map_workspace/decor_move_host_test.dart: an armed move never comes back after a round trip to another map
12:21 +1021 ~3 -26: /Users/karim/Project/pokemonProject/apps/avelune_studio/test/map_workspace/context_identity_host_test.dart: Shift+F10 reopens the menu on the target chosen in the stack
12:22 +1022 ~3 -26: /Users/karim/Project/pokemonProject/apps/avelune_studio/test/map_workspace/decor_order_cross_context_repro_test.dart: overlapping decors can exchange their visible order
12:24 +1023 ~3 -26: /Users/karim/Project/pokemonProject/apps/avelune_studio/test/map_workspace/decor_order_cross_context_repro_test.dart: overlapping decors can exchange their visible order
12:25 +1024 ~3 -26: /Users/karim/Project/pokemonProject/apps/avelune_studio/test/map_workspace/context_identity_host_test.dart: a map change really closes the menu, it does not only hide it
12:26 +1025 ~3 -26: /Users/karim/Project/pokemonProject/apps/avelune_studio/test/map_workspace/map_tool_strip_state_host_test.dart: Terrains tool reveals its hidden asset picker
12:27 +1026 ~3 -26: /Users/karim/Project/pokemonProject/apps/avelune_studio/test/map_workspace/map_tool_strip_state_host_test.dart: Terrains tool reveals its hidden asset picker
12:27 +1027 ~3 -26: /Users/karim/Project/pokemonProject/apps/avelune_studio/test/map_workspace/map_tool_strip_state_host_test.dart: Terrains tool reveals its hidden asset picker
12:27 +1028 ~3 -26: /Users/karim/Project/pokemonProject/apps/avelune_studio/test/map_workspace/map_tool_strip_state_host_test.dart: Terrains tool reveals its hidden asset picker
12:27 +1029 ~3 -26: /Users/karim/Project/pokemonProject/apps/avelune_studio/test/map_workspace/map_tool_strip_state_host_test.dart: Terrains tool reveals its hidden asset picker
12:29 +1030 ~3 -26: /Users/karim/Project/pokemonProject/apps/avelune_studio/test/map_workspace/decor_placement_preview_host_test.dart: the selected decor follows the mouse without editing the map
12:30 +1031 ~3 -26: /Users/karim/Project/pokemonProject/apps/avelune_studio/test/map_workspace/decor_placement_preview_host_test.dart: the selected decor follows the mouse without editing the map
12:31 +1032 ~3 -26: /Users/karim/Project/pokemonProject/apps/avelune_studio/test/map_workspace/map_tool_strip_state_host_test.dart: character placement reveals the hidden character picker
12:31 +1033 ~3 -26: /Users/karim/Project/pokemonProject/apps/avelune_studio/test/map_workspace/decor_placement_preview_host_test.dart: the preview clears when the pointer leaves the map
12:32 +1034 ~3 -26: /Users/karim/Project/pokemonProject/apps/avelune_studio/test/map_workspace/map_tool_strip_state_host_test.dart: visible palette remains inline when selecting the decor tool
12:33 +1035 ~3 -26: /Users/karim/Project/pokemonProject/apps/avelune_studio/test/map_workspace/map_tool_strip_state_host_test.dart: visible palette remains inline when selecting the decor tool
12:33 +1036 ~3 -26: /Users/karim/Project/pokemonProject/apps/avelune_studio/test/map_workspace/map_tool_strip_state_host_test.dart: visible palette remains inline when selecting the decor tool
12:33 +1037 ~3 -26: /Users/karim/Project/pokemonProject/apps/avelune_studio/test/map_workspace/map_tool_strip_state_host_test.dart: visible palette remains inline when selecting the decor tool
12:33 +1038 ~3 -26: /Users/karim/Project/pokemonProject/apps/avelune_studio/test/map_workspace/map_tool_strip_state_host_test.dart: visible palette remains inline when selecting the decor tool
12:33 +1039 ~3 -26: /Users/karim/Project/pokemonProject/apps/avelune_studio/test/map_workspace/map_tool_strip_state_host_test.dart: visible palette remains inline when selecting the decor tool
12:33 +1040 ~3 -26: /Users/karim/Project/pokemonProject/apps/avelune_studio/test/map_workspace/map_tool_strip_state_host_test.dart: visible palette remains inline when selecting the decor tool
12:33 +1041 ~3 -26: /Users/karim/Project/pokemonProject/apps/avelune_studio/test/map_workspace/map_tool_strip_state_host_test.dart: decor tool reveals a hidden palette and adds a chosen asset
12:35 +1042 ~3 -26: /Users/karim/Project/pokemonProject/apps/avelune_studio/test/map_workspace/map_tool_strip_state_host_test.dart: decor tool reveals a hidden palette and adds a chosen asset
12:35 +1043 ~3 -26: /Users/karim/Project/pokemonProject/apps/avelune_studio/test/map_workspace/map_tool_strip_state_host_test.dart: decor tool reveals a hidden palette and adds a chosen asset
12:35 +1044 ~3 -26: /Users/karim/Project/pokemonProject/apps/avelune_studio/test/map_workspace/map_tool_strip_state_host_test.dart: decor tool reveals a hidden palette and adds a chosen asset
12:35 +1045 ~3 -26: /Users/karim/Project/pokemonProject/apps/avelune_studio/test/map_workspace/map_tool_strip_state_host_test.dart: decor tool reveals a hidden palette and adds a chosen asset
12:35 +1046 ~3 -26: /Users/karim/Project/pokemonProject/apps/avelune_studio/test/map_workspace/map_tool_strip_state_host_test.dart: decor tool reveals a hidden palette and adds a chosen asset
12:35 +1047 ~3 -26: /Users/karim/Project/pokemonProject/apps/avelune_studio/test/map_workspace/map_tool_strip_state_host_test.dart: decor tool reveals a hidden palette and adds a chosen asset
12:35 +1048 ~3 -26: /Users/karim/Project/pokemonProject/apps/avelune_studio/test/map_workspace/map_tool_strip_state_host_test.dart: decor tool reveals a hidden palette and adds a chosen asset
12:35 +1049 ~3 -26: /Users/karim/Project/pokemonProject/apps/avelune_studio/test/map_workspace/map_tool_strip_state_host_test.dart: decor tool reveals a hidden palette and adds a chosen asset
12:35 +1050 ~3 -26: /Users/karim/Project/pokemonProject/apps/avelune_studio/test/map_workspace/map_tool_strip_state_host_test.dart: a chosen eraser replaces the misleading selection highlight
12:36 +1051 ~3 -26: /Users/karim/Project/pokemonProject/apps/avelune_studio/test/map_workspace/warp_canvas_test.dart: choosing a destination then clicking places the warp
12:36 +1052 ~3 -26: /Users/karim/Project/pokemonProject/apps/avelune_studio/test/map_workspace/warp_canvas_test.dart: a warp keeps its identity through zoom and pan
12:36 +1053 ~3 -26: /Users/karim/Project/pokemonProject/apps/avelune_studio/test/map_workspace/warp_canvas_test.dart: dragging moves the warp and the move is undoable
12:36 +1054 ~3 -26: /Users/karim/Project/pokemonProject/apps/avelune_studio/test/map_workspace/warp_canvas_test.dart: a character on the same cell keeps the selection
12:37 +1055 ~3 -26: /Users/karim/Project/pokemonProject/apps/avelune_studio/test/map_workspace/save_while_typing_test.dart: the Save button applies the entry still being written
12:38 +1056 ~3 -26: /Users/karim/Project/pokemonProject/apps/avelune_studio/test/map_workspace/save_while_typing_test.dart: the Save button applies the entry still being written
12:38 +1057 ~3 -26: /Users/karim/Project/pokemonProject/apps/avelune_studio/test/map_workspace/save_while_typing_test.dart: the Save button applies the entry still being written
12:38 +1058 ~3 -26: /Users/karim/Project/pokemonProject/apps/avelune_studio/test/map_workspace/save_while_typing_test.dart: the Save button applies the entry still being written
12:38 +1059 ~3 -26: /Users/karim/Project/pokemonProject/apps/avelune_studio/test/map_workspace/save_while_typing_test.dart: the Save button applies the entry still being written
12:38 +1060 ~3 -26: /Users/karim/Project/pokemonProject/apps/avelune_studio/test/map_workspace/save_while_typing_test.dart: the Save button applies the entry still being written
12:39 +1061 ~3 -26: /Users/karim/Project/pokemonProject/apps/avelune_studio/test/map_workspace/save_while_typing_test.dart: the Save button applies the entry still being written
12:39 +1062 ~3 -26: /Users/karim/Project/pokemonProject/apps/avelune_studio/test/map_workspace/save_while_typing_test.dart: the Save button applies the entry still being written
12:39 +1063 ~3 -26: /Users/karim/Project/pokemonProject/apps/avelune_studio/test/map_workspace/save_while_typing_test.dart: the Save button applies the entry still being written
12:39 +1064 ~3 -26: /Users/karim/Project/pokemonProject/apps/avelune_studio/test/map_workspace/save_while_typing_test.dart: the Save button applies the entry still being written
12:39 +1065 ~3 -26: /Users/karim/Project/pokemonProject/apps/avelune_studio/test/map_workspace/save_while_typing_test.dart: the Save button applies the entry still being written
12:40 +1065 ~3 -26: /Users/karim/Project/pokemonProject/apps/avelune_studio/test/map_workspace/map_connection_journey_test.dart: a paired border link saves both maps and resolves the next cell
[runtime_loader] bundle load start projectFilePath=/private/var/folders/b5/7gsfwzyd449_54n8l40h40gc0000gn/T/avelune_connection_bOI05e/project.json mapId=jardin
[runtime_loader] project manifest lookup path=/private/var/folders/b5/7gsfwzyd449_54n8l40h40gc0000gn/T/avelune_connection_bOI05e/project.json
[runtime_loader] project manifest read ok bytes=8480
[runtime_loader] project manifest validated maps=2 tilesets=1 scenarios=0
[runtime_loader] bundle map resolved mapId=jardin relativePath=maps/jardin.json mapPath=/private/var/folders/b5/7gsfwzyd449_54n8l40h40gc0000gn/T/avelune_connection_bOI05e/maps/jardin.json
[runtime_loader] map file lookup path=/private/var/folders/b5/7gsfwzyd449_54n8l40h40gc0000gn/T/avelune_connection_bOI05e/maps/jardin.json
[runtime_loader] map file read ok bytes=17465
[runtime_loader] map validated id=jardin size=24x16 layers=3 entities=1 placedElements=3 warps=0 triggers=0
[runtime_loader] bundle tilesets collected ids=atelier
[runtime_loader] bundle tileset path id=atelier path=/private/var/folders/b5/7gsfwzyd449_54n8l40h40gc0000gn/T/avelune_connection_bOI05e/assets/atelier.png
[runtime_loader] bundle load ok mapId=jardin projectRoot=/private/var/folders/b5/7gsfwzyd449_54n8l40h40gc0000gn/T/avelune_connection_bOI05e tilesets=1
12:40 +1066 ~3 -26: /Users/karim/Project/pokemonProject/apps/avelune_studio/test/map_workspace/save_while_typing_test.dart: the Save button applies the entry still being written
12:40 +1067 ~3 -26: /Users/karim/Project/pokemonProject/apps/avelune_studio/test/map_workspace/save_while_typing_test.dart: the Save button applies the entry still being written
12:41 +1068 ~3 -26: /Users/karim/Project/pokemonProject/apps/avelune_studio/test/map_workspace/save_while_typing_test.dart: the save shortcut works from inside a field
12:41 +1069 ~3 -26: /Users/karim/Project/pokemonProject/apps/avelune_studio/test/map_workspace/save_while_typing_test.dart: the save shortcut works from inside a field
12:41 +1070 ~3 -26: /Users/karim/Project/pokemonProject/apps/avelune_studio/test/map_workspace/save_while_typing_test.dart: the save shortcut works from inside a field
12:41 +1071 ~3 -26: /Users/karim/Project/pokemonProject/apps/avelune_studio/test/map_workspace/save_while_typing_test.dart: the save shortcut works from inside a field
12:41 +1072 ~3 -26: /Users/karim/Project/pokemonProject/apps/avelune_studio/test/map_workspace/save_while_typing_test.dart: the save shortcut works from inside a field
12:42 +1073 ~3 -26: /Users/karim/Project/pokemonProject/apps/avelune_studio/test/map_workspace/save_while_typing_test.dart: the save shortcut works from inside a field
12:42 +1074 ~3 -26: /Users/karim/Project/pokemonProject/apps/avelune_studio/test/map_workspace/save_while_typing_test.dart: the save shortcut works from inside a field
12:42 +1075 ~3 -26: /Users/karim/Project/pokemonProject/apps/avelune_studio/test/map_workspace/save_while_typing_test.dart: the save shortcut works from inside a field
12:43 +1076 ~3 -26: /Users/karim/Project/pokemonProject/apps/avelune_studio/test/map_workspace/save_while_typing_test.dart: the save shortcut works from inside a field
12:43 +1077 ~3 -26: /Users/karim/Project/pokemonProject/apps/avelune_studio/test/map_workspace/save_while_typing_test.dart: the save shortcut works from inside a field
12:43 +1078 ~3 -26: /Users/karim/Project/pokemonProject/apps/avelune_studio/test/map_workspace/save_while_typing_test.dart: the save shortcut works from inside a field
12:43 +1079 ~3 -26: /Users/karim/Project/pokemonProject/apps/avelune_studio/test/map_workspace/save_while_typing_test.dart: the save shortcut works from inside a field
12:43 +1080 ~3 -26: /Users/karim/Project/pokemonProject/apps/avelune_studio/test/map_workspace/save_while_typing_test.dart: the save shortcut works from inside a field
12:43 +1081 ~3 -26: /Users/karim/Project/pokemonProject/apps/avelune_studio/test/map_workspace/save_while_typing_test.dart: the save shortcut works from inside a field
12:43 +1082 ~3 -26: /Users/karim/Project/pokemonProject/apps/avelune_studio/test/map_workspace/draft_deletion_guard_test.dart: a story zone used by an unsaved event refuses to be deleted
12:44 +1083 ~3 -26: /Users/karim/Project/pokemonProject/apps/avelune_studio/test/map_workspace/save_while_typing_test.dart: deleting is still refused while the author types
12:44 +1084 ~3 -26: /Users/karim/Project/pokemonProject/apps/avelune_studio/test/map_workspace/save_while_typing_test.dart: deleting is still refused while the author types
12:44 +1085 ~3 -26: Some tests failed.

Failing tests:
  /Users/karim/Project/pokemonProject/apps/avelune_studio/test/architecture/architecture_boundaries_test.dart: fichiers Dart manuels limites a 300 lignes
  /Users/karim/Project/pokemonProject/apps/avelune_studio/test/cinematics/cinematic_spatial_gestures_ui10_test.dart: map clicks and point drag respect pan zoom resize at 16 px
  /Users/karim/Project/pokemonProject/apps/avelune_studio/test/cinematics/cinematic_spatial_gestures_ui10_test.dart: map clicks and point drag respect pan zoom resize at 32 px
  /Users/karim/Project/pokemonProject/apps/avelune_studio/test/cinematics/cinematic_viewport_parity_ui10_test.dart: scrub applies camera and fade while stop restores the work view
  ... and 22 more
