Resolving dependencies...
Downloading packages...
  _fe_analyzer_shared 103.0.0 (108.0.0 available)
  analyzer 13.3.0 (14.4.0 available)
  archive 4.0.9 (4.3.0 available)
  code_assets 2.0.0 (2.1.0 available)
  cross_file 0.3.5+5 (0.4.0 available)
  dbus 0.7.15 (0.8.0 available)
  file_picker 11.0.3 (13.1.0 available)
  flutter_riverpod 3.4.2 (3.4.3 available)
  gamepads 0.1.11 (0.1.12 available)
  gamepads_android 0.1.9 (0.1.10 available)
  gamepads_darwin 0.1.3 (0.1.4 available)
  gamepads_linux 0.1.2 (0.1.3 available)
  gamepads_platform_interface 0.1.3 (0.1.4 available)
  gamepads_web 0.1.2 (0.1.3 available)
  gamepads_windows 0.3.1 (0.3.2 available)
  material_color_utilities 0.13.0 (0.13.1 available)
  package_config 2.2.0 (3.0.0 available)
  platform 3.1.6 (3.2.0 available)
  riverpod 3.4.2 (3.4.3 available)
  synchronized 3.4.1+2 (3.4.2 available)
  test 1.31.1 (1.32.0 available)
  test_api 0.7.12 (0.7.14 available)
  test_core 0.6.18 (0.6.20 available)
  vector_math 2.4.2 (2.4.3 available)
  win32 5.15.0 (6.4.0 available)
Got dependencies!
25 packages have newer versions incompatible with dependency constraints.
Try `flutter pub outdated` for more information.
00:00 +0: loading /Users/karim/Project/pokemonProject/apps/avelune_studio/test/cinematics/cinematic_preview_media_ui10_test.dart
00:00 +0: /Users/karim/Project/pokemonProject/apps/avelune_studio/test/cinematics/cinematic_preview_media_ui10_test.dart: camera preview advances with media configured and audio=false
00:00 +1: /Users/karim/Project/pokemonProject/apps/avelune_studio/test/cinematics/cinematic_preview_media_ui10_test.dart: camera preview advances with media configured and audio=true
00:00 +2: /Users/karim/Project/pokemonProject/apps/avelune_studio/test/cinematics/cinematic_preview_media_ui10_test.dart: camera coexistence does not suppress missing media diagnostics
00:00 +3: /Users/karim/Project/pokemonProject/apps/avelune_studio/test/cinematics/cinematic_preview_media_ui10_test.dart: explicit playback executes canonical audio once; seek is silent and pause restores
00:00 +4: /Users/karim/Project/pokemonProject/apps/avelune_studio/test/cinematics/cinematic_preview_media_ui10_test.dart: stop during a pending media start restores the late owned channel
00:00 +5: /Users/karim/Project/pokemonProject/apps/avelune_studio/test/cinematics/cinematic_preview_media_ui10_test.dart: replacement and disposal clean previous asynchronous media without late notifications
00:00 +6: /Users/karim/Project/pokemonProject/apps/avelune_studio/test/cinematics/cinematic_preview_media_ui10_test.dart: media failure pauses visual playback and exposes an honest diagnostic
00:02 +7: /Users/karim/Project/pokemonProject/apps/avelune_studio/test/cinematics/cinematic_viewport_parity_ui10_test.dart: scrub applies camera and fade while stop restores the work view
00:03 +8: /Users/karim/Project/pokemonProject/apps/avelune_studio/test/cinematics/cinematic_viewport_parity_ui10_test.dart: scrub applies camera and fade while stop restores the work view
00:03 +9: /Users/karim/Project/pokemonProject/apps/avelune_studio/test/cinematics/cinematic_viewport_parity_ui10_test.dart: scrub applies camera and fade while stop restores the work view
00:04 +10: /Users/karim/Project/pokemonProject/apps/avelune_studio/test/cinematics/cinematic_viewport_parity_ui10_test.dart: scrub applies camera and fade while stop restores the work view
00:04 +11: /Users/karim/Project/pokemonProject/apps/avelune_studio/test/cinematics/cinematic_viewport_parity_ui10_test.dart: scrub applies camera and fade while stop restores the work view
00:04 +12: /Users/karim/Project/pokemonProject/apps/avelune_studio/test/cinematics/cinematic_viewport_parity_ui10_test.dart: scrub applies camera and fade while stop restores the work view
00:05 +13: /Users/karim/Project/pokemonProject/apps/avelune_studio/test/cinematics/cinematic_independent_publication_ui10_test.dart: cinematic save preserves concurrent import, every map and linked sources
00:05 +14: /Users/karim/Project/pokemonProject/apps/avelune_studio/test/cinematics/cinematic_independent_publication_ui10_test.dart: cinematic save preserves concurrent import, every map and linked sources
00:06 +15: /Users/karim/Project/pokemonProject/apps/avelune_studio/test/cinematics/cinematic_adapter_ui10_test.dart: referenced deletion lists consumer and leaves shared documents intact
00:06 +16: /Users/karim/Project/pokemonProject/apps/avelune_studio/test/cinematics/cinematic_adapter_ui10_test.dart: draft publication creates asset and library atomically without a map
00:07 +17: /Users/karim/Project/pokemonProject/apps/avelune_studio/test/cinematics/cinematic_published_guard_ui10_test.dart: published cinematic test preserves dirty dependencies and focused invalid edit blocks close
00:07 +18: /Users/karim/Project/pokemonProject/apps/avelune_studio/test/cinematics/cinematic_published_guard_ui10_test.dart: published cinematic test preserves dirty dependencies and focused invalid edit blocks close
00:07 +19: /Users/karim/Project/pokemonProject/apps/avelune_studio/test/cinematics/cinematic_published_guard_ui10_test.dart: published cinematic test preserves dirty dependencies and focused invalid edit blocks close
00:07 +20: /Users/karim/Project/pokemonProject/apps/avelune_studio/test/cinematics/cinematic_published_guard_ui10_test.dart: published cinematic test preserves dirty dependencies and focused invalid edit blocks close
00:07 +21: /Users/karim/Project/pokemonProject/apps/avelune_studio/test/cinematics/cinematic_published_guard_ui10_test.dart: published cinematic test preserves dirty dependencies and focused invalid edit blocks close
00:07 +22: /Users/karim/Project/pokemonProject/apps/avelune_studio/test/cinematics/cinematic_adapter_ui10_test.dart: classification conflict is detected before archive or delete
00:07 +23: /Users/karim/Project/pokemonProject/apps/avelune_studio/test/cinematics/cinematic_adapter_ui10_test.dart: interrupted promotion recovers both document and classification
00:07 +24: /Users/karim/Project/pokemonProject/apps/avelune_studio/test/cinematics/cinematic_adapter_ui10_test.dart: homonymous identities load separately and mismatched publication refuses
00:08 +25: /Users/karim/Project/pokemonProject/apps/avelune_studio/test/cinematics/cinematic_preview_transport_ui10_test.dart: canonical intermediate movement, backwards scrub and stop never modify author asset
00:08 +26: /Users/karim/Project/pokemonProject/apps/avelune_studio/test/cinematics/cinematic_preview_transport_ui10_test.dart: eighty sequential actions keep one plan for ticks, pause and scrub
00:10 +27: /Users/karim/Project/pokemonProject/apps/avelune_studio/test/cinematics/cinematic_animation_ui10_test.dart: animation uses canonical command, preserves unknown metadata and undoes repeat edit
00:10 +28: /Users/karim/Project/pokemonProject/apps/avelune_studio/test/cinematics/cinematic_animation_ui10_test.dart: typed animation inspector edits repeat count and retains invalid input diagnostic
00:10 +29: /Users/karim/Project/pokemonProject/apps/avelune_studio/test/cinematics/cinematic_animation_ui10_test.dart: typed animation inspector edits repeat count and retains invalid input diagnostic
00:10 +30: /Users/karim/Project/pokemonProject/apps/avelune_studio/test/cinematics/cinematic_animation_ui10_test.dart: typed animation inspector edits repeat count and retains invalid input diagnostic
00:10 +31: /Users/karim/Project/pokemonProject/apps/avelune_studio/test/cinematics/cinematic_animation_ui10_test.dart: typed animation inspector edits repeat count and retains invalid input diagnostic
00:11 +32: /Users/karim/Project/pokemonProject/apps/avelune_studio/test/cinematics/cinematic_coexistence_ui10_test.dart: full and simplified dirty ownership is reciprocal; publication invalidates only clean owners
00:11 +33: /Users/karim/Project/pokemonProject/apps/avelune_studio/test/cinematics/cinematic_coexistence_ui10_test.dart: full and simplified dirty ownership is reciprocal; publication invalidates only clean owners
00:11 +34: /Users/karim/Project/pokemonProject/apps/avelune_studio/test/cinematics/cinematic_coexistence_ui10_test.dart: full and simplified dirty ownership is reciprocal; publication invalidates only clean owners
00:12 +35: /Users/karim/Project/pokemonProject/apps/avelune_studio/test/cinematics/cinematic_coexistence_ui10_test.dart: full and simplified dirty ownership is reciprocal; publication invalidates only clean owners
00:12 +36: /Users/karim/Project/pokemonProject/apps/avelune_studio/test/cinematics/cinematic_coexistence_ui10_test.dart: changed cinematic base refuses stale simplified publication even when scene is unchanged
00:12 +37: /Users/karim/Project/pokemonProject/apps/avelune_studio/test/cinematics/dialogue_working_source_ui10_test.dart: C1 dirty simplified dialogue wins over old clean full snapshot without publication
00:13 +38: /Users/karim/Project/pokemonProject/apps/avelune_studio/test/cinematics/dialogue_working_source_ui10_test.dart: C1 dirty simplified dialogue wins over old clean full snapshot without publication
00:13 +39: /Users/karim/Project/pokemonProject/apps/avelune_studio/test/cinematics/dialogue_working_source_ui10_test.dart: C1 dirty simplified dialogue wins over old clean full snapshot without publication
00:14 +40: /Users/karim/Project/pokemonProject/apps/avelune_studio/test/cinematics/dialogue_working_source_ui10_test.dart: C1 dirty simplified dialogue wins over old clean full snapshot without publication
00:14 +41: /Users/karim/Project/pokemonProject/apps/avelune_studio/test/cinematics/dialogue_working_source_ui10_test.dart: C1 dirty simplified dialogue wins over old clean full snapshot without publication
00:14 +42: /Users/karim/Project/pokemonProject/apps/avelune_studio/test/cinematics/dialogue_working_source_ui10_test.dart: C1 dirty simplified dialogue wins over old clean full snapshot without publication
00:14 +43: /Users/karim/Project/pokemonProject/apps/avelune_studio/test/cinematics/dialogue_working_source_ui10_test.dart: C1 dirty simplified dialogue wins over old clean full snapshot without publication
00:14 +44: /Users/karim/Project/pokemonProject/apps/avelune_studio/test/cinematics/dialogue_working_source_ui10_test.dart: working source resolves publication, explicit discard, homonyms and project boundary
00:15 +45: /Users/karim/Project/pokemonProject/apps/avelune_studio/test/cinematics/cinematic_spatial_gestures_ui10_test.dart: map clicks and point drag respect pan zoom resize at 16 px
00:15 +46: /Users/karim/Project/pokemonProject/apps/avelune_studio/test/cinematics/cinematic_spatial_gestures_ui10_test.dart: map clicks and point drag respect pan zoom resize at 16 px
00:16 +47: /Users/karim/Project/pokemonProject/apps/avelune_studio/test/cinematics/cinematic_spatial_gestures_ui10_test.dart: map clicks and point drag respect pan zoom resize at 16 px
00:18 +48: /Users/karim/Project/pokemonProject/apps/avelune_studio/test/terrain_editor_test.dart: source assignment, scratch correction and publication activate the saved preset
00:18 +49: /Users/karim/Project/pokemonProject/apps/avelune_studio/test/cinematics/cinematic_spatial_gestures_ui10_test.dart: map clicks and point drag respect pan zoom resize at 32 px
00:19 +50: /Users/karim/Project/pokemonProject/apps/avelune_studio/test/cinematics/cinematic_spatial_gestures_ui10_test.dart: map clicks and point drag respect pan zoom resize at 32 px
00:22 +51: /Users/karim/Project/pokemonProject/apps/avelune_studio/test/dialogues_ui09_responsive_test.dart: responsive 1440x900 edits text and response then saves
00:25 +52: /Users/karim/Project/pokemonProject/apps/avelune_studio/test/dialogues_ui09_responsive_test.dart: responsive 1440x900 edits text and response then saves
00:28 +53: /Users/karim/Project/pokemonProject/apps/avelune_studio/test/dialogues_ui09_responsive_test.dart: responsive 1440x900 edits text and response then saves
00:29 +54: /Users/karim/Project/pokemonProject/apps/avelune_studio/test/ui11_presentation_transport_controls_test.dart: UI11 transport answers the keyboard without a focused panel
00:29 +55: /Users/karim/Project/pokemonProject/apps/avelune_studio/test/dialogues_ui09_responsive_test.dart: responsive 1280x800 edits text and response then saves
00:32 +56: /Users/karim/Project/pokemonProject/apps/avelune_studio/test/dialogues_ui09_responsive_test.dart: responsive 1280x800 edits text and response then saves
00:33 +57: /Users/karim/Project/pokemonProject/apps/avelune_studio/test/dialogues_ui09_responsive_test.dart: responsive 1024x640 edits text and response then saves
00:34 +58: /Users/karim/Project/pokemonProject/apps/avelune_studio/test/dialogues_ui09_responsive_test.dart: responsive 1024x640 edits text and response then saves
00:34 +59: /Users/karim/Project/pokemonProject/apps/avelune_studio/test/dialogues_ui09_responsive_test.dart: responsive 1024x640 edits text and response then saves
00:34 +60: /Users/karim/Project/pokemonProject/apps/avelune_studio/test/dialogues_ui09_responsive_test.dart: responsive 1024x640 edits text and response then saves
00:34 +61: /Users/karim/Project/pokemonProject/apps/avelune_studio/test/dialogues_ui09_responsive_test.dart: responsive 1024x640 edits text and response then saves
00:35 +62: /Users/karim/Project/pokemonProject/apps/avelune_studio/test/dialogues_ui09_responsive_test.dart: responsive 1024x640 edits text and response then saves
00:35 +63: /Users/karim/Project/pokemonProject/apps/avelune_studio/test/dialogues_ui09_responsive_test.dart: responsive 1024x640 edits text and response then saves
00:37 +64: /Users/karim/Project/pokemonProject/apps/avelune_studio/test/ui13_verification_recovery_test.dart: saving during an analysis leaves no ghost control
00:37 +65: /Users/karim/Project/pokemonProject/apps/avelune_studio/test/ui13_verification_recovery_test.dart: a revision that moves during the reads is prepared again
00:37 +66: /Users/karim/Project/pokemonProject/apps/avelune_studio/test/ui13_verification_recovery_test.dart: a failed preparation still frees the page
00:37 +67: /Users/karim/Project/pokemonProject/apps/avelune_studio/test/ui13_verification_recovery_test.dart: a refused input check frees the page too
00:37 +68: /Users/karim/Project/pokemonProject/apps/avelune_studio/test/ui13_verification_recovery_test.dart: the end of a replaced request does not disturb the new one
00:38 +69: /Users/karim/Project/pokemonProject/apps/avelune_studio/test/home/home_character_navigation_test.dart: home character placement preserves map and opens palette: compact=false
00:38 +70: /Users/karim/Project/pokemonProject/apps/avelune_studio/test/home/home_character_navigation_test.dart: home character placement preserves map and opens palette: compact=false
00:38 +71: /Users/karim/Project/pokemonProject/apps/avelune_studio/test/home/home_character_navigation_test.dart: home character placement preserves map and opens palette: compact=false
00:38 +72: /Users/karim/Project/pokemonProject/apps/avelune_studio/test/home/home_character_navigation_test.dart: home character placement preserves map and opens palette: compact=false
00:38 +73: /Users/karim/Project/pokemonProject/apps/avelune_studio/test/home/home_character_navigation_test.dart: home character placement preserves map and opens palette: compact=false
00:38 +74: /Users/karim/Project/pokemonProject/apps/avelune_studio/test/home/home_character_navigation_test.dart: home character placement preserves map and opens palette: compact=false
00:40 +75: /Users/karim/Project/pokemonProject/apps/avelune_studio/test/home/home_lazy_collection_test.dart: compact home builds long recent collections on demand
00:41 +76: /Users/karim/Project/pokemonProject/apps/avelune_studio/test/home/home_character_navigation_test.dart: home character placement preserves map and opens palette: compact=true
00:44 +77: /Users/karim/Project/pokemonProject/apps/avelune_studio/test/home/home_navigation_test.dart: home keeps mounted workspace, document, zoom and undo; cancelled switch preserves it
00:45 +78: /Users/karim/Project/pokemonProject/apps/avelune_studio/test/home/home_navigation_test.dart: home keeps mounted workspace, document, zoom and undo; cancelled switch preserves it
00:46 +79: /Users/karim/Project/pokemonProject/apps/avelune_studio/test/home/home_visual_test.dart: home fits Size(1536.0, 1024.0) with real layout and local search
00:47 +80: /Users/karim/Project/pokemonProject/apps/avelune_studio/test/home/home_real_project_test.dart: opens disposable on-disk project and captures the real active home
00:47 +81: /Users/karim/Project/pokemonProject/apps/avelune_studio/test/home/home_real_project_test.dart: opens disposable on-disk project and captures the real active home
00:47 +82: /Users/karim/Project/pokemonProject/apps/avelune_studio/test/home/home_real_project_test.dart: opens disposable on-disk project and captures the real active home
00:48 +83: /Users/karim/Project/pokemonProject/apps/avelune_studio/test/home/home_real_project_test.dart: opens disposable on-disk project and captures the real active home
00:48 +84: /Users/karim/Project/pokemonProject/apps/avelune_studio/test/home/home_real_project_test.dart: opens disposable on-disk project and captures the real active home
00:49 +85: /Users/karim/Project/pokemonProject/apps/avelune_studio/test/home/home_real_project_test.dart: opens disposable on-disk project and captures the real active home
00:49 +86: /Users/karim/Project/pokemonProject/apps/avelune_studio/test/ui13_verification_page_test.dart: the page states that nothing was checked before a launch
00:51 +87: /Users/karim/Project/pokemonProject/apps/avelune_studio/test/presentations_ui11_renderer_parity_test.dart: shared montage equals actual runtime frames portrait=false
00:52 +88: /Users/karim/Project/pokemonProject/apps/avelune_studio/test/presentations_ui11_renderer_parity_test.dart: shared montage equals actual runtime frames portrait=false
00:53 +89: /Users/karim/Project/pokemonProject/apps/avelune_studio/test/presentations_ui11_renderer_parity_test.dart: shared montage equals actual runtime frames portrait=false
00:54 +90: /Users/karim/Project/pokemonProject/apps/avelune_studio/test/ui13_verification_page_test.dart: the report announces that the work moved under it
00:54 +91: /Users/karim/Project/pokemonProject/apps/avelune_studio/test/presentations_ui11_renderer_parity_test.dart: shared montage equals actual runtime frames portrait=true
00:56 +92: /Users/karim/Project/pokemonProject/apps/avelune_studio/test/cinematics_ui10_error_recovery_test.dart: UI10 recovers missing actor through real controls and preserves invalid fields
00:57 +93: /Users/karim/Project/pokemonProject/apps/avelune_studio/test/cinematics_ui10_error_recovery_test.dart: UI10 recovers missing actor through real controls and preserves invalid fields
00:57 +94: /Users/karim/Project/pokemonProject/apps/avelune_studio/test/cinematics_ui10_error_recovery_test.dart: UI10 recovers missing actor through real controls and preserves invalid fields
00:58 +95: /Users/karim/Project/pokemonProject/apps/avelune_studio/test/cinematics_ui10_error_recovery_test.dart: UI10 recovers missing actor through real controls and preserves invalid fields
00:58 +96: /Users/karim/Project/pokemonProject/apps/avelune_studio/test/cinematics_ui10_error_recovery_test.dart: UI10 recovers missing actor through real controls and preserves invalid fields
00:58 +97: /Users/karim/Project/pokemonProject/apps/avelune_studio/test/cinematics_ui10_error_recovery_test.dart: UI10 recovers missing actor through real controls and preserves invalid fields
00:59 +98: /Users/karim/Project/pokemonProject/apps/avelune_studio/test/cinematics_ui10_error_recovery_test.dart: UI10 recovers missing actor through real controls and preserves invalid fields
00:59 +99: /Users/karim/Project/pokemonProject/apps/avelune_studio/test/cinematics_ui10_error_recovery_test.dart: UI10 recovers missing actor through real controls and preserves invalid fields
00:59 +100: /Users/karim/Project/pokemonProject/apps/avelune_studio/test/cinematics_ui10_error_recovery_test.dart: UI10 recovers missing actor through real controls and preserves invalid fields
00:59 +101: /Users/karim/Project/pokemonProject/apps/avelune_studio/test/cinematics_ui10_error_recovery_test.dart: UI10 recovers missing actor through real controls and preserves invalid fields
00:59 +102: /Users/karim/Project/pokemonProject/apps/avelune_studio/test/cinematics_ui10_error_recovery_test.dart: UI10 recovers missing actor through real controls and preserves invalid fields
01:01 +103: /Users/karim/Project/pokemonProject/apps/avelune_studio/test/cinematics_ui10_error_recovery_test.dart: UI10 recovers missing actor through real controls and preserves invalid fields
01:01 +104: /Users/karim/Project/pokemonProject/apps/avelune_studio/test/cinematics_ui10_error_recovery_test.dart: UI10 recovers missing actor through real controls and preserves invalid fields
01:01 +105: /Users/karim/Project/pokemonProject/apps/avelune_studio/test/cinematics_ui10_error_recovery_test.dart: UI10 recovers missing actor through real controls and preserves invalid fields
01:02 +106: /Users/karim/Project/pokemonProject/apps/avelune_studio/test/cinematics_ui10_error_recovery_test.dart: UI10 recovers missing actor through real controls and preserves invalid fields
01:03 +107: /Users/karim/Project/pokemonProject/apps/avelune_studio/test/cinematics_ui10_error_recovery_test.dart: UI10 recovers missing actor through real controls and preserves invalid fields
01:04 +108: /Users/karim/Project/pokemonProject/apps/avelune_studio/test/cinematics_ui10_error_recovery_test.dart: UI10 recovers missing actor through real controls and preserves invalid fields
01:04 +109: /Users/karim/Project/pokemonProject/apps/avelune_studio/test/cinematics_ui10_error_recovery_test.dart: UI10 recovers missing actor through real controls and preserves invalid fields
01:06 +110: /Users/karim/Project/pokemonProject/apps/avelune_studio/test/cinematics_ui10_error_recovery_test.dart: UI10 recovers missing actor through real controls and preserves invalid fields
01:06 +111: /Users/karim/Project/pokemonProject/apps/avelune_studio/test/cinematics_ui10_error_recovery_test.dart: UI10 recovers missing actor through real controls and preserves invalid fields
01:06 +112: /Users/karim/Project/pokemonProject/apps/avelune_studio/test/cinematics_ui10_error_recovery_test.dart: UI10 recovers missing actor through real controls and preserves invalid fields
01:06 +113: /Users/karim/Project/pokemonProject/apps/avelune_studio/test/cinematics_ui10_error_recovery_test.dart: UI10 recovers missing actor through real controls and preserves invalid fields
01:06 +114: /Users/karim/Project/pokemonProject/apps/avelune_studio/test/dialogues/dialogue_concurrency_ui09_test.dart: opaque source preamble is preserved and cannot be normalized away
01:07 +115: /Users/karim/Project/pokemonProject/apps/avelune_studio/test/dialogues/dialogue_concurrency_ui09_test.dart: late delete protects A against edits and never deselects B
01:07 +116: /Users/karim/Project/pokemonProject/apps/avelune_studio/test/dialogues/dialogue_concurrency_ui09_test.dart: catalog deletion invalidates a clean full document without opening a namesake
01:07 +117: /Users/karim/Project/pokemonProject/apps/avelune_studio/test/dialogues/dialogue_publication_guards_ui09_test.dart: interruption between manifest and source recovers the coherent pair
01:08 +118: /Users/karim/Project/pokemonProject/apps/avelune_studio/test/dialogues/dialogue_publication_guards_ui09_test.dart: strict compilation rejects unsupported commands without touching either file
01:08 +119: /Users/karim/Project/pokemonProject/apps/avelune_studio/test/dialogues/dialogue_publication_guards_ui09_test.dart: delete and missing external Yarn entry refuse with consumer paths
01:08 +120: /Users/karim/Project/pokemonProject/apps/avelune_studio/test/dialogues/dialogue_publication_guards_ui09_test.dart: mutex rechecks the exact source baseline after waiting for another save
01:08 +121: /Users/karim/Project/pokemonProject/apps/avelune_studio/test/dialogues/dialogue_publication_guards_ui09_test.dart: missing malformed and empty sources do not fabricate a replacement
01:08 +122: /Users/karim/Project/pokemonProject/apps/avelune_studio/test/dialogues/dialogue_publication_guards_ui09_test.dart: an existing unregistered source cannot be overwritten by creation
01:08 +123: /Users/karim/Project/pokemonProject/apps/avelune_studio/test/dialogues_ui09_interaction_test.dart: switching inspector tab commits focused text before disposal
01:08 +124: /Users/karim/Project/pokemonProject/apps/avelune_studio/test/dialogues_ui09_interaction_test.dart: switching inspector tab commits focused text before disposal
01:08 +125: /Users/karim/Project/pokemonProject/apps/avelune_studio/test/dialogues_ui09_interaction_test.dart: switching inspector tab commits focused text before disposal
01:09 +126: /Users/karim/Project/pokemonProject/apps/avelune_studio/test/dialogues_ui09_interaction_test.dart: switching inspector tab commits focused text before disposal
01:09 +127: /Users/karim/Project/pokemonProject/apps/avelune_studio/test/dialogues_ui09_interaction_test.dart: switching inspector tab commits focused text before disposal
01:10 +128: /Users/karim/Project/pokemonProject/apps/avelune_studio/test/dialogues_ui09_interaction_test.dart: switching inspector tab commits focused text before disposal
01:10 +129: /Users/karim/Project/pokemonProject/apps/avelune_studio/test/dialogues_ui09_interaction_test.dart: switching inspector tab commits focused text before disposal
01:11 +130: /Users/karim/Project/pokemonProject/apps/avelune_studio/test/dialogues_ui09_interaction_test.dart: switching inspector tab commits focused text before disposal
01:11 +131: /Users/karim/Project/pokemonProject/apps/avelune_studio/test/dialogues_ui09_interaction_test.dart: switching inspector tab commits focused text before disposal
01:11 +132: /Users/karim/Project/pokemonProject/apps/avelune_studio/test/dialogues_ui09_interaction_test.dart: switching inspector tab commits focused text before disposal
01:11 +133: /Users/karim/Project/pokemonProject/apps/avelune_studio/test/dialogues_ui09_interaction_test.dart: switching inspector tab commits focused text before disposal
01:11 +134: /Users/karim/Project/pokemonProject/apps/avelune_studio/test/dialogues_ui09_interaction_test.dart: switching inspector tab commits focused text before disposal
01:12 +135: /Users/karim/Project/pokemonProject/apps/avelune_studio/test/dialogues_ui09_interaction_test.dart: focused text saves exact source and history remains usable
01:12 +136: /Users/karim/Project/pokemonProject/apps/avelune_studio/test/dialogues_ui09_interaction_test.dart: focused text saves exact source and history remains usable
01:14 +137: /Users/karim/Project/pokemonProject/apps/avelune_studio/test/dialogues_ui09_interaction_test.dart: focused text saves exact source and history remains usable
01:14 +138: /Users/karim/Project/pokemonProject/apps/avelune_studio/test/dialogues_ui09_interaction_test.dart: focused text saves exact source and history remains usable
01:14 +139: /Users/karim/Project/pokemonProject/apps/avelune_studio/test/dialogues_ui09_interaction_test.dart: focused text saves exact source and history remains usable
01:14 +140: /Users/karim/Project/pokemonProject/apps/avelune_studio/test/dialogues_ui09_interaction_test.dart: focused text saves exact source and history remains usable
01:14 +141: /Users/karim/Project/pokemonProject/apps/avelune_studio/test/scenes/scene_history_ui06_test.dart: bounded scene history retains latest changes and saved baseline
01:14 +142: /Users/karim/Project/pokemonProject/apps/avelune_studio/test/dialogues_ui09_interaction_test.dart: preview plays both explicit branches without publication
01:15 +143: /Users/karim/Project/pokemonProject/apps/avelune_studio/test/dialogues_ui09_interaction_test.dart: preview plays both explicit branches without publication
01:15 +144: /Users/karim/Project/pokemonProject/apps/avelune_studio/test/dialogues_ui09_interaction_test.dart: preview plays both explicit branches without publication
01:15 +145: /Users/karim/Project/pokemonProject/apps/avelune_studio/test/dialogues_ui09_interaction_test.dart: preview plays both explicit branches without publication
01:15 +146: /Users/karim/Project/pokemonProject/apps/avelune_studio/test/dialogues_ui09_interaction_test.dart: preview plays both explicit branches without publication
01:15 +147: /Users/karim/Project/pokemonProject/apps/avelune_studio/test/dialogues_ui09_interaction_test.dart: preview plays both explicit branches without publication
01:15 +148: /Users/karim/Project/pokemonProject/apps/avelune_studio/test/dialogues_ui09_interaction_test.dart: preview plays both explicit branches without publication
01:15 +149: /Users/karim/Project/pokemonProject/apps/avelune_studio/test/dialogues_ui09_interaction_test.dart: preview plays both explicit branches without publication
01:15 +150: /Users/karim/Project/pokemonProject/apps/avelune_studio/test/dialogues_ui09_interaction_test.dart: preview plays both explicit branches without publication
01:15 +151: /Users/karim/Project/pokemonProject/apps/avelune_studio/test/dialogues_ui09_interaction_test.dart: preview plays both explicit branches without publication
01:18 +152: /Users/karim/Project/pokemonProject/apps/avelune_studio/test/dialogues_ui09_volume_test.dart: UI09 40 suites 200 lines 50 links navigation does not reread or compile
UI09 volume: 40 suites, 200 lines, 50 links; 8 gestures; 1 source read; 0 additional compilations; 9 page builds (initial + 8 selection updates).
01:20 +153: /Users/karim/Project/pokemonProject/apps/avelune_studio/test/dialogues_ui09_interaction_test.dart: wire drag cancellation and real reconnection preserve history at 0.55
01:21 +154: /Users/karim/Project/pokemonProject/apps/avelune_studio/test/dialogues_ui09_interaction_test.dart: wire drag cancellation and real reconnection preserve history at 0.9
01:22 +155: /Users/karim/Project/pokemonProject/apps/avelune_studio/test/dialogues_ui09_interaction_test.dart: wire drag cancellation and real reconnection preserve history at 0.9
01:22 +155: /Users/karim/Project/pokemonProject/apps/avelune_studio/test/ui06_scene_runtime_test.dart: real runtime plays Yarn and refusal
[runtime_loader] bundle load start projectFilePath=/private/var/folders/b5/7gsfwzyd449_54n8l40h40gc0000gn/T/avelune_ui06_drFk0M/project.json mapId=jardin
[runtime_loader] project manifest lookup path=/private/var/folders/b5/7gsfwzyd449_54n8l40h40gc0000gn/T/avelune_ui06_drFk0M/project.json
[runtime_loader] project manifest read ok bytes=16666
[runtime_loader] project manifest validated maps=2 tilesets=1 scenarios=0
[runtime_loader] bundle map resolved mapId=jardin relativePath=maps/jardin.json mapPath=/private/var/folders/b5/7gsfwzyd449_54n8l40h40gc0000gn/T/avelune_ui06_drFk0M/maps/jardin.json
[runtime_loader] map file lookup path=/private/var/folders/b5/7gsfwzyd449_54n8l40h40gc0000gn/T/avelune_ui06_drFk0M/maps/jardin.json
[runtime_loader] map file read ok bytes=17182
[runtime_loader] map validated id=jardin size=24x16 layers=3 entities=1 placedElements=3 warps=0 triggers=0
[runtime_loader] bundle tilesets collected ids=atelier
[runtime_loader] bundle tileset path id=atelier path=/private/var/folders/b5/7gsfwzyd449_54n8l40h40gc0000gn/T/avelune_ui06_drFk0M/assets/atelier.png
[runtime_loader] bundle load ok mapId=jardin projectRoot=/private/var/folders/b5/7gsfwzyd449_54n8l40h40gc0000gn/T/avelune_ui06_drFk0M tilesets=1
[runtime_game] tileset image load start map=jardin
[runtime_game] tileset cache resolve requested=1
[runtime_game] tileset cache resolve ok result=1
[runtime_game] onLoad start map=jardin projectFilePath=/private/var/folders/b5/7gsfwzyd449_54n8l40h40gc0000gn/T/avelune_ui06_drFk0M/project.json tilesets=1
[runtime_game] world build start map=jardin
[runtime] Map loaded: jardin, spawn at (8, 9)
[runtime_game] tileset image load ok count=1 map=jardin
[runtime_game] mount root map start map=jardin
[runtime_game] mount root map ok map=jardin
[runtime_game] onLoad completed activeMapId=jardin
[runtime_loader] bundle load start projectFilePath=/private/var/folders/b5/7gsfwzyd449_54n8l40h40gc0000gn/T/avelune_ui06_drFk0M/project.json mapId=clairiere
[runtime_loader] project manifest lookup path=/private/var/folders/b5/7gsfwzyd449_54n8l40h40gc0000gn/T/avelune_ui06_drFk0M/project.json
[runtime_loader] project manifest read ok bytes=16666
[runtime_loader] project manifest validated maps=2 tilesets=1 scenarios=0
[runtime_loader] bundle map resolved mapId=clairiere relativePath=maps/clairiere.json mapPath=/private/var/folders/b5/7gsfwzyd449_54n8l40h40gc0000gn/T/avelune_ui06_drFk0M/maps/clairiere.json
[runtime_loader] map file lookup path=/private/var/folders/b5/7gsfwzyd449_54n8l40h40gc0000gn/T/avelune_ui06_drFk0M/maps/clairiere.json
[runtime_loader] map file read ok bytes=17187
[runtime_loader] map validated id=clairiere size=24x16 layers=3 entities=1 placedElements=3 warps=0 triggers=0
[runtime_loader] bundle tilesets collected ids=atelier
[runtime_loader] bundle tileset path id=atelier path=/private/var/folders/b5/7gsfwzyd449_54n8l40h40gc0000gn/T/avelune_ui06_drFk0M/assets/atelier.png
[runtime_loader] bundle load ok mapId=clairiere projectRoot=/private/var/folders/b5/7gsfwzyd449_54n8l40h40gc0000gn/T/avelune_ui06_drFk0M tilesets=1
[dialogue] interaction entity=event-v2:evt_019abcde-9000-7000-8000-000000000106:evx_01a0d927-16d9-7001-8000-ee5974725d0a:station_welcome:1790349612765
[dialogue] resolved dialogueId=station_welcome
[dialogue] resolved file=dialogues/station_welcome.yarn
[dialogue] requested startNode=Start
[scenario_lock] accepted source=event-v2:evt_019abcde-9000-7000-8000-000000000106:evx_01a0d927-16d9-7001-8000-ee5974725d0a:station_welcome:1790349612765 phase=dialogueLoading serial=1
[dialogue] parsed 1 node(s) from /private/var/folders/b5/7gsfwzyd449_54n8l40h40gc0000gn/T/avelune_ui06_drFk0M/dialogues/station_welcome.yarn
[dialogue] starting at node "Start"
[scene_runtime] dialogue content loaded request=event-v2:evt_019abcde-9000-7000-8000-000000000106:evx_01a0d927-16d9-7001-8000-ee5974725d0a:station_welcome:1790349612765 elapsedMs=52
[scenario_lock] cleared source=event-v2:evt_019abcde-9000-7000-8000-000000000106:evx_01a0d927-16d9-7001-8000-ee5974725d0a:station_welcome:1790349612765 reason=dialogueOpened serial=1
[dialogue] opened node=Start text="Bienvenue en gare. Avez-vous votre laissez-passer ?"
[dialogue] dialogue closed
[scene_runtime] dialogue completed request=event-v2:evt_019abcde-9000-7000-8000-000000000106:evx_01a0d927-16d9-7001-8000-ee5974725d0a:station_welcome:1790349612765 status=completed port=completed
[dialogue] finished
[dialogue] interaction entity=event-v2:evt_019abcde-9000-7000-8000-000000000106:evx_01a0d927-16d9-7001-8000-ee5974725d0a:station_refusal:1790349612831
[dialogue] resolved dialogueId=station_refusal
[dialogue] resolved file=dialogues/station_refusal.yarn
[dialogue] requested startNode=Start
[scenario_lock] accepted source=event-v2:evt_019abcde-9000-7000-8000-000000000106:evx_01a0d927-16d9-7001-8000-ee5974725d0a:station_refusal:1790349612831 phase=dialogueLoading serial=2
[dialogue] parsed 1 node(s) from /private/var/folders/b5/7gsfwzyd449_54n8l40h40gc0000gn/T/avelune_ui06_drFk0M/dialogues/station_refusal.yarn
[dialogue] starting at node "Start"
[scene_runtime] dialogue content loaded request=event-v2:evt_019abcde-9000-7000-8000-000000000106:evx_01a0d927-16d9-7001-8000-ee5974725d0a:station_refusal:1790349612831 elapsedMs=40
[scenario_lock] cleared source=event-v2:evt_019abcde-9000-7000-8000-000000000106:evx_01a0d927-16d9-7001-8000-ee5974725d0a:station_refusal:1790349612831 reason=dialogueOpened serial=2
[dialogue] opened node=Start text="Il vous faut un laissez-passer."
[dialogue] dialogue closed
[scene_runtime] dialogue completed request=event-v2:evt_019abcde-9000-7000-8000-000000000106:evx_01a0d927-16d9-7001-8000-ee5974725d0a:station_refusal:1790349612831 status=completed port=completed
[dialogue] finished
[event_v2] outcome noMatch producer=scene:scene_station_meeting outcome=attente legacyFallbackAllowed=false
[event_v2] mapEnter activation=mapact_1790349612511562_1 map=jardin reason=initialBoot result=MapEnterProductionDispatchV2Handled
[step_studio_trace] runtime_save_requested map=jardin completedStepIds=[] completedCutsceneIds=[]
01:23 +156: /Users/karim/Project/pokemonProject/apps/avelune_studio/test/dialogues_ui09_interaction_test.dart: wire drag cancellation and real reconnection preserve history at 0.9
01:23 +157: /Users/karim/Project/pokemonProject/apps/avelune_studio/test/dialogues_ui09_interaction_test.dart: wire drag cancellation and real reconnection preserve history at 0.9
01:23 +158: /Users/karim/Project/pokemonProject/apps/avelune_studio/test/ui06_scene_runtime_test.dart: real runtime plays Yarn and cinematic agreement
[runtime_loader] bundle load start projectFilePath=/private/var/folders/b5/7gsfwzyd449_54n8l40h40gc0000gn/T/avelune_ui06_0zTXdi/project.json mapId=jardin
[runtime_loader] project manifest lookup path=/private/var/folders/b5/7gsfwzyd449_54n8l40h40gc0000gn/T/avelune_ui06_0zTXdi/project.json
[runtime_loader] project manifest read ok bytes=17278
[runtime_loader] project manifest validated maps=2 tilesets=1 scenarios=0
[runtime_loader] bundle map resolved mapId=jardin relativePath=maps/jardin.json mapPath=/private/var/folders/b5/7gsfwzyd449_54n8l40h40gc0000gn/T/avelune_ui06_0zTXdi/maps/jardin.json
[runtime_loader] map file lookup path=/private/var/folders/b5/7gsfwzyd449_54n8l40h40gc0000gn/T/avelune_ui06_0zTXdi/maps/jardin.json
[runtime_loader] map file read ok bytes=17182
[runtime_loader] map validated id=jardin size=24x16 layers=3 entities=1 placedElements=3 warps=0 triggers=0
[runtime_loader] bundle tilesets collected ids=atelier
[runtime_loader] bundle tileset path id=atelier path=/private/var/folders/b5/7gsfwzyd449_54n8l40h40gc0000gn/T/avelune_ui06_0zTXdi/assets/atelier.png
[runtime_loader] bundle load ok mapId=jardin projectRoot=/private/var/folders/b5/7gsfwzyd449_54n8l40h40gc0000gn/T/avelune_ui06_0zTXdi tilesets=1
[runtime_game] tileset image load start map=jardin
[runtime_game] tileset cache resolve requested=1
[runtime_game] tileset cache resolve ok result=1
[runtime_game] onLoad start map=jardin projectFilePath=/private/var/folders/b5/7gsfwzyd449_54n8l40h40gc0000gn/T/avelune_ui06_0zTXdi/project.json tilesets=1
[runtime_game] world build start map=jardin
[runtime] Map loaded: jardin, spawn at (8, 9)
[runtime_game] tileset image load ok count=1 map=jardin
[runtime_game] mount root map start map=jardin
[runtime_game] mount root map ok map=jardin
[runtime_game] onLoad completed activeMapId=jardin
[runtime_loader] bundle load start projectFilePath=/private/var/folders/b5/7gsfwzyd449_54n8l40h40gc0000gn/T/avelune_ui06_0zTXdi/project.json mapId=clairiere
[runtime_loader] project manifest lookup path=/private/var/folders/b5/7gsfwzyd449_54n8l40h40gc0000gn/T/avelune_ui06_0zTXdi/project.json
[runtime_loader] project manifest read ok bytes=17278
[runtime_loader] project manifest validated maps=2 tilesets=1 scenarios=0
[runtime_loader] bundle map resolved mapId=clairiere relativePath=maps/clairiere.json mapPath=/private/var/folders/b5/7gsfwzyd449_54n8l40h40gc0000gn/T/avelune_ui06_0zTXdi/maps/clairiere.json
[runtime_loader] map file lookup path=/private/var/folders/b5/7gsfwzyd449_54n8l40h40gc0000gn/T/avelune_ui06_0zTXdi/maps/clairiere.json
[runtime_loader] map file read ok bytes=17187
[runtime_loader] map validated id=clairiere size=24x16 layers=3 entities=1 placedElements=3 warps=0 triggers=0
[runtime_loader] bundle tilesets collected ids=atelier
[runtime_loader] bundle tileset path id=atelier path=/private/var/folders/b5/7gsfwzyd449_54n8l40h40gc0000gn/T/avelune_ui06_0zTXdi/assets/atelier.png
[runtime_loader] bundle load ok mapId=clairiere projectRoot=/private/var/folders/b5/7gsfwzyd449_54n8l40h40gc0000gn/T/avelune_ui06_0zTXdi tilesets=1
[dialogue] interaction entity=event-v2:evt_019abcde-9000-7000-8000-000000000106:evx_01a0d927-1ae4-7001-8000-f0d91ebb5ba5:station_welcome:1790349613796
[dialogue] resolved dialogueId=station_welcome
[dialogue] resolved file=dialogues/station_welcome.yarn
[dialogue] requested startNode=Start
[scenario_lock] accepted source=event-v2:evt_019abcde-9000-7000-8000-000000000106:evx_01a0d927-1ae4-7001-8000-f0d91ebb5ba5:station_welcome:1790349613796 phase=dialogueLoading serial=1
[dialogue] parsed 1 node(s) from /private/var/folders/b5/7gsfwzyd449_54n8l40h40gc0000gn/T/avelune_ui06_0zTXdi/dialogues/station_welcome.yarn
[dialogue] starting at node "Start"
[scene_runtime] dialogue content loaded request=event-v2:evt_019abcde-9000-7000-8000-000000000106:evx_01a0d927-1ae4-7001-8000-f0d91ebb5ba5:station_welcome:1790349613796 elapsedMs=43
[scenario_lock] cleared source=event-v2:evt_019abcde-9000-7000-8000-000000000106:evx_01a0d927-1ae4-7001-8000-f0d91ebb5ba5:station_welcome:1790349613796 reason=dialogueOpened serial=1
[dialogue] opened node=Start text="Bienvenue en gare. Avez-vous votre laissez-passer ?"
[dialogue] dialogue closed
[scene_runtime] dialogue completed request=event-v2:evt_019abcde-9000-7000-8000-000000000106:evx_01a0d927-1ae4-7001-8000-f0d91ebb5ba5:station_welcome:1790349613796 status=completed port=completed
[dialogue] finished
[dialogue] interaction entity=event-v2:evt_019abcde-9000-7000-8000-000000000106:evx_01a0d927-1ae4-7001-8000-f0d91ebb5ba5:station_agreement:1790349613843
[dialogue] resolved dialogueId=station_agreement
[dialogue] resolved file=dialogues/station_agreement.yarn
[dialogue] requested startNode=Start
[scenario_lock] accepted source=event-v2:evt_019abcde-9000-7000-8000-000000000106:evx_01a0d927-1ae4-7001-8000-f0d91ebb5ba5:station_agreement:1790349613843 phase=dialogueLoading serial=2
[dialogue] parsed 1 node(s) from /private/var/folders/b5/7gsfwzyd449_54n8l40h40gc0000gn/T/avelune_ui06_0zTXdi/dialogues/station_agreement.yarn
[dialogue] starting at node "Start"
[scene_runtime] dialogue content loaded request=event-v2:evt_019abcde-9000-7000-8000-000000000106:evx_01a0d927-1ae4-7001-8000-f0d91ebb5ba5:station_agreement:1790349613843 elapsedMs=38
[scenario_lock] cleared source=event-v2:evt_019abcde-9000-7000-8000-000000000106:evx_01a0d927-1ae4-7001-8000-f0d91ebb5ba5:station_agreement:1790349613843 reason=dialogueOpened serial=2
[dialogue] opened node=Start text="Vous pouvez embarquer."
[dialogue] dialogue closed
[scene_runtime] dialogue completed request=event-v2:evt_019abcde-9000-7000-8000-000000000106:evx_01a0d927-1ae4-7001-8000-f0d91ebb5ba5:station_agreement:1790349613843 status=completed port=completed
[dialogue] finished
[event_v2] outcome noMatch producer=scene:scene_station_meeting outcome=embarquement legacyFallbackAllowed=false
[event_v2] mapEnter activation=mapact_1790349613678520_1 map=jardin reason=initialBoot result=MapEnterProductionDispatchV2Handled
[step_studio_trace] runtime_save_requested map=jardin completedStepIds=[] completedCutsceneIds=[]
01:26 +159: /Users/karim/Project/pokemonProject/apps/avelune_studio/test/app/provider_lifecycle_test.dart: root session survives listener changes and closes exactly once
01:26 +160: /Users/karim/Project/pokemonProject/apps/avelune_studio/test/app/studio_bootstrap_test.dart: bootstrap keeps its session until the root scope is removed
01:26 +161: /Users/karim/Project/pokemonProject/apps/avelune_studio/test/app/studio_bootstrap_test.dart: bootstrap keeps its session until the root scope is removed
01:26 +162: /Users/karim/Project/pokemonProject/apps/avelune_studio/test/app/studio_bootstrap_test.dart: bootstrap keeps its session until the root scope is removed
01:26 +163: /Users/karim/Project/pokemonProject/apps/avelune_studio/test/app/studio_bootstrap_test.dart: bootstrap keeps its session until the root scope is removed
01:27 +164: /Users/karim/Project/pokemonProject/apps/avelune_studio/test/app/studio_bootstrap_test.dart: bootstrap keeps its session until the root scope is removed
01:27 +165: /Users/karim/Project/pokemonProject/apps/avelune_studio/test/app/studio_bootstrap_test.dart: bootstrap keeps its session until the root scope is removed
01:27 +166: /Users/karim/Project/pokemonProject/apps/avelune_studio/test/app/studio_bootstrap_test.dart: bootstrap keeps its session until the root scope is removed
01:28 +167: /Users/karim/Project/pokemonProject/apps/avelune_studio/test/events_ui08_map_context_test.dart: resizing keeps the same map point centered at the same zoom
01:28 +168: /Users/karim/Project/pokemonProject/apps/avelune_studio/test/ui13_verification_selection_test.dart: a new control keeps a selection whose key survives
01:29 +169: /Users/karim/Project/pokemonProject/apps/avelune_studio/test/ui13_verification_selection_test.dart: a new control keeps a selection whose key survives
01:29 +170: /Users/karim/Project/pokemonProject/apps/avelune_studio/test/ui13_verification_selection_test.dart: a new control keeps a selection whose key survives
01:29 +171: /Users/karim/Project/pokemonProject/apps/avelune_studio/test/ui13_verification_selection_test.dart: a new control keeps a selection whose key survives
01:29 +172: /Users/karim/Project/pokemonProject/apps/avelune_studio/test/ui13_verification_selection_test.dart: a new control keeps a selection whose key survives
01:29 +173: /Users/karim/Project/pokemonProject/apps/avelune_studio/test/events_ui08_map_context_test.dart: zoom controls respect viewport bounds and Escape cancels pick
01:29 +174: /Users/karim/Project/pokemonProject/apps/avelune_studio/test/ui13_verification_selection_test.dart: a selection that vanished is explained, not called solved
01:31 +175: /Users/karim/Project/pokemonProject/apps/avelune_studio/test/cinematics_ui10_responsive_test.dart: UI10 1440.0x900.0 inspector edit keyboard save and reopen
01:38 +176: /Users/karim/Project/pokemonProject/apps/avelune_studio/test/cinematics_ui10_responsive_test.dart: UI10 1440.0x900.0 inspector edit keyboard save and reopen
01:39 +177: /Users/karim/Project/pokemonProject/apps/avelune_studio/test/cinematics_ui10_spatial_test.dart: UI10 destination uses 32 pixel cells after actual zoom pan and publication
01:42 +178: /Users/karim/Project/pokemonProject/apps/avelune_studio/test/cinematics_ui10_responsive_test.dart: UI10 1280.0x800.0 inspector edit keyboard save and reopen
01:43 +179: /Users/karim/Project/pokemonProject/apps/avelune_studio/test/pokemon/pokemon_external_import_host_test.dart: external search previews without writing and imports in Studio
01:48 +180: /Users/karim/Project/pokemonProject/apps/avelune_studio/test/pokemon/pokemon_external_import_host_test.dart: external search previews without writing and imports in Studio
01:51 +181: /Users/karim/Project/pokemonProject/apps/avelune_studio/test/pokemon/pokemon_corrections_host_test.dart: ambiguous legacy companion leaves the species readable
01:53 +182: /Users/karim/Project/pokemonProject/apps/avelune_studio/test/pokemon/pokemon_external_import_host_test.dart: external network error preserves local project
01:54 +183: /Users/karim/Project/pokemonProject/apps/avelune_studio/test/pokemon/pokemon_corrections_host_test.dart: legacy companion is replaced at its existing identity and path
01:56 +184: /Users/karim/Project/pokemonProject/apps/avelune_studio/test/pokemon/pokemon_corrections_host_test.dart: legacy companion is replaced at its existing identity and path
01:58 +185: /Users/karim/Project/pokemonProject/apps/avelune_studio/test/pokemon/pokemon_external_import_host_test.dart: external import attaches companions to empty references
02:00 +186: /Users/karim/Project/pokemonProject/apps/avelune_studio/test/pokemon/pokemon_corrections_host_test.dart: keeping a species with empty ref excludes unattached companion
02:01 +187: /Users/karim/Project/pokemonProject/apps/avelune_studio/test/pokemon/pokemon_corrections_host_test.dart: a changed retained reference invalidates an external preview
02:04 +188: /Users/karim/Project/pokemonProject/apps/avelune_studio/test/pokemon/pokemon_lot_a_visual_host_test.dart: Lot A surfaces use the real workspace and local media
02:08 +189: /Users/karim/Project/pokemonProject/apps/avelune_studio/test/pokemon/pokemon_commerce_refresh_host_test.dart: return from Carte refreshes saved item pickup references
02:11 +190: /Users/karim/Project/pokemonProject/apps/avelune_studio/test/pokemon/pokemon_commerce_refresh_host_test.dart: return from Carte refreshes saved item pickup references
02:12 +191: /Users/karim/Project/pokemonProject/apps/avelune_studio/test/pokemon/pokemon_lot_a_visual_host_test.dart: 200% text keeps focused save reachable
02:14 +192: /Users/karim/Project/pokemonProject/apps/avelune_studio/test/pokemon/pokemon_commerce_refresh_host_test.dart: return from Histoire refreshes narrative item references
02:15 +193: /Users/karim/Project/pokemonProject/apps/avelune_studio/test/pokemon/pokemon_language_corrections_host_test.dart: language selection does not write fallbacks and focused edit keeps its key
02:19 +194: /Users/karim/Project/pokemonProject/apps/avelune_studio/test/pokemon/pokemon_language_corrections_host_test.dart: language selection does not write fallbacks and focused edit keeps its key
02:21 +195: /Users/karim/Project/pokemonProject/apps/avelune_studio/test/pokemon/pokemon_commerce_refresh_host_test.dart: refresh clears a removed item instead of retaining its draft
02:22 +196: /Users/karim/Project/pokemonProject/apps/avelune_studio/test/pokemon/pokemon_json_collision_host_test.dart: overwriting selected species reloads its draft before editing
02:27 +197: /Users/karim/Project/pokemonProject/apps/avelune_studio/test/pokemon/pokemon_json_collision_host_test.dart: overwriting selected species reloads its draft before editing
02:29 +198: /Users/karim/Project/pokemonProject/apps/avelune_studio/test/pokemon/pokemon_large_collection_host_test.dart: large Pokédex scrolls locally at 150% text scale
02:31 +199: /Users/karim/Project/pokemonProject/apps/avelune_studio/test/pokemon/pokemon_large_collection_host_test.dart: large Pokédex scrolls locally at 150% text scale
02:33 +200: /Users/karim/Project/pokemonProject/apps/avelune_studio/test/pokemon/pokemon_large_collection_host_test.dart: large Pokédex scrolls locally at 150% text scale
02:35 +201: /Users/karim/Project/pokemonProject/apps/avelune_studio/test/pokemon/pokemon_large_collection_host_test.dart: large Pokédex scrolls locally at 150% text scale
02:37 +202: /Users/karim/Project/pokemonProject/apps/avelune_studio/test/pokemon/pokemon_large_collection_host_test.dart: large Pokédex scrolls locally at 150% text scale
02:38 +203: /Users/karim/Project/pokemonProject/apps/avelune_studio/test/pokemon/pokemon_large_collection_host_test.dart: large Pokédex scrolls locally at 150% text scale
02:39 +204: /Users/karim/Project/pokemonProject/apps/avelune_studio/test/pokemon/pokemon_mutation_guard_test.dart: an in-flight PNG import cannot erase concurrent draft input
02:39 +205: /Users/karim/Project/pokemonProject/apps/avelune_studio/test/pokemon/pokemon_mutation_guard_test.dart: undo cannot race a save and resurrect stale values
02:39 +206: /Users/karim/Project/pokemonProject/apps/avelune_studio/test/pokemon/pokemon_mutation_guard_test.dart: active-owner discard never resets a hidden Commerce draft
02:40 +207: /Users/karim/Project/pokemonProject/apps/avelune_studio/test/pokemon/pokemon_forms_evolution_host_test.dart: forms and evolution save together without losing old fields
02:45 +208: /Users/karim/Project/pokemonProject/apps/avelune_studio/test/pokemon/pokemon_forms_evolution_host_test.dart: forms and evolution save together without losing old fields
02:47 +209: /Users/karim/Project/pokemonProject/apps/avelune_studio/test/pokemon/pokemon_border_notice_host_test.dart: border preview notice belongs to Map while diagnostics remain
02:52 +210: /Users/karim/Project/pokemonProject/apps/avelune_studio/test/pokemon/pokemon_border_notice_host_test.dart: border preview notice belongs to Map while diagnostics remain
02:53 +211: /Users/karim/Project/pokemonProject/apps/avelune_studio/test/pokemon/pokemon_external_plan_test.dart: keeping a referenced species can create its missing companion
02:53 +212: /Users/karim/Project/pokemonProject/apps/avelune_studio/test/pokemon/pokemon_external_plan_test.dart: keeping an empty reference excludes its proposed companion
02:53 +213: /Users/karim/Project/pokemonProject/apps/avelune_studio/test/pokemon/pokemon_external_plan_test.dart: replacement writes the proposed species reference
02:53 +214: /Users/karim/Project/pokemonProject/apps/avelune_studio/test/pokemon/pokemon_project_switch_host_test.dart: read-only search can leave A and cannot update project B
02:58 +215: /Users/karim/Project/pokemonProject/apps/avelune_studio/test/pokemon/pokemon_custom_refs_host_test.dart: save follows manifest and companion refs, not species id
03:00 +216: /Users/karim/Project/pokemonProject/apps/avelune_studio/test/pokemon/pokemon_save_conflict_host_test.dart: disk revision conflict keeps the focused species draft
03:04 +217: /Users/karim/Project/pokemonProject/apps/avelune_studio/test/pokemon/pokemon_commerce_creation_host_test.dart: commerce actions remain reachable in a compact window
03:04 +218: /Users/karim/Project/pokemonProject/apps/avelune_studio/test/pokemon/pokemon_commerce_creation_host_test.dart: creates an item with a battle effect and a shop through Studio
03:10 +219: /Users/karim/Project/pokemonProject/apps/avelune_studio/test/pokemon/pokemon_commerce_creation_host_test.dart: creates an item with a battle effect and a shop through Studio
03:13 +220: /Users/karim/Project/pokemonProject/apps/avelune_studio/test/pokemon/pokemon_commerce_guard_host_test.dart: discard resets item before entering Pokédex
03:13 +221: /Users/karim/Project/pokemonProject/apps/avelune_studio/test/pokemon/pokemon_commerce_guard_host_test.dart: save writes item and independent reopen sees it
03:16 +222: /Users/karim/Project/pokemonProject/apps/avelune_studio/test/pokemon/pokemon_commerce_guard_host_test.dart: save writes item and independent reopen sees it
03:16 +223: /Users/karim/Project/pokemonProject/apps/avelune_studio/test/pokemon/pokemon_workspace_host_test.dart: focused species and learnset edits survive independent reopen
03:19 +224: /Users/karim/Project/pokemonProject/apps/avelune_studio/test/pokemon/pokemon_workspace_host_test.dart: focused species and learnset edits survive independent reopen
03:21 +225: /Users/karim/Project/pokemonProject/apps/avelune_studio/test/pokemon/pokemon_commerce_guard_host_test.dart: shop draft cannot be hidden by Attaques
03:22 +226: /Users/karim/Project/pokemonProject/apps/avelune_studio/test/pokemon/pokemon_workspace_host_test.dart: JSON preview does not write and apply reopens imported identity
03:23 +227: /Users/karim/Project/pokemonProject/apps/avelune_studio/test/pokemon/pokemon_commerce_guard_host_test.dart: revision conflict blocks view change and preserves draft
03:25 +228: /Users/karim/Project/pokemonProject/apps/avelune_studio/test/pokemon/pokemon_workspace_host_test.dart: menu PNG uses canonical import and preserves an existing role
03:27 +229: /Users/karim/Project/pokemonProject/apps/avelune_studio/test/pokemon/pokemon_corrections_visual_host_test.dart: 1145 species and 754 moves fill and scroll their own viewports
03:30 +230: /Users/karim/Project/pokemonProject/apps/avelune_studio/test/pokemon/pokemon_corrections_visual_host_test.dart: 1145 species and 754 moves fill and scroll their own viewports
03:39 +231: /Users/karim/Project/pokemonProject/apps/avelune_studio/test/pokemon/pokemon_commerce_host_test.dart: objects and shops persist through the real workspace
03:40 +232: /Users/karim/Project/pokemonProject/apps/avelune_studio/test/pokemon/pokemon_commerce_host_test.dart: catalog revision conflict preserves focused draft
03:41 +233: /Users/karim/Project/pokemonProject/apps/avelune_studio/test/pokemon/pokemon_commerce_host_test.dart: catalog revision conflict preserves focused draft
03:41 +234: /Users/karim/Project/pokemonProject/apps/avelune_studio/test/pokemon/pokemon_commerce_host_test.dart: catalog revision conflict preserves focused draft
03:43 +235: /Users/karim/Project/pokemonProject/apps/avelune_studio/test/pokemon/pokemon_move_presentation_test.dart: the real Pokémon workspace uses the game export locale
03:44 +236: /Users/karim/Project/pokemonProject/apps/avelune_studio/test/pokemon/pokemon_commerce_host_test.dart: JSON import previews without writing and requires replacement consent
03:46 +237: /Users/karim/Project/pokemonProject/apps/avelune_studio/test/dialogues_ui09_navigation_test.dart: scene opens exact dialogue and returns without losing dirty graph or text
03:50 +238: /Users/karim/Project/pokemonProject/apps/avelune_studio/test/pokemon/pokemon_commerce_host_test.dart: invalid focused price blocks save and leaving keeps the draft
03:51 +239: /Users/karim/Project/pokemonProject/apps/avelune_studio/test/ui12_world_drafts_test.dart: an edit made during the write is kept as an unsaved draft
03:52 +240: /Users/karim/Project/pokemonProject/apps/avelune_studio/test/ui12_world_drafts_test.dart: an untouched rule becomes clean again after its publication
03:52 +241: /Users/karim/Project/pokemonProject/apps/avelune_studio/test/ui12_world_drafts_test.dart: a rule saved before its brand-new state explains the dependency
03:52 +242: /Users/karim/Project/pokemonProject/apps/avelune_studio/test/ui12_world_drafts_test.dart: a state saved and a rule refused is reported as a partial result
03:52 +243: /Users/karim/Project/pokemonProject/apps/avelune_studio/test/ui13_verification_navigation_test.dart: a rule opened from the report comes back to that report
03:54 +244: /Users/karim/Project/pokemonProject/apps/avelune_studio/test/ui13_verification_navigation_test.dart: a rule opened from the report comes back to that report
03:55 +245: /Users/karim/Project/pokemonProject/apps/avelune_studio/test/ui13_verification_navigation_test.dart: a rule opened from the report comes back to that report
03:55 +246: /Users/karim/Project/pokemonProject/apps/avelune_studio/test/ui13_verification_navigation_test.dart: a rule opened from the report comes back to that report
03:55 +247: /Users/karim/Project/pokemonProject/apps/avelune_studio/test/ui13_verification_navigation_test.dart: a rule opened from the report comes back to that report
03:56 +248: /Users/karim/Project/pokemonProject/apps/avelune_studio/test/ui13_verification_navigation_test.dart: a rule opened from the report comes back to that report
03:56 +249: /Users/karim/Project/pokemonProject/apps/avelune_studio/test/ui13_verification_navigation_test.dart: a story diagnostic opens its own step and comes back
03:57 +250: /Users/karim/Project/pokemonProject/apps/avelune_studio/test/ui13_verification_navigation_test.dart: a story diagnostic opens its own step and comes back
03:57 +251: /Users/karim/Project/pokemonProject/apps/avelune_studio/test/ui13_verification_navigation_test.dart: a story diagnostic opens its own step and comes back
03:57 +252: /Users/karim/Project/pokemonProject/apps/avelune_studio/test/ui13_verification_navigation_test.dart: a story diagnostic opens its own step and comes back
03:58 +253: /Users/karim/Project/pokemonProject/apps/avelune_studio/test/ui13_verification_navigation_test.dart: a story diagnostic opens its own step and comes back
03:58 +254: /Users/karim/Project/pokemonProject/apps/avelune_studio/test/ui13_verification_navigation_test.dart: a story diagnostic opens its own step and comes back
03:58 +255: /Users/karim/Project/pokemonProject/apps/avelune_studio/test/ui13_verification_navigation_test.dart: a story diagnostic opens its own step and comes back
03:58 +256: /Users/karim/Project/pokemonProject/apps/avelune_studio/test/ui13_verification_navigation_test.dart: a story diagnostic opens its own step and comes back
03:58 +257: /Users/karim/Project/pokemonProject/apps/avelune_studio/test/ui13_verification_navigation_test.dart: a story diagnostic opens its own step and comes back
03:58 +258: /Users/karim/Project/pokemonProject/apps/avelune_studio/test/ui13_verification_controller_test.dart: a full consultation writes nothing on disk
03:58 +259: /Users/karim/Project/pokemonProject/apps/avelune_studio/test/ui13_verification_navigation_test.dart: verification, scene, dialogue, scene and back again
03:59 +260: /Users/karim/Project/pokemonProject/apps/avelune_studio/test/ui13_verification_navigation_test.dart: verification, scene, dialogue, scene and back again
03:59 +261: /Users/karim/Project/pokemonProject/apps/avelune_studio/test/ui13_verification_navigation_test.dart: verification, scene, dialogue, scene and back again
03:59 +262: /Users/karim/Project/pokemonProject/apps/avelune_studio/test/ui13_verification_navigation_test.dart: verification, scene, dialogue, scene and back again
04:01 +263: /Users/karim/Project/pokemonProject/apps/avelune_studio/test/presentations_ui11_scenario_test.dart: published presentation holds on real cue then continues the real scene
04:03 +264: /Users/karim/Project/pokemonProject/apps/avelune_studio/test/presentations_ui11_scenario_test.dart: published presentation holds on real cue then continues the real scene
04:04 +265: /Users/karim/Project/pokemonProject/apps/avelune_studio/test/narrative/narrative_editing_test.dart: consultation and source outside visual subset never create a mutation
04:04 +266: /Users/karim/Project/pokemonProject/apps/avelune_studio/test/narrative/narrative_editing_test.dart: new choice receives a matching scene outcome branch
04:04 +267: /Users/karim/Project/pokemonProject/apps/avelune_studio/test/narrative/narrative_editing_test.dart: removing a choice removes its effects in the same undoable edit
04:04 +268: /Users/karim/Project/pokemonProject/apps/avelune_studio/test/narrative/narrative_editing_test.dart: line order and named destinations are undoable and referenced branch deletion blocked
04:04 +269: /Users/karim/Project/pokemonProject/apps/avelune_studio/test/narrative/narrative_editing_test.dart: failed save prevents closure and keeps the complete draft and pending facts
04:04 +270: /Users/karim/Project/pokemonProject/apps/avelune_studio/test/ui06_scene_volume_test.dart: 200 canonical nodes retain document identity during eight viewport updates
04:04 +271: /Users/karim/Project/pokemonProject/apps/avelune_studio/test/ui06_scene_volume_test.dart: 200 canonical nodes retain document identity during eight viewport updates
04:05 +272: /Users/karim/Project/pokemonProject/apps/avelune_studio/test/ui06_scene_volume_test.dart: 200 canonical nodes retain document identity during eight viewport updates
04:05 +273: /Users/karim/Project/pokemonProject/apps/avelune_studio/test/ui06_scene_volume_test.dart: 200 canonical nodes retain document identity during eight viewport updates
04:05 +274: /Users/karim/Project/pokemonProject/apps/avelune_studio/test/ui06_scene_volume_test.dart: 200 canonical nodes retain document identity during eight viewport updates
04:05 +275: /Users/karim/Project/pokemonProject/apps/avelune_studio/test/ui06_scene_volume_test.dart: 200 canonical nodes retain document identity during eight viewport updates
04:07 +276: /Users/karim/Project/pokemonProject/apps/avelune_studio/test/ui06_scene_volume_test.dart: 200 canonical nodes retain document identity during eight viewport updates
04:07 +277: /Users/karim/Project/pokemonProject/apps/avelune_studio/test/ui06_scene_volume_test.dart: 200 canonical nodes retain document identity during eight viewport updates
UI06 volume: nodes=200 edges=265 viewportUpdates=8 documentMutations=0 firstFrameUs=1036144 gesturesUs=1377627; no I/O adapter instantiated
04:07 +278: /Users/karim/Project/pokemonProject/apps/avelune_studio/test/narrative/narrative_story_navigation_test.dart: long stories only mount visible step rows
04:08 +279: /Users/karim/Project/pokemonProject/apps/avelune_studio/test/narrative/narrative_story_navigation_test.dart: long stories only mount visible step rows
04:08 +280: /Users/karim/Project/pokemonProject/apps/avelune_studio/test/narrative/narrative_story_navigation_test.dart: long stories only mount visible step rows
04:09 +281: /Users/karim/Project/pokemonProject/apps/avelune_studio/test/narrative/narrative_artwork_adapter_test.dart: artwork is read only from the current project and the expected path
04:09 +282: /Users/karim/Project/pokemonProject/apps/avelune_studio/test/narrative/narrative_story_navigation_test.dart: 1000 interactions mount only visible rows without extra source reads
04:10 +283: /Users/karim/Project/pokemonProject/apps/avelune_studio/test/narrative/narrative_story_navigation_test.dart: 1000 interactions mount only visible rows without extra source reads
04:10 +284: /Users/karim/Project/pokemonProject/apps/avelune_studio/test/narrative/narrative_story_navigation_test.dart: 1000 interactions mount only visible rows without extra source reads
04:10 +285: /Users/karim/Project/pokemonProject/apps/avelune_studio/test/narrative/narrative_story_navigation_test.dart: new source variant ranks above existing conditional and fallback drafts
04:10 +286: /Users/karim/Project/pokemonProject/apps/avelune_studio/test/narrative/interaction_event_coexistence_ui08_test.dart: record-only publication invalidates a clean simplified session and reloads new priority
04:10 +287: /Users/karim/Project/pokemonProject/apps/avelune_studio/test/narrative/interaction_event_coexistence_ui08_test.dart: record-only publication preserves dirty simplified draft and explicitly blocks stale save
04:10 +288: /Users/karim/Project/pokemonProject/apps/avelune_studio/test/narrative/interaction_event_coexistence_ui08_test.dart: UI08 draft blocks edits and publication of same simplified event only
04:10 +289: /Users/karim/Project/pokemonProject/apps/avelune_studio/test/narrative/interaction_event_coexistence_ui08_test.dart: deleted clean event is not recreated by stale open record or session
04:10 +290: /Users/karim/Project/pokemonProject/apps/avelune_studio/test/narrative/interaction_event_coexistence_ui08_test.dart: deleted dirty event stays recoverable without re-creation
04:11 +291: /Users/karim/Project/pokemonProject/apps/avelune_studio/test/narrative/interaction_event_publication_ui08_test.dart: stale record-only write rejected inside mutation queue with unchanged scene
04:11 +292: /Users/karim/Project/pokemonProject/apps/avelune_studio/test/narrative/interaction_event_publication_ui08_test.dart: stale record-only write rejected inside mutation queue with unchanged scene
04:11 +293: /Users/karim/Project/pokemonProject/apps/avelune_studio/test/narrative/interaction_event_publication_ui08_test.dart: stale record-only write rejected inside mutation queue with unchanged scene
04:11 +294: /Users/karim/Project/pokemonProject/apps/avelune_studio/test/narrative/interaction_event_publication_ui08_test.dart: stale record-only write rejected inside mutation queue with unchanged scene
04:11 +295: /Users/karim/Project/pokemonProject/apps/avelune_studio/test/narrative/interaction_event_publication_ui08_test.dart: stale record-only write rejected inside mutation queue with unchanged scene
04:11 +296: /Users/karim/Project/pokemonProject/apps/avelune_studio/test/narrative/interaction_event_publication_ui08_test.dart: stale record-only write rejected inside mutation queue with unchanged scene
04:11 +297: /Users/karim/Project/pokemonProject/apps/avelune_studio/test/narrative/interaction_event_publication_ui08_test.dart: stale record-only write rejected inside mutation queue with unchanged scene
04:12 +298: /Users/karim/Project/pokemonProject/apps/avelune_studio/test/narrative/narrative_publication_test.dart: interrupted multi file publication resumes before reporting success
04:12 +299: /Users/karim/Project/pokemonProject/apps/avelune_studio/test/narrative/interaction_event_publication_ui08_test.dart: independent event remains publishable after another record changed
04:12 +300: /Users/karim/Project/pokemonProject/apps/avelune_studio/test/narrative/interaction_event_publication_ui08_test.dart: independent event remains publishable after another record changed
04:13 +301: /Users/karim/Project/pokemonProject/apps/avelune_studio/test/narrative/interaction_event_publication_ui08_test.dart: independent event remains publishable after another record changed
04:13 +302: /Users/karim/Project/pokemonProject/apps/avelune_studio/test/narrative/interaction_event_publication_ui08_test.dart: independent event remains publishable after another record changed
04:13 +303: /Users/karim/Project/pokemonProject/apps/avelune_studio/test/narrative/narrative_publication_test.dart: external dialogue edit blocks overwrite after reading draft
04:13 +304: /Users/karim/Project/pokemonProject/apps/avelune_studio/test/narrative/interaction_event_publication_ui08_test.dart: scene baseline is protected even when record stays identical
04:13 +305: /Users/karim/Project/pokemonProject/apps/avelune_studio/test/narrative/interaction_event_publication_ui08_test.dart: dialogue metadata baseline is protected when source bytes stay identical
04:13 +306: /Users/karim/Project/pokemonProject/apps/avelune_studio/test/narrative/interaction_event_roundtrip_ui08_test.dart: UI08 priority publication refreshes clean simplified record with scene unchanged
04:14 +307: /Users/karim/Project/pokemonProject/apps/avelune_studio/test/narrative/interaction_event_roundtrip_ui08_test.dart: UI08 priority publication refreshes clean simplified record with scene unchanged
04:14 +308: /Users/karim/Project/pokemonProject/apps/avelune_studio/test/narrative/interaction_event_roundtrip_ui08_test.dart: UI08 priority publication refreshes clean simplified record with scene unchanged
04:14 +309: /Users/karim/Project/pokemonProject/apps/avelune_studio/test/narrative/interaction_event_roundtrip_ui08_test.dart: UI08 priority publication refreshes clean simplified record with scene unchanged
04:14 +310: /Users/karim/Project/pokemonProject/apps/avelune_studio/test/narrative/interaction_event_roundtrip_ui08_test.dart: UI08 priority publication refreshes clean simplified record with scene unchanged
04:14 +311: /Users/karim/Project/pokemonProject/apps/avelune_studio/test/narrative/interaction_event_roundtrip_ui08_test.dart: UI08 priority publication refreshes clean simplified record with scene unchanged
04:14 +312: /Users/karim/Project/pokemonProject/apps/avelune_studio/test/narrative/interaction_event_roundtrip_ui08_test.dart: UI08 priority publication refreshes clean simplified record with scene unchanged
04:14 +313: /Users/karim/Project/pokemonProject/apps/avelune_studio/test/narrative/interaction_event_roundtrip_ui08_test.dart: UI08 priority publication refreshes clean simplified record with scene unchanged
04:14 +314: /Users/karim/Project/pokemonProject/apps/avelune_studio/test/narrative/interaction_event_roundtrip_ui08_test.dart: UI08 priority publication refreshes clean simplified record with scene unchanged
04:14 +315: /Users/karim/Project/pokemonProject/apps/avelune_studio/test/narrative/interaction_event_roundtrip_ui08_test.dart: UI08 priority publication refreshes clean simplified record with scene unchanged
04:14 +316: /Users/karim/Project/pokemonProject/apps/avelune_studio/test/narrative/interaction_event_roundtrip_ui08_test.dart: UI08 priority publication refreshes clean simplified record with scene unchanged
04:15 +317: /Users/karim/Project/pokemonProject/apps/avelune_studio/test/narrative/interaction_event_roundtrip_ui08_test.dart: UI08 dirty record blocks simplified changes until explicit discard
04:15 +318: /Users/karim/Project/pokemonProject/apps/avelune_studio/test/events_ui08_source_loading_test.dart: switch A to delayed B removes all stale clickable targets until B loads
04:17 +319: /Users/karim/Project/pokemonProject/apps/avelune_studio/test/story_scenario_links_test.dart: role change preserves metadata, outcomes and existing effects at 150 percent text
04:17 +320: /Users/karim/Project/pokemonProject/apps/avelune_studio/test/story_scenario_links_test.dart: role change preserves metadata, outcomes and existing effects at 150 percent text
04:17 +321: /Users/karim/Project/pokemonProject/apps/avelune_studio/test/story_scenario_links_test.dart: association starts with real declared sources and no fabricated effects
04:18 +322: /Users/karim/Project/pokemonProject/apps/avelune_studio/test/ui11_presentation_field_guard_test.dart: UI11 invalid focused duration blocks save and switching until corrected
04:21 +323: /Users/karim/Project/pokemonProject/apps/avelune_studio/test/ui11_presentation_field_guard_test.dart: UI11 invalid focused duration blocks save and switching until corrected
04:23 +324: /Users/karim/Project/pokemonProject/apps/avelune_studio/test/ui11_presentation_widget_test.dart: UI11 blank to image text canvas timeline save and reopen via controls
04:24 +325: /Users/karim/Project/pokemonProject/apps/avelune_studio/test/ui11_presentation_widget_test.dart: UI11 blank to image text canvas timeline save and reopen via controls
04:27 +325: /Users/karim/Project/pokemonProject/apps/avelune_studio/test/ui07_story_graph_volume_test.dart: 200 steps and 100 semantic links retain projection during viewport gestures
UI07 volume stories=10 chapters=20 steps=200 semanticLinks=100 gestures=8 viewportUpdates=12 projectionRebuilt=false documentMutations=0 firstFrameUs=775306 gesturesUs=950773; no I/O adapter instantiated
04:27 +326: /Users/karim/Project/pokemonProject/apps/avelune_studio/test/ui11_presentation_widget_test.dart: UI11 blank to image text canvas timeline save and reopen via controls
04:28 +327: /Users/karim/Project/pokemonProject/apps/avelune_studio/test/ui11_presentation_canvas_gesture_test.dart: UI11 real scale handle preview cancel and one undo
04:32 +328: /Users/karim/Project/pokemonProject/apps/avelune_studio/test/ui12_world_page_test.dart: a state and its rule are composed from the page controls
04:34 +329: /Users/karim/Project/pokemonProject/apps/avelune_studio/test/ui11_presentation_canvas_gesture_test.dart: UI11 real rotate handle preview cancel and one undo
04:35 +330: /Users/karim/Project/pokemonProject/apps/avelune_studio/test/ui12_world_page_test.dart: a rule refuses to outrun the state it reads, and offers it
04:36 +331: /Users/karim/Project/pokemonProject/apps/avelune_studio/test/events_runtime_ui09_dialogue_test.dart: UI09 published conversation choice 0 drives its real Scene branch
[runtime_loader] bundle load start projectFilePath=/private/var/folders/b5/7gsfwzyd449_54n8l40h40gc0000gn/T/avelune_ui06_H49ycw/project.json mapId=jardin
[runtime_loader] project manifest lookup path=/private/var/folders/b5/7gsfwzyd449_54n8l40h40gc0000gn/T/avelune_ui06_H49ycw/project.json
[runtime_loader] project manifest read ok bytes=14470
[runtime_loader] project manifest validated maps=2 tilesets=1 scenarios=0
[runtime_loader] bundle map resolved mapId=jardin relativePath=maps/jardin.json mapPath=/private/var/folders/b5/7gsfwzyd449_54n8l40h40gc0000gn/T/avelune_ui06_H49ycw/maps/jardin.json
[runtime_loader] map file lookup path=/private/var/folders/b5/7gsfwzyd449_54n8l40h40gc0000gn/T/avelune_ui06_H49ycw/maps/jardin.json
[runtime_loader] map file read ok bytes=17182
[runtime_loader] map validated id=jardin size=24x16 layers=3 entities=1 placedElements=3 warps=0 triggers=0
[runtime_loader] bundle tilesets collected ids=atelier
[runtime_loader] bundle tileset path id=atelier path=/private/var/folders/b5/7gsfwzyd449_54n8l40h40gc0000gn/T/avelune_ui06_H49ycw/assets/atelier.png
[runtime_loader] bundle load ok mapId=jardin projectRoot=/private/var/folders/b5/7gsfwzyd449_54n8l40h40gc0000gn/T/avelune_ui06_H49ycw tilesets=1
[runtime_game] tileset image load start map=jardin
[runtime_game] tileset cache resolve requested=1
[runtime_game] tileset cache resolve ok result=1
[runtime_game] onLoad start map=jardin projectFilePath=/private/var/folders/b5/7gsfwzyd449_54n8l40h40gc0000gn/T/avelune_ui06_H49ycw/project.json tilesets=1
[runtime_game] world build start map=jardin
[runtime] Map loaded: jardin, spawn at (8, 9)
[runtime_game] tileset image load ok count=1 map=jardin
[runtime_game] mount root map start map=jardin
[runtime_game] mount root map ok map=jardin
[runtime_game] onLoad completed activeMapId=jardin
[runtime_loader] bundle load start projectFilePath=/private/var/folders/b5/7gsfwzyd449_54n8l40h40gc0000gn/T/avelune_ui06_H49ycw/project.json mapId=clairiere
[runtime_loader] project manifest lookup path=/private/var/folders/b5/7gsfwzyd449_54n8l40h40gc0000gn/T/avelune_ui06_H49ycw/project.json
[runtime_loader] project manifest read ok bytes=14470
[runtime_loader] project manifest validated maps=2 tilesets=1 scenarios=0
[runtime_loader] bundle map resolved mapId=clairiere relativePath=maps/clairiere.json mapPath=/private/var/folders/b5/7gsfwzyd449_54n8l40h40gc0000gn/T/avelune_ui06_H49ycw/maps/clairiere.json
[runtime_loader] map file lookup path=/private/var/folders/b5/7gsfwzyd449_54n8l40h40gc0000gn/T/avelune_ui06_H49ycw/maps/clairiere.json
[runtime_loader] map file read ok bytes=17187
[runtime_loader] map validated id=clairiere size=24x16 layers=3 entities=1 placedElements=3 warps=0 triggers=0
[runtime_loader] bundle tilesets collected ids=atelier
[runtime_loader] bundle tileset path id=atelier path=/private/var/folders/b5/7gsfwzyd449_54n8l40h40gc0000gn/T/avelune_ui06_H49ycw/assets/atelier.png
[runtime_loader] bundle load ok mapId=clairiere projectRoot=/private/var/folders/b5/7gsfwzyd449_54n8l40h40gc0000gn/T/avelune_ui06_H49ycw tilesets=1
[dialogue] interaction entity=event-v2:evt_019abcde-9000-7000-8000-000000000106:evx_01a0d92a-0c48-7001-8000-c278195885c9:ui09_guichet:1790349806670
[dialogue] resolved dialogueId=ui09_guichet
[dialogue] resolved file=dialogues/ui09_guichet.yarn
[dialogue] requested startNode=Accueil
[scenario_lock] accepted source=event-v2:evt_019abcde-9000-7000-8000-000000000106:evx_01a0d92a-0c48-7001-8000-c278195885c9:ui09_guichet:1790349806670 phase=dialogueLoading serial=1
[dialogue] parsed 1 node(s) from /private/var/folders/b5/7gsfwzyd449_54n8l40h40gc0000gn/T/avelune_ui06_H49ycw/dialogues/ui09_guichet.yarn
[dialogue] starting at node "Accueil"
[scene_runtime] dialogue content loaded request=event-v2:evt_019abcde-9000-7000-8000-000000000106:evx_01a0d92a-0c48-7001-8000-c278195885c9:ui09_guichet:1790349806670 elapsedMs=3
[scenario_lock] cleared source=event-v2:evt_019abcde-9000-7000-8000-000000000106:evx_01a0d92a-0c48-7001-8000-c278195885c9:ui09_guichet:1790349806670 reason=dialogueOpened serial=1
[dialogue] opened node=Accueil text="Chef: Bonjour ! Souhaitez-vous préparer votre départ ?"
[dialogue] choice opened count=2 selected=0
[dialogue] choice confirmed index=0 text="Je pars maintenant"
[dialogue] line text="Chef: Votre train vous attend sur le quai."
[dialogue] dialogue closed
[scene_runtime] dialogue completed request=event-v2:evt_019abcde-9000-7000-8000-000000000106:evx_01a0d92a-0c48-7001-8000-c278195885c9:ui09_guichet:1790349806670 status=completed port=depart
[dialogue] finished
[event_v2] mapEnter activation=mapact_1790349806586687_1 map=jardin reason=initialBoot result=MapEnterProductionDispatchV2Handled
04:37 +332: /Users/karim/Project/pokemonProject/apps/avelune_studio/test/m3_story_runtime_test.dart: published story plays choices, conditions, one-shot and isolated save/load
04:37 +332: /Users/karim/Project/pokemonProject/apps/avelune_studio/test/events_runtime_ui09_dialogue_test.dart: UI09 published conversation choice 1 drives its real Scene branch
[runtime_loader] bundle load start projectFilePath=/private/var/folders/b5/7gsfwzyd449_54n8l40h40gc0000gn/T/avelune_ui06_VBH3FB/project.json mapId=jardin
[runtime_loader] project manifest lookup path=/private/var/folders/b5/7gsfwzyd449_54n8l40h40gc0000gn/T/avelune_ui06_VBH3FB/project.json
[runtime_loader] project manifest read ok bytes=14470
[runtime_loader] project manifest validated maps=2 tilesets=1 scenarios=0
[runtime_loader] bundle map resolved mapId=jardin relativePath=maps/jardin.json mapPath=/private/var/folders/b5/7gsfwzyd449_54n8l40h40gc0000gn/T/avelune_ui06_VBH3FB/maps/jardin.json
[runtime_loader] map file lookup path=/private/var/folders/b5/7gsfwzyd449_54n8l40h40gc0000gn/T/avelune_ui06_VBH3FB/maps/jardin.json
[runtime_loader] map file read ok bytes=17182
[runtime_loader] map validated id=jardin size=24x16 layers=3 entities=1 placedElements=3 warps=0 triggers=0
[runtime_loader] bundle tilesets collected ids=atelier
[runtime_loader] bundle tileset path id=atelier path=/private/var/folders/b5/7gsfwzyd449_54n8l40h40gc0000gn/T/avelune_ui06_VBH3FB/assets/atelier.png
[runtime_loader] bundle load ok mapId=jardin projectRoot=/private/var/folders/b5/7gsfwzyd449_54n8l40h40gc0000gn/T/avelune_ui06_VBH3FB tilesets=1
[runtime_game] tileset image load start map=jardin
[runtime_game] tileset cache resolve requested=1
[runtime_game] tileset cache resolve ok result=1
[runtime_game] onLoad start map=jardin projectFilePath=/private/var/folders/b5/7gsfwzyd449_54n8l40h40gc0000gn/T/avelune_ui06_VBH3FB/project.json tilesets=1
[runtime_game] world build start map=jardin
[runtime] Map loaded: jardin, spawn at (8, 9)
[runtime_game] tileset image load ok count=1 map=jardin
[runtime_game] mount root map start map=jardin
[runtime_game] mount root map ok map=jardin
[runtime_game] onLoad completed activeMapId=jardin
[runtime_loader] bundle load start projectFilePath=/private/var/folders/b5/7gsfwzyd449_54n8l40h40gc0000gn/T/avelune_ui06_VBH3FB/project.json mapId=clairiere
[runtime_loader] project manifest lookup path=/private/var/folders/b5/7gsfwzyd449_54n8l40h40gc0000gn/T/avelune_ui06_VBH3FB/project.json
[runtime_loader] project manifest read ok bytes=14470
[runtime_loader] project manifest validated maps=2 tilesets=1 scenarios=0
[runtime_loader] bundle map resolved mapId=clairiere relativePath=maps/clairiere.json mapPath=/private/var/folders/b5/7gsfwzyd449_54n8l40h40gc0000gn/T/avelune_ui06_VBH3FB/maps/clairiere.json
[runtime_loader] map file lookup path=/private/var/folders/b5/7gsfwzyd449_54n8l40h40gc0000gn/T/avelune_ui06_VBH3FB/maps/clairiere.json
[runtime_loader] map file read ok bytes=17187
[runtime_loader] map validated id=clairiere size=24x16 layers=3 entities=1 placedElements=3 warps=0 triggers=0
[runtime_loader] bundle tilesets collected ids=atelier
[runtime_loader] bundle tileset path id=atelier path=/private/var/folders/b5/7gsfwzyd449_54n8l40h40gc0000gn/T/avelune_ui06_VBH3FB/assets/atelier.png
[runtime_loader] bundle load ok mapId=clairiere projectRoot=/private/var/folders/b5/7gsfwzyd449_54n8l40h40gc0000gn/T/avelune_ui06_VBH3FB tilesets=1
[dialogue] interaction entity=event-v2:evt_019abcde-9000-7000-8000-000000000106:evx_01a0d92a-0daf-7001-8000-c355f9242d00:ui09_guichet:1790349807023
[dialogue] resolved dialogueId=ui09_guichet
[dialogue] resolved file=dialogues/ui09_guichet.yarn
[dialogue] requested startNode=Accueil
[scenario_lock] accepted source=event-v2:evt_019abcde-9000-7000-8000-000000000106:evx_01a0d92a-0daf-7001-8000-c355f9242d00:ui09_guichet:1790349807023 phase=dialogueLoading serial=1
[dialogue] parsed 1 node(s) from /private/var/folders/b5/7gsfwzyd449_54n8l40h40gc0000gn/T/avelune_ui06_VBH3FB/dialogues/ui09_guichet.yarn
[dialogue] starting at node "Accueil"
[scene_runtime] dialogue content loaded request=event-v2:evt_019abcde-9000-7000-8000-000000000106:evx_01a0d92a-0daf-7001-8000-c355f9242d00:ui09_guichet:1790349807023 elapsedMs=1
[scenario_lock] cleared source=event-v2:evt_019abcde-9000-7000-8000-000000000106:evx_01a0d92a-0daf-7001-8000-c355f9242d00:ui09_guichet:1790349807023 reason=dialogueOpened serial=1
[dialogue] opened node=Accueil text="Chef: Bonjour ! Souhaitez-vous préparer votre départ ?"
[dialogue] choice opened count=2 selected=0
[dialogue] choice confirmed index=1 text="Je préfère attendre"
[dialogue] line text="Chef: Prenez votre temps dans la salle d’attente."
[dialogue] dialogue closed
[scene_runtime] dialogue completed request=event-v2:evt_019abcde-9000-7000-8000-000000000106:evx_01a0d92a-0daf-7001-8000-c355f9242d00:ui09_guichet:1790349807023 status=completed port=attente
[dialogue] finished
[event_v2] mapEnter activation=mapact_1790349807011742_1 map=jardin reason=initialBoot result=MapEnterProductionDispatchV2Handled
04:37 +333: /Users/karim/Project/pokemonProject/apps/avelune_studio/test/m3_story_runtime_test.dart: published story plays choices, conditions, one-shot and isolated save/load
04:38 +334: /Users/karim/Project/pokemonProject/apps/avelune_studio/test/m3_story_runtime_test.dart: published story plays choices, conditions, one-shot and isolated save/load
04:38 +335: /Users/karim/Project/pokemonProject/apps/avelune_studio/test/m3_story_runtime_test.dart: published story plays choices, conditions, one-shot and isolated save/load
04:38 +336: /Users/karim/Project/pokemonProject/apps/avelune_studio/test/m3_story_runtime_test.dart: published story plays choices, conditions, one-shot and isolated save/load
04:38 +337: /Users/karim/Project/pokemonProject/apps/avelune_studio/test/m3_story_runtime_test.dart: published story plays choices, conditions, one-shot and isolated save/load
[runtime_loader] bundle load start projectFilePath=/private/var/folders/b5/7gsfwzyd449_54n8l40h40gc0000gn/T/avelune_m3_story_X0darI/project.json mapId=jardin
[runtime_loader] project manifest lookup path=/private/var/folders/b5/7gsfwzyd449_54n8l40h40gc0000gn/T/avelune_m3_story_X0darI/project.json
[runtime_loader] project manifest read ok bytes=34071
[runtime_loader] project manifest validated maps=2 tilesets=1 scenarios=0
[runtime_loader] bundle map resolved mapId=jardin relativePath=maps/jardin.json mapPath=/private/var/folders/b5/7gsfwzyd449_54n8l40h40gc0000gn/T/avelune_m3_story_X0darI/maps/jardin.json
[runtime_loader] map file lookup path=/private/var/folders/b5/7gsfwzyd449_54n8l40h40gc0000gn/T/avelune_m3_story_X0darI/maps/jardin.json
[runtime_loader] map file read ok bytes=19146
[runtime_loader] map validated id=jardin size=24x16 layers=3 entities=3 placedElements=3 warps=0 triggers=1
[runtime_loader] bundle tilesets collected ids=atelier
[runtime_loader] bundle tileset path id=atelier path=/private/var/folders/b5/7gsfwzyd449_54n8l40h40gc0000gn/T/avelune_m3_story_X0darI/assets/atelier.png
[runtime_loader] bundle load ok mapId=jardin projectRoot=/private/var/folders/b5/7gsfwzyd449_54n8l40h40gc0000gn/T/avelune_m3_story_X0darI tilesets=1
[runtime_game] tileset image load start map=jardin
[runtime_game] tileset cache resolve requested=1
[runtime_game] tileset cache resolve ok result=1
[runtime_game] onLoad start map=jardin projectFilePath=/private/var/folders/b5/7gsfwzyd449_54n8l40h40gc0000gn/T/avelune_m3_story_X0darI/project.json tilesets=1
[runtime_game] world build start map=jardin
[runtime] Map loaded: jardin, spawn at (8, 9)
[runtime_game] tileset image load ok count=1 map=jardin
[runtime_game] mount root map start map=jardin
[step_studio_trace] npc_mount_added map=jardin entity=chief
[step_studio_trace] npc_mount_added map=jardin entity=traveller
[step_studio_trace] npc_presence_applied map=jardin entity=chief present=true
[step_studio_trace] npc_presence_applied map=jardin entity=traveller present=true
[runtime_game] mount root map ok map=jardin
[npc_patrol] read movement entity=chief pos=(8,10) size=1x1 mode=idle waypoints= loop=true pauseMs=0 stepMs=200
[npc_patrol] read movement entity=traveller pos=(10,10) size=1x1 mode=idle waypoints= loop=true pauseMs=0 stepMs=200
[runtime_game] onLoad completed activeMapId=jardin
[runtime_loader] bundle load start projectFilePath=/private/var/folders/b5/7gsfwzyd449_54n8l40h40gc0000gn/T/avelune_m3_story_X0darI/project.json mapId=clairiere
[runtime_loader] project manifest lookup path=/private/var/folders/b5/7gsfwzyd449_54n8l40h40gc0000gn/T/avelune_m3_story_X0darI/project.json
[runtime_loader] project manifest read ok bytes=34071
[runtime_loader] project manifest validated maps=2 tilesets=1 scenarios=0
[runtime_loader] bundle map resolved mapId=clairiere relativePath=maps/clairiere.json mapPath=/private/var/folders/b5/7gsfwzyd449_54n8l40h40gc0000gn/T/avelune_m3_story_X0darI/maps/clairiere.json
[runtime_loader] map file lookup path=/private/var/folders/b5/7gsfwzyd449_54n8l40h40gc0000gn/T/avelune_m3_story_X0darI/maps/clairiere.json
[runtime_loader] map file read ok bytes=17187
[runtime_loader] map validated id=clairiere size=24x16 layers=3 entities=1 placedElements=3 warps=0 triggers=0
[runtime_loader] bundle tilesets collected ids=atelier
[runtime_loader] bundle tileset path id=atelier path=/private/var/folders/b5/7gsfwzyd449_54n8l40h40gc0000gn/T/avelune_m3_story_X0darI/assets/atelier.png
[runtime_loader] bundle load ok mapId=clairiere projectRoot=/private/var/folders/b5/7gsfwzyd449_54n8l40h40gc0000gn/T/avelune_m3_story_X0darI tilesets=1
[step_studio_trace] npc_presence_applied map=jardin entity=chief present=true
[step_studio_trace] npc_presence_applied map=jardin entity=traveller present=true
[npc_patrol] read movement entity=chief pos=(8,10) size=1x1 mode=idle waypoints= loop=true pauseMs=0 stepMs=200
[npc_patrol] read movement entity=traveller pos=(10,10) size=1x1 mode=idle waypoints= loop=true pauseMs=0 stepMs=200
[step_studio_trace] npc_presence_applied map=jardin entity=chief present=true
[step_studio_trace] npc_presence_applied map=jardin entity=traveller present=true
[npc_patrol] read movement entity=chief pos=(8,10) size=1x1 mode=idle waypoints= loop=true pauseMs=0 stepMs=200
[npc_patrol] read movement entity=traveller pos=(10,10) size=1x1 mode=idle waypoints= loop=true pauseMs=0 stepMs=200
[step_studio_trace] npc_presence_applied map=jardin entity=chief present=true
[step_studio_trace] npc_presence_applied map=jardin entity=traveller present=true
[npc_patrol] read movement entity=chief pos=(8,10) size=1x1 mode=idle waypoints= loop=true pauseMs=0 stepMs=200
[npc_patrol] read movement entity=traveller pos=(10,10) size=1x1 mode=idle waypoints= loop=true pauseMs=0 stepMs=200
[event_v2] mapEnter activation=mapact_1790349808302087_1 map=jardin reason=initialBoot result=MapEnterProductionDispatchLegacyFallback
[dialogue] interaction entity=event-v2:evt_019abcde-9000-7000-8000-000000000002:evx_01a0d92a-13e1-7004-8000-c72a2cd41795:before:1790349808616
[dialogue] resolved dialogueId=before
[dialogue] resolved file=dialogues/before.yarn
[dialogue] requested startNode=Start
[scenario_lock] accepted source=event-v2:evt_019abcde-9000-7000-8000-000000000002:evx_01a0d92a-13e1-7004-8000-c72a2cd41795:before:1790349808616 phase=dialogueLoading serial=1
[dialogue] parsed 1 node(s) from /private/var/folders/b5/7gsfwzyd449_54n8l40h40gc0000gn/T/avelune_m3_story_X0darI/dialogues/before.yarn
[dialogue] starting at node "Start"
[scene_runtime] dialogue content loaded request=event-v2:evt_019abcde-9000-7000-8000-000000000002:evx_01a0d92a-13e1-7004-8000-c72a2cd41795:before:1790349808616 elapsedMs=44
[scenario_lock] cleared source=event-v2:evt_019abcde-9000-7000-8000-000000000002:evx_01a0d92a-13e1-7004-8000-c72a2cd41795:before:1790349808616 reason=dialogueOpened serial=1
[dialogue] opened node=Start text="Je patiente avant le départ."
[dialogue] dialogue closed
[scene_runtime] dialogue completed request=event-v2:evt_019abcde-9000-7000-8000-000000000002:evx_01a0d92a-13e1-7004-8000-c72a2cd41795:before:1790349808616 status=completed port=completed
[dialogue] finished
[step_studio_trace] npc_presence_applied map=jardin entity=chief present=true
[step_studio_trace] npc_presence_applied map=jardin entity=traveller present=true
[npc_patrol] read movement entity=chief pos=(8,10) size=1x1 mode=idle waypoints= loop=true pauseMs=0 stepMs=200
[npc_patrol] read movement entity=traveller pos=(10,10) size=1x1 mode=idle waypoints= loop=true pauseMs=0 stepMs=200
[step_studio_trace] npc_presence_applied map=jardin entity=chief present=true
[step_studio_trace] npc_presence_applied map=jardin entity=traveller present=true
[npc_patrol] read movement entity=chief pos=(8,10) size=1x1 mode=idle waypoints= loop=true pauseMs=0 stepMs=200
[npc_patrol] read movement entity=traveller pos=(10,10) size=1x1 mode=idle waypoints= loop=true pauseMs=0 stepMs=200
[dialogue] interaction entity=event-v2:evt_019abcde-9000-7000-8000-000000000001:evx_01a0d92a-1457-7007-8000-c7731a662f2e:offer:1790349808728
[dialogue] resolved dialogueId=offer
[dialogue] resolved file=dialogues/offer.yarn
[dialogue] requested startNode=Start
[scenario_lock] accepted source=event-v2:evt_019abcde-9000-7000-8000-000000000001:evx_01a0d92a-1457-7007-8000-c7731a662f2e:offer:1790349808728 phase=dialogueLoading serial=2
[dialogue] parsed 3 node(s) from /private/var/folders/b5/7gsfwzyd449_54n8l40h40gc0000gn/T/avelune_m3_story_X0darI/dialogues/offer.yarn
[dialogue] starting at node "Start"
[scene_runtime] dialogue content loaded request=event-v2:evt_019abcde-9000-7000-8000-000000000001:evx_01a0d92a-1457-7007-8000-c7731a662f2e:offer:1790349808728 elapsedMs=46
[scenario_lock] cleared source=event-v2:evt_019abcde-9000-7000-8000-000000000001:evx_01a0d92a-1457-7007-8000-c7731a662f2e:offer:1790349808728 reason=dialogueOpened serial=2
[dialogue] opened node=Start text="Voulez-vous aider au départ ?"
[dialogue] choice opened count=2 selected=0
[dialogue] choice moved selected=1
[dialogue] choice confirmed index=1 text="Pas maintenant"
[dialogue] jump to=Refuse
[dialogue] line text="Revenez quand vous voulez."
[dialogue] dialogue closed
[scene_runtime] dialogue completed request=event-v2:evt_019abcde-9000-7000-8000-000000000001:evx_01a0d92a-1457-7007-8000-c7731a662f2e:offer:1790349808728 status=completed port=refused
[dialogue] finished
[step_studio_trace] npc_presence_applied map=jardin entity=chief present=true
[step_studio_trace] npc_presence_applied map=jardin entity=traveller present=true
[npc_patrol] read movement entity=chief pos=(8,10) size=1x1 mode=idle waypoints= loop=true pauseMs=0 stepMs=200
[npc_patrol] read movement entity=traveller pos=(10,10) size=1x1 mode=idle waypoints= loop=true pauseMs=0 stepMs=200
[step_studio_trace] npc_presence_applied map=jardin entity=chief present=true
[step_studio_trace] npc_presence_applied map=jardin entity=traveller present=true
[npc_patrol] read movement entity=chief pos=(8,10) size=1x1 mode=idle waypoints= loop=true pauseMs=0 stepMs=200
[npc_patrol] read movement entity=traveller pos=(10,10) size=1x1 mode=idle waypoints= loop=true pauseMs=0 stepMs=200
[dialogue] interaction entity=event-v2:evt_019abcde-9000-7000-8000-000000000001:evx_01a0d92a-14a8-700a-8000-c7a529f3b032:offer:1790349808808
[dialogue] resolved dialogueId=offer
[dialogue] resolved file=dialogues/offer.yarn
[dialogue] requested startNode=Start
[scenario_lock] accepted source=event-v2:evt_019abcde-9000-7000-8000-000000000001:evx_01a0d92a-14a8-700a-8000-c7a529f3b032:offer:1790349808808 phase=dialogueLoading serial=3
[dialogue] parsed 3 node(s) from /private/var/folders/b5/7gsfwzyd449_54n8l40h40gc0000gn/T/avelune_m3_story_X0darI/dialogues/offer.yarn
[dialogue] starting at node "Start"
[scene_runtime] dialogue content loaded request=event-v2:evt_019abcde-9000-7000-8000-000000000001:evx_01a0d92a-14a8-700a-8000-c7a529f3b032:offer:1790349808808 elapsedMs=5
[scenario_lock] cleared source=event-v2:evt_019abcde-9000-7000-8000-000000000001:evx_01a0d92a-14a8-700a-8000-c7a529f3b032:offer:1790349808808 reason=dialogueOpened serial=3
[dialogue] opened node=Start text="Voulez-vous aider au départ ?"
[dialogue] choice opened count=2 selected=0
[dialogue] choice confirmed index=0 text="Je vous aide"
[dialogue] jump to=Accept
[dialogue] line text="Très bien, retrouvez la voyageuse."
[dialogue] dialogue closed
[scene_runtime] dialogue completed request=event-v2:evt_019abcde-9000-7000-8000-000000000001:evx_01a0d92a-14a8-700a-8000-c7a529f3b032:offer:1790349808808 status=completed port=accepted
[dialogue] finished
[step_studio_trace] npc_presence_applied map=jardin entity=chief present=true
[step_studio_trace] npc_presence_applied map=jardin entity=traveller present=true
[npc_patrol] read movement entity=chief pos=(8,10) size=1x1 mode=idle waypoints= loop=true pauseMs=0 stepMs=200
[npc_patrol] read movement entity=traveller pos=(10,10) size=1x1 mode=idle waypoints= loop=true pauseMs=0 stepMs=200
[step_studio_trace] npc_presence_applied map=jardin entity=chief present=true
[step_studio_trace] npc_presence_applied map=jardin entity=traveller present=true
[npc_patrol] read movement entity=chief pos=(8,10) size=1x1 mode=idle waypoints= loop=true pauseMs=0 stepMs=200
[npc_patrol] read movement entity=traveller pos=(10,10) size=1x1 mode=idle waypoints= loop=true pauseMs=0 stepMs=200
[dialogue] interaction entity=event-v2:evt_019abcde-9000-7000-8000-000000000003:evx_01a0d92a-14f5-700d-8000-c7d4c0a34a72:traveller:1790349808885
[dialogue] resolved dialogueId=traveller
[dialogue] resolved file=dialogues/traveller.yarn
[dialogue] requested startNode=Start
[scenario_lock] accepted source=event-v2:evt_019abcde-9000-7000-8000-000000000003:evx_01a0d92a-14f5-700d-8000-c7d4c0a34a72:traveller:1790349808885 phase=dialogueLoading serial=4
[dialogue] parsed 1 node(s) from /private/var/folders/b5/7gsfwzyd449_54n8l40h40gc0000gn/T/avelune_m3_story_X0darI/dialogues/traveller.yarn
[dialogue] starting at node "Start"
[scene_runtime] dialogue content loaded request=event-v2:evt_019abcde-9000-7000-8000-000000000003:evx_01a0d92a-14f5-700d-8000-c7d4c0a34a72:traveller:1790349808885 elapsedMs=38
[scenario_lock] cleared source=event-v2:evt_019abcde-9000-7000-8000-000000000003:evx_01a0d92a-14f5-700d-8000-c7d4c0a34a72:traveller:1790349808885 reason=dialogueOpened serial=4
[dialogue] opened node=Start text="Merci, ma place est prête !"
[dialogue] dialogue closed
[scene_runtime] dialogue completed request=event-v2:evt_019abcde-9000-7000-8000-000000000003:evx_01a0d92a-14f5-700d-8000-c7d4c0a34a72:traveller:1790349808885 status=completed port=completed
[dialogue] finished
[step_studio_trace] npc_presence_applied map=jardin entity=chief present=true
[step_studio_trace] npc_presence_applied map=jardin entity=traveller present=true
[npc_patrol] read movement entity=chief pos=(8,10) size=1x1 mode=idle waypoints= loop=true pauseMs=0 stepMs=200
[npc_patrol] read movement entity=traveller pos=(10,10) size=1x1 mode=idle waypoints= loop=true pauseMs=0 stepMs=200
[step_studio_trace] npc_presence_applied map=jardin entity=chief present=true
[step_studio_trace] npc_presence_applied map=jardin entity=traveller present=true
[npc_patrol] read movement entity=chief pos=(8,10) size=1x1 mode=idle waypoints= loop=true pauseMs=0 stepMs=200
[npc_patrol] read movement entity=traveller pos=(10,10) size=1x1 mode=idle waypoints= loop=true pauseMs=0 stepMs=200
[dialogue] interaction entity=event-v2:evt_019abcde-9000-7000-8000-000000000005:evx_01a0d92a-1552-7010-8000-c80e3aca7fc2:finish:1790349808978
[dialogue] resolved dialogueId=finish
[dialogue] resolved file=dialogues/finish.yarn
[dialogue] requested startNode=Start
[scenario_lock] accepted source=event-v2:evt_019abcde-9000-7000-8000-000000000005:evx_01a0d92a-1552-7010-8000-c80e3aca7fc2:finish:1790349808978 phase=dialogueLoading serial=5
[dialogue] parsed 1 node(s) from /private/var/folders/b5/7gsfwzyd449_54n8l40h40gc0000gn/T/avelune_m3_story_X0darI/dialogues/finish.yarn
[dialogue] starting at node "Start"
[scene_runtime] dialogue content loaded request=event-v2:evt_019abcde-9000-7000-8000-000000000005:evx_01a0d92a-1552-7010-8000-c80e3aca7fc2:finish:1790349808978 elapsedMs=39
[scenario_lock] cleared source=event-v2:evt_019abcde-9000-7000-8000-000000000005:evx_01a0d92a-1552-7010-8000-c80e3aca7fc2:finish:1790349808978 reason=dialogueOpened serial=5
[dialogue] opened node=Start text="Tout est prêt, départ autorisé !"
[dialogue] dialogue closed
[scene_runtime] dialogue completed request=event-v2:evt_019abcde-9000-7000-8000-000000000005:evx_01a0d92a-1552-7010-8000-c80e3aca7fc2:finish:1790349808978 status=completed port=completed
[dialogue] finished
[step_studio_trace] npc_presence_applied map=jardin entity=chief present=true
[step_studio_trace] npc_presence_applied map=jardin entity=traveller present=true
[npc_patrol] read movement entity=chief pos=(8,10) size=1x1 mode=idle waypoints= loop=true pauseMs=0 stepMs=200
[npc_patrol] read movement entity=traveller pos=(10,10) size=1x1 mode=idle waypoints= loop=true pauseMs=0 stepMs=200
[step_studio_trace] npc_presence_applied map=jardin entity=chief present=true
[step_studio_trace] npc_presence_applied map=jardin entity=traveller present=true
[npc_patrol] read movement entity=chief pos=(8,10) size=1x1 mode=idle waypoints= loop=true pauseMs=0 stepMs=200
[npc_patrol] read movement entity=traveller pos=(10,10) size=1x1 mode=idle waypoints= loop=true pauseMs=0 stepMs=200
[dialogue] interaction entity=event-v2:evt_019abcde-9000-7000-8000-000000000006:evx_01a0d92a-1590-7013-8000-c8348c39f8a3:conclusion:1790349809040
[dialogue] resolved dialogueId=conclusion
[dialogue] resolved file=dialogues/conclusion.yarn
[dialogue] requested startNode=Start
[scenario_lock] accepted source=event-v2:evt_019abcde-9000-7000-8000-000000000006:evx_01a0d92a-1590-7013-8000-c8348c39f8a3:conclusion:1790349809040 phase=dialogueLoading serial=6
[dialogue] parsed 1 node(s) from /private/var/folders/b5/7gsfwzyd449_54n8l40h40gc0000gn/T/avelune_m3_story_X0darI/dialogues/conclusion.yarn
[dialogue] starting at node "Start"
[scene_runtime] dialogue content loaded request=event-v2:evt_019abcde-9000-7000-8000-000000000006:evx_01a0d92a-1590-7013-8000-c8348c39f8a3:conclusion:1790349809040 elapsedMs=39
[scenario_lock] cleared source=event-v2:evt_019abcde-9000-7000-8000-000000000006:evx_01a0d92a-1590-7013-8000-c8348c39f8a3:conclusion:1790349809040 reason=dialogueOpened serial=6
[dialogue] opened node=Start text="Merci encore pour votre aide."
[dialogue] dialogue closed
[scene_runtime] dialogue completed request=event-v2:evt_019abcde-9000-7000-8000-000000000006:evx_01a0d92a-1590-7013-8000-c8348c39f8a3:conclusion:1790349809040 status=completed port=completed
[dialogue] finished
[step_studio_trace] npc_presence_applied map=jardin entity=chief present=true
[step_studio_trace] npc_presence_applied map=jardin entity=traveller present=true
[npc_patrol] read movement entity=chief pos=(8,10) size=1x1 mode=idle waypoints= loop=true pauseMs=0 stepMs=200
[npc_patrol] read movement entity=traveller pos=(10,10) size=1x1 mode=idle waypoints= loop=true pauseMs=0 stepMs=200
[step_studio_trace] npc_presence_applied map=jardin entity=chief present=true
[step_studio_trace] npc_presence_applied map=jardin entity=traveller present=true
[npc_patrol] read movement entity=chief pos=(8,10) size=1x1 mode=idle waypoints= loop=true pauseMs=0 stepMs=200
[npc_patrol] read movement entity=traveller pos=(10,10) size=1x1 mode=idle waypoints= loop=true pauseMs=0 stepMs=200
[dialogue] interaction entity=event-v2:evt_019abcde-9000-7000-8000-000000000007:evx_01a0d92a-15e0-7016-8000-c865fd8ffff6:zone:1790349809121
[dialogue] resolved dialogueId=zone
[dialogue] resolved file=dialogues/zone.yarn
[dialogue] requested startNode=Start
[scenario_lock] accepted source=event-v2:evt_019abcde-9000-7000-8000-000000000007:evx_01a0d92a-15e0-7016-8000-c865fd8ffff6:zone:1790349809121 phase=dialogueLoading serial=7
[dialogue] parsed 1 node(s) from /private/var/folders/b5/7gsfwzyd449_54n8l40h40gc0000gn/T/avelune_m3_story_X0darI/dialogues/zone.yarn
[dialogue] starting at node "Start"
[scene_runtime] dialogue content loaded request=event-v2:evt_019abcde-9000-7000-8000-000000000007:evx_01a0d92a-15e0-7016-8000-c865fd8ffff6:zone:1790349809121 elapsedMs=46
[scenario_lock] cleared source=event-v2:evt_019abcde-9000-7000-8000-000000000007:evx_01a0d92a-15e0-7016-8000-c865fd8ffff6:zone:1790349809121 reason=dialogueOpened serial=7
[dialogue] opened node=Start text="Bienvenue sur le quai."
[dialogue] dialogue closed
[scene_runtime] dialogue completed request=event-v2:evt_019abcde-9000-7000-8000-000000000007:evx_01a0d92a-15e0-7016-8000-c865fd8ffff6:zone:1790349809121 status=completed port=completed
[dialogue] finished
[step_studio_trace] npc_presence_applied map=jardin entity=chief present=true
[step_studio_trace] npc_presence_applied map=jardin entity=traveller present=true
[npc_patrol] read movement entity=chief pos=(8,10) size=1x1 mode=idle waypoints= loop=true pauseMs=0 stepMs=200
[npc_patrol] read movement entity=traveller pos=(10,10) size=1x1 mode=idle waypoints= loop=true pauseMs=0 stepMs=200
[step_studio_trace] npc_presence_applied map=jardin entity=chief present=true
[step_studio_trace] npc_presence_applied map=jardin entity=traveller present=true
[npc_patrol] read movement entity=chief pos=(8,10) size=1x1 mode=idle waypoints= loop=true pauseMs=0 stepMs=200
[npc_patrol] read movement entity=traveller pos=(10,10) size=1x1 mode=idle waypoints= loop=true pauseMs=0 stepMs=200
[step_studio_trace] runtime_save_requested map=jardin completedStepIds=[prepare, help, finish] completedCutsceneIds=[]
[runtime_game] tileset cache resolve requested=1
[runtime_game] tileset cache resolve ok result=1
[step_studio_trace] npc_mount_added map=jardin entity=chief
[step_studio_trace] npc_mount_added map=jardin entity=traveller
[step_studio_trace] npc_presence_applied map=jardin entity=chief present=true
[step_studio_trace] npc_presence_applied map=jardin entity=traveller present=true
[npc_patrol] read movement entity=chief pos=(8,10) size=1x1 mode=idle waypoints= loop=true pauseMs=0 stepMs=200
[npc_patrol] read movement entity=traveller pos=(10,10) size=1x1 mode=idle waypoints= loop=true pauseMs=0 stepMs=200
[step_studio_trace] npc_presence_applied map=jardin entity=chief present=true
[step_studio_trace] npc_presence_applied map=jardin entity=traveller present=true
[npc_patrol] read movement entity=chief pos=(8,10) size=1x1 mode=idle waypoints= loop=true pauseMs=0 stepMs=200
[npc_patrol] read movement entity=traveller pos=(10,10) size=1x1 mode=idle waypoints= loop=true pauseMs=0 stepMs=200
[step_studio_trace] npc_presence_applied map=jardin entity=chief present=true
[step_studio_trace] npc_presence_applied map=jardin entity=traveller present=true
[npc_patrol] read movement entity=chief pos=(8,10) size=1x1 mode=idle waypoints= loop=true pauseMs=0 stepMs=200
[npc_patrol] read movement entity=traveller pos=(10,10) size=1x1 mode=idle waypoints= loop=true pauseMs=0 stepMs=200
[step_studio_trace] npc_presence_applied map=jardin entity=chief present=true
[step_studio_trace] npc_presence_applied map=jardin entity=traveller present=true
[npc_patrol] read movement entity=chief pos=(8,10) size=1x1 mode=idle waypoints= loop=true pauseMs=0 stepMs=200
[npc_patrol] read movement entity=traveller pos=(10,10) size=1x1 mode=idle waypoints= loop=true pauseMs=0 stepMs=200
[step_studio_trace] npc_presence_applied map=jardin entity=chief present=true
[step_studio_trace] npc_presence_applied map=jardin entity=traveller present=true
[npc_patrol] read movement entity=chief pos=(8,10) size=1x1 mode=idle waypoints= loop=true pauseMs=0 stepMs=200
[npc_patrol] read movement entity=traveller pos=(10,10) size=1x1 mode=idle waypoints= loop=true pauseMs=0 stepMs=200
[step_studio_trace] npc_presence_applied map=jardin entity=chief present=true
[step_studio_trace] npc_presence_applied map=jardin entity=traveller present=true
[npc_patrol] read movement entity=chief pos=(8,10) size=1x1 mode=idle waypoints= loop=true pauseMs=0 stepMs=200
[npc_patrol] read movement entity=traveller pos=(10,10) size=1x1 mode=idle waypoints= loop=true pauseMs=0 stepMs=200
[step_studio_trace] npc_presence_applied map=jardin entity=chief present=true
[step_studio_trace] npc_presence_applied map=jardin entity=traveller present=true
[npc_patrol] read movement entity=chief pos=(8,10) size=1x1 mode=idle waypoints= loop=true pauseMs=0 stepMs=200
[npc_patrol] read movement entity=traveller pos=(10,10) size=1x1 mode=idle waypoints= loop=true pauseMs=0 stepMs=200
[event_v2] mapEnter activation=mapact_1790349809215106_2 map=jardin reason=saveRestore result=MapEnterProductionDispatchLegacyFallback
[load] game loaded from saveId=default
[runtime_loader] bundle load start projectFilePath=/private/var/folders/b5/7gsfwzyd449_54n8l40h40gc0000gn/T/avelune_m3_story_X0darI/project.json mapId=jardin
[runtime_loader] project manifest lookup path=/private/var/folders/b5/7gsfwzyd449_54n8l40h40gc0000gn/T/avelune_m3_story_X0darI/project.json
[runtime_loader] project manifest read ok bytes=34071
[runtime_loader] project manifest validated maps=2 tilesets=1 scenarios=0
[runtime_loader] bundle map resolved mapId=jardin relativePath=maps/jardin.json mapPath=/private/var/folders/b5/7gsfwzyd449_54n8l40h40gc0000gn/T/avelune_m3_story_X0darI/maps/jardin.json
[runtime_loader] map file lookup path=/private/var/folders/b5/7gsfwzyd449_54n8l40h40gc0000gn/T/avelune_m3_story_X0darI/maps/jardin.json
[runtime_loader] map file read ok bytes=19146
[runtime_loader] map validated id=jardin size=24x16 layers=3 entities=3 placedElements=3 warps=0 triggers=1
[runtime_loader] bundle tilesets collected ids=atelier
[runtime_loader] bundle tileset path id=atelier path=/private/var/folders/b5/7gsfwzyd449_54n8l40h40gc0000gn/T/avelune_m3_story_X0darI/assets/atelier.png
[runtime_loader] bundle load ok mapId=jardin projectRoot=/private/var/folders/b5/7gsfwzyd449_54n8l40h40gc0000gn/T/avelune_m3_story_X0darI tilesets=1
[runtime_game] tileset image load start map=jardin
[runtime_game] tileset cache resolve requested=1
[runtime_game] tileset cache resolve ok result=1
[runtime_game] onLoad start map=jardin projectFilePath=/private/var/folders/b5/7gsfwzyd449_54n8l40h40gc0000gn/T/avelune_m3_story_X0darI/project.json tilesets=1
[runtime_game] world build start map=jardin
[runtime] Map loaded: jardin, spawn at (8, 9)
[runtime_game] tileset image load ok count=1 map=jardin
[runtime_game] mount root map start map=jardin
[step_studio_trace] npc_mount_added map=jardin entity=chief
[step_studio_trace] npc_mount_added map=jardin entity=traveller
[step_studio_trace] npc_presence_applied map=jardin entity=chief present=true
[step_studio_trace] npc_presence_applied map=jardin entity=traveller present=true
[runtime_game] mount root map ok map=jardin
[npc_patrol] read movement entity=chief pos=(8,10) size=1x1 mode=idle waypoints= loop=true pauseMs=0 stepMs=200
[npc_patrol] read movement entity=traveller pos=(10,10) size=1x1 mode=idle waypoints= loop=true pauseMs=0 stepMs=200
[runtime_game] onLoad completed activeMapId=jardin
[runtime_loader] bundle load start projectFilePath=/private/var/folders/b5/7gsfwzyd449_54n8l40h40gc0000gn/T/avelune_m3_story_X0darI/project.json mapId=clairiere
[runtime_loader] project manifest lookup path=/private/var/folders/b5/7gsfwzyd449_54n8l40h40gc0000gn/T/avelune_m3_story_X0darI/project.json
[runtime_loader] project manifest read ok bytes=34071
[runtime_loader] project manifest validated maps=2 tilesets=1 scenarios=0
[runtime_loader] bundle map resolved mapId=clairiere relativePath=maps/clairiere.json mapPath=/private/var/folders/b5/7gsfwzyd449_54n8l40h40gc0000gn/T/avelune_m3_story_X0darI/maps/clairiere.json
[runtime_loader] map file lookup path=/private/var/folders/b5/7gsfwzyd449_54n8l40h40gc0000gn/T/avelune_m3_story_X0darI/maps/clairiere.json
[runtime_loader] map file read ok bytes=17187
[runtime_loader] map validated id=clairiere size=24x16 layers=3 entities=1 placedElements=3 warps=0 triggers=0
[runtime_loader] bundle tilesets collected ids=atelier
[runtime_loader] bundle tileset path id=atelier path=/private/var/folders/b5/7gsfwzyd449_54n8l40h40gc0000gn/T/avelune_m3_story_X0darI/assets/atelier.png
[runtime_loader] bundle load ok mapId=clairiere projectRoot=/private/var/folders/b5/7gsfwzyd449_54n8l40h40gc0000gn/T/avelune_m3_story_X0darI tilesets=1
[step_studio_trace] npc_presence_applied map=jardin entity=chief present=true
[step_studio_trace] npc_presence_applied map=jardin entity=traveller present=true
[npc_patrol] read movement entity=chief pos=(8,10) size=1x1 mode=idle waypoints= loop=true pauseMs=0 stepMs=200
[npc_patrol] read movement entity=traveller pos=(10,10) size=1x1 mode=idle waypoints= loop=true pauseMs=0 stepMs=200
[step_studio_trace] npc_presence_applied map=jardin entity=chief present=true
[step_studio_trace] npc_presence_applied map=jardin entity=traveller present=true
[npc_patrol] read movement entity=chief pos=(8,10) size=1x1 mode=idle waypoints= loop=true pauseMs=0 stepMs=200
[npc_patrol] read movement entity=traveller pos=(10,10) size=1x1 mode=idle waypoints= loop=true pauseMs=0 stepMs=200
[step_studio_trace] npc_presence_applied map=jardin entity=chief present=true
[step_studio_trace] npc_presence_applied map=jardin entity=traveller present=true
[npc_patrol] read movement entity=chief pos=(8,10) size=1x1 mode=idle waypoints= loop=true pauseMs=0 stepMs=200
[npc_patrol] read movement entity=traveller pos=(10,10) size=1x1 mode=idle waypoints= loop=true pauseMs=0 stepMs=200
[event_v2] mapEnter activation=mapact_1790349809609758_1 map=jardin reason=initialBoot result=MapEnterProductionDispatchLegacyFallback
[step_studio_trace] runtime_save_requested map=jardin completedStepIds=[] completedCutsceneIds=[]
04:40 +338: /Users/karim/Project/pokemonProject/apps/avelune_studio/test/cinematics_ui10_widget_test.dart: UI10 full Studio frame early composition with isolated real project
04:41 +339: /Users/karim/Project/pokemonProject/apps/avelune_studio/test/cinematics_ui10_widget_test.dart: UI10 full Studio frame early composition with isolated real project
04:42 +340: /Users/karim/Project/pokemonProject/apps/avelune_studio/test/cinematics_ui10_widget_test.dart: UI10 full Studio frame early composition with isolated real project
04:42 +341: /Users/karim/Project/pokemonProject/apps/avelune_studio/test/cinematics_ui10_widget_test.dart: UI10 full Studio frame early composition with isolated real project
04:43 +342: /Users/karim/Project/pokemonProject/apps/avelune_studio/test/cinematics_ui10_widget_test.dart: UI10 full Studio frame early composition with isolated real project
04:44 +343: /Users/karim/Project/pokemonProject/apps/avelune_studio/test/cinematics_ui10_widget_test.dart: UI10 full Studio frame early composition with isolated real project
04:44 +344: /Users/karim/Project/pokemonProject/apps/avelune_studio/test/cinematics_ui10_widget_test.dart: UI10 full Studio frame early composition with isolated real project
04:45 +345: /Users/karim/Project/pokemonProject/apps/avelune_studio/test/ui13_verification_runtime_test.dart: a receipt of another version is stale, never a success
04:45 +346: /Users/karim/Project/pokemonProject/apps/avelune_studio/test/ui13_verification_runtime_test.dart: a receipt of another profile is refused with its provenance
04:45 +347: /Users/karim/Project/pokemonProject/apps/avelune_studio/test/ui13_verification_runtime_test.dart: a receipt missing a required suite stays inconclusive
04:46 +348: /Users/karim/Project/pokemonProject/apps/avelune_studio/test/ui13_verification_executor_test.dart: the real analysis runs outside the interface isolate
04:46 +349: /Users/karim/Project/pokemonProject/apps/avelune_studio/test/ui13_verification_executor_test.dart: the real analysis runs outside the interface isolate
04:46 +350: /Users/karim/Project/pokemonProject/apps/avelune_studio/test/ui13_verification_executor_test.dart: the real analysis runs outside the interface isolate
04:46 +351: /Users/karim/Project/pokemonProject/apps/avelune_studio/test/ui13_verification_executor_test.dart: the real analysis runs outside the interface isolate
04:46 +352: /Users/karim/Project/pokemonProject/apps/avelune_studio/test/ui13_verification_executor_test.dart: abandoning stops the work and adopts nothing
04:46 +353: /Users/karim/Project/pokemonProject/apps/avelune_studio/test/ui13_verification_executor_test.dart: a late reply never takes the place of the current state
04:47 +354: /Users/karim/Project/pokemonProject/apps/avelune_studio/test/ui13_verification_executor_test.dart: a replacing request keeps only its own answer
04:47 +355: /Users/karim/Project/pokemonProject/apps/avelune_studio/test/ui13_verification_executor_test.dart: closing the page drops the work and its answer
04:47 +356: /Users/karim/Project/pokemonProject/apps/avelune_studio/test/ui13_verification_executor_test.dart: a failed read leaves no synthetic green report
04:47 +357: /Users/karim/Project/pokemonProject/apps/avelune_studio/test/stories/story_publication_ui07_test.dart: story action preserves concurrent image import and every map byte
04:47 +358: /Users/karim/Project/pokemonProject/apps/avelune_studio/test/stories/story_publication_ui07_test.dart: story action preserves concurrent image import and every map byte
04:48 +359: /Users/karim/Project/pokemonProject/apps/avelune_studio/test/stories/ui07_story_fixture_test.dart: rich fixture publishes real outcomes, owner relationship and modern scene link
04:48 +360: /Users/karim/Project/pokemonProject/apps/avelune_studio/test/stories/ui07_story_fixture_test.dart: rich fixture publishes real outcomes, owner relationship and modern scene link
04:48 +361: /Users/karim/Project/pokemonProject/apps/avelune_studio/test/stories/ui07_story_fixture_test.dart: rich fixture publishes real outcomes, owner relationship and modern scene link
04:49 +362: /Users/karim/Project/pokemonProject/apps/avelune_studio/test/stories/ui07_story_fixture_test.dart: construction fixture provides prerequisites but no authored stories
04:49 +363: /Users/karim/Project/pokemonProject/apps/avelune_studio/test/stories/story_sessions_ui07_test.dart: UI05 and UI07 share drafts, facts and publication without any map
04:49 +364: /Users/karim/Project/pokemonProject/apps/avelune_studio/test/stories/story_sessions_ui07_test.dart: secondary owner is edited, undone and saved from primary context
04:50 +365: /Users/karim/Project/pokemonProject/apps/avelune_studio/test/stories/story_sessions_ui07_test.dart: rejected duplicate and reciprocal cycle add no history entry
04:50 +366: /Users/karim/Project/pokemonProject/apps/avelune_studio/test/stories/story_sessions_ui07_test.dart: clean refresh invalidates stale history; dirty base survives catalog change
04:50 +367: /Users/karim/Project/pokemonProject/apps/avelune_studio/test/stories/story_sessions_ui07_test.dart: history is bounded and repeated consultation uses the same projection source
04:50 +368: /Users/karim/Project/pokemonProject/apps/avelune_studio/test/stories/story_sessions_ui07_test.dart: first declared outcome connection is one reversible aggregate delta
04:50 +369: /Users/karim/Project/pokemonProject/apps/avelune_studio/test/stories/story_publication_races_ui07_test.dart: edit during publication stays dirty, revertToBase=false
04:51 +370: /Users/karim/Project/pokemonProject/apps/avelune_studio/test/stories/story_publication_races_ui07_test.dart: edit during publication stays dirty, revertToBase=false
04:51 +371: /Users/karim/Project/pokemonProject/apps/avelune_studio/test/stories/story_publication_races_ui07_test.dart: edit during publication stays dirty, revertToBase=false
04:51 +372: /Users/karim/Project/pokemonProject/apps/avelune_studio/test/stories/story_document_commands_test.dart: empty story gains real chapter then step without fake placeholders
04:51 +373: /Users/karim/Project/pokemonProject/apps/avelune_studio/test/stories/story_publication_races_ui07_test.dart: edit during publication stays dirty, revertToBase=true
04:51 +374: /Users/karim/Project/pokemonProject/apps/avelune_studio/test/stories/story_publication_races_ui07_test.dart: late response after close does not replace the workspace catalog
04:51 +375: /Users/karim/Project/pokemonProject/apps/avelune_studio/test/stories/story_publication_races_ui07_test.dart: partial multi-owner failure reports written scope and keeps remaining draft
04:52 +376: /Users/karim/Project/pokemonProject/apps/avelune_studio/test/architecture/dart_dependency_graph_test.dart: detecte I/O derriere un import relatif et un export
04:52 +377: /Users/karim/Project/pokemonProject/apps/avelune_studio/test/architecture/dart_dependency_graph_test.dart: detecte I/O derriere un barrel package public
04:52 +378: /Users/karim/Project/pokemonProject/apps/avelune_studio/test/architecture/dart_dependency_graph_test.dart: inspecte aussi les branches conditionnelles des exports
04:52 +379: /Users/karim/Project/pokemonProject/apps/avelune_studio/test/architecture/dart_dependency_graph_test.dart: termine sur un cycle et accepte les SDK purs
04:52 +380: /Users/karim/Project/pokemonProject/apps/avelune_studio/test/architecture/dart_dependency_graph_test.dart: un package inconnu echoue au lieu de masquer une dependance
04:52 +381: /Users/karim/Project/pokemonProject/apps/avelune_studio/test/stories/story_reconciliation_ui07_test.dart: explicit reload reconciles target and preserves every unrelated dirty draft
04:52 +382: /Users/karim/Project/pokemonProject/apps/avelune_studio/test/architecture/architecture_boundaries_test.dart: application et domaine restent purs dans leur graphe transitif
04:52 +383: /Users/karim/Project/pokemonProject/apps/avelune_studio/test/architecture/architecture_boundaries_test.dart: application et domaine restent purs dans leur graphe transitif
04:53 +384: /Users/karim/Project/pokemonProject/apps/avelune_studio/test/architecture/architecture_boundaries_test.dart: application et domaine restent purs dans leur graphe transitif
04:53 +385: /Users/karim/Project/pokemonProject/apps/avelune_studio/test/architecture/architecture_boundaries_test.dart: presentation sans acces aux adaptateurs ou au filesystem
04:53 +386: /Users/karim/Project/pokemonProject/apps/avelune_studio/test/architecture/architecture_boundaries_test.dart: theme et widgets partages independants des features et de la DI
04:53 +387: /Users/karim/Project/pokemonProject/apps/avelune_studio/test/architecture/architecture_boundaries_test.dart: presentation centralisee et barrel DI limite aux exports
04:53 +388: /Users/karim/Project/pokemonProject/apps/avelune_studio/test/architecture/architecture_boundaries_test.dart: aucun import prive inter-package dans les sources Studio
04:53 +389: /Users/karim/Project/pokemonProject/apps/avelune_studio/test/architecture/architecture_boundaries_test.dart: aucune dependance vers ancien editeur
04:54 +390: /Users/karim/Project/pokemonProject/apps/avelune_studio/test/dialogues_ui09_nested_navigation_test.dart: nested events → scene → dialogue returns to exact owner
04:54 +391: /Users/karim/Project/pokemonProject/apps/avelune_studio/test/dialogues_ui09_nested_navigation_test.dart: nested events → scene → dialogue returns to exact owner
04:55 +392: /Users/karim/Project/pokemonProject/apps/avelune_studio/test/dialogues_ui09_nested_navigation_test.dart: nested events → scene → dialogue returns to exact owner
04:55 +393: /Users/karim/Project/pokemonProject/apps/avelune_studio/test/dialogues_ui09_nested_navigation_test.dart: nested events → scene → dialogue returns to exact owner
04:56 +394: /Users/karim/Project/pokemonProject/apps/avelune_studio/test/dialogues_ui09_nested_navigation_test.dart: nested events → scene → dialogue returns to exact owner
04:56 +395: /Users/karim/Project/pokemonProject/apps/avelune_studio/test/dialogues_ui09_nested_navigation_test.dart: nested events → scene → dialogue returns to exact owner
04:56 +396: /Users/karim/Project/pokemonProject/apps/avelune_studio/test/dialogues_ui09_nested_navigation_test.dart: nested events → scene → dialogue returns to exact owner
04:56 +397: /Users/karim/Project/pokemonProject/apps/avelune_studio/test/dialogues_ui09_nested_navigation_test.dart: nested events → scene → dialogue returns to exact owner
04:57 +398: /Users/karim/Project/pokemonProject/apps/avelune_studio/test/dialogues_ui09_nested_navigation_test.dart: nested events → scene → dialogue returns to exact owner
04:57 +399: /Users/karim/Project/pokemonProject/apps/avelune_studio/test/dialogues_ui09_nested_navigation_test.dart: nested events → scene → dialogue returns to exact owner
04:58 +400: /Users/karim/Project/pokemonProject/apps/avelune_studio/test/dialogues_ui09_nested_navigation_test.dart: nested events → scene → dialogue returns to exact owner
04:59 +401: /Users/karim/Project/pokemonProject/apps/avelune_studio/test/dialogues_ui09_nested_navigation_test.dart: nested events → scene → dialogue returns to exact owner
04:59 +402: /Users/karim/Project/pokemonProject/apps/avelune_studio/test/dialogues_ui09_nested_navigation_test.dart: nested events → scene → dialogue returns to exact owner
05:00 +403: /Users/karim/Project/pokemonProject/apps/avelune_studio/test/dialogues_ui09_nested_navigation_test.dart: nested events → scene → dialogue returns to exact owner
05:00 +404: /Users/karim/Project/pokemonProject/apps/avelune_studio/test/presentations/presentation_controller_ui11_test.dart: failed grouped edit rolls back all commands and accepts correction
05:00 +405: /Users/karim/Project/pokemonProject/apps/avelune_studio/test/dialogues_ui09_nested_navigation_test.dart: nested stories → scene → dialogue returns to exact owner
05:00 +406: /Users/karim/Project/pokemonProject/apps/avelune_studio/test/dialogues_ui09_nested_navigation_test.dart: nested stories → scene → dialogue returns to exact owner
05:00 +407: /Users/karim/Project/pokemonProject/apps/avelune_studio/test/dialogues_ui09_nested_navigation_test.dart: nested stories → scene → dialogue returns to exact owner
05:00 +408: /Users/karim/Project/pokemonProject/apps/avelune_studio/test/dialogues_ui09_nested_navigation_test.dart: nested stories → scene → dialogue returns to exact owner
05:01 +409: /Users/karim/Project/pokemonProject/apps/avelune_studio/test/dialogues_ui09_nested_navigation_test.dart: nested stories → scene → dialogue returns to exact owner
05:01 +410: /Users/karim/Project/pokemonProject/apps/avelune_studio/test/dialogues_ui09_nested_navigation_test.dart: nested stories → scene → dialogue returns to exact owner
05:01 +411: /Users/karim/Project/pokemonProject/apps/avelune_studio/test/dialogues_ui09_nested_navigation_test.dart: nested stories → scene → dialogue returns to exact owner
05:03 +412: /Users/karim/Project/pokemonProject/apps/avelune_studio/test/dialogues_ui09_nested_navigation_test.dart: nested stories → scene → dialogue returns to exact owner
05:04 +413: /Users/karim/Project/pokemonProject/apps/avelune_studio/test/resource_io/terrain_navigation_ui04_test.dart: same image creates distinct drafts and reopening retains canonical identity
05:05 +414: /Users/karim/Project/pokemonProject/apps/avelune_studio/test/resource_io/terrain_resource_io_test.dart: draft, publish, paint, erase, save and fresh reopen use canonical resources
05:05 +415: /Users/karim/Project/pokemonProject/apps/avelune_studio/test/resource_io/terrain_resource_io_test.dart: draft, publish, paint, erase, save and fresh reopen use canonical resources
05:06 +416: /Users/karim/Project/pokemonProject/apps/avelune_studio/test/resource_io/local_resource_adapter_test.dart: cancel before validation publishes no file or resource
05:06 +417: /Users/karim/Project/pokemonProject/apps/avelune_studio/test/resource_io/local_resource_adapter_test.dart: PNG imports atomically into durable catalogue with non-square grid
05:06 +418: /Users/karim/Project/pokemonProject/apps/avelune_studio/test/resource_io/local_resource_adapter_test.dart: dirty map survives import and saves against accepted receipt
05:06 +419: /Users/karim/Project/pokemonProject/apps/avelune_studio/test/resource_io/local_resource_adapter_test.dart: dirty map survives import and saves against accepted receipt
05:06 +420: /Users/karim/Project/pokemonProject/apps/avelune_studio/test/resource_io/local_resource_adapter_test.dart: dirty map survives import and saves against accepted receipt
05:06 +421: /Users/karim/Project/pokemonProject/apps/avelune_studio/test/resource_io/local_resource_adapter_test.dart: dirty map survives import and saves against accepted receipt
05:06 +422: /Users/karim/Project/pokemonProject/apps/avelune_studio/test/resource_io/local_resource_adapter_test.dart: dirty map survives import and saves against accepted receipt
05:06 +423: /Users/karim/Project/pokemonProject/apps/avelune_studio/test/resource_io/local_resource_adapter_test.dart: first decor category and definition commit together; variant preserves original
05:07 +424: /Users/karim/Project/pokemonProject/apps/avelune_studio/test/resource_io/local_resource_adapter_test.dart: invalid grid leaves manifest, source and resource catalogue unpublished
05:07 +425: /Users/karim/Project/pokemonProject/apps/avelune_studio/test/resource_io/local_resource_adapter_test.dart: external manifest edit blocks import without accepting foreign revision
05:07 +426: /Users/karim/Project/pokemonProject/apps/avelune_studio/test/resource_io/local_resource_adapter_test.dart: external map edit stays protected by map CAS after own import
05:07 +427: /Users/karim/Project/pokemonProject/apps/avelune_studio/test/resource_io/local_resource_adapter_test.dart: resource API rejects map mutation and preserves map bytes
05:07 +428: /Users/karim/Project/pokemonProject/apps/avelune_studio/test/resource_io/local_resource_adapter_test.dart: unchanged definition can be used without a mutation or lost conflict guard
05:07 +429: /Users/karim/Project/pokemonProject/apps/avelune_studio/test/ui13_verification_identity_test.dart: two entities sharing an identifier stay two documents
05:08 +430: /Users/karim/Project/pokemonProject/apps/avelune_studio/test/ui13_verification_identity_test.dart: an identifier answered by several documents is not guessed
05:08 +431: /Users/karim/Project/pokemonProject/apps/avelune_studio/test/cinematics_ui10_parity_viewport_test.dart: preview camera zoom shake fade uses playback transform and Stop restores author view
05:08 +432: /Users/karim/Project/pokemonProject/apps/avelune_studio/test/cinematics_ui10_parity_viewport_test.dart: preview camera zoom shake fade uses playback transform and Stop restores author view
05:08 +433: /Users/karim/Project/pokemonProject/apps/avelune_studio/test/cinematics_ui10_parity_viewport_test.dart: preview camera zoom shake fade uses playback transform and Stop restores author view
05:08 +434: /Users/karim/Project/pokemonProject/apps/avelune_studio/test/cinematics_ui10_parity_viewport_test.dart: preview camera zoom shake fade uses playback transform and Stop restores author view
05:13 +435: /Users/karim/Project/pokemonProject/apps/avelune_studio/test/cinematics_ui10_nested_navigation_test.dart: UI10 nested events → scene → cinematic → dialogue returns to dirty owners
05:15 +436: /Users/karim/Project/pokemonProject/apps/avelune_studio/test/cinematics_ui10_nested_navigation_test.dart: UI10 nested events → scene → cinematic → dialogue returns to dirty owners
05:15 +437: /Users/karim/Project/pokemonProject/apps/avelune_studio/test/cinematics_ui10_nested_navigation_test.dart: UI10 nested events → scene → cinematic → dialogue returns to dirty owners
05:15 +438: /Users/karim/Project/pokemonProject/apps/avelune_studio/test/cinematics_ui10_nested_navigation_test.dart: UI10 nested events → scene → cinematic → dialogue returns to dirty owners
05:15 +439: /Users/karim/Project/pokemonProject/apps/avelune_studio/test/cinematics_ui10_nested_navigation_test.dart: UI10 nested events → scene → cinematic → dialogue returns to dirty owners
05:15 +440: /Users/karim/Project/pokemonProject/apps/avelune_studio/test/cinematics_ui10_nested_navigation_test.dart: UI10 nested events → scene → cinematic → dialogue returns to dirty owners
05:18 +441: /Users/karim/Project/pokemonProject/apps/avelune_studio/test/cinematics_ui10_nested_navigation_test.dart: UI10 nested events → scene → cinematic → dialogue returns to dirty owners
05:18 +442: /Users/karim/Project/pokemonProject/apps/avelune_studio/test/cinematics_ui10_nested_navigation_test.dart: UI10 nested stories → scene → cinematic → dialogue returns to dirty owners
05:19 +443: /Users/karim/Project/pokemonProject/apps/avelune_studio/test/cinematics_ui10_nested_navigation_test.dart: UI10 nested stories → scene → cinematic → dialogue returns to dirty owners
05:19 +444: /Users/karim/Project/pokemonProject/apps/avelune_studio/test/cinematics_ui10_nested_navigation_test.dart: UI10 nested stories → scene → cinematic → dialogue returns to dirty owners
05:22 +445: /Users/karim/Project/pokemonProject/apps/avelune_studio/test/cinematics_ui10_nested_navigation_test.dart: UI10 nested stories → scene → cinematic → dialogue returns to dirty owners
05:23 +446: /Users/karim/Project/pokemonProject/apps/avelune_studio/test/ui12_world_responsive_test.dart: UI12 stays usable at 1440
05:23 +447: /Users/karim/Project/pokemonProject/apps/avelune_studio/test/ui12_world_responsive_test.dart: UI12 stays usable at 1280
05:24 +448: /Users/karim/Project/pokemonProject/apps/avelune_studio/test/terrain_canvas_test.dart: canvas previews interpolated terrain, commits one history, erases neighbors and cancels
05:25 +449: /Users/karim/Project/pokemonProject/apps/avelune_studio/test/ui12_world_responsive_test.dart: UI12 stays usable at 1024
05:26 +450: /Users/karim/Project/pokemonProject/apps/avelune_studio/test/events_ui09_dialogue_fixture_test.dart: UI09 fixture opens editable canonical conversation, portrait and dirty consumer
05:26 +451: /Users/karim/Project/pokemonProject/apps/avelune_studio/test/events_ui08_legacy_consultation_test.dart: canonical historical projections preserve pages, scenario and registry
05:26 +452: /Users/karim/Project/pokemonProject/apps/avelune_studio/test/events_ui08_legacy_consultation_test.dart: historical library opens read-only detail without modern selection
05:27 +453: /Users/karim/Project/pokemonProject/apps/avelune_studio/test/events_ui08_legacy_consultation_test.dart: partial historical inventory is explicit and search includes scenario
05:27 +454: /Users/karim/Project/pokemonProject/apps/avelune_studio/test/ui11_presentation_library_test.dart: UI11 library visual ordering archives and restores the real asset
05:29 +455: /Users/karim/Project/pokemonProject/apps/avelune_studio/test/ui11_presentation_library_test.dart: UI11 library visual ordering archives and restores the real asset
05:29 +456: /Users/karim/Project/pokemonProject/apps/avelune_studio/test/ui11_presentation_library_test.dart: UI11 library visual ordering archives and restores the real asset
05:29 +457: /Users/karim/Project/pokemonProject/apps/avelune_studio/test/ui11_presentation_library_test.dart: UI11 library visual ordering archives and restores the real asset
05:29 +458: /Users/karim/Project/pokemonProject/apps/avelune_studio/test/ui11_presentation_library_test.dart: UI11 library visual ordering archives and restores the real asset
05:29 +459: /Users/karim/Project/pokemonProject/apps/avelune_studio/test/ui11_presentation_library_test.dart: UI11 library visual ordering archives and restores the real asset
05:31 +460: /Users/karim/Project/pokemonProject/apps/avelune_studio/test/ui11_presentation_library_test.dart: UI11 library visual ordering archives and restores the real asset
05:31 +461: /Users/karim/Project/pokemonProject/apps/avelune_studio/test/ui11_presentation_library_test.dart: UI11 library visual ordering archives and restores the real asset
05:31 +462: /Users/karim/Project/pokemonProject/apps/avelune_studio/test/ui11_presentation_library_test.dart: UI11 library visual ordering archives and restores the real asset
05:31 +463: /Users/karim/Project/pokemonProject/apps/avelune_studio/test/ui11_presentation_library_test.dart: UI11 library visual ordering archives and restores the real asset
05:35 +464: /Users/karim/Project/pokemonProject/apps/avelune_studio/test/ui12_workspace_return_test.dart: a detour through a second consumer still returns to scene A
05:38 +465: /Users/karim/Project/pokemonProject/apps/avelune_studio/test/cinematics_ui10_renderer_test.dart: UI10 real map paints inside a new RepaintBoundary with unbounded recording clip
05:38 +466: /Users/karim/Project/pokemonProject/apps/avelune_studio/test/cinematics_ui10_renderer_test.dart: UI10 canonical actor renderer selects walk frames at absolute time and rewinds exactly
05:38 +467: /Users/karim/Project/pokemonProject/apps/avelune_studio/test/cinematics_ui10_renderer_test.dart: UI10 canonical actor renderer selects walk frames at absolute time and rewinds exactly
05:39 +468: /Users/karim/Project/pokemonProject/apps/avelune_studio/test/story_graph_canvas_test.dart: first declared outcome connects without a fabricated effect
05:39 +469: /Users/karim/Project/pokemonProject/apps/avelune_studio/test/story_graph_canvas_test.dart: outcome pointer uses exact second step after pan and zoom
05:39 +470: /Users/karim/Project/pokemonProject/apps/avelune_studio/test/story_graph_canvas_test.dart: fact pointer chooses exact completion slot and false value
05:40 +471: /Users/karim/Project/pokemonProject/apps/avelune_studio/test/story_graph_canvas_test.dart: secondary relationship keeps canonical owner outside displayed story
05:40 +472: /Users/karim/Project/pokemonProject/apps/avelune_studio/test/story_graph_canvas_test.dart: pointer cancellation and empty drop have zero mutations
05:40 +473: /Users/karim/Project/pokemonProject/apps/avelune_studio/test/story_graph_canvas_test.dart: group drag and view undo preserve canonical order and document
05:40 +474: /Users/karim/Project/pokemonProject/apps/avelune_studio/test/story_graph_canvas_test.dart: group drag and view undo preserve canonical order and document
05:40 +475: /Users/karim/Project/pokemonProject/apps/avelune_studio/test/story_graph_canvas_test.dart: group drag and view undo preserve canonical order and document
05:40 +476: /Users/karim/Project/pokemonProject/apps/avelune_studio/test/story_graph_canvas_test.dart: group drag and view undo preserve canonical order and document
05:40 +477: /Users/karim/Project/pokemonProject/apps/avelune_studio/test/story_graph_canvas_test.dart: group drag and view undo preserve canonical order and document
05:40 +478: /Users/karim/Project/pokemonProject/apps/avelune_studio/test/story_graph_canvas_test.dart: group drag and view undo preserve canonical order and document
05:40 +479: /Users/karim/Project/pokemonProject/apps/avelune_studio/test/story_graph_canvas_test.dart: group drag and view undo preserve canonical order and document
05:40 +480: /Users/karim/Project/pokemonProject/apps/avelune_studio/test/story_graph_canvas_test.dart: group drag and view undo preserve canonical order and document
05:40 +481: /Users/karim/Project/pokemonProject/apps/avelune_studio/test/story_graph_canvas_test.dart: trackpad over chapter and text shortcuts never mutate story
05:40 +482: /Users/karim/Project/pokemonProject/apps/avelune_studio/test/story_graph_canvas_test.dart: curve hit testing resolves semantic edge away from its label
05:41 +483: /Users/karim/Project/pokemonProject/apps/avelune_studio/test/application/project_session_controller_test.dart: starts idle without reading a project
05:41 +484: /Users/karim/Project/pokemonProject/apps/avelune_studio/test/application/project_session_controller_test.dart: opens the requested project and propagates its actual identity
05:41 +485: /Users/karim/Project/pokemonProject/apps/avelune_studio/test/application/project_session_controller_test.dart: closes its current session exactly once and resets state
05:41 +486: /Users/karim/Project/pokemonProject/apps/avelune_studio/test/application/project_session_controller_test.dart: exposes ProjectOpenProblem.invalidPath and allows an explicit retry
05:41 +487: /Users/karim/Project/pokemonProject/apps/avelune_studio/test/application/project_session_controller_test.dart: exposes ProjectOpenProblem.pathNotPreserved and allows an explicit retry
05:41 +488: /Users/karim/Project/pokemonProject/apps/avelune_studio/test/application/project_session_controller_test.dart: exposes ProjectOpenProblem.directoryUnavailable and allows an explicit retry
05:41 +489: /Users/karim/Project/pokemonProject/apps/avelune_studio/test/application/project_session_controller_test.dart: exposes ProjectOpenProblem.manifestMissing and allows an explicit retry
05:41 +490: /Users/karim/Project/pokemonProject/apps/avelune_studio/test/application/project_session_controller_test.dart: exposes ProjectOpenProblem.manifestInvalid and allows an explicit retry
05:41 +491: /Users/karim/Project/pokemonProject/apps/avelune_studio/test/application/project_session_controller_test.dart: exposes ProjectOpenProblem.accessDenied and allows an explicit retry
05:41 +492: /Users/karim/Project/pokemonProject/apps/avelune_studio/test/application/project_session_controller_test.dart: exposes ProjectOpenProblem.readFailed and allows an explicit retry
05:41 +493: /Users/karim/Project/pokemonProject/apps/avelune_studio/test/application/project_session_controller_test.dart: maps an unexpected read error to an explicit failure
05:41 +494: /Users/karim/Project/pokemonProject/apps/avelune_studio/test/application/project_session_controller_test.dart: removing a listener stops future notifications
05:41 +495: /Users/karim/Project/pokemonProject/apps/avelune_studio/test/application/project_session_controller_test.dart: reading the projection never reopens the loaded project
05:41 +496: /Users/karim/Project/pokemonProject/apps/avelune_studio/test/application/project_session_controller_test.dart: dispose releases the active session and rejects future opens
05:41 +497: /Users/karim/Project/pokemonProject/apps/avelune_studio/test/application/m1_controller_test.dart: warm map activation keeps edits and loads project and maps only once
05:41 +498: /Users/karim/Project/pokemonProject/apps/avelune_studio/test/application/m1_controller_test.dart: late activation cannot replace the latest choice
05:41 +499: /Users/karim/Project/pokemonProject/apps/avelune_studio/test/application/m1_controller_test.dart: simultaneous requests for one map share the same load
05:41 +500: /Users/karim/Project/pokemonProject/apps/avelune_studio/test/application/m1_controller_test.dart: obsolete load failure does not replace current success
05:41 +501: /Users/karim/Project/pokemonProject/apps/avelune_studio/test/application/m1_controller_test.dart: disposed project initialization cannot trigger a map load
05:41 +502: /Users/karim/Project/pokemonProject/apps/avelune_studio/test/application/m1_controller_test.dart: disposed map completion cannot publish or retain a document
05:41 +503: /Users/karim/Project/pokemonProject/apps/avelune_studio/test/application/m1_controller_test.dart: save uses its snapshot and retains edits made during the write
05:41 +504: /Users/karim/Project/pokemonProject/apps/avelune_studio/test/application/m1_controller_test.dart: conflict keeps current, base revision and dirty for retry
05:41 +505: /Users/karim/Project/pokemonProject/apps/avelune_studio/test/application/m1_controller_test.dart: writeFailed keeps current, base revision and dirty for retry
05:41 +506: /Users/karim/Project/pokemonProject/apps/avelune_studio/test/application/m1_controller_test.dart: saveAll refuses closing if a document changed during save
05:41 +507: /Users/karim/Project/pokemonProject/apps/avelune_studio/test/application/m1_controller_test.dart: saveAll stops on failure and leaves every later document dirty
05:41 +508: /Users/karim/Project/pokemonProject/apps/avelune_studio/test/application/m1_controller_test.dart: disposed save completion cannot accept a new baseline
05:41 +509: /Users/karim/Project/pokemonProject/apps/avelune_studio/test/application/m1_controller_test.dart: a disposed empty controller cannot authorize saveAll close
05:41 +510: /Users/karim/Project/pokemonProject/apps/avelune_studio/test/application/m1_controller_test.dart: failed navigation preserves the previous dirty document
05:41 +511: /Users/karim/Project/pokemonProject/apps/avelune_studio/test/application/m1_controller_test.dart: saveAll succeeds only after all dirty documents finish sequentially
05:42 +512: /Users/karim/Project/pokemonProject/apps/avelune_studio/test/application/decor_draft_test.dart: decor conversion permits matching non-square grid and precisely rejects unsupported geometry
05:42 +513: /Users/karim/Project/pokemonProject/apps/avelune_studio/test/application/decor_draft_test.dart: variant creates independent identity and preserves animation, categories and advanced collision data
05:42 +514: /Users/karim/Project/pokemonProject/apps/avelune_studio/test/application/decor_draft_test.dart: new rectangle decor blocks selected cells and rejects blank name
05:42 +515: /Users/karim/Project/pokemonProject/apps/avelune_studio/test/application/project_session_races_test.dart: late A is released without replacing or closing ready B
05:42 +516: /Users/karim/Project/pokemonProject/apps/avelune_studio/test/application/project_session_races_test.dart: late A failure leaves ready B unchanged
05:42 +517: /Users/karim/Project/pokemonProject/apps/avelune_studio/test/application/project_session_races_test.dart: close during a read releases its late success and stays idle
05:42 +518: /Users/karim/Project/pokemonProject/apps/avelune_studio/test/application/project_session_races_test.dart: close during a read ignores its late failure
05:42 +519: /Users/karim/Project/pokemonProject/apps/avelune_studio/test/application/project_session_races_test.dart: dispose rejects late success without notifying detached views
05:42 +520: /Users/karim/Project/pokemonProject/apps/avelune_studio/test/application/project_session_races_test.dart: opening B retains A and a failed replacement leaves A available
05:42 +521: /Users/karim/Project/pokemonProject/apps/avelune_studio/test/application/project_session_races_test.dart: close while replacing releases previous and late candidate once each
05:42 +522: /Users/karim/Project/pokemonProject/apps/avelune_studio/test/application/project_session_races_test.dart: successful replacement publishes B before releasing A
05:42 +523: /Users/karim/Project/pokemonProject/apps/avelune_studio/test/application/project_session_races_test.dart: cancel keeps A ready and closes late B
05:42 +524: /Users/karim/Project/pokemonProject/apps/avelune_studio/test/application/project_session_races_test.dart: cancel without previous project stays idle after late failure
05:42 +525: /Users/karim/Project/pokemonProject/apps/avelune_studio/test/application/project_session_races_test.dart: dispose while replacing releases previous and late candidate
05:42 +526: /Users/karim/Project/pokemonProject/apps/avelune_studio/test/application/project_session_races_test.dart: latest replacement failure retains A despite older success
05:43 +527: /Users/karim/Project/pokemonProject/apps/avelune_studio/test/terrain_runtime_test.dart: new imported and published terrain renders its pixels in real runtime and walks
[runtime_loader] bundle load start projectFilePath=/private/var/folders/b5/7gsfwzyd449_54n8l40h40gc0000gn/T/studio_terrain_runtime_Y3A1DH/project.json mapId=jardin
[runtime_loader] project manifest lookup path=/private/var/folders/b5/7gsfwzyd449_54n8l40h40gc0000gn/T/studio_terrain_runtime_Y3A1DH/project.json
[runtime_loader] project manifest read ok bytes=43142
[runtime_loader] project manifest validated maps=2 tilesets=2 scenarios=0
[runtime_loader] bundle map resolved mapId=jardin relativePath=maps/jardin.json mapPath=/private/var/folders/b5/7gsfwzyd449_54n8l40h40gc0000gn/T/studio_terrain_runtime_Y3A1DH/maps/jardin.json
[runtime_loader] map file lookup path=/private/var/folders/b5/7gsfwzyd449_54n8l40h40gc0000gn/T/studio_terrain_runtime_Y3A1DH/maps/jardin.json
[runtime_loader] map file read ok bytes=22682
[runtime_loader] map validated id=jardin size=24x16 layers=4 entities=1 placedElements=3 warps=0 triggers=0
[runtime_loader] bundle tilesets collected ids=atelier,source_1790349872712488_3300740171
[runtime_loader] bundle tileset path id=atelier path=/private/var/folders/b5/7gsfwzyd449_54n8l40h40gc0000gn/T/studio_terrain_runtime_Y3A1DH/assets/atelier.png
[runtime_loader] bundle tileset path id=source_1790349872712488_3300740171 path=/private/var/folders/b5/7gsfwzyd449_54n8l40h40gc0000gn/T/studio_terrain_runtime_Y3A1DH/assets/.pokemap-store/9417e071d7b249ab91d1e45db390e4a3b5b332ee420f1ae0f5acd110df673697.blob
[runtime_loader] bundle load ok mapId=jardin projectRoot=/private/var/folders/b5/7gsfwzyd449_54n8l40h40gc0000gn/T/studio_terrain_runtime_Y3A1DH tilesets=2
[runtime_game] tileset image load start map=jardin
[runtime_game] tileset cache resolve requested=2
05:45 +527: /Users/karim/Project/pokemonProject/apps/avelune_studio/test/cinematics_ui10_runtime_test.dart: UI10 real Flame cinematic animates before Scene continuation and restores authoring bytes
[runtime_loader] bundle load start projectFilePath=/private/var/folders/b5/7gsfwzyd449_54n8l40h40gc0000gn/T/avelune_ui06_uFXBSC/project.json mapId=jardin
[runtime_loader] project manifest lookup path=/private/var/folders/b5/7gsfwzyd449_54n8l40h40gc0000gn/T/avelune_ui06_uFXBSC/project.json
[runtime_loader] project manifest read ok bytes=33949
[runtime_loader] project manifest validated maps=2 tilesets=4 scenarios=1
[runtime_loader] bundle map resolved mapId=jardin relativePath=maps/jardin.json mapPath=/private/var/folders/b5/7gsfwzyd449_54n8l40h40gc0000gn/T/avelune_ui06_uFXBSC/maps/jardin.json
[runtime_loader] map file lookup path=/private/var/folders/b5/7gsfwzyd449_54n8l40h40gc0000gn/T/avelune_ui06_uFXBSC/maps/jardin.json
[runtime_loader] map file read ok bytes=18711
[runtime_loader] map validated id=jardin size=24x16 layers=2 entities=3 placedElements=6 warps=0 triggers=1
[runtime_loader] bundle tilesets collected ids=grass,path,actor,forest
[runtime_loader] bundle tileset path id=grass path=/private/var/folders/b5/7gsfwzyd449_54n8l40h40gc0000gn/T/avelune_ui06_uFXBSC/assets/ui10_grass.png
[runtime_loader] bundle tileset path id=path path=/private/var/folders/b5/7gsfwzyd449_54n8l40h40gc0000gn/T/avelune_ui06_uFXBSC/assets/ui10_path.png
[runtime_loader] bundle tileset path id=actor path=/private/var/folders/b5/7gsfwzyd449_54n8l40h40gc0000gn/T/avelune_ui06_uFXBSC/assets/ui10_actor.png
[runtime_loader] bundle tileset path id=forest path=/private/var/folders/b5/7gsfwzyd449_54n8l40h40gc0000gn/T/avelune_ui06_uFXBSC/assets/ui10_forest.png
[runtime_loader] bundle load ok mapId=jardin projectRoot=/private/var/folders/b5/7gsfwzyd449_54n8l40h40gc0000gn/T/avelune_ui06_uFXBSC tilesets=4
05:45 +527: /Users/karim/Project/pokemonProject/apps/avelune_studio/test/terrain_runtime_test.dart: new imported and published terrain renders its pixels in real runtime and walks
[runtime_game] tileset cache resolve ok result=2
[runtime_game] onLoad start map=jardin projectFilePath=/private/var/folders/b5/7gsfwzyd449_54n8l40h40gc0000gn/T/studio_terrain_runtime_Y3A1DH/project.json tilesets=2
[runtime_game] world build start map=jardin
[runtime] Map loaded: jardin, spawn at (8, 9)
[runtime_game] tileset image load ok count=2 map=jardin
[runtime_game] mount root map start map=jardin
[runtime_game] mount root map ok map=jardin
[runtime_game] onLoad completed activeMapId=jardin
05:45 +527: /Users/karim/Project/pokemonProject/apps/avelune_studio/test/cinematics_ui10_runtime_test.dart: UI10 real Flame cinematic animates before Scene continuation and restores authoring bytes
[runtime_game] tileset image load start map=jardin
[runtime_game] tileset cache resolve requested=4
05:45 +527: /Users/karim/Project/pokemonProject/apps/avelune_studio/test/terrain_runtime_test.dart: new imported and published terrain renders its pixels in real runtime and walks
[event_v2] mapEnter activation=mapact_1790349874450841_1 map=jardin reason=initialBoot result=MapEnterProductionDispatchLegacyFallback
05:45 +527: /Users/karim/Project/pokemonProject/apps/avelune_studio/test/cinematics_ui10_runtime_test.dart: UI10 real Flame cinematic animates before Scene continuation and restores authoring bytes
[runtime_game] tileset cache resolve ok result=4
[runtime_game] onLoad start map=jardin projectFilePath=/private/var/folders/b5/7gsfwzyd449_54n8l40h40gc0000gn/T/avelune_ui06_uFXBSC/project.json tilesets=4
[runtime_game] world build start map=jardin
[runtime] Map loaded: jardin, spawn at (8, 9)
[runtime_game] tileset image load ok count=4 map=jardin
[runtime_game] mount root map start map=jardin
[step_studio_trace] npc_mount_added map=jardin entity=chief
[step_studio_trace] npc_mount_added map=jardin entity=traveller
[step_studio_trace] npc_presence_applied map=jardin entity=chief present=true
[step_studio_trace] npc_presence_applied map=jardin entity=traveller present=true
[runtime_game] mount root map ok map=jardin
[npc_patrol] read movement entity=chief pos=(13,7) size=1x1 mode=idle waypoints= loop=true pauseMs=0 stepMs=200
[npc_patrol] read movement entity=traveller pos=(10,9) size=1x1 mode=idle waypoints= loop=true pauseMs=0 stepMs=200
[runtime_game] onLoad completed activeMapId=jardin
05:45 +528: /Users/karim/Project/pokemonProject/apps/avelune_studio/test/cinematics_ui10_runtime_test.dart: UI10 real Flame cinematic animates before Scene continuation and restores authoring bytes
[runtime_loader] bundle load start projectFilePath=/private/var/folders/b5/7gsfwzyd449_54n8l40h40gc0000gn/T/avelune_ui06_uFXBSC/project.json mapId=clairiere
[runtime_loader] project manifest lookup path=/private/var/folders/b5/7gsfwzyd449_54n8l40h40gc0000gn/T/avelune_ui06_uFXBSC/project.json
[runtime_loader] project manifest read ok bytes=33949
[runtime_loader] project manifest validated maps=2 tilesets=4 scenarios=1
[runtime_loader] bundle map resolved mapId=clairiere relativePath=maps/clairiere.json mapPath=/private/var/folders/b5/7gsfwzyd449_54n8l40h40gc0000gn/T/avelune_ui06_uFXBSC/maps/clairiere.json
[runtime_loader] map file lookup path=/private/var/folders/b5/7gsfwzyd449_54n8l40h40gc0000gn/T/avelune_ui06_uFXBSC/maps/clairiere.json
[runtime_loader] map file read ok bytes=16729
[runtime_loader] map validated id=clairiere size=24x16 layers=2 entities=1 placedElements=6 warps=0 triggers=0
[runtime_loader] bundle tilesets collected ids=grass,path,actor,forest
[runtime_loader] bundle tileset path id=grass path=/private/var/folders/b5/7gsfwzyd449_54n8l40h40gc0000gn/T/avelune_ui06_uFXBSC/assets/ui10_grass.png
[runtime_loader] bundle tileset path id=path path=/private/var/folders/b5/7gsfwzyd449_54n8l40h40gc0000gn/T/avelune_ui06_uFXBSC/assets/ui10_path.png
[runtime_loader] bundle tileset path id=actor path=/private/var/folders/b5/7gsfwzyd449_54n8l40h40gc0000gn/T/avelune_ui06_uFXBSC/assets/ui10_actor.png
[runtime_loader] bundle tileset path id=forest path=/private/var/folders/b5/7gsfwzyd449_54n8l40h40gc0000gn/T/avelune_ui06_uFXBSC/assets/ui10_forest.png
[runtime_loader] bundle load ok mapId=clairiere projectRoot=/private/var/folders/b5/7gsfwzyd449_54n8l40h40gc0000gn/T/avelune_ui06_uFXBSC tilesets=4
[step_studio_trace] npc_presence_applied map=jardin entity=chief present=true
[step_studio_trace] npc_presence_applied map=jardin entity=traveller present=true
[npc_patrol] read movement entity=chief pos=(13,7) size=1x1 mode=idle waypoints= loop=true pauseMs=0 stepMs=200
[npc_patrol] read movement entity=traveller pos=(10,9) size=1x1 mode=idle waypoints= loop=true pauseMs=0 stepMs=200
[step_studio_trace] npc_presence_applied map=jardin entity=chief present=true
[step_studio_trace] npc_presence_applied map=jardin entity=traveller present=true
[npc_patrol] read movement entity=chief pos=(13,7) size=1x1 mode=idle waypoints= loop=true pauseMs=0 stepMs=200
[npc_patrol] read movement entity=traveller pos=(10,9) size=1x1 mode=idle waypoints= loop=true pauseMs=0 stepMs=200
[event_v2] mapEnter activation=mapact_1790349874589435_1 map=jardin reason=initialBoot result=MapEnterProductionDispatchV2Handled
05:45 +529: /Users/karim/Project/pokemonProject/apps/avelune_studio/test/cinematics_ui10_runtime_test.dart: UI10 leaving real runtime cancels cinematic without continuation or event consumption
[runtime_loader] bundle load start projectFilePath=/private/var/folders/b5/7gsfwzyd449_54n8l40h40gc0000gn/T/avelune_ui06_aArR4l/project.json mapId=jardin
[runtime_loader] project manifest lookup path=/private/var/folders/b5/7gsfwzyd449_54n8l40h40gc0000gn/T/avelune_ui06_aArR4l/project.json
[runtime_loader] project manifest read ok bytes=33949
[runtime_loader] project manifest validated maps=2 tilesets=4 scenarios=1
[runtime_loader] bundle map resolved mapId=jardin relativePath=maps/jardin.json mapPath=/private/var/folders/b5/7gsfwzyd449_54n8l40h40gc0000gn/T/avelune_ui06_aArR4l/maps/jardin.json
[runtime_loader] map file lookup path=/private/var/folders/b5/7gsfwzyd449_54n8l40h40gc0000gn/T/avelune_ui06_aArR4l/maps/jardin.json
[runtime_loader] map file read ok bytes=18711
[runtime_loader] map validated id=jardin size=24x16 layers=2 entities=3 placedElements=6 warps=0 triggers=1
[runtime_loader] bundle tilesets collected ids=grass,path,actor,forest
[runtime_loader] bundle tileset path id=grass path=/private/var/folders/b5/7gsfwzyd449_54n8l40h40gc0000gn/T/avelune_ui06_aArR4l/assets/ui10_grass.png
[runtime_loader] bundle tileset path id=path path=/private/var/folders/b5/7gsfwzyd449_54n8l40h40gc0000gn/T/avelune_ui06_aArR4l/assets/ui10_path.png
[runtime_loader] bundle tileset path id=actor path=/private/var/folders/b5/7gsfwzyd449_54n8l40h40gc0000gn/T/avelune_ui06_aArR4l/assets/ui10_actor.png
[runtime_loader] bundle tileset path id=forest path=/private/var/folders/b5/7gsfwzyd449_54n8l40h40gc0000gn/T/avelune_ui06_aArR4l/assets/ui10_forest.png
[runtime_loader] bundle load ok mapId=jardin projectRoot=/private/var/folders/b5/7gsfwzyd449_54n8l40h40gc0000gn/T/avelune_ui06_aArR4l tilesets=4
[runtime_game] tileset image load start map=jardin
[runtime_game] tileset cache resolve requested=4
[runtime_game] tileset cache resolve ok result=4
[runtime_game] onLoad start map=jardin projectFilePath=/private/var/folders/b5/7gsfwzyd449_54n8l40h40gc0000gn/T/avelune_ui06_aArR4l/project.json tilesets=4
[runtime_game] world build start map=jardin
[runtime] Map loaded: jardin, spawn at (8, 9)
[runtime_game] tileset image load ok count=4 map=jardin
[runtime_game] mount root map start map=jardin
[step_studio_trace] npc_mount_added map=jardin entity=chief
[step_studio_trace] npc_mount_added map=jardin entity=traveller
[step_studio_trace] npc_presence_applied map=jardin entity=chief present=true
[step_studio_trace] npc_presence_applied map=jardin entity=traveller present=true
[runtime_game] mount root map ok map=jardin
[npc_patrol] read movement entity=chief pos=(13,7) size=1x1 mode=idle waypoints= loop=true pauseMs=0 stepMs=200
[npc_patrol] read movement entity=traveller pos=(10,9) size=1x1 mode=idle waypoints= loop=true pauseMs=0 stepMs=200
[runtime_game] onLoad completed activeMapId=jardin
[runtime_loader] bundle load start projectFilePath=/private/var/folders/b5/7gsfwzyd449_54n8l40h40gc0000gn/T/avelune_ui06_aArR4l/project.json mapId=clairiere
[runtime_loader] project manifest lookup path=/private/var/folders/b5/7gsfwzyd449_54n8l40h40gc0000gn/T/avelune_ui06_aArR4l/project.json
[runtime_loader] project manifest read ok bytes=33949
[runtime_loader] project manifest validated maps=2 tilesets=4 scenarios=1
[runtime_loader] bundle map resolved mapId=clairiere relativePath=maps/clairiere.json mapPath=/private/var/folders/b5/7gsfwzyd449_54n8l40h40gc0000gn/T/avelune_ui06_aArR4l/maps/clairiere.json
[runtime_loader] map file lookup path=/private/var/folders/b5/7gsfwzyd449_54n8l40h40gc0000gn/T/avelune_ui06_aArR4l/maps/clairiere.json
[runtime_loader] map file read ok bytes=16729
[runtime_loader] map validated id=clairiere size=24x16 layers=2 entities=1 placedElements=6 warps=0 triggers=0
[runtime_loader] bundle tilesets collected ids=grass,path,actor,forest
[runtime_loader] bundle tileset path id=grass path=/private/var/folders/b5/7gsfwzyd449_54n8l40h40gc0000gn/T/avelune_ui06_aArR4l/assets/ui10_grass.png
[runtime_loader] bundle tileset path id=path path=/private/var/folders/b5/7gsfwzyd449_54n8l40h40gc0000gn/T/avelune_ui06_aArR4l/assets/ui10_path.png
[runtime_loader] bundle tileset path id=actor path=/private/var/folders/b5/7gsfwzyd449_54n8l40h40gc0000gn/T/avelune_ui06_aArR4l/assets/ui10_actor.png
[runtime_loader] bundle tileset path id=forest path=/private/var/folders/b5/7gsfwzyd449_54n8l40h40gc0000gn/T/avelune_ui06_aArR4l/assets/ui10_forest.png
[runtime_loader] bundle load ok mapId=clairiere projectRoot=/private/var/folders/b5/7gsfwzyd449_54n8l40h40gc0000gn/T/avelune_ui06_aArR4l tilesets=4
[event_v2] mapEnter activation=mapact_1790349876417091_1 map=jardin reason=initialBoot result=MapEnterProductionDispatchFailed
[event_v2] mapEnter failure=Instance of 'NarrativeEventExecutionFailure'
05:47 +530: /Users/karim/Project/pokemonProject/apps/avelune_studio/test/ui13_verification_scale_test.dart: UI13 stays usable at 1536
05:48 +531: /Users/karim/Project/pokemonProject/apps/avelune_studio/test/ui13_verification_scale_test.dart: UI13 stays usable at 1440
05:48 +532: /Users/karim/Project/pokemonProject/apps/avelune_studio/test/dialogues_ui09_safety_test.dart: CmdS and CtrlS publish text while inspector keeps keyboard focus
05:49 +533: /Users/karim/Project/pokemonProject/apps/avelune_studio/test/dialogues_ui09_safety_test.dart: CmdS and CtrlS publish text while inspector keeps keyboard focus
05:50 +534: /Users/karim/Project/pokemonProject/apps/avelune_studio/test/dialogues_ui09_safety_test.dart: CmdS and CtrlS publish text while inspector keeps keyboard focus
05:51 +535: /Users/karim/Project/pokemonProject/apps/avelune_studio/test/dialogues_ui09_safety_test.dart: CmdS and CtrlS publish text while inspector keeps keyboard focus
05:53 +536: /Users/karim/Project/pokemonProject/apps/avelune_studio/test/cinematics_ui10_preview_runtime_parity_test.dart: preview matches real Flame actors camera shake fade at 16x16 reset=false
[runtime_loader] bundle load start projectFilePath=/private/var/folders/b5/7gsfwzyd449_54n8l40h40gc0000gn/T/avelune_ui06_hCrkP9/project.json mapId=jardin
[runtime_loader] project manifest lookup path=/private/var/folders/b5/7gsfwzyd449_54n8l40h40gc0000gn/T/avelune_ui06_hCrkP9/project.json
[runtime_loader] project manifest read ok bytes=17581
[runtime_loader] project manifest validated maps=2 tilesets=4 scenarios=1
[runtime_loader] bundle map resolved mapId=jardin relativePath=maps/jardin.json mapPath=/private/var/folders/b5/7gsfwzyd449_54n8l40h40gc0000gn/T/avelune_ui06_hCrkP9/maps/jardin.json
[runtime_loader] map file lookup path=/private/var/folders/b5/7gsfwzyd449_54n8l40h40gc0000gn/T/avelune_ui06_hCrkP9/maps/jardin.json
[runtime_loader] map file read ok bytes=17669
[runtime_loader] map validated id=jardin size=24x16 layers=2 entities=3 placedElements=3 warps=0 triggers=1
[runtime_loader] bundle tilesets collected ids=grass,path,actor,forest
[runtime_loader] bundle tileset path id=grass path=/private/var/folders/b5/7gsfwzyd449_54n8l40h40gc0000gn/T/avelune_ui06_hCrkP9/assets/ui10_grass.png
[runtime_loader] bundle tileset path id=path path=/private/var/folders/b5/7gsfwzyd449_54n8l40h40gc0000gn/T/avelune_ui06_hCrkP9/assets/ui10_path.png
[runtime_loader] bundle tileset path id=actor path=/private/var/folders/b5/7gsfwzyd449_54n8l40h40gc0000gn/T/avelune_ui06_hCrkP9/assets/ui10_actor.png
[runtime_loader] bundle tileset path id=forest path=/private/var/folders/b5/7gsfwzyd449_54n8l40h40gc0000gn/T/avelune_ui06_hCrkP9/assets/ui10_forest.png
[runtime_loader] bundle load ok mapId=jardin projectRoot=/private/var/folders/b5/7gsfwzyd449_54n8l40h40gc0000gn/T/avelune_ui06_hCrkP9 tilesets=4
05:54 +537: /Users/karim/Project/pokemonProject/apps/avelune_studio/test/cinematics_ui10_preview_runtime_parity_test.dart: preview matches real Flame actors camera shake fade at 16x16 reset=false
[runtime_game] tileset image load start map=jardin
[runtime_game] tileset cache resolve requested=4
[runtime_game] tileset cache resolve ok result=4
[runtime_game] onLoad start map=jardin projectFilePath=/private/var/folders/b5/7gsfwzyd449_54n8l40h40gc0000gn/T/avelune_ui06_hCrkP9/project.json tilesets=4
[runtime_game] world build start map=jardin
[runtime] Map loaded: jardin, spawn at (8, 9)
[runtime_game] tileset image load ok count=4 map=jardin
[runtime_game] mount root map start map=jardin
[step_studio_trace] npc_mount_added map=jardin entity=chief
[step_studio_trace] npc_mount_added map=jardin entity=traveller
[step_studio_trace] npc_presence_applied map=jardin entity=chief present=true
[step_studio_trace] npc_presence_applied map=jardin entity=traveller present=true
[runtime_game] mount root map ok map=jardin
[npc_patrol] read movement entity=chief pos=(13,7) size=1x1 mode=idle waypoints= loop=true pauseMs=0 stepMs=200
[npc_patrol] read movement entity=traveller pos=(10,9) size=1x1 mode=idle waypoints= loop=true pauseMs=0 stepMs=200
[runtime_game] onLoad completed activeMapId=jardin
[runtime_loader] bundle load start projectFilePath=/private/var/folders/b5/7gsfwzyd449_54n8l40h40gc0000gn/T/avelune_ui06_hCrkP9/project.json mapId=clairiere
[runtime_loader] project manifest lookup path=/private/var/folders/b5/7gsfwzyd449_54n8l40h40gc0000gn/T/avelune_ui06_hCrkP9/project.json
[runtime_loader] project manifest read ok bytes=17581
[runtime_loader] project manifest validated maps=2 tilesets=4 scenarios=1
[runtime_loader] bundle map resolved mapId=clairiere relativePath=maps/clairiere.json mapPath=/private/var/folders/b5/7gsfwzyd449_54n8l40h40gc0000gn/T/avelune_ui06_hCrkP9/maps/clairiere.json
[runtime_loader] map file lookup path=/private/var/folders/b5/7gsfwzyd449_54n8l40h40gc0000gn/T/avelune_ui06_hCrkP9/maps/clairiere.json
[runtime_loader] map file read ok bytes=15687
[runtime_loader] map validated id=clairiere size=24x16 layers=2 entities=1 placedElements=3 warps=0 triggers=0
[runtime_loader] bundle tilesets collected ids=grass,path,actor,forest
[runtime_loader] bundle tileset path id=grass path=/private/var/folders/b5/7gsfwzyd449_54n8l40h40gc0000gn/T/avelune_ui06_hCrkP9/assets/ui10_grass.png
[runtime_loader] bundle tileset path id=path path=/private/var/folders/b5/7gsfwzyd449_54n8l40h40gc0000gn/T/avelune_ui06_hCrkP9/assets/ui10_path.png
[runtime_loader] bundle tileset path id=actor path=/private/var/folders/b5/7gsfwzyd449_54n8l40h40gc0000gn/T/avelune_ui06_hCrkP9/assets/ui10_actor.png
[runtime_loader] bundle tileset path id=forest path=/private/var/folders/b5/7gsfwzyd449_54n8l40h40gc0000gn/T/avelune_ui06_hCrkP9/assets/ui10_forest.png
[runtime_loader] bundle load ok mapId=clairiere projectRoot=/private/var/folders/b5/7gsfwzyd449_54n8l40h40gc0000gn/T/avelune_ui06_hCrkP9 tilesets=4
[step_studio_trace] npc_presence_applied map=jardin entity=chief present=true
[step_studio_trace] npc_presence_applied map=jardin entity=traveller present=true
[npc_patrol] read movement entity=chief pos=(13,7) size=1x1 mode=idle waypoints= loop=true pauseMs=0 stepMs=200
[npc_patrol] read movement entity=traveller pos=(10,9) size=1x1 mode=idle waypoints= loop=true pauseMs=0 stepMs=200
[step_studio_trace] npc_presence_applied map=jardin entity=chief present=true
[step_studio_trace] npc_presence_applied map=jardin entity=traveller present=true
[npc_patrol] read movement entity=chief pos=(13,7) size=1x1 mode=idle waypoints= loop=true pauseMs=0 stepMs=200
[npc_patrol] read movement entity=traveller pos=(10,9) size=1x1 mode=idle waypoints= loop=true pauseMs=0 stepMs=200
[event_v2] mapEnter activation=mapact_1790349883779444_1 map=jardin reason=initialBoot result=MapEnterProductionDispatchV2Handled
05:54 +538: /Users/karim/Project/pokemonProject/apps/avelune_studio/test/dialogues_ui09_safety_test.dart: undo commits pending focused edit then restores exactly once
05:56 +538: /Users/karim/Project/pokemonProject/apps/avelune_studio/test/cinematics_ui10_preview_runtime_parity_test.dart: preview matches real Flame actors camera shake fade at 32x24 reset=false
[runtime_loader] bundle load start projectFilePath=/private/var/folders/b5/7gsfwzyd449_54n8l40h40gc0000gn/T/avelune_ui06_1opDz7/project.json mapId=jardin
[runtime_loader] project manifest lookup path=/private/var/folders/b5/7gsfwzyd449_54n8l40h40gc0000gn/T/avelune_ui06_1opDz7/project.json
[runtime_loader] project manifest read ok bytes=17578
[runtime_loader] project manifest validated maps=2 tilesets=4 scenarios=1
[runtime_loader] bundle map resolved mapId=jardin relativePath=maps/jardin.json mapPath=/private/var/folders/b5/7gsfwzyd449_54n8l40h40gc0000gn/T/avelune_ui06_1opDz7/maps/jardin.json
[runtime_loader] map file lookup path=/private/var/folders/b5/7gsfwzyd449_54n8l40h40gc0000gn/T/avelune_ui06_1opDz7/maps/jardin.json
[runtime_loader] map file read ok bytes=18711
[runtime_loader] map validated id=jardin size=24x16 layers=2 entities=3 placedElements=6 warps=0 triggers=1
[runtime_loader] bundle tilesets collected ids=grass,path,actor,forest
[runtime_loader] bundle tileset path id=grass path=/private/var/folders/b5/7gsfwzyd449_54n8l40h40gc0000gn/T/avelune_ui06_1opDz7/assets/ui10_grass.png
[runtime_loader] bundle tileset path id=path path=/private/var/folders/b5/7gsfwzyd449_54n8l40h40gc0000gn/T/avelune_ui06_1opDz7/assets/ui10_path.png
[runtime_loader] bundle tileset path id=actor path=/private/var/folders/b5/7gsfwzyd449_54n8l40h40gc0000gn/T/avelune_ui06_1opDz7/assets/ui10_actor.png
[runtime_loader] bundle tileset path id=forest path=/private/var/folders/b5/7gsfwzyd449_54n8l40h40gc0000gn/T/avelune_ui06_1opDz7/assets/ui10_forest.png
[runtime_loader] bundle load ok mapId=jardin projectRoot=/private/var/folders/b5/7gsfwzyd449_54n8l40h40gc0000gn/T/avelune_ui06_1opDz7 tilesets=4
[runtime_game] tileset image load start map=jardin
[runtime_game] tileset cache resolve requested=4
[runtime_game] tileset cache resolve ok result=4
[runtime_game] onLoad start map=jardin projectFilePath=/private/var/folders/b5/7gsfwzyd449_54n8l40h40gc0000gn/T/avelune_ui06_1opDz7/project.json tilesets=4
[runtime_game] world build start map=jardin
[runtime] Map loaded: jardin, spawn at (8, 9)
[runtime_game] tileset image load ok count=4 map=jardin
[runtime_game] mount root map start map=jardin
[step_studio_trace] npc_mount_added map=jardin entity=chief
[step_studio_trace] npc_mount_added map=jardin entity=traveller
[step_studio_trace] npc_presence_applied map=jardin entity=chief present=true
[step_studio_trace] npc_presence_applied map=jardin entity=traveller present=true
[runtime_game] mount root map ok map=jardin
[npc_patrol] read movement entity=chief pos=(13,7) size=1x1 mode=idle waypoints= loop=true pauseMs=0 stepMs=200
[npc_patrol] read movement entity=traveller pos=(10,9) size=1x1 mode=idle waypoints= loop=true pauseMs=0 stepMs=200
[runtime_game] onLoad completed activeMapId=jardin
[runtime_loader] bundle load start projectFilePath=/private/var/folders/b5/7gsfwzyd449_54n8l40h40gc0000gn/T/avelune_ui06_1opDz7/project.json mapId=clairiere
[runtime_loader] project manifest lookup path=/private/var/folders/b5/7gsfwzyd449_54n8l40h40gc0000gn/T/avelune_ui06_1opDz7/project.json
[runtime_loader] project manifest read ok bytes=17578
[runtime_loader] project manifest validated maps=2 tilesets=4 scenarios=1
[runtime_loader] bundle map resolved mapId=clairiere relativePath=maps/clairiere.json mapPath=/private/var/folders/b5/7gsfwzyd449_54n8l40h40gc0000gn/T/avelune_ui06_1opDz7/maps/clairiere.json
[runtime_loader] map file lookup path=/private/var/folders/b5/7gsfwzyd449_54n8l40h40gc0000gn/T/avelune_ui06_1opDz7/maps/clairiere.json
[runtime_loader] map file read ok bytes=16729
[runtime_loader] map validated id=clairiere size=24x16 layers=2 entities=1 placedElements=6 warps=0 triggers=0
[runtime_loader] bundle tilesets collected ids=grass,path,actor,forest
[runtime_loader] bundle tileset path id=grass path=/private/var/folders/b5/7gsfwzyd449_54n8l40h40gc0000gn/T/avelune_ui06_1opDz7/assets/ui10_grass.png
[runtime_loader] bundle tileset path id=path path=/private/var/folders/b5/7gsfwzyd449_54n8l40h40gc0000gn/T/avelune_ui06_1opDz7/assets/ui10_path.png
[runtime_loader] bundle tileset path id=actor path=/private/var/folders/b5/7gsfwzyd449_54n8l40h40gc0000gn/T/avelune_ui06_1opDz7/assets/ui10_actor.png
[runtime_loader] bundle tileset path id=forest path=/private/var/folders/b5/7gsfwzyd449_54n8l40h40gc0000gn/T/avelune_ui06_1opDz7/assets/ui10_forest.png
[runtime_loader] bundle load ok mapId=clairiere projectRoot=/private/var/folders/b5/7gsfwzyd449_54n8l40h40gc0000gn/T/avelune_ui06_1opDz7 tilesets=4
[step_studio_trace] npc_presence_applied map=jardin entity=chief present=true
[step_studio_trace] npc_presence_applied map=jardin entity=traveller present=true
[npc_patrol] read movement entity=chief pos=(13,7) size=1x1 mode=idle waypoints= loop=true pauseMs=0 stepMs=200
[npc_patrol] read movement entity=traveller pos=(10,9) size=1x1 mode=idle waypoints= loop=true pauseMs=0 stepMs=200
[step_studio_trace] npc_presence_applied map=jardin entity=chief present=true
[step_studio_trace] npc_presence_applied map=jardin entity=traveller present=true
[npc_patrol] read movement entity=chief pos=(13,7) size=1x1 mode=idle waypoints= loop=true pauseMs=0 stepMs=200
[npc_patrol] read movement entity=traveller pos=(10,9) size=1x1 mode=idle waypoints= loop=true pauseMs=0 stepMs=200
[event_v2] mapEnter activation=mapact_1790349885397588_1 map=jardin reason=initialBoot result=MapEnterProductionDispatchV2Handled
05:56 +539: /Users/karim/Project/pokemonProject/apps/avelune_studio/test/dialogues_ui09_safety_test.dart: undo commits pending focused edit then restores exactly once
05:56 +540: /Users/karim/Project/pokemonProject/apps/avelune_studio/test/cinematics_ui10_preview_runtime_parity_test.dart: preview matches real Flame actors camera shake fade at 32x32 reset=true
[runtime_loader] bundle load start projectFilePath=/private/var/folders/b5/7gsfwzyd449_54n8l40h40gc0000gn/T/avelune_ui06_aeVafZ/project.json mapId=jardin
[runtime_loader] project manifest lookup path=/private/var/folders/b5/7gsfwzyd449_54n8l40h40gc0000gn/T/avelune_ui06_aeVafZ/project.json
[runtime_loader] project manifest read ok bytes=17668
[runtime_loader] project manifest validated maps=2 tilesets=4 scenarios=1
[runtime_loader] bundle map resolved mapId=jardin relativePath=maps/jardin.json mapPath=/private/var/folders/b5/7gsfwzyd449_54n8l40h40gc0000gn/T/avelune_ui06_aeVafZ/maps/jardin.json
[runtime_loader] map file lookup path=/private/var/folders/b5/7gsfwzyd449_54n8l40h40gc0000gn/T/avelune_ui06_aeVafZ/maps/jardin.json
[runtime_loader] map file read ok bytes=18711
[runtime_loader] map validated id=jardin size=24x16 layers=2 entities=3 placedElements=6 warps=0 triggers=1
[runtime_loader] bundle tilesets collected ids=grass,path,actor,forest
[runtime_loader] bundle tileset path id=grass path=/private/var/folders/b5/7gsfwzyd449_54n8l40h40gc0000gn/T/avelune_ui06_aeVafZ/assets/ui10_grass.png
[runtime_loader] bundle tileset path id=path path=/private/var/folders/b5/7gsfwzyd449_54n8l40h40gc0000gn/T/avelune_ui06_aeVafZ/assets/ui10_path.png
[runtime_loader] bundle tileset path id=actor path=/private/var/folders/b5/7gsfwzyd449_54n8l40h40gc0000gn/T/avelune_ui06_aeVafZ/assets/ui10_actor.png
[runtime_loader] bundle tileset path id=forest path=/private/var/folders/b5/7gsfwzyd449_54n8l40h40gc0000gn/T/avelune_ui06_aeVafZ/assets/ui10_forest.png
[runtime_loader] bundle load ok mapId=jardin projectRoot=/private/var/folders/b5/7gsfwzyd449_54n8l40h40gc0000gn/T/avelune_ui06_aeVafZ tilesets=4
[runtime_game] tileset image load start map=jardin
[runtime_game] tileset cache resolve requested=4
[runtime_game] tileset cache resolve ok result=4
[runtime_game] onLoad start map=jardin projectFilePath=/private/var/folders/b5/7gsfwzyd449_54n8l40h40gc0000gn/T/avelune_ui06_aeVafZ/project.json tilesets=4
[runtime_game] world build start map=jardin
[runtime] Map loaded: jardin, spawn at (8, 9)
[runtime_game] tileset image load ok count=4 map=jardin
[runtime_game] mount root map start map=jardin
[step_studio_trace] npc_mount_added map=jardin entity=chief
[step_studio_trace] npc_mount_added map=jardin entity=traveller
[step_studio_trace] npc_presence_applied map=jardin entity=chief present=true
[step_studio_trace] npc_presence_applied map=jardin entity=traveller present=true
[runtime_game] mount root map ok map=jardin
[npc_patrol] read movement entity=chief pos=(13,7) size=1x1 mode=idle waypoints= loop=true pauseMs=0 stepMs=200
[npc_patrol] read movement entity=traveller pos=(10,9) size=1x1 mode=idle waypoints= loop=true pauseMs=0 stepMs=200
[runtime_game] onLoad completed activeMapId=jardin
[runtime_loader] bundle load start projectFilePath=/private/var/folders/b5/7gsfwzyd449_54n8l40h40gc0000gn/T/avelune_ui06_aeVafZ/project.json mapId=clairiere
[runtime_loader] project manifest lookup path=/private/var/folders/b5/7gsfwzyd449_54n8l40h40gc0000gn/T/avelune_ui06_aeVafZ/project.json
[runtime_loader] project manifest read ok bytes=17668
[runtime_loader] project manifest validated maps=2 tilesets=4 scenarios=1
[runtime_loader] bundle map resolved mapId=clairiere relativePath=maps/clairiere.json mapPath=/private/var/folders/b5/7gsfwzyd449_54n8l40h40gc0000gn/T/avelune_ui06_aeVafZ/maps/clairiere.json
[runtime_loader] map file lookup path=/private/var/folders/b5/7gsfwzyd449_54n8l40h40gc0000gn/T/avelune_ui06_aeVafZ/maps/clairiere.json
[runtime_loader] map file read ok bytes=16729
[runtime_loader] map validated id=clairiere size=24x16 layers=2 entities=1 placedElements=6 warps=0 triggers=0
[runtime_loader] bundle tilesets collected ids=grass,path,actor,forest
[runtime_loader] bundle tileset path id=grass path=/private/var/folders/b5/7gsfwzyd449_54n8l40h40gc0000gn/T/avelune_ui06_aeVafZ/assets/ui10_grass.png
[runtime_loader] bundle tileset path id=path path=/private/var/folders/b5/7gsfwzyd449_54n8l40h40gc0000gn/T/avelune_ui06_aeVafZ/assets/ui10_path.png
[runtime_loader] bundle tileset path id=actor path=/private/var/folders/b5/7gsfwzyd449_54n8l40h40gc0000gn/T/avelune_ui06_aeVafZ/assets/ui10_actor.png
[runtime_loader] bundle tileset path id=forest path=/private/var/folders/b5/7gsfwzyd449_54n8l40h40gc0000gn/T/avelune_ui06_aeVafZ/assets/ui10_forest.png
[runtime_loader] bundle load ok mapId=clairiere projectRoot=/private/var/folders/b5/7gsfwzyd449_54n8l40h40gc0000gn/T/avelune_ui06_aeVafZ tilesets=4
[step_studio_trace] npc_presence_applied map=jardin entity=chief present=true
[step_studio_trace] npc_presence_applied map=jardin entity=traveller present=true
[npc_patrol] read movement entity=chief pos=(13,7) size=1x1 mode=idle waypoints= loop=true pauseMs=0 stepMs=200
[npc_patrol] read movement entity=traveller pos=(10,9) size=1x1 mode=idle waypoints= loop=true pauseMs=0 stepMs=200
[step_studio_trace] npc_presence_applied map=jardin entity=chief present=true
[step_studio_trace] npc_presence_applied map=jardin entity=traveller present=true
[npc_patrol] read movement entity=chief pos=(13,7) size=1x1 mode=idle waypoints= loop=true pauseMs=0 stepMs=200
[npc_patrol] read movement entity=traveller pos=(10,9) size=1x1 mode=idle waypoints= loop=true pauseMs=0 stepMs=200
[event_v2] mapEnter activation=mapact_1790349886757683_1 map=jardin reason=initialBoot result=MapEnterProductionDispatchV2Handled
05:57 +541: /Users/karim/Project/pokemonProject/apps/avelune_studio/test/dialogues_ui09_safety_test.dart: wire replacement confirms and semantic edit cancels pending wire
05:58 +542: /Users/karim/Project/pokemonProject/apps/avelune_studio/test/dialogues_ui09_safety_test.dart: wire replacement confirms and semantic edit cancels pending wire
05:58 +543: /Users/karim/Project/pokemonProject/apps/avelune_studio/test/dialogues_ui09_safety_test.dart: wire replacement confirms and semantic edit cancels pending wire
05:58 +544: /Users/karim/Project/pokemonProject/apps/avelune_studio/test/dialogues_ui09_safety_test.dart: wire replacement confirms and semantic edit cancels pending wire
05:58 +545: /Users/karim/Project/pokemonProject/apps/avelune_studio/test/dialogues_ui09_safety_test.dart: wire replacement confirms and semantic edit cancels pending wire
05:58 +546: /Users/karim/Project/pokemonProject/apps/avelune_studio/test/dialogues_ui09_safety_test.dart: wire replacement confirms and semantic edit cancels pending wire
05:58 +547: /Users/karim/Project/pokemonProject/apps/avelune_studio/test/dialogues_ui09_safety_test.dart: wire replacement confirms and semantic edit cancels pending wire
05:58 +548: /Users/karim/Project/pokemonProject/apps/avelune_studio/test/dialogues_ui09_safety_test.dart: wire replacement confirms and semantic edit cancels pending wire
05:58 +549: /Users/karim/Project/pokemonProject/apps/avelune_studio/test/dialogues_ui09_safety_test.dart: wire replacement confirms and semantic edit cancels pending wire
05:59 +550: /Users/karim/Project/pokemonProject/apps/avelune_studio/test/events/event_rename_ui09_test.dart: UI09 metadata rename preserves activation=true through history and publication
06:00 +551: /Users/karim/Project/pokemonProject/apps/avelune_studio/test/events/event_catalog_ui08_test.dart: library performs no map scan, explicit preparation caches unchanged catalogue
06:00 +552: /Users/karim/Project/pokemonProject/apps/avelune_studio/test/events/event_rename_ui09_test.dart: UI09 metadata rename preserves activation=false through history and publication
06:00 +553: /Users/karim/Project/pokemonProject/apps/avelune_studio/test/events/event_rename_ui09_test.dart: UI09 metadata rename preserves activation=false through history and publication
06:00 +554: /Users/karim/Project/pokemonProject/apps/avelune_studio/test/events/event_rename_ui09_test.dart: UI09 unchanged name is a true no-op and behavior edits still deactivate
06:00 +555: /Users/karim/Project/pokemonProject/apps/avelune_studio/test/events/event_sources_ui08_test.dart: four canonical sources publish exact identity and leave existing maps and scenes alone
06:02 +556: /Users/karim/Project/pokemonProject/apps/avelune_studio/test/events/event_sources_ui08_test.dart: four canonical sources publish exact identity and leave existing maps and scenes alone
06:02 +557: /Users/karim/Project/pokemonProject/apps/avelune_studio/test/events/event_recovery_ui08_test.dart: partial publication preserves failed event and reports already saved scope
06:02 +558: /Users/karim/Project/pokemonProject/apps/avelune_studio/test/events/event_sources_ui08_test.dart: unpublished new spatial source blocks save and keeps both drafts intact
06:02 +559: /Users/karim/Project/pokemonProject/apps/avelune_studio/test/events/event_recovery_ui08_test.dart: clean reconciliation invalidates obsolete undo; dirty external change stays editable
06:02 +560: /Users/karim/Project/pokemonProject/apps/avelune_studio/test/events/event_sources_ui08_test.dart: unavailable outcome does not replace source and full key is retained
06:03 +561: /Users/karim/Project/pokemonProject/apps/avelune_studio/test/events/event_flush_ui08_test.dart: registry mode flushes pending text and refuses dirty record without writing
06:03 +562: /Users/karim/Project/pokemonProject/apps/avelune_studio/test/events/event_publication_ui08_test.dart: external event-only edit conflicts without losing scene or draft; reload is targeted
06:04 +563: /Users/karim/Project/pokemonProject/apps/avelune_studio/test/events/event_flush_ui08_test.dart: saveAll awaits focused edit before capturing publication snapshot
06:04 +564: /Users/karim/Project/pokemonProject/apps/avelune_studio/test/events/event_publication_ui08_test.dart: edit during write retains newer draft and second save publishes it
06:04 +565: /Users/karim/Project/pokemonProject/apps/avelune_studio/test/events/event_publication_ui08_test.dart: edit during write retains newer draft and second save publishes it
06:04 +566: /Users/karim/Project/pokemonProject/apps/avelune_studio/test/events/event_publication_ui08_test.dart: edit during write retains newer draft and second save publishes it
06:04 +567: /Users/karim/Project/pokemonProject/apps/avelune_studio/test/events/event_publication_ui08_test.dart: close during write never installs an obsolete receipt
06:04 +568: /Users/karim/Project/pokemonProject/apps/avelune_studio/test/events/event_publication_ui08_test.dart: unrelated fact publication survives targeted event save
06:05 +569: /Users/karim/Project/pokemonProject/apps/avelune_studio/test/events/event_publication_ui08_test.dart: registry mode change is explicit and refuses active author drafts
06:05 +570: /Users/karim/Project/pokemonProject/apps/avelune_studio/test/events/event_workspace_ui08_test.dart: draft creation save reopens without inventing scene or changing registry mode
06:05 +571: /Users/karim/Project/pokemonProject/apps/avelune_studio/test/events/event_workspace_ui08_test.dart: renaming activated record preserves activation and history restores name
06:06 +572: /Users/karim/Project/pokemonProject/apps/avelune_studio/test/events/event_workspace_ui08_test.dart: duplicate is distinct draft and deletion uses canonical confirmation
06:06 +573: /Users/karim/Project/pokemonProject/apps/avelune_studio/test/characters/dialogue_portrait_choice_test.dart: portrait names select canonical state without rewriting the line or speaker
06:06 +574: /Users/karim/Project/pokemonProject/apps/avelune_studio/test/characters/dialogue_portrait_choice_test.dart: portrait names select canonical state without rewriting the line or speaker
06:07 +575: /Users/karim/Project/pokemonProject/apps/avelune_studio/test/events/event_workspace_ui08_test.dart: canonical simulation handles disabled configured and consumed states without writes
06:07 +576: loading /Users/karim/Project/pokemonProject/apps/avelune_studio/test/characters/character_editing_test.dart
06:08 +576: /Users/karim/Project/pokemonProject/apps/avelune_studio/test/characters/character_editing_test.dart: place, move, duplicate, properties, deletion and undo use map history
06:08 +577: /Users/karim/Project/pokemonProject/apps/avelune_studio/test/characters/character_render_io_test.dart: dedicated Character Studio asset uses canonical pixel source and shared image budget
06:08 +578: /Users/karim/Project/pokemonProject/apps/avelune_studio/test/characters/character_render_io_test.dart: dedicated Character Studio asset uses canonical pixel source and shared image budget
06:08 +579: /Users/karim/Project/pokemonProject/apps/avelune_studio/test/characters/character_render_io_test.dart: dedicated Character Studio asset uses canonical pixel source and shared image budget
06:08 +580: /Users/karim/Project/pokemonProject/apps/avelune_studio/test/characters/character_render_io_test.dart: dedicated Character Studio asset uses canonical pixel source and shared image budget
06:08 +581: /Users/karim/Project/pokemonProject/apps/avelune_studio/test/characters/character_render_io_test.dart: existing sprite pixels render on map and instance survives canonical save/reopen
06:09 +582: /Users/karim/Project/pokemonProject/apps/avelune_studio/test/characters/character_canvas_test.dart: selection distinguishes covered character and decor without moving either
06:09 +583: /Users/karim/Project/pokemonProject/apps/avelune_studio/test/characters/character_canvas_test.dart: canvas places, drags once, cancels and draws a bounded story zone
06:09 +584: /Users/karim/Project/pokemonProject/apps/avelune_studio/test/characters/character_widgets_test.dart: palette and inspector support real instance edits at enlarged text
06:10 +585: /Users/karim/Project/pokemonProject/apps/avelune_studio/test/characters/character_compact_workspace_test.dart: enlarged text keeps palette and character inspector reachable over the map
06:11 +586: /Users/karim/Project/pokemonProject/apps/avelune_studio/test/characters/character_compact_workspace_test.dart: enlarged text keeps palette and character inspector reachable over the map
06:12 +587: /Users/karim/Project/pokemonProject/apps/avelune_studio/test/characters/character_compact_workspace_test.dart: keyboard deletion guards pending stories and duplication keeps independent instances
06:12 +588: /Users/karim/Project/pokemonProject/apps/avelune_studio/test/infrastructure/studio_resource_thumbnail_test.dart: visible decor and literal tile show their exact crop after lazy load
06:13 +589: /Users/karim/Project/pokemonProject/apps/avelune_studio/test/ui11_presentation_responsive_test.dart: UI11 responsive 1536 portrait and compare
06:14 +590: /Users/karim/Project/pokemonProject/apps/avelune_studio/test/ui11_presentation_responsive_test.dart: UI11 responsive 1536 portrait and compare
06:15 +591: /Users/karim/Project/pokemonProject/apps/avelune_studio/test/ui11_presentation_responsive_test.dart: UI11 responsive 1536 portrait and compare
06:15 +592: /Users/karim/Project/pokemonProject/apps/avelune_studio/test/ui11_presentation_responsive_test.dart: UI11 responsive 1536 portrait and compare
06:15 +593: /Users/karim/Project/pokemonProject/apps/avelune_studio/test/ui11_presentation_responsive_test.dart: UI11 responsive 1536 portrait and compare
06:15 +594: /Users/karim/Project/pokemonProject/apps/avelune_studio/test/ui11_presentation_responsive_test.dart: UI11 responsive 1536 portrait and compare
06:15 +595: /Users/karim/Project/pokemonProject/apps/avelune_studio/test/ui11_presentation_responsive_test.dart: UI11 responsive 1536 portrait and compare
06:15 +596: /Users/karim/Project/pokemonProject/apps/avelune_studio/test/ui11_presentation_responsive_test.dart: UI11 responsive 1536 portrait and compare
06:16 +597: /Users/karim/Project/pokemonProject/apps/avelune_studio/test/ui11_presentation_responsive_test.dart: UI11 responsive 1536 portrait and compare
06:16 +598: /Users/karim/Project/pokemonProject/apps/avelune_studio/test/ui11_presentation_responsive_test.dart: UI11 responsive 1536 portrait and compare
06:16 +599: /Users/karim/Project/pokemonProject/apps/avelune_studio/test/ui11_presentation_responsive_test.dart: UI11 responsive 1536 portrait and compare
06:16 +600: /Users/karim/Project/pokemonProject/apps/avelune_studio/test/ui11_presentation_responsive_test.dart: UI11 responsive 1536 portrait and compare
06:16 +601: /Users/karim/Project/pokemonProject/apps/avelune_studio/test/ui11_presentation_responsive_test.dart: UI11 responsive 1536 portrait and compare
06:16 +602: /Users/karim/Project/pokemonProject/apps/avelune_studio/test/ui11_presentation_responsive_test.dart: UI11 responsive 1536 portrait and compare
06:16 +603: /Users/karim/Project/pokemonProject/apps/avelune_studio/test/ui11_presentation_responsive_test.dart: UI11 responsive 1536 portrait and compare
06:16 +604: /Users/karim/Project/pokemonProject/apps/avelune_studio/test/ui11_presentation_responsive_test.dart: UI11 responsive 1536 portrait and compare
06:16 +605: /Users/karim/Project/pokemonProject/apps/avelune_studio/test/ui11_presentation_responsive_test.dart: UI11 responsive 1536 portrait and compare
06:16 +606: /Users/karim/Project/pokemonProject/apps/avelune_studio/test/ui11_presentation_responsive_test.dart: UI11 responsive 1536 portrait and compare
06:16 +607: /Users/karim/Project/pokemonProject/apps/avelune_studio/test/ui11_presentation_responsive_test.dart: UI11 responsive 1536 portrait and compare
06:16 +608: /Users/karim/Project/pokemonProject/apps/avelune_studio/test/ui11_presentation_responsive_test.dart: UI11 responsive 1536 portrait and compare
06:17 +608: /Users/karim/Project/pokemonProject/apps/avelune_studio/test/infrastructure/studio_large_atlas_test.dart: isolated Train building atlas renders a real decor without loading its 329 atlas catalogue
  Skip: AVELUNE_PROJECT_COPY non fourni
06:17 +608 ~1: /Users/karim/Project/pokemonProject/apps/avelune_studio/test/ui11_presentation_responsive_test.dart: UI11 responsive 1536 portrait and compare
06:17 +609 ~1: /Users/karim/Project/pokemonProject/apps/avelune_studio/test/ui11_presentation_responsive_test.dart: UI11 responsive 1536 portrait and compare
06:17 +610 ~1: /Users/karim/Project/pokemonProject/apps/avelune_studio/test/ui11_presentation_responsive_test.dart: UI11 responsive 1536 portrait and compare
06:17 +611 ~1: /Users/karim/Project/pokemonProject/apps/avelune_studio/test/ui11_presentation_responsive_test.dart: UI11 responsive 1536 portrait and compare
06:18 +612 ~1: /Users/karim/Project/pokemonProject/apps/avelune_studio/test/ui11_presentation_responsive_test.dart: UI11 responsive 1440 portrait and compare
06:18 +613 ~1: /Users/karim/Project/pokemonProject/apps/avelune_studio/test/ui11_presentation_responsive_test.dart: UI11 responsive 1440 portrait and compare
06:18 +614 ~1: /Users/karim/Project/pokemonProject/apps/avelune_studio/test/ui11_presentation_responsive_test.dart: UI11 responsive 1440 portrait and compare
06:19 +615 ~1: /Users/karim/Project/pokemonProject/apps/avelune_studio/test/ui11_presentation_responsive_test.dart: UI11 responsive 1440 portrait and compare
06:19 +616 ~1: /Users/karim/Project/pokemonProject/apps/avelune_studio/test/ui11_presentation_responsive_test.dart: UI11 responsive 1440 portrait and compare
06:19 +617 ~1: /Users/karim/Project/pokemonProject/apps/avelune_studio/test/ui11_presentation_responsive_test.dart: UI11 responsive 1440 portrait and compare
06:19 +618 ~1: /Users/karim/Project/pokemonProject/apps/avelune_studio/test/ui11_presentation_responsive_test.dart: UI11 responsive 1440 portrait and compare
06:19 +619 ~1: /Users/karim/Project/pokemonProject/apps/avelune_studio/test/ui11_presentation_responsive_test.dart: UI11 responsive 1440 portrait and compare
06:19 +620 ~1: /Users/karim/Project/pokemonProject/apps/avelune_studio/test/ui11_presentation_responsive_test.dart: UI11 responsive 1440 portrait and compare
06:19 +621 ~1: /Users/karim/Project/pokemonProject/apps/avelune_studio/test/ui11_presentation_responsive_test.dart: UI11 responsive 1440 portrait and compare
06:19 +622 ~1: /Users/karim/Project/pokemonProject/apps/avelune_studio/test/ui11_presentation_responsive_test.dart: UI11 responsive 1440 portrait and compare
06:19 +623 ~1: /Users/karim/Project/pokemonProject/apps/avelune_studio/test/ui11_presentation_responsive_test.dart: UI11 responsive 1440 portrait and compare
06:19 +624 ~1: /Users/karim/Project/pokemonProject/apps/avelune_studio/test/ui11_presentation_responsive_test.dart: UI11 responsive 1440 portrait and compare
06:20 +625 ~1: /Users/karim/Project/pokemonProject/apps/avelune_studio/test/ui11_presentation_responsive_test.dart: UI11 responsive 1440 portrait and compare
06:20 +626 ~1: /Users/karim/Project/pokemonProject/apps/avelune_studio/test/ui11_presentation_responsive_test.dart: UI11 responsive 1440 portrait and compare
06:20 +627 ~1: /Users/karim/Project/pokemonProject/apps/avelune_studio/test/ui11_presentation_responsive_test.dart: UI11 responsive 1440 portrait and compare
06:20 +628 ~1: /Users/karim/Project/pokemonProject/apps/avelune_studio/test/ui11_presentation_responsive_test.dart: UI11 responsive 1440 portrait and compare
06:20 +629 ~1: /Users/karim/Project/pokemonProject/apps/avelune_studio/test/ui11_presentation_responsive_test.dart: UI11 responsive 1440 portrait and compare
06:20 +630 ~1: /Users/karim/Project/pokemonProject/apps/avelune_studio/test/ui11_presentation_responsive_test.dart: UI11 responsive 1440 portrait and compare
06:20 +631 ~1: /Users/karim/Project/pokemonProject/apps/avelune_studio/test/ui11_presentation_responsive_test.dart: UI11 responsive 1440 portrait and compare
06:20 +632 ~1: /Users/karim/Project/pokemonProject/apps/avelune_studio/test/ui11_presentation_responsive_test.dart: UI11 responsive 1440 portrait and compare
06:20 +633 ~1: /Users/karim/Project/pokemonProject/apps/avelune_studio/test/ui11_presentation_responsive_test.dart: UI11 responsive 1440 portrait and compare
06:20 +634 ~1: /Users/karim/Project/pokemonProject/apps/avelune_studio/test/ui11_presentation_responsive_test.dart: UI11 responsive 1440 portrait and compare
06:20 +635 ~1: /Users/karim/Project/pokemonProject/apps/avelune_studio/test/ui11_presentation_responsive_test.dart: UI11 responsive 1440 portrait and compare
06:20 +636 ~1: /Users/karim/Project/pokemonProject/apps/avelune_studio/test/ui11_presentation_responsive_test.dart: UI11 responsive 1440 portrait and compare
06:21 +637 ~1: /Users/karim/Project/pokemonProject/apps/avelune_studio/test/ui11_presentation_responsive_test.dart: UI11 responsive 1280 portrait and compare
06:21 +638 ~1: /Users/karim/Project/pokemonProject/apps/avelune_studio/test/ui11_presentation_responsive_test.dart: UI11 responsive 1280 portrait and compare
06:22 +639 ~1: /Users/karim/Project/pokemonProject/apps/avelune_studio/test/ui11_presentation_responsive_test.dart: UI11 responsive 1280 portrait and compare
06:22 +639 ~1: /Users/karim/Project/pokemonProject/apps/avelune_studio/test/infrastructure/studio_playtest_test.dart: saved example mounts real runtime, walks, and returns
[runtime_loader] bundle load start projectFilePath=/private/var/folders/b5/7gsfwzyd449_54n8l40h40gc0000gn/T/studio_playtest_L3SIJb/project.json mapId=jardin
[runtime_loader] project manifest lookup path=/private/var/folders/b5/7gsfwzyd449_54n8l40h40gc0000gn/T/studio_playtest_L3SIJb/project.json
[runtime_loader] project manifest read ok bytes=8480
[runtime_loader] project manifest validated maps=2 tilesets=1 scenarios=0
[runtime_loader] bundle map resolved mapId=jardin relativePath=maps/jardin.json mapPath=/private/var/folders/b5/7gsfwzyd449_54n8l40h40gc0000gn/T/studio_playtest_L3SIJb/maps/jardin.json
[runtime_loader] map file lookup path=/private/var/folders/b5/7gsfwzyd449_54n8l40h40gc0000gn/T/studio_playtest_L3SIJb/maps/jardin.json
[runtime_loader] map file read ok bytes=17182
[runtime_loader] map validated id=jardin size=24x16 layers=3 entities=1 placedElements=3 warps=0 triggers=0
[runtime_loader] bundle tilesets collected ids=atelier
[runtime_loader] bundle tileset path id=atelier path=/private/var/folders/b5/7gsfwzyd449_54n8l40h40gc0000gn/T/studio_playtest_L3SIJb/assets/atelier.png
[runtime_loader] bundle load ok mapId=jardin projectRoot=/private/var/folders/b5/7gsfwzyd449_54n8l40h40gc0000gn/T/studio_playtest_L3SIJb tilesets=1
[runtime_game] tileset image load start map=jardin
[runtime_game] tileset cache resolve requested=1
[runtime_game] tileset cache resolve ok result=1
[runtime_game] onLoad start map=jardin projectFilePath=/private/var/folders/b5/7gsfwzyd449_54n8l40h40gc0000gn/T/studio_playtest_L3SIJb/project.json tilesets=1
[runtime_game] world build start map=jardin
[runtime] Map loaded: jardin, spawn at (8, 9)
[runtime_game] tileset image load ok count=1 map=jardin
[runtime_game] mount root map start map=jardin
[runtime_game] mount root map ok map=jardin
[runtime_game] onLoad completed activeMapId=jardin
[event_v2] mapEnter activation=mapact_1790349912192017_1 map=jardin reason=initialBoot result=MapEnterProductionDispatchLegacyFallback
06:23 +640 ~1: /Users/karim/Project/pokemonProject/apps/avelune_studio/test/ui11_presentation_responsive_test.dart: UI11 responsive 1280 portrait and compare
06:24 +641 ~1: /Users/karim/Project/pokemonProject/apps/avelune_studio/test/ui11_presentation_responsive_test.dart: UI11 responsive 1280 portrait and compare
06:24 +642 ~1: /Users/karim/Project/pokemonProject/apps/avelune_studio/test/ui11_presentation_responsive_test.dart: UI11 responsive 1024 portrait and compare
06:25 +643 ~1: /Users/karim/Project/pokemonProject/apps/avelune_studio/test/ui11_presentation_responsive_test.dart: UI11 responsive 1024 portrait and compare
06:25 +644 ~1: /Users/karim/Project/pokemonProject/apps/avelune_studio/test/ui11_presentation_responsive_test.dart: UI11 responsive 1024 portrait and compare
06:25 +645 ~1: /Users/karim/Project/pokemonProject/apps/avelune_studio/test/ui11_presentation_responsive_test.dart: UI11 responsive 1024 portrait and compare
06:25 +646 ~1: /Users/karim/Project/pokemonProject/apps/avelune_studio/test/ui11_presentation_responsive_test.dart: UI11 responsive 1024 portrait and compare
06:26 +647 ~1: /Users/karim/Project/pokemonProject/apps/avelune_studio/test/ui11_presentation_responsive_test.dart: UI11 responsive 1024 portrait and compare
06:26 +648 ~1: /Users/karim/Project/pokemonProject/apps/avelune_studio/test/ui11_presentation_responsive_test.dart: UI11 responsive 1024 portrait and compare
06:26 +649 ~1: /Users/karim/Project/pokemonProject/apps/avelune_studio/test/ui11_presentation_responsive_test.dart: UI11 responsive 1024 portrait and compare
06:27 +650 ~1: /Users/karim/Project/pokemonProject/apps/avelune_studio/test/ui11_presentation_responsive_test.dart: UI11 responsive 1024 portrait and compare
06:28 +651 ~1: /Users/karim/Project/pokemonProject/apps/avelune_studio/test/ui06_scene_construction_test.dart: build both branches through palette, properties and wires then publish and reopen
UI06 construction: 8 blocs et 7 fils construits, publication
UI06 construction: publication terminée, relecture indépendante
06:33 +652 ~1: /Users/karim/Project/pokemonProject/apps/avelune_studio/test/cinematics_ui10_timeline_gesture_test.dart: UI10 timeline drag reorders and duration handle commits once with undo redo
06:34 +653 ~1: /Users/karim/Project/pokemonProject/apps/avelune_studio/test/ui11_presentation_busy_test.dart: UI11 a slow creation shows progress and blocks a second start
06:35 +654 ~1: /Users/karim/Project/pokemonProject/apps/avelune_studio/test/ui11_presentation_busy_test.dart: UI11 a slow creation shows progress and blocks a second start
06:38 +655 ~1: /Users/karim/Project/pokemonProject/apps/avelune_studio/test/m3_conditions_widgets_test.dart: real conditions and ordered sequence stay editable at enlarged text
06:39 +656 ~1: /Users/karim/Project/pokemonProject/apps/avelune_studio/test/dialogues_ui09_visual_test.dart: UI09 early real widget capture and compact layout
06:44 +657 ~1: /Users/karim/Project/pokemonProject/apps/avelune_studio/test/ui12_world_close_test.dart: invalid rule input blocks global save until corrected
06:44 +658 ~1: /Users/karim/Project/pokemonProject/apps/avelune_studio/test/ui12_world_close_test.dart: an incomplete rule is never silently dropped
06:46 +659 ~1: /Users/karim/Project/pokemonProject/apps/avelune_studio/test/ui12_world_navigation_test.dart: Histoire opens the states and rules page and comes back
06:48 +660 ~1: /Users/karim/Project/pokemonProject/apps/avelune_studio/test/ui12_world_close_test.dart: a close asked during a publication is refused
06:49 +661 ~1: /Users/karim/Project/pokemonProject/apps/avelune_studio/test/presentation/ui08_event_focus_test.dart: UI08 focused name commits original owner on selection save and undo
06:49 +662 ~1: /Users/karim/Project/pokemonProject/apps/avelune_studio/test/presentation/ui08_event_focus_test.dart: UI08 focused name commits original owner on selection save and undo
06:51 +663 ~1: /Users/karim/Project/pokemonProject/apps/avelune_studio/test/presentation/ui08_event_focus_test.dart: UI08 focused name commits original owner on selection save and undo
06:52 +664 ~1: /Users/karim/Project/pokemonProject/apps/avelune_studio/test/presentation/ui08_event_focus_test.dart: UI08 focused name commits original owner on selection save and undo
06:52 +665 ~1: /Users/karim/Project/pokemonProject/apps/avelune_studio/test/presentation/ui08_event_focus_test.dart: UI08 focused name commits original owner on selection save and undo
06:52 +666 ~1: /Users/karim/Project/pokemonProject/apps/avelune_studio/test/presentation/ui08_event_focus_test.dart: UI08 focused name commits original owner on selection save and undo
06:52 +667 ~1: /Users/karim/Project/pokemonProject/apps/avelune_studio/test/presentation/ui08_event_focus_test.dart: UI08 focused name commits original owner on selection save and undo
06:52 +668 ~1: /Users/karim/Project/pokemonProject/apps/avelune_studio/test/presentation/ui08_event_focus_test.dart: UI08 focused name commits original owner on selection save and undo
06:52 +669 ~1: /Users/karim/Project/pokemonProject/apps/avelune_studio/test/presentation/ui08_event_focus_test.dart: UI08 focused name commits original owner on selection save and undo
06:53 +670 ~1: /Users/karim/Project/pokemonProject/apps/avelune_studio/test/presentation/ui08_event_focus_test.dart: UI08 focused name commits original owner on selection save and undo
06:53 +671 ~1: /Users/karim/Project/pokemonProject/apps/avelune_studio/test/presentation/ui08_event_focus_test.dart: UI08 focused name commits original owner on selection save and undo
06:53 +672 ~1: /Users/karim/Project/pokemonProject/apps/avelune_studio/test/presentation/ui08_event_focus_test.dart: UI08 focused name commits original owner on selection save and undo
06:53 +673 ~1: /Users/karim/Project/pokemonProject/apps/avelune_studio/test/presentation/ui08_event_focus_test.dart: UI08 focused name commits original owner on selection save and undo
06:55 +674 ~1: /Users/karim/Project/pokemonProject/apps/avelune_studio/test/presentation/ui08_event_focus_test.dart: UI08 focused name commits original owner on selection save and undo
06:55 +675 ~1: /Users/karim/Project/pokemonProject/apps/avelune_studio/test/presentation/ui08_event_focus_test.dart: UI08 focused name commits original owner on selection save and undo
06:55 +676 ~1: /Users/karim/Project/pokemonProject/apps/avelune_studio/test/presentation/ui08_event_focus_test.dart: UI08 focused name commits original owner on selection save and undo
06:56 +677 ~1: /Users/karim/Project/pokemonProject/apps/avelune_studio/test/presentation/ui04_terrain_journey_test.dart: UI04 source rules trial publication and map preserve the current session
07:02 +678 ~1: /Users/karim/Project/pokemonProject/apps/avelune_studio/test/presentation/ui04_terrain_journey_test.dart: UI04 source rules trial publication and map preserve the current session
07:08 +679 ~1: /Users/karim/Project/pokemonProject/apps/avelune_studio/test/presentation/ui04_terrain_journey_test.dart: UI04 source rules trial publication and map preserve the current session
07:09 +680 ~1: /Users/karim/Project/pokemonProject/apps/avelune_studio/test/presentation/ui03_resource_journey_test.dart: UI03 real previews selection search return and compact detail
07:11 +681 ~1: /Users/karim/Project/pokemonProject/apps/avelune_studio/test/presentation/ui03_resource_journey_test.dart: UI03 real previews selection search return and compact detail
07:11 +682 ~1: /Users/karim/Project/pokemonProject/apps/avelune_studio/test/presentation/ui03_resource_journey_test.dart: UI03 real previews selection search return and compact detail
07:12 +683 ~1: /Users/karim/Project/pokemonProject/apps/avelune_studio/test/presentation/ui03_resource_journey_test.dart: UI03 real previews selection search return and compact detail
07:13 +684 ~1: /Users/karim/Project/pokemonProject/apps/avelune_studio/test/presentation/ui03_resource_journey_test.dart: UI03 real previews selection search return and compact detail
07:13 +685 ~1: /Users/karim/Project/pokemonProject/apps/avelune_studio/test/presentation/ui03_resource_journey_test.dart: UI03 real previews selection search return and compact detail
07:13 +686 ~1: /Users/karim/Project/pokemonProject/apps/avelune_studio/test/presentation/ui03_resource_journey_test.dart: UI03 real previews selection search return and compact detail
07:13 +687 ~1: /Users/karim/Project/pokemonProject/apps/avelune_studio/test/presentation/ui03_resource_journey_test.dart: UI03 real previews selection search return and compact detail
07:18 +688 ~1: /Users/karim/Project/pokemonProject/apps/avelune_studio/test/presentation/ui03_resource_journey_test.dart: UI03 real previews selection search return and compact detail
07:19 +689 ~1: /Users/karim/Project/pokemonProject/apps/avelune_studio/test/presentation/ui03_resource_journey_test.dart: UI03 real previews selection search return and compact detail
07:19 +690 ~1: /Users/karim/Project/pokemonProject/apps/avelune_studio/test/presentation/ui03_resource_journey_test.dart: UI03 real previews selection search return and compact detail
07:19 +691 ~1: /Users/karim/Project/pokemonProject/apps/avelune_studio/test/presentation/ui03_resource_journey_test.dart: UI03 real previews selection search return and compact detail
07:19 +692 ~1: /Users/karim/Project/pokemonProject/apps/avelune_studio/test/presentation/ui03_resource_journey_test.dart: UI03 real previews selection search return and compact detail
07:20 +693 ~1: /Users/karim/Project/pokemonProject/apps/avelune_studio/test/presentation/ui03_resource_journey_test.dart: UI03 real previews selection search return and compact detail
07:22 +694 ~1: /Users/karim/Project/pokemonProject/apps/avelune_studio/test/presentation/ui02_map_journey_test.dart: UI02 real map, overlap, shared home and responsive viewport
07:24 +695 ~1: /Users/karim/Project/pokemonProject/apps/avelune_studio/test/presentation/ui02_map_journey_test.dart: UI02 real map, overlap, shared home and responsive viewport
07:25 +696 ~1: /Users/karim/Project/pokemonProject/apps/avelune_studio/test/presentation/ui02_map_journey_test.dart: UI02 real map, overlap, shared home and responsive viewport
07:25 +697 ~1: /Users/karim/Project/pokemonProject/apps/avelune_studio/test/presentation/ui02_map_journey_test.dart: UI02 real map, overlap, shared home and responsive viewport
07:32 +698 ~1: /Users/karim/Project/pokemonProject/apps/avelune_studio/test/presentation/ui02_map_journey_test.dart: UI02 real map, overlap, shared home and responsive viewport
07:33 +699 ~1: /Users/karim/Project/pokemonProject/apps/avelune_studio/test/presentation/ui05_narrative_overview_links_test.dart: scene draft remains with its owner after returning to overview
07:35 +700 ~1: /Users/karim/Project/pokemonProject/apps/avelune_studio/test/presentation/ui05_narrative_overview_links_test.dart: scene draft remains with its owner after returning to overview
07:36 +701 ~1: /Users/karim/Project/pokemonProject/apps/avelune_studio/test/presentation/desktop_workspace_layout_test.dart: real stress workspace stays usable across desktop sizes and diagnostics
07:39 +702 ~1: /Users/karim/Project/pokemonProject/apps/avelune_studio/test/presentation/desktop_workspace_layout_test.dart: real stress workspace stays usable across desktop sizes and diagnostics
07:40 +703 ~1: /Users/karim/Project/pokemonProject/apps/avelune_studio/test/presentation/desktop_workspace_layout_test.dart: real stress workspace stays usable across desktop sizes and diagnostics
07:41 +704 ~1: /Users/karim/Project/pokemonProject/apps/avelune_studio/test/presentation/studio_app_test.dart: releases the path field while the native picker owns input
07:42 +705 ~1: /Users/karim/Project/pokemonProject/apps/avelune_studio/test/presentation/decor_collision_mask_test.dart: six cells remain visible and compact; last cell can toggle
07:42 +706 ~1: /Users/karim/Project/pokemonProject/apps/avelune_studio/test/presentation/decor_collision_mask_test.dart: six cells remain visible and compact; last cell can toggle
07:42 +707 ~1: /Users/karim/Project/pokemonProject/apps/avelune_studio/test/presentation/studio_app_test.dart: opens from the native selection, displays identity and closes
07:43 +708 ~1: /Users/karim/Project/pokemonProject/apps/avelune_studio/test/presentation/decor_collision_mask_test.dart: narrow tall mask fits every row within 200 pixels
07:43 +709 ~1: /Users/karim/Project/pokemonProject/apps/avelune_studio/test/presentation/studio_app_test.dart: shows an actionable failure and retries the entered directory
07:43 +710 ~1: /Users/karim/Project/pokemonProject/apps/avelune_studio/test/presentation/studio_app_test.dart: rebuilds and resizes without recreating or reloading a session
07:43 +711 ~1: /Users/karim/Project/pokemonProject/apps/avelune_studio/test/presentation/studio_app_test.dart: supports keyboard submission and focus traversal
07:43 +712 ~1: /Users/karim/Project/pokemonProject/apps/avelune_studio/test/presentation/studio_app_test.dart: cancels a pending read and disposes its late result
07:44 +713 ~1: /Users/karim/Project/pokemonProject/apps/avelune_studio/test/presentation/ui05_narrative_overview_navigation_test.dart: overview opens the exact story and step without publishing
07:44 +714 ~1: /Users/karim/Project/pokemonProject/apps/avelune_studio/test/presentation/ui05_narrative_overview_navigation_test.dart: overview opens the exact story and step without publishing
07:46 +715 ~1: /Users/karim/Project/pokemonProject/apps/avelune_studio/test/presentation/ui05_narrative_overview_navigation_test.dart: overview opens the exact story and step without publishing
07:47 +716 ~1: /Users/karim/Project/pokemonProject/apps/avelune_studio/test/presentation/ui05_narrative_overview_navigation_test.dart: overview opens the exact story and step without publishing
07:48 +717 ~1: /Users/karim/Project/pokemonProject/apps/avelune_studio/test/presentation/ui05_narrative_overview_navigation_test.dart: overview opens the exact story and step without publishing
07:48 +718 ~1: /Users/karim/Project/pokemonProject/apps/avelune_studio/test/presentation/ui05_narrative_overview_navigation_test.dart: overview opens the exact story and step without publishing
07:49 +719 ~1: /Users/karim/Project/pokemonProject/apps/avelune_studio/test/presentation/ui05_narrative_overview_navigation_test.dart: overview opens the exact story and step without publishing
07:49 +720 ~1: /Users/karim/Project/pokemonProject/apps/avelune_studio/test/presentation/ui05_narrative_overview_navigation_test.dart: overview opens the exact story and step without publishing
07:50 +720 ~2: /Users/karim/Project/pokemonProject/apps/avelune_studio/test/presentation/ui05_narrative_overview_navigation_test.dart: overview opens the exact story and step without publishing
07:50 +721 ~2: /Users/karim/Project/pokemonProject/apps/avelune_studio/test/presentation/ui05_narrative_overview_navigation_test.dart: search and map shortcut preserve the author project
07:50 +722 ~2: /Users/karim/Project/pokemonProject/apps/avelune_studio/test/presentation/ui05_narrative_overview_navigation_test.dart: search and map shortcut preserve the author project
07:51 +723 ~2: /Users/karim/Project/pokemonProject/apps/avelune_studio/test/presentation/ui05_narrative_overview_navigation_test.dart: search and map shortcut preserve the author project
07:51 +724 ~2: /Users/karim/Project/pokemonProject/apps/avelune_studio/test/presentation/ui05_narrative_overview_navigation_test.dart: search and map shortcut preserve the author project
07:51 +725 ~2: /Users/karim/Project/pokemonProject/apps/avelune_studio/test/presentation/ui05_narrative_overview_navigation_test.dart: search and map shortcut preserve the author project
07:51 +726 ~2: /Users/karim/Project/pokemonProject/apps/avelune_studio/test/presentation/ui05_narrative_overview_navigation_test.dart: search and map shortcut preserve the author project
07:51 +727 ~2: /Users/karim/Project/pokemonProject/apps/avelune_studio/test/presentation/ui05_narrative_overview_navigation_test.dart: search and map shortcut preserve the author project
07:51 +728 ~2: /Users/karim/Project/pokemonProject/apps/avelune_studio/test/presentation/ui05_narrative_overview_navigation_test.dart: search and map shortcut preserve the author project
07:51 +729 ~2: /Users/karim/Project/pokemonProject/apps/avelune_studio/test/presentation/ui05_narrative_overview_navigation_test.dart: search and map shortcut preserve the author project
07:51 +730 ~2: /Users/karim/Project/pokemonProject/apps/avelune_studio/test/presentation/ui05_narrative_overview_navigation_test.dart: search and map shortcut preserve the author project
07:52 +731 ~2: /Users/karim/Project/pokemonProject/apps/avelune_studio/test/presentation/ui05_narrative_overview_navigation_test.dart: search and map shortcut preserve the author project
07:52 +732 ~2: /Users/karim/Project/pokemonProject/apps/avelune_studio/test/presentation/ui05_narrative_overview_navigation_test.dart: search and map shortcut preserve the author project
07:52 +733 ~2: /Users/karim/Project/pokemonProject/apps/avelune_studio/test/presentation/ui05_narrative_overview_navigation_test.dart: search and map shortcut preserve the author project
07:52 +734 ~2: /Users/karim/Project/pokemonProject/apps/avelune_studio/test/presentation/ui05_narrative_overview_navigation_test.dart: search and map shortcut preserve the author project
07:52 +735 ~2: /Users/karim/Project/pokemonProject/apps/avelune_studio/test/presentation/ui05_narrative_overview_navigation_test.dart: search and map shortcut preserve the author project
07:52 +736 ~2: /Users/karim/Project/pokemonProject/apps/avelune_studio/test/presentation/ui05_narrative_overview_navigation_test.dart: search and map shortcut preserve the author project
07:52 +737 ~2: /Users/karim/Project/pokemonProject/apps/avelune_studio/test/presentation/ui05_narrative_overview_navigation_test.dart: search and map shortcut preserve the author project
07:52 +738 ~2: /Users/karim/Project/pokemonProject/apps/avelune_studio/test/presentation/ui05_narrative_overview_navigation_test.dart: search and map shortcut preserve the author project
07:52 +739 ~2: /Users/karim/Project/pokemonProject/apps/avelune_studio/test/presentation/ui05_narrative_overview_navigation_test.dart: search and map shortcut preserve the author project
07:54 +740 ~2: /Users/karim/Project/pokemonProject/apps/avelune_studio/test/presentation/ui05_narrative_overview_navigation_test.dart: search and map shortcut preserve the author project
07:55 +741 ~2: /Users/karim/Project/pokemonProject/apps/avelune_studio/test/presentation/ui05_narrative_overview_navigation_test.dart: search and map shortcut preserve the author project
07:55 +742 ~2: /Users/karim/Project/pokemonProject/apps/avelune_studio/test/presentation/ui05_narrative_overview_navigation_test.dart: search and map shortcut preserve the author project
07:55 +743 ~2: /Users/karim/Project/pokemonProject/apps/avelune_studio/test/presentation/ui05_narrative_overview_navigation_test.dart: search and map shortcut preserve the author project
07:56 +744 ~2: /Users/karim/Project/pokemonProject/apps/avelune_studio/test/presentation/ui05_narrative_overview_navigation_test.dart: search and map shortcut preserve the author project
07:56 +745 ~2: /Users/karim/Project/pokemonProject/apps/avelune_studio/test/presentation/ui05_narrative_overview_navigation_test.dart: search and map shortcut preserve the author project
07:56 +746 ~2: /Users/karim/Project/pokemonProject/apps/avelune_studio/test/presentation/ui05_narrative_overview_navigation_test.dart: search and map shortcut preserve the author project
07:56 +747 ~2: /Users/karim/Project/pokemonProject/apps/avelune_studio/test/presentation/ui08_event_playtest_test.dart: launch refuses project changing during asynchronous read
07:56 +748 ~2: /Users/karim/Project/pokemonProject/apps/avelune_studio/test/presentation/ui08_event_playtest_test.dart: flush failure blocks close and both playtest routes without rejected UI futures
07:57 +749 ~2: /Users/karim/Project/pokemonProject/apps/avelune_studio/test/presentation/ui11_scene_presentation_binding_test.dart: typed linked callbacks retain scene draft, selection and viewport
07:58 +750 ~2: /Users/karim/Project/pokemonProject/apps/avelune_studio/test/presentation/m3_authoring_journey_test.dart: author edits choices conditions and story, publishes and reopens
07:58 +751 ~2: /Users/karim/Project/pokemonProject/apps/avelune_studio/test/presentation/m3_authoring_journey_test.dart: author edits choices conditions and story, publishes and reopens
08:05 +752 ~2: /Users/karim/Project/pokemonProject/apps/avelune_studio/test/presentation/ui05_verification_summary_test.dart: overview summarizes the last real verification report
08:06 +753 ~2: /Users/karim/Project/pokemonProject/apps/avelune_studio/test/presentation/ui07_story_selection_test.dart: UI07 rapid selection commits only original target and removed target remains unavailable
08:10 +754 ~2: /Users/karim/Project/pokemonProject/apps/avelune_studio/test/presentation/ui06_scene_navigation_test.dart: UI06 advanced interaction opens exact scene and draft survives navigation and refused close
08:11 +755 ~2: /Users/karim/Project/pokemonProject/apps/avelune_studio/test/presentation/ui07_story_selection_test.dart: UI07 homonym story IDs and filtering retain the exact active dirty document
08:12 +756 ~2: /Users/karim/Project/pokemonProject/apps/avelune_studio/test/presentation/m2_end_to_end_test.dart: real import decor terrain save reload and runtime journey
08:13 +757 ~2: /Users/karim/Project/pokemonProject/apps/avelune_studio/test/presentation/m2_end_to_end_test.dart: real import decor terrain save reload and runtime journey
08:15 +758 ~2: /Users/karim/Project/pokemonProject/apps/avelune_studio/test/presentation/m2_end_to_end_test.dart: real import decor terrain save reload and runtime journey
[runtime_loader] bundle load start projectFilePath=/private/var/folders/b5/7gsfwzyd449_54n8l40h40gc0000gn/T/avelune_m2_ui_IvbR3Q/project.json mapId=jardin
[runtime_loader] project manifest lookup path=/private/var/folders/b5/7gsfwzyd449_54n8l40h40gc0000gn/T/avelune_m2_ui_IvbR3Q/project.json
[runtime_loader] project manifest read ok bytes=45398
[runtime_loader] project manifest validated maps=2 tilesets=2 scenarios=0
[runtime_loader] bundle map resolved mapId=jardin relativePath=maps/jardin.json mapPath=/private/var/folders/b5/7gsfwzyd449_54n8l40h40gc0000gn/T/avelune_m2_ui_IvbR3Q/maps/jardin.json
[runtime_loader] map file lookup path=/private/var/folders/b5/7gsfwzyd449_54n8l40h40gc0000gn/T/avelune_m2_ui_IvbR3Q/maps/jardin.json
[runtime_loader] map file read ok bytes=23842
[runtime_loader] map validated id=jardin size=24x16 layers=4 entities=1 placedElements=6 warps=0 triggers=0
[runtime_loader] bundle tilesets collected ids=atelier,source_1790350023953452_4230966232
[runtime_loader] bundle tileset path id=atelier path=/private/var/folders/b5/7gsfwzyd449_54n8l40h40gc0000gn/T/avelune_m2_ui_IvbR3Q/assets/atelier.png
[runtime_loader] bundle tileset path id=source_1790350023953452_4230966232 path=/private/var/folders/b5/7gsfwzyd449_54n8l40h40gc0000gn/T/avelune_m2_ui_IvbR3Q/assets/.pokemap-store/410a5c9667c98ac02aab06b022caa817b619b07228972c838d3c023576cff8a8.blob
[runtime_loader] bundle load ok mapId=jardin projectRoot=/private/var/folders/b5/7gsfwzyd449_54n8l40h40gc0000gn/T/avelune_m2_ui_IvbR3Q tilesets=2
[runtime_game] tileset image load start map=jardin
[runtime_game] tileset cache resolve requested=2
[runtime_game] tileset cache resolve ok result=2
[runtime_game] onLoad start map=jardin projectFilePath=/private/var/folders/b5/7gsfwzyd449_54n8l40h40gc0000gn/T/avelune_m2_ui_IvbR3Q/project.json tilesets=2
[runtime_game] world build start map=jardin
[runtime] Map loaded: jardin, spawn at (8, 9)
[runtime_game] tileset image load ok count=2 map=jardin
[runtime_game] mount root map start map=jardin
[runtime_game] mount root map ok map=jardin
[runtime_game] onLoad completed activeMapId=jardin
[event_v2] mapEnter activation=mapact_1790350033139939_1 map=jardin reason=initialBoot result=MapEnterProductionDispatchLegacyFallback
08:26 +759 ~2: /Users/karim/Project/pokemonProject/apps/avelune_studio/test/presentation/ui08_event_journey_test.dart: UI08 complete source conditions scene publication simulation and returns
08:28 +760 ~2: /Users/karim/Project/pokemonProject/apps/avelune_studio/test/presentation/m2_end_to_end_test.dart: large resource library remains usable at narrow enlarged text
08:29 +761 ~2: /Users/karim/Project/pokemonProject/apps/avelune_studio/test/presentation/studio_gallery_test.dart: gallery controls resources and tokens remain usable: desktop
08:30 +762 ~2: /Users/karim/Project/pokemonProject/apps/avelune_studio/test/presentation/studio_gallery_test.dart: gallery controls resources and tokens remain usable: desktop
08:30 +763 ~2: /Users/karim/Project/pokemonProject/apps/avelune_studio/test/presentation/ui02_palette_test.dart: inline atlas selects real tile and preserves zoom across tabs
08:30 +764 ~2: /Users/karim/Project/pokemonProject/apps/avelune_studio/test/presentation/studio_gallery_test.dart: gallery controls resources and tokens remain usable: compact-large-text
08:31 +765 ~2: /Users/karim/Project/pokemonProject/apps/avelune_studio/test/presentation/brush_retention_transition_test.dart: tool integration retains one brush with hidden palette and small budget
08:32 +766 ~2: /Users/karim/Project/pokemonProject/apps/avelune_studio/test/presentation/brush_retention_transition_test.dart: tool integration retains one brush with hidden palette and small budget
08:32 +767 ~2: /Users/karim/Project/pokemonProject/apps/avelune_studio/test/presentation/brush_retention_transition_test.dart: tool integration retains one brush with hidden palette and small budget
08:33 +768 ~2: /Users/karim/Project/pokemonProject/apps/avelune_studio/test/presentation/brush_retention_transition_test.dart: tool integration retains one brush with hidden palette and small budget
08:33 +769 ~2: /Users/karim/Project/pokemonProject/apps/avelune_studio/test/presentation/brush_retention_transition_test.dart: tool integration retains one brush with hidden palette and small budget
08:34 +770 ~2: /Users/karim/Project/pokemonProject/apps/avelune_studio/test/presentation/brush_retention_transition_test.dart: tool integration retains one brush with hidden palette and small budget
08:38 +771 ~2: /Users/karim/Project/pokemonProject/apps/avelune_studio/test/presentation/ui05_narrative_overview_collection_test.dart: large story collections keep the overview bounded and searchable
08:39 +772 ~2: /Users/karim/Project/pokemonProject/apps/avelune_studio/test/presentation/ui06_scene_action_form_test.dart: action edits preserve opaque metadata until explicit apply
08:39 +773 ~2: /Users/karim/Project/pokemonProject/apps/avelune_studio/test/presentation/ui05_narrative_overview_collection_test.dart: filter leaves a neutral detail until a visible story is selected
08:39 +774 ~2: /Users/karim/Project/pokemonProject/apps/avelune_studio/test/presentation/ui05_narrative_overview_collection_test.dart: filter leaves a neutral detail until a visible story is selected
08:40 +775 ~2: /Users/karim/Project/pokemonProject/apps/avelune_studio/test/presentation/ui05_narrative_overview_collection_test.dart: filter leaves a neutral detail until a visible story is selected
08:40 +776 ~2: /Users/karim/Project/pokemonProject/apps/avelune_studio/test/presentation/ui05_narrative_overview_collection_test.dart: overview creates a scene and an event through their owners
08:44 +777 ~2: /Users/karim/Project/pokemonProject/apps/avelune_studio/test/presentation/ui05_story_journey_test.dart: UI05 story overview reads canonical fixture without mutations
08:46 +778 ~2: /Users/karim/Project/pokemonProject/apps/avelune_studio/test/presentation/ui05_story_journey_test.dart: UI05 story overview reads canonical fixture without mutations
08:48 +779 ~2: /Users/karim/Project/pokemonProject/apps/avelune_studio/test/presentation/ui05_narrative_artwork_test.dart: overview uses project artwork for hero, story, and scene
08:49 +780 ~2: /Users/karim/Project/pokemonProject/apps/avelune_studio/test/presentation/ui05_narrative_artwork_test.dart: a project without storylines features its real scenes
08:50 +781 ~2: /Users/karim/Project/pokemonProject/apps/avelune_studio/test/presentation/ui08_event_sources_test.dart: UI08 four real sources preserve exact targets and Escape cancels without writes
08:55 +782 ~2: /Users/karim/Project/pokemonProject/apps/avelune_studio/test/presentation/ui08_event_sources_test.dart: UI08 four real sources preserve exact targets and Escape cancels without writes
08:58 +783 ~2: /Users/karim/Project/pokemonProject/apps/avelune_studio/test/presentation/ui08_event_sources_test.dart: UI08 four real sources preserve exact targets and Escape cancels without writes
08:58 +784 ~2: loading /Users/karim/Project/pokemonProject/apps/avelune_studio/test/presentation/resource_detail_ui03_test.dart
08:58 +784 ~2: /Users/karim/Project/pokemonProject/apps/avelune_studio/test/terrain_creation_test.dart: source respects rectangular cells, margins, spacing and exact frame pixels
08:58 +785 ~2: /Users/karim/Project/pokemonProject/apps/avelune_studio/test/terrain_creation_test.dart: all 16 native cardinal contexts resolve their own assigned candidate
08:59 +786 ~2: /Users/karim/Project/pokemonProject/apps/avelune_studio/test/terrain_creation_test.dart: scratch paint and erase update neighbor rule using canonical resolver
08:59 +787 ~2: /Users/karim/Project/pokemonProject/apps/avelune_studio/test/presentation/resource_detail_ui03_test.dart: terrain category is canonical and missing maps are explained
08:59 +788 ~2: /Users/karim/Project/pokemonProject/apps/avelune_studio/test/presentation/resource_detail_ui03_test.dart: terrain category is canonical and missing maps are explained
08:59 +789 ~2: /Users/karim/Project/pokemonProject/apps/avelune_studio/test/presentation/resource_detail_ui03_test.dart: terrain category is canonical and missing maps are explained
08:59 +790 ~2: /Users/karim/Project/pokemonProject/apps/avelune_studio/test/presentation/resource_detail_ui03_test.dart: terrain category is canonical and missing maps are explained
08:59 +791 ~2: /Users/karim/Project/pokemonProject/apps/avelune_studio/test/presentation/resource_detail_ui03_test.dart: use action stays visible while detail scrolls at 150 percent
08:59 +792 ~2: /Users/karim/Project/pokemonProject/apps/avelune_studio/test/presentation/resource_detail_ui03_test.dart: unprepared image retains an honest tile-use destination
08:59 +793 ~2: /Users/karim/Project/pokemonProject/apps/avelune_studio/test/presentation/resource_detail_ui03_test.dart: terrain example resolves distinct edges using real tile IDs
09:00 +794 ~2: /Users/karim/Project/pokemonProject/apps/avelune_studio/test/ui13_verification_host_recovery_test.dart: saving from an editor during a control frees the page
09:03 +795 ~2: /Users/karim/Project/pokemonProject/apps/avelune_studio/test/ui13_verification_host_recovery_test.dart: saving from an editor during a control frees the page
09:03 +796 ~2: /Users/karim/Project/pokemonProject/apps/avelune_studio/test/game_export/studio_game_export_cancel_test.dart: cancel before confirmed replacement preserves existing bytes
09:04 +797 ~2: /Users/karim/Project/pokemonProject/apps/avelune_studio/test/game_export/studio_game_export_cancel_test.dart: cancel during destination existence check prevents writing
09:05 +798 ~2: /Users/karim/Project/pokemonProject/apps/avelune_studio/test/game_export/studio_game_export_cancel_test.dart: project invalidation before writing produces no late success
09:05 +799 ~2: /Users/karim/Project/pokemonProject/apps/avelune_studio/test/game_export/studio_game_export_service_test.dart: home navigation opens export as a workspace page and returns to Carte
09:05 +800 ~2: /Users/karim/Project/pokemonProject/apps/avelune_studio/test/game_export/studio_game_export_service_test.dart: home navigation opens export as a workspace page and returns to Carte
09:05 +801 ~2: /Users/karim/Project/pokemonProject/apps/avelune_studio/test/game_export/studio_game_export_service_test.dart: home navigation opens export as a workspace page and returns to Carte
09:07 +802 ~2: /Users/karim/Project/pokemonProject/apps/avelune_studio/test/game_export/studio_game_export_control_test.dart: invalid preparation preserves the draft and creates no package
09:08 +803 ~2: /Users/karim/Project/pokemonProject/apps/avelune_studio/test/game_export/studio_game_export_service_test.dart: small desktop page keeps fields and actions reachable
09:08 +804 ~2: /Users/karim/Project/pokemonProject/apps/avelune_studio/test/game_export/studio_game_export_service_test.dart: small desktop page keeps fields and actions reachable
09:09 +805 ~2: /Users/karim/Project/pokemonProject/apps/avelune_studio/test/game_export/studio_game_export_control_test.dart: missing source resource prevents the package
09:10 +806 ~2: /Users/karim/Project/pokemonProject/apps/avelune_studio/test/game_export/studio_game_export_control_test.dart: missing source resource prevents the package
09:11 +807 ~2: /Users/karim/Project/pokemonProject/apps/avelune_studio/test/game_export/studio_game_export_service_test.dart: a rejected owner save keeps the interaction draft and blocks export
09:11 +808 ~2: /Users/karim/Project/pokemonProject/apps/avelune_studio/test/game_export/studio_game_export_service_test.dart: a rejected owner save keeps the interaction draft and blocks export
09:12 +809 ~2: /Users/karim/Project/pokemonProject/apps/avelune_studio/test/game_export/studio_game_export_service_test.dart: a rejected owner save keeps the interaction draft and blocks export
09:12 +810 ~2: /Users/karim/Project/pokemonProject/apps/avelune_studio/test/game_export/studio_game_export_service_test.dart: a rejected owner save keeps the interaction draft and blocks export
09:13 +811 ~2: /Users/karim/Project/pokemonProject/apps/avelune_studio/test/game_export/studio_game_export_service_test.dart: a rejected owner save keeps the interaction draft and blocks export
09:13 +812 ~2: /Users/karim/Project/pokemonProject/apps/avelune_studio/test/game_export/studio_game_export_service_test.dart: a rejected owner save keeps the interaction draft and blocks export
09:13 +813 ~2: /Users/karim/Project/pokemonProject/apps/avelune_studio/test/game_export/studio_game_export_control_test.dart: canonical writer does not fall back over an existing file
09:13 +814 ~2: /Users/karim/Project/pokemonProject/apps/avelune_studio/test/game_export/studio_game_export_service_test.dart: declining replacement preserves an existing package
09:15 +815 ~2: /Users/karim/Project/pokemonProject/apps/avelune_studio/test/game_export/studio_game_export_close_test.dart: unreadable profile permits workspace and window exit without a draft
09:17 +816 ~2: /Users/karim/Project/pokemonProject/apps/avelune_studio/test/game_export/studio_game_export_service_test.dart: Studio exports the saved two-map story through its own page
09:18 +817 ~2: /Users/karim/Project/pokemonProject/apps/avelune_studio/test/game_export/studio_game_export_service_test.dart: Studio exports the saved two-map story through its own page
09:20 +818 ~2: /Users/karim/Project/pokemonProject/apps/avelune_studio/test/game_export/studio_game_export_close_test.dart: cancelled export keeps every exit guard until cleanup finishes
09:20 +819 ~2: /Users/karim/Project/pokemonProject/apps/avelune_studio/test/game_export/studio_game_export_close_test.dart: cancelled export keeps every exit guard until cleanup finishes
09:23 +820 ~2: /Users/karim/Project/pokemonProject/apps/avelune_studio/test/game_export/studio_game_export_project_switch_test.dart: home opens the export page on its mounted project and exports a package
09:28 +821 ~2: /Users/karim/Project/pokemonProject/apps/avelune_studio/test/game_export/studio_game_export_project_switch_test.dart: home opens the export page on its mounted project and exports a package
09:29 +822 ~2: /Users/karim/Project/pokemonProject/apps/avelune_studio/test/ui12_world_global_close_test.dart: invalid input on a clean rule still requires an explicit choice
09:30 +823 ~2: /Users/karim/Project/pokemonProject/apps/avelune_studio/test/game_export/studio_game_export_project_switch_test.dart: home switches a real workspace despite its unreadable profile
09:31 +824 ~2: /Users/karim/Project/pokemonProject/apps/avelune_studio/test/ui12_world_global_close_test.dart: a failed rule keeps close blocked after its new state is saved
09:32 +825 ~2: /Users/karim/Project/pokemonProject/apps/avelune_studio/test/ui12_world_global_close_test.dart: a failed rule keeps close blocked after its new state is saved
09:32 +826 ~2: /Users/karim/Project/pokemonProject/apps/avelune_studio/test/ui12_world_global_close_test.dart: a failed rule keeps close blocked after its new state is saved
09:33 +827 ~2: /Users/karim/Project/pokemonProject/apps/avelune_studio/test/ui12_world_global_close_test.dart: a failed rule keeps close blocked after its new state is saved
09:33 +828 ~2: /Users/karim/Project/pokemonProject/apps/avelune_studio/test/ui12_world_global_close_test.dart: a failed rule keeps close blocked after its new state is saved
09:34 +829 ~2: /Users/karim/Project/pokemonProject/apps/avelune_studio/test/map_workspace/zone_visual_test.dart: the encounter zone inspector holds the charter
09:35 +830 ~2: /Users/karim/Project/pokemonProject/apps/avelune_studio/test/map_workspace/context_keyboard_test.dart: the menu takes the focus and gives it back on Escape
09:35 +831 ~2: /Users/karim/Project/pokemonProject/apps/avelune_studio/test/map_workspace/context_keyboard_test.dart: the menu takes the focus and gives it back on Escape
09:35 +832 ~2: /Users/karim/Project/pokemonProject/apps/avelune_studio/test/map_workspace/context_keyboard_test.dart: an action is activated with the keyboard alone
09:35 +833 ~2: /Users/karim/Project/pokemonProject/apps/avelune_studio/test/map_workspace/context_keyboard_test.dart: a blocked action cannot be run from the keyboard
09:35 +834 ~2: /Users/karim/Project/pokemonProject/apps/avelune_studio/test/map_workspace/context_keyboard_test.dart: a right click elsewhere retargets instead of reusing the old
09:36 +835 ~2: /Users/karim/Project/pokemonProject/apps/avelune_studio/test/map_workspace/trigger_visual_test.dart: the story zone inspector holds the charter
09:36 +836 ~2: /Users/karim/Project/pokemonProject/apps/avelune_studio/test/map_workspace/keyboard_delete_host_test.dart: the Delete keys refuse a character an unsaved world rule targets
09:38 +837 ~2: /Users/karim/Project/pokemonProject/apps/avelune_studio/test/map_workspace/keyboard_delete_host_test.dart: the Delete keys refuse a character an unsaved world rule targets
09:38 +838 ~2: /Users/karim/Project/pokemonProject/apps/avelune_studio/test/map_workspace/keyboard_delete_host_test.dart: the Delete keys refuse a character an unsaved world rule targets
09:40 +839 ~2: /Users/karim/Project/pokemonProject/apps/avelune_studio/test/map_workspace/context_menu_parity_test.dart: menu and inspector delete the same way and refuse alike
09:40 +840 ~2: /Users/karim/Project/pokemonProject/apps/avelune_studio/test/map_workspace/keyboard_delete_host_test.dart: a configured event that is not saved yet protects its character
09:40 +841 ~2: /Users/karim/Project/pokemonProject/apps/avelune_studio/test/map_workspace/keyboard_delete_host_test.dart: a configured event that is not saved yet protects its character
09:40 +842 ~2: /Users/karim/Project/pokemonProject/apps/avelune_studio/test/map_workspace/keyboard_delete_host_test.dart: a configured event that is not saved yet protects its character
09:41 +842 ~2: /Users/karim/Project/pokemonProject/apps/avelune_studio/test/map_workspace/warp_disk_journey_test.dart: a warp saved on disk really carries the player to the other map
[runtime_loader] bundle load start projectFilePath=/private/var/folders/b5/7gsfwzyd449_54n8l40h40gc0000gn/T/avelune_asmap_8UUnwf/project.json mapId=jardin
[runtime_loader] project manifest lookup path=/private/var/folders/b5/7gsfwzyd449_54n8l40h40gc0000gn/T/avelune_asmap_8UUnwf/project.json
[runtime_loader] project manifest read ok bytes=8480
[runtime_loader] project manifest validated maps=2 tilesets=1 scenarios=0
[runtime_loader] bundle map resolved mapId=jardin relativePath=maps/jardin.json mapPath=/private/var/folders/b5/7gsfwzyd449_54n8l40h40gc0000gn/T/avelune_asmap_8UUnwf/maps/jardin.json
[runtime_loader] map file lookup path=/private/var/folders/b5/7gsfwzyd449_54n8l40h40gc0000gn/T/avelune_asmap_8UUnwf/maps/jardin.json
[runtime_loader] map file read ok bytes=17566
[runtime_loader] map validated id=jardin size=24x16 layers=3 entities=1 placedElements=3 warps=1 triggers=0
[runtime_loader] bundle tilesets collected ids=atelier
[runtime_loader] bundle tileset path id=atelier path=/private/var/folders/b5/7gsfwzyd449_54n8l40h40gc0000gn/T/avelune_asmap_8UUnwf/assets/atelier.png
[runtime_loader] bundle load ok mapId=jardin projectRoot=/private/var/folders/b5/7gsfwzyd449_54n8l40h40gc0000gn/T/avelune_asmap_8UUnwf tilesets=1
[runtime_loader] bundle load start projectFilePath=/private/var/folders/b5/7gsfwzyd449_54n8l40h40gc0000gn/T/avelune_asmap_8UUnwf/project.json mapId=clairiere
[runtime_loader] bundle map resolved mapId=clairiere relativePath=maps/clairiere.json mapPath=/private/var/folders/b5/7gsfwzyd449_54n8l40h40gc0000gn/T/avelune_asmap_8UUnwf/maps/clairiere.json
[runtime_loader] map file lookup path=/private/var/folders/b5/7gsfwzyd449_54n8l40h40gc0000gn/T/avelune_asmap_8UUnwf/maps/clairiere.json
[runtime_loader] map file read ok bytes=17187
[runtime_loader] map validated id=clairiere size=24x16 layers=3 entities=1 placedElements=3 warps=0 triggers=0
[runtime_loader] bundle tilesets collected ids=atelier
[runtime_loader] bundle tileset path id=atelier path=/private/var/folders/b5/7gsfwzyd449_54n8l40h40gc0000gn/T/avelune_asmap_8UUnwf/assets/atelier.png
[runtime_loader] bundle load ok mapId=clairiere projectRoot=/private/var/folders/b5/7gsfwzyd449_54n8l40h40gc0000gn/T/avelune_asmap_8UUnwf tilesets=1
09:41 +843 ~2: /Users/karim/Project/pokemonProject/apps/avelune_studio/test/map_workspace/keyboard_delete_host_test.dart: a configured event that is not saved yet protects its character
09:41 +843 ~2: /Users/karim/Project/pokemonProject/apps/avelune_studio/test/map_workspace/warp_disk_journey_test.dart: a warp saved as bump does not fire on a plain step
[runtime_loader] bundle load start projectFilePath=/private/var/folders/b5/7gsfwzyd449_54n8l40h40gc0000gn/T/avelune_asmap_NPwIQw/project.json mapId=jardin
[runtime_loader] project manifest lookup path=/private/var/folders/b5/7gsfwzyd449_54n8l40h40gc0000gn/T/avelune_asmap_NPwIQw/project.json
[runtime_loader] project manifest read ok bytes=8480
[runtime_loader] project manifest validated maps=2 tilesets=1 scenarios=0
[runtime_loader] bundle map resolved mapId=jardin relativePath=maps/jardin.json mapPath=/private/var/folders/b5/7gsfwzyd449_54n8l40h40gc0000gn/T/avelune_asmap_NPwIQw/maps/jardin.json
[runtime_loader] map file lookup path=/private/var/folders/b5/7gsfwzyd449_54n8l40h40gc0000gn/T/avelune_asmap_NPwIQw/maps/jardin.json
[runtime_loader] map file read ok bytes=17565
[runtime_loader] map validated id=jardin size=24x16 layers=3 entities=1 placedElements=3 warps=1 triggers=0
[runtime_loader] bundle tilesets collected ids=atelier
[runtime_loader] bundle tileset path id=atelier path=/private/var/folders/b5/7gsfwzyd449_54n8l40h40gc0000gn/T/avelune_asmap_NPwIQw/assets/atelier.png
[runtime_loader] bundle load ok mapId=jardin projectRoot=/private/var/folders/b5/7gsfwzyd449_54n8l40h40gc0000gn/T/avelune_asmap_NPwIQw tilesets=1
09:41 +844 ~2: /Users/karim/Project/pokemonProject/apps/avelune_studio/test/map_workspace/keyboard_delete_host_test.dart: a configured event that is not saved yet protects its character
09:42 +845 ~2: /Users/karim/Project/pokemonProject/apps/avelune_studio/test/map_workspace/context_menu_visual_test.dart: the context menu holds the charter on a crowded cell
09:43 +846 ~2: /Users/karim/Project/pokemonProject/apps/avelune_studio/test/map_workspace/keyboard_delete_host_test.dart: a rule on a twin id elsewhere blocks nothing, and the deletion undoes
09:43 +847 ~2: /Users/karim/Project/pokemonProject/apps/avelune_studio/test/map_workspace/keyboard_delete_host_test.dart: a rule on a twin id elsewhere blocks nothing, and the deletion undoes
09:44 +848 ~2: /Users/karim/Project/pokemonProject/apps/avelune_studio/test/map_workspace/keyboard_delete_host_test.dart: a rule on a twin id elsewhere blocks nothing, and the deletion undoes
09:44 +849 ~2: /Users/karim/Project/pokemonProject/apps/avelune_studio/test/map_workspace/keyboard_delete_host_test.dart: a rule on a twin id elsewhere blocks nothing, and the deletion undoes
09:44 +850 ~2: /Users/karim/Project/pokemonProject/apps/avelune_studio/test/map_workspace/keyboard_delete_host_test.dart: a rule on a twin id elsewhere blocks nothing, and the deletion undoes
09:44 +851 ~2: /Users/karim/Project/pokemonProject/apps/avelune_studio/test/map_workspace/keyboard_delete_host_test.dart: a rule on a twin id elsewhere blocks nothing, and the deletion undoes
09:44 +852 ~2: /Users/karim/Project/pokemonProject/apps/avelune_studio/test/map_workspace/keyboard_delete_host_test.dart: a rule on a twin id elsewhere blocks nothing, and the deletion undoes
09:44 +853 ~2: /Users/karim/Project/pokemonProject/apps/avelune_studio/test/map_workspace/keyboard_delete_host_test.dart: a rule on a twin id elsewhere blocks nothing, and the deletion undoes
09:44 +854 ~2: /Users/karim/Project/pokemonProject/apps/avelune_studio/test/map_workspace/keyboard_delete_host_test.dart: Delete never acts behind an open context menu
09:45 +855 ~2: /Users/karim/Project/pokemonProject/apps/avelune_studio/test/map_workspace/warp_visual_test.dart: the warp palette and inspector hold the charter at Size(1536.0, 1024.0)
09:46 +856 ~2: /Users/karim/Project/pokemonProject/apps/avelune_studio/test/map_workspace/keyboard_delete_host_test.dart: a story zone whose interaction is being written refuses both paths
09:46 +857 ~2: /Users/karim/Project/pokemonProject/apps/avelune_studio/test/map_workspace/keyboard_delete_host_test.dart: a story zone whose interaction is being written refuses both paths
09:48 +858 ~2: /Users/karim/Project/pokemonProject/apps/avelune_studio/test/map_workspace/context_menu_host_test.dart: the real screen opens the menu and deletes through it
09:48 +859 ~2: /Users/karim/Project/pokemonProject/apps/avelune_studio/test/map_workspace/keyboard_delete_host_test.dart: every family the menu deletes, the keyboard deletes and undoes
09:49 +860 ~2: /Users/karim/Project/pokemonProject/apps/avelune_studio/test/map_workspace/keyboard_delete_host_test.dart: every family the menu deletes, the keyboard deletes and undoes
09:50 +861 ~2: /Users/karim/Project/pokemonProject/apps/avelune_studio/test/map_workspace/keyboard_delete_host_test.dart: every family the menu deletes, the keyboard deletes and undoes
09:50 +862 ~2: /Users/karim/Project/pokemonProject/apps/avelune_studio/test/map_workspace/context_menu_host_test.dart: a story zone without interaction says so instead of opening
09:51 +863 ~2: /Users/karim/Project/pokemonProject/apps/avelune_studio/test/map_workspace/warp_runtime_destination_test.dart: a placed warp survives saving and reopening the map
09:51 +864 ~2: /Users/karim/Project/pokemonProject/apps/avelune_studio/test/map_workspace/warp_runtime_destination_test.dart: the game engine reads the destination the author chose
09:51 +865 ~2: /Users/karim/Project/pokemonProject/apps/avelune_studio/test/map_workspace/warp_runtime_destination_test.dart: a warp set to bump does not trigger on simple entry
09:51 +866 ~2: /Users/karim/Project/pokemonProject/apps/avelune_studio/test/map_workspace/warp_editing_test.dart: a placed warp keeps the destination that was chosen
09:51 +867 ~2: /Users/karim/Project/pokemonProject/apps/avelune_studio/test/map_workspace/warp_editing_test.dart: only the project maps are offered as destinations
09:51 +868 ~2: /Users/karim/Project/pokemonProject/apps/avelune_studio/test/map_workspace/warp_editing_test.dart: a destination removed from the project is named, not hidden
09:51 +869 ~2: /Users/karim/Project/pokemonProject/apps/avelune_studio/test/map_workspace/warp_editing_test.dart: moving a warp leaves the other families untouched
09:51 +870 ~2: /Users/karim/Project/pokemonProject/apps/avelune_studio/test/map_workspace/warp_editing_test.dart: retargeting goes through the shared validation
09:51 +871 ~2: /Users/karim/Project/pokemonProject/apps/avelune_studio/test/map_workspace/warp_editing_test.dart: placement, move and deletion are undoable step by step
09:52 +872 ~2: /Users/karim/Project/pokemonProject/apps/avelune_studio/test/map_workspace/inspector_fields_undo_test.dart: an undone sign title is not re-applied when leaving the field
09:52 +873 ~2: /Users/karim/Project/pokemonProject/apps/avelune_studio/test/map_workspace/inspector_fields_undo_test.dart: an undone sign title is not re-applied when leaving the field
09:52 +874 ~2: /Users/karim/Project/pokemonProject/apps/avelune_studio/test/map_workspace/inspector_fields_undo_test.dart: an undone sign title is not re-applied when leaving the field
09:52 +875 ~2: /Users/karim/Project/pokemonProject/apps/avelune_studio/test/map_workspace/inspector_fields_undo_test.dart: an undone sign title is not re-applied when leaving the field
09:52 +876 ~2: /Users/karim/Project/pokemonProject/apps/avelune_studio/test/map_workspace/inspector_fields_undo_test.dart: an undone sign title is not re-applied when leaving the field
09:52 +877 ~2: /Users/karim/Project/pokemonProject/apps/avelune_studio/test/map_workspace/inspector_fields_undo_test.dart: an undone sign title is not re-applied when leaving the field
09:52 +878 ~2: /Users/karim/Project/pokemonProject/apps/avelune_studio/test/map_workspace/inspector_fields_undo_test.dart: an undone sign title is not re-applied when leaving the field
09:53 +879 ~2: /Users/karim/Project/pokemonProject/apps/avelune_studio/test/map_workspace/inspector_fields_undo_test.dart: an undone sign title is not re-applied when leaving the field
09:53 +880 ~2: /Users/karim/Project/pokemonProject/apps/avelune_studio/test/map_workspace/inspector_fields_undo_test.dart: an undone sign title is not re-applied when leaving the field
09:53 +881 ~2: /Users/karim/Project/pokemonProject/apps/avelune_studio/test/map_workspace/inspector_fields_undo_test.dart: an undone zone name is not re-applied when leaving the field
09:53 +882 ~2: /Users/karim/Project/pokemonProject/apps/avelune_studio/test/map_workspace/inspector_fields_undo_test.dart: redo brings the field back to the redone value
09:53 +883 ~2: /Users/karim/Project/pokemonProject/apps/avelune_studio/test/map_workspace/inspector_fields_undo_test.dart: an entry aimed at one sign never lands on another
09:53 +884 ~2: /Users/karim/Project/pokemonProject/apps/avelune_studio/test/map_workspace/inspector_fields_undo_test.dart: an invalid arrival cell is refused and the field restored
09:53 +885 ~2: /Users/karim/Project/pokemonProject/apps/avelune_studio/test/map_workspace/inspector_fields_undo_test.dart: saving while a field still has focus keeps the entry
09:54 +886 ~2: /Users/karim/Project/pokemonProject/apps/avelune_studio/test/map_workspace/entity_editing_test.dart: a map without a player start cannot be played at all
09:54 +887 ~2: /Users/karim/Project/pokemonProject/apps/avelune_studio/test/map_workspace/entity_editing_test.dart: the player start follows the author when it is moved
09:54 +888 ~2: /Users/karim/Project/pokemonProject/apps/avelune_studio/test/map_workspace/entity_editing_test.dart: a spawn placed for something else is not a player start
09:54 +889 ~2: /Users/karim/Project/pokemonProject/apps/avelune_studio/test/map_workspace/entity_editing_test.dart: a sign carries its own text and blocks the way
09:54 +890 ~2: /Users/karim/Project/pokemonProject/apps/avelune_studio/test/map_workspace/entity_editing_test.dart: these families never answer for a character
09:54 +891 ~2: /Users/karim/Project/pokemonProject/apps/avelune_studio/test/map_workspace/entity_editing_test.dart: placing, editing and deleting are undoable step by step
09:54 +892 ~2: /Users/karim/Project/pokemonProject/apps/avelune_studio/test/map_workspace/context_move_test.dart: a gameplay zone is really moved by the menu action
09:55 +893 ~2: /Users/karim/Project/pokemonProject/apps/avelune_studio/test/map_workspace/context_move_test.dart: a gameplay zone is really moved by the menu action
09:55 +894 ~2: /Users/karim/Project/pokemonProject/apps/avelune_studio/test/map_workspace/context_move_test.dart: a gameplay zone is really moved by the menu action
09:55 +895 ~2: /Users/karim/Project/pokemonProject/apps/avelune_studio/test/map_workspace/context_move_test.dart: a gameplay zone is really moved by the menu action
09:55 +896 ~2: /Users/karim/Project/pokemonProject/apps/avelune_studio/test/map_workspace/context_move_test.dart: a gameplay zone is really moved by the menu action
09:55 +897 ~2: /Users/karim/Project/pokemonProject/apps/avelune_studio/test/map_workspace/context_move_test.dart: a gameplay zone is really moved by the menu action
09:55 +898 ~2: /Users/karim/Project/pokemonProject/apps/avelune_studio/test/map_workspace/context_move_test.dart: a story zone moves the same way
09:55 +899 ~2: /Users/karim/Project/pokemonProject/apps/avelune_studio/test/map_workspace/context_move_test.dart: a character under the zone does not move instead of it
09:56 +900 ~2: /Users/karim/Project/pokemonProject/apps/avelune_studio/test/map_workspace/story_zone_reopen_host_test.dart: an interaction never saved reopens from the map with its own draft
09:59 +901 ~2: /Users/karim/Project/pokemonProject/apps/avelune_studio/test/map_workspace/story_zone_reopen_host_test.dart: an interaction never saved reopens from the map with its own draft
10:01 +902 ~2: /Users/karim/Project/pokemonProject/apps/avelune_studio/test/map_workspace/decor_move_host_test.dart: a move made through the menu is saved and read back independently
10:02 +903 ~2: /Users/karim/Project/pokemonProject/apps/avelune_studio/test/map_workspace/story_zone_reopen_host_test.dart: a saved interaction edited again reopens its current simplified draft
10:03 +904 ~2: /Users/karim/Project/pokemonProject/apps/avelune_studio/test/map_workspace/story_zone_reopen_host_test.dart: a saved interaction edited again reopens its current simplified draft
10:04 +905 ~2: /Users/karim/Project/pokemonProject/apps/avelune_studio/test/map_workspace/decor_move_host_test.dart: the move still lands on the right cell after a zoom
10:04 +906 ~2: /Users/karim/Project/pokemonProject/apps/avelune_studio/test/map_workspace/story_zone_reopen_host_test.dart: a saved zone interaction opens in its events owner
10:05 +907 ~2: /Users/karim/Project/pokemonProject/apps/avelune_studio/test/map_workspace/story_zone_reopen_host_test.dart: a saved zone interaction opens in its events owner
10:05 +908 ~2: /Users/karim/Project/pokemonProject/apps/avelune_studio/test/map_workspace/decor_move_host_test.dart: Escape during an armed story zone preview leaves the zone in place
10:06 +909 ~2: /Users/karim/Project/pokemonProject/apps/avelune_studio/test/map_workspace/story_zone_reopen_host_test.dart: a late read never reopens the zone once the author went elsewhere
10:07 +910 ~2: /Users/karim/Project/pokemonProject/apps/avelune_studio/test/map_workspace/decor_move_host_test.dart: choosing another tool releases the armed move and its instruction
10:08 +911 ~2: /Users/karim/Project/pokemonProject/apps/avelune_studio/test/map_workspace/story_zone_reopen_host_test.dart: several interactions on one zone offer only those, then open the one
10:09 +912 ~2: /Users/karim/Project/pokemonProject/apps/avelune_studio/test/map_workspace/decor_move_host_test.dart: an armed move never comes back after a round trip to another map
10:10 +913 ~2: /Users/karim/Project/pokemonProject/apps/avelune_studio/test/map_workspace/warp_player_journey_test.dart: a warp authored in Studio moves the player to the other map
[runtime_loader] bundle load start projectFilePath=/private/var/folders/b5/7gsfwzyd449_54n8l40h40gc0000gn/T/avelune_player_fqZahL/project.json mapId=jardin
[runtime_loader] project manifest lookup path=/private/var/folders/b5/7gsfwzyd449_54n8l40h40gc0000gn/T/avelune_player_fqZahL/project.json
[runtime_loader] project manifest read ok bytes=8480
[runtime_loader] project manifest validated maps=2 tilesets=1 scenarios=0
[runtime_loader] bundle map resolved mapId=jardin relativePath=maps/jardin.json mapPath=/private/var/folders/b5/7gsfwzyd449_54n8l40h40gc0000gn/T/avelune_player_fqZahL/maps/jardin.json
[runtime_loader] map file lookup path=/private/var/folders/b5/7gsfwzyd449_54n8l40h40gc0000gn/T/avelune_player_fqZahL/maps/jardin.json
[runtime_loader] map file read ok bytes=17566
[runtime_loader] map validated id=jardin size=24x16 layers=3 entities=1 placedElements=3 warps=1 triggers=0
[runtime_loader] bundle tilesets collected ids=atelier
[runtime_loader] bundle tileset path id=atelier path=/private/var/folders/b5/7gsfwzyd449_54n8l40h40gc0000gn/T/avelune_player_fqZahL/assets/atelier.png
[runtime_loader] bundle load ok mapId=jardin projectRoot=/private/var/folders/b5/7gsfwzyd449_54n8l40h40gc0000gn/T/avelune_player_fqZahL tilesets=1
[runtime_game] tileset image load start map=jardin
[runtime_game] tileset cache resolve requested=1
[runtime_game] tileset cache resolve ok result=1
[runtime_game] onLoad start map=jardin projectFilePath=/private/var/folders/b5/7gsfwzyd449_54n8l40h40gc0000gn/T/avelune_player_fqZahL/project.json tilesets=1
[runtime_game] world build start map=jardin
[runtime] Map loaded: jardin, spawn at (4, 4)
[runtime_game] tileset image load ok count=1 map=jardin
[runtime_game] mount root map start map=jardin
[runtime_game] mount root map ok map=jardin
[runtime_loader] bundle load start projectFilePath=/private/var/folders/b5/7gsfwzyd449_54n8l40h40gc0000gn/T/avelune_player_fqZahL/project.json mapId=clairiere
[runtime_loader] project manifest lookup path=/private/var/folders/b5/7gsfwzyd449_54n8l40h40gc0000gn/T/avelune_player_fqZahL/project.json
[runtime_game] onLoad completed activeMapId=jardin
[event_v2] mapEnter activation=mapact_1790350139821072_1 map=jardin reason=initialBoot result=MapEnterProductionDispatchLegacyFallback
[runtime_loader] project manifest read ok bytes=8480
[warp] Triggered warp warp-1790350139669281-0 mode=onEnter -> map=clairiere pos=(7, 3)
[runtime_loader] project manifest validated maps=2 tilesets=1 scenarios=0
[runtime_loader] bundle map resolved mapId=clairiere relativePath=maps/clairiere.json mapPath=/private/var/folders/b5/7gsfwzyd449_54n8l40h40gc0000gn/T/avelune_player_fqZahL/maps/clairiere.json
[runtime_loader] map file lookup path=/private/var/folders/b5/7gsfwzyd449_54n8l40h40gc0000gn/T/avelune_player_fqZahL/maps/clairiere.json
[runtime_loader] map file read ok bytes=17187
[warp] start transition warp=warp-1790350139669281-0 map=jardin -> clairiere target=(7, 3)
[runtime_loader] map validated id=clairiere size=24x16 layers=3 entities=1 placedElements=3 warps=0 triggers=0
[runtime_loader] bundle tilesets collected ids=atelier
[runtime_loader] bundle tileset path id=atelier path=/private/var/folders/b5/7gsfwzyd449_54n8l40h40gc0000gn/T/avelune_player_fqZahL/assets/atelier.png
[runtime_loader] bundle load ok mapId=clairiere projectRoot=/private/var/folders/b5/7gsfwzyd449_54n8l40h40gc0000gn/T/avelune_player_fqZahL tilesets=1
[runtime_game] tileset cache resolve requested=1
[perf][warp] loadBundle=1ms
[warp] target map loaded id=clairiere
[warp] fade out durationMs=170
[runtime_game] tileset cache resolve ok result=1
[perf][warp] worldInitial=0ms
[warp] loading target map visuals id=clairiere
[runtime_game] tileset cache resolve requested=1
[runtime_game] tileset cache resolve ok result=1
[perf][warp] loadTilesets=0ms
[perf][warp] loadBorderAssets=0ms
[perf][warp] revalidateBorderBeforeSwap=0ms
[perf][warp] mountMap=0ms
[warp] player placed at map=clairiere pos=(7, 3)
[perf][warp] configureCamera=0ms
[perf][warp] preloadConnectionsKickoff=0ms
[perf][warp] prewarmWarpsKickoff=0ms
[perf][warp] prewarmBattleKickoff=0ms
[perf][warp] pruneLoadedMaps=0ms
[perf][warp] refreshWorldNpcPresence=0ms
[warp] fade in durationMs=170
[perf][warp] total=11ms
[warp] transition completed
[warp] gameplay unlocked map=clairiere pos=(7, 3)
[event_v2] mapEnter activation=mapact_1790350139917655_2 map=clairiere reason=warp result=MapEnterProductionDispatchLegacyFallback
10:10 +914 ~2: /Users/karim/Project/pokemonProject/apps/avelune_studio/test/map_workspace/warp_player_journey_test.dart: a warp saved as bump keeps the player on the departure map
[runtime_loader] bundle load start projectFilePath=/private/var/folders/b5/7gsfwzyd449_54n8l40h40gc0000gn/T/avelune_player_ZGOfd8/project.json mapId=jardin
[runtime_loader] project manifest lookup path=/private/var/folders/b5/7gsfwzyd449_54n8l40h40gc0000gn/T/avelune_player_ZGOfd8/project.json
[runtime_loader] project manifest read ok bytes=8480
[runtime_loader] project manifest validated maps=2 tilesets=1 scenarios=0
[runtime_loader] bundle map resolved mapId=jardin relativePath=maps/jardin.json mapPath=/private/var/folders/b5/7gsfwzyd449_54n8l40h40gc0000gn/T/avelune_player_ZGOfd8/maps/jardin.json
[runtime_loader] map file lookup path=/private/var/folders/b5/7gsfwzyd449_54n8l40h40gc0000gn/T/avelune_player_ZGOfd8/maps/jardin.json
[runtime_loader] map file read ok bytes=17565
[runtime_loader] map validated id=jardin size=24x16 layers=3 entities=1 placedElements=3 warps=1 triggers=0
[runtime_loader] bundle tilesets collected ids=atelier
[runtime_loader] bundle tileset path id=atelier path=/private/var/folders/b5/7gsfwzyd449_54n8l40h40gc0000gn/T/avelune_player_ZGOfd8/assets/atelier.png
[runtime_loader] bundle load ok mapId=jardin projectRoot=/private/var/folders/b5/7gsfwzyd449_54n8l40h40gc0000gn/T/avelune_player_ZGOfd8 tilesets=1
[runtime_game] tileset image load start map=jardin
[runtime_game] tileset cache resolve requested=1
[runtime_game] tileset cache resolve ok result=1
[runtime_game] onLoad start map=jardin projectFilePath=/private/var/folders/b5/7gsfwzyd449_54n8l40h40gc0000gn/T/avelune_player_ZGOfd8/project.json tilesets=1
[runtime_game] world build start map=jardin
[runtime] Map loaded: jardin, spawn at (4, 4)
[runtime_game] tileset image load ok count=1 map=jardin
[runtime_game] mount root map start map=jardin
[runtime_game] mount root map ok map=jardin
[runtime_loader] bundle load start projectFilePath=/private/var/folders/b5/7gsfwzyd449_54n8l40h40gc0000gn/T/avelune_player_ZGOfd8/project.json mapId=clairiere
[runtime_loader] project manifest lookup path=/private/var/folders/b5/7gsfwzyd449_54n8l40h40gc0000gn/T/avelune_player_ZGOfd8/project.json
[runtime_game] onLoad completed activeMapId=jardin
[event_v2] mapEnter activation=mapact_1790350139975652_1 map=jardin reason=initialBoot result=MapEnterProductionDispatchLegacyFallback
[runtime_loader] project manifest read ok bytes=8480
[runtime_loader] project manifest validated maps=2 tilesets=1 scenarios=0
[runtime_loader] bundle map resolved mapId=clairiere relativePath=maps/clairiere.json mapPath=/private/var/folders/b5/7gsfwzyd449_54n8l40h40gc0000gn/T/avelune_player_ZGOfd8/maps/clairiere.json
[runtime_loader] map file lookup path=/private/var/folders/b5/7gsfwzyd449_54n8l40h40gc0000gn/T/avelune_player_ZGOfd8/maps/clairiere.json
[runtime_loader] map file read ok bytes=17187
[runtime_loader] map validated id=clairiere size=24x16 layers=3 entities=1 placedElements=3 warps=0 triggers=0
[runtime_loader] bundle tilesets collected ids=atelier
[runtime_loader] bundle tileset path id=atelier path=/private/var/folders/b5/7gsfwzyd449_54n8l40h40gc0000gn/T/avelune_player_ZGOfd8/assets/atelier.png
[runtime_loader] bundle load ok mapId=clairiere projectRoot=/private/var/folders/b5/7gsfwzyd449_54n8l40h40gc0000gn/T/avelune_player_ZGOfd8 tilesets=1
[runtime_game] tileset cache resolve requested=1
[runtime_game] tileset cache resolve ok result=1
10:10 +915 ~2: /Users/karim/Project/pokemonProject/apps/avelune_studio/test/map_workspace/context_identity_host_test.dart: twin ids in two families stay distinct rows of the real menu
10:12 +916 ~2: /Users/karim/Project/pokemonProject/apps/avelune_studio/test/map_workspace/context_identity_host_test.dart: twin ids in two families stay distinct rows of the real menu
10:12 +917 ~2: /Users/karim/Project/pokemonProject/apps/avelune_studio/test/map_workspace/context_identity_host_test.dart: twin ids in two families stay distinct rows of the real menu
10:12 +918 ~2: /Users/karim/Project/pokemonProject/apps/avelune_studio/test/map_workspace/context_identity_host_test.dart: twin ids in two families stay distinct rows of the real menu
10:12 +919 ~2: /Users/karim/Project/pokemonProject/apps/avelune_studio/test/map_workspace/context_identity_host_test.dart: twin ids in two families stay distinct rows of the real menu
10:13 +920 ~2: /Users/karim/Project/pokemonProject/apps/avelune_studio/test/map_workspace/context_identity_host_test.dart: twin ids in two families stay distinct rows of the real menu
10:13 +921 ~2: /Users/karim/Project/pokemonProject/apps/avelune_studio/test/map_workspace/context_identity_host_test.dart: twin ids in two families stay distinct rows of the real menu
10:13 +922 ~2: /Users/karim/Project/pokemonProject/apps/avelune_studio/test/map_workspace/context_identity_host_test.dart: twin ids in two families stay distinct rows of the real menu
10:13 +923 ~2: /Users/karim/Project/pokemonProject/apps/avelune_studio/test/map_workspace/context_identity_host_test.dart: twin ids in two families stay distinct rows of the real menu
10:13 +924 ~2: /Users/karim/Project/pokemonProject/apps/avelune_studio/test/map_workspace/context_identity_host_test.dart: twin ids in two families stay distinct rows of the real menu
10:13 +925 ~2: /Users/karim/Project/pokemonProject/apps/avelune_studio/test/map_workspace/context_identity_host_test.dart: twin ids in two families stay distinct rows of the real menu
10:13 +926 ~2: /Users/karim/Project/pokemonProject/apps/avelune_studio/test/map_workspace/context_identity_host_test.dart: Shift+F10 reopens the menu on the target chosen in the stack
10:14 +927 ~2: /Users/karim/Project/pokemonProject/apps/avelune_studio/test/map_workspace/context_identity_host_test.dart: Shift+F10 reopens the menu on the target chosen in the stack
10:15 +928 ~2: /Users/karim/Project/pokemonProject/apps/avelune_studio/test/map_workspace/context_identity_host_test.dart: Shift+F10 reopens the menu on the target chosen in the stack
10:15 +929 ~2: /Users/karim/Project/pokemonProject/apps/avelune_studio/test/map_workspace/context_identity_host_test.dart: Shift+F10 reopens the menu on the target chosen in the stack
10:15 +930 ~2: /Users/karim/Project/pokemonProject/apps/avelune_studio/test/map_workspace/context_identity_host_test.dart: Shift+F10 reopens the menu on the target chosen in the stack
10:15 +931 ~2: /Users/karim/Project/pokemonProject/apps/avelune_studio/test/map_workspace/context_identity_host_test.dart: Shift+F10 reopens the menu on the target chosen in the stack
10:15 +932 ~2: /Users/karim/Project/pokemonProject/apps/avelune_studio/test/map_workspace/context_identity_host_test.dart: Shift+F10 reopens the menu on the target chosen in the stack
10:15 +933 ~2: /Users/karim/Project/pokemonProject/apps/avelune_studio/test/map_workspace/context_identity_host_test.dart: Shift+F10 reopens the menu on the target chosen in the stack
10:15 +934 ~2: /Users/karim/Project/pokemonProject/apps/avelune_studio/test/map_workspace/context_identity_host_test.dart: Shift+F10 reopens the menu on the target chosen in the stack
10:15 +935 ~2: /Users/karim/Project/pokemonProject/apps/avelune_studio/test/map_workspace/context_identity_host_test.dart: a deleted target is never replaced by its homonym on Shift+F10
10:16 +936 ~2: /Users/karim/Project/pokemonProject/apps/avelune_studio/test/map_workspace/warp_canvas_test.dart: choosing a destination then clicking places the warp
10:16 +937 ~2: /Users/karim/Project/pokemonProject/apps/avelune_studio/test/map_workspace/context_identity_host_test.dart: a map change really closes the menu, it does not only hide it
10:16 +938 ~2: /Users/karim/Project/pokemonProject/apps/avelune_studio/test/map_workspace/context_identity_host_test.dart: a map change really closes the menu, it does not only hide it
10:16 +939 ~2: /Users/karim/Project/pokemonProject/apps/avelune_studio/test/map_workspace/context_identity_host_test.dart: a map change really closes the menu, it does not only hide it
10:17 +940 ~2: /Users/karim/Project/pokemonProject/apps/avelune_studio/test/map_workspace/context_identity_host_test.dart: a map change really closes the menu, it does not only hide it
10:18 +941 ~2: /Users/karim/Project/pokemonProject/apps/avelune_studio/test/map_workspace/save_while_typing_test.dart: the Save button applies the entry still being written
10:19 +942 ~2: /Users/karim/Project/pokemonProject/apps/avelune_studio/test/map_workspace/save_while_typing_test.dart: the Save button applies the entry still being written
10:19 +943 ~2: /Users/karim/Project/pokemonProject/apps/avelune_studio/test/map_workspace/save_while_typing_test.dart: the Save button applies the entry still being written
10:19 +944 ~2: /Users/karim/Project/pokemonProject/apps/avelune_studio/test/map_workspace/save_while_typing_test.dart: the Save button applies the entry still being written
10:20 +945 ~2: /Users/karim/Project/pokemonProject/apps/avelune_studio/test/map_workspace/save_while_typing_test.dart: the Save button applies the entry still being written
10:20 +946 ~2: /Users/karim/Project/pokemonProject/apps/avelune_studio/test/map_workspace/save_while_typing_test.dart: the Save button applies the entry still being written
10:20 +947 ~2: /Users/karim/Project/pokemonProject/apps/avelune_studio/test/map_workspace/save_while_typing_test.dart: the Save button applies the entry still being written
10:20 +948 ~2: /Users/karim/Project/pokemonProject/apps/avelune_studio/test/map_workspace/save_while_typing_test.dart: the Save button applies the entry still being written
10:20 +949 ~2: /Users/karim/Project/pokemonProject/apps/avelune_studio/test/map_workspace/save_while_typing_test.dart: the Save button applies the entry still being written
10:20 +950 ~2: /Users/karim/Project/pokemonProject/apps/avelune_studio/test/map_workspace/save_while_typing_test.dart: the Save button applies the entry still being written
10:21 +951 ~2: /Users/karim/Project/pokemonProject/apps/avelune_studio/test/map_workspace/save_while_typing_test.dart: the Save button applies the entry still being written
10:21 +952 ~2: /Users/karim/Project/pokemonProject/apps/avelune_studio/test/map_workspace/save_while_typing_test.dart: the Save button applies the entry still being written
10:21 +953 ~2: /Users/karim/Project/pokemonProject/apps/avelune_studio/test/map_workspace/save_while_typing_test.dart: the Save button applies the entry still being written
10:21 +954 ~2: /Users/karim/Project/pokemonProject/apps/avelune_studio/test/map_workspace/save_while_typing_test.dart: the Save button applies the entry still being written
10:21 +955 ~2: /Users/karim/Project/pokemonProject/apps/avelune_studio/test/map_workspace/save_while_typing_test.dart: the save shortcut works from inside a field
10:21 +956 ~2: /Users/karim/Project/pokemonProject/apps/avelune_studio/test/map_workspace/save_while_typing_test.dart: the save shortcut works from inside a field
10:21 +957 ~2: /Users/karim/Project/pokemonProject/apps/avelune_studio/test/map_workspace/save_while_typing_test.dart: the save shortcut works from inside a field
10:21 +958 ~2: /Users/karim/Project/pokemonProject/apps/avelune_studio/test/map_workspace/save_while_typing_test.dart: the save shortcut works from inside a field
10:22 +959 ~2: /Users/karim/Project/pokemonProject/apps/avelune_studio/test/map_workspace/save_while_typing_test.dart: the save shortcut works from inside a field
10:22 +960 ~2: /Users/karim/Project/pokemonProject/apps/avelune_studio/test/map_workspace/save_while_typing_test.dart: the save shortcut works from inside a field
10:22 +961 ~2: /Users/karim/Project/pokemonProject/apps/avelune_studio/test/map_workspace/save_while_typing_test.dart: the save shortcut works from inside a field
10:22 +962 ~2: /Users/karim/Project/pokemonProject/apps/avelune_studio/test/map_workspace/save_while_typing_test.dart: the save shortcut works from inside a field
10:22 +963 ~2: /Users/karim/Project/pokemonProject/apps/avelune_studio/test/map_workspace/save_while_typing_test.dart: the save shortcut works from inside a field
10:22 +964 ~2: /Users/karim/Project/pokemonProject/apps/avelune_studio/test/map_workspace/save_while_typing_test.dart: the save shortcut works from inside a field
10:23 +965 ~2: /Users/karim/Project/pokemonProject/apps/avelune_studio/test/map_workspace/save_while_typing_test.dart: the save shortcut works from inside a field
10:23 +966 ~2: /Users/karim/Project/pokemonProject/apps/avelune_studio/test/map_workspace/save_while_typing_test.dart: the save shortcut works from inside a field
10:24 +967 ~2: /Users/karim/Project/pokemonProject/apps/avelune_studio/test/map_workspace/save_while_typing_test.dart: deleting is still refused while the author types
10:24 +968 ~2: All tests passed!
