00:00 +0: loading /private/tmp/menu11-preview-head-87226620c/packages/map_editor/test/personalization/personalization_player_surface_adapter_test.dart
00:00 +0: opens supported pause actions and keeps quests unavailable
══╡ EXCEPTION CAUGHT BY RENDERING LIBRARY ╞═════════════════════════════════════════════════════════
The following assertion was thrown during performLayout():
RenderFlex children have non-zero flex but incoming height constraints are unbounded.
When a column is in a parent that does not provide a finite height constraint, for example if it is
in a vertical scrollable, it will try to shrink-wrap its children along the vertical axis. Setting a
flex on a child (e.g. using Expanded) indicates that the child is to expand to fill the remaining
space in the vertical direction.
These two directives are mutually exclusive. If a parent is to shrink-wrap its child, the child
cannot simultaneously expand to fit its parent.
Consider setting mainAxisSize to MainAxisSize.min and using FlexFit.loose fits for the flexible
children (using Flexible rather than Expanded). This will allow the flexible children to size
themselves to less than the infinite remaining space they would otherwise be forced to take, and
then will cause the RenderFlex to shrink-wrap the children rather than expanding to fit the maximum
constraints provided by the parent.
If this message did not help you determine the problem, consider using debugDumpRenderTree():
  https://flutter.dev/to/debug-render-layer
  https://api.flutter.dev/flutter/rendering/debugDumpRenderTree.html
The affected RenderFlex is:
  RenderFlex#dbdef relayoutBoundary=up4 NEEDS-PAINT NEEDS-COMPOSITING-BITS-UPDATE(creator: Column-[<'runtime-player-detail-bag'>] ← LayoutBuilder ← RuntimePlayerBag ← PlayerMenuThemeScope ← RuntimePlayerDetailRouter ← Column ← _PlayerPausePreviewDetail-[<'player-pause-preview-detail-bag'>] ← Column ← _SingleChildViewport ← IgnorePointer-[GlobalKey#476ca] ← Semantics ← Listener ← ⋯, parentData: offset=Offset(0.0, 0.0) (can use size), constraints: BoxConstraints(w=358.0, 0.0<=h<=Infinity), size: MISSING, direction: vertical, mainAxisAlignment: start, mainAxisSize: max, crossAxisAlignment: center, verticalDirection: down, spacing: 0.0)
The creator information is set to:
  Column-[<'runtime-player-detail-bag'>] ← LayoutBuilder ← RuntimePlayerBag ← PlayerMenuThemeScope ←
  RuntimePlayerDetailRouter ← Column ←
  _PlayerPausePreviewDetail-[<'player-pause-preview-detail-bag'>] ← Column ← _SingleChildViewport ←
  IgnorePointer-[GlobalKey#476ca] ← Semantics ← Listener ← ⋯
The nearest ancestor providing an unbounded width constraint is: _RenderSingleChildViewport#c13a2 NEEDS-LAYOUT NEEDS-PAINT NEEDS-COMPOSITING-BITS-UPDATE:
  needs compositing
  creator: _SingleChildViewport ← IgnorePointer-[GlobalKey#476ca] ← Semantics ← Listener ←
    _GestureSemantics ← RawGestureDetector-[LabeledGlobalKey<RawGestureDetectorState>#bd1eb] ←
    Listener ← _ScrollableScope ← _ScrollSemantics-[GlobalKey#a5fe5] ←
    NotificationListener<ScrollMetricsNotification> ← Transform ← StretchEffect ← ⋯
  parentData: <none> (can use size)
  constraints: BoxConstraints(w=358.0, h=548.0)
  size: MISSING
  offset: Offset(0.0, -0.0)
See also: https://flutter.dev/unbounded-constraints
If none of the above helps enough to fix this problem, please don't hesitate to file a bug:
  https://github.com/flutter/flutter/issues/new?template=02_bug.yml

The relevant error-causing widget was:
  Column-[<'runtime-player-detail-bag'>]
  Column:file:///private/tmp/menu11-preview-head-87226620c/packages/map_player_ui/lib/src/player/runtime_player_bag.dart:210:14

When the exception was thrown, this was the stack:
#0      RenderFlex.performLayout.<anonymous closure> (package:flutter/src/rendering/flex.dart:1324:9)
#1      RenderFlex.performLayout (package:flutter/src/rendering/flex.dart:1327:6)
#2      RenderObject.layout (package:flutter/src/rendering/object.dart:2911:7)
#3      _RenderLayoutBuilder.performLayout (package:flutter/src/widgets/layout_builder.dart:449:14)
#4      RenderObject.layout (package:flutter/src/rendering/object.dart:2911:7)
#5      ChildLayoutHelper.layoutChild (package:flutter/src/rendering/layout_helper.dart:62:11)
#6      RenderFlex._computeSizes (package:flutter/src/rendering/flex.dart:1237:28)
#7      RenderFlex.performLayout (package:flutter/src/rendering/flex.dart:1329:32)
#8      RenderObject.layout (package:flutter/src/rendering/object.dart:2911:7)
#9      ChildLayoutHelper.layoutChild (package:flutter/src/rendering/layout_helper.dart:62:11)
#10     RenderFlex._computeSizes (package:flutter/src/rendering/flex.dart:1237:28)
#11     RenderFlex.performLayout (package:flutter/src/rendering/flex.dart:1329:32)
#12     RenderObject.layout (package:flutter/src/rendering/object.dart:2911:7)
#13     _RenderSingleChildViewport.performLayout (package:flutter/src/widgets/single_child_scroll_view.dart:502:14)
#14     RenderObject.layout (package:flutter/src/rendering/object.dart:2911:7)
#15     RenderProxyBoxMixin.performLayout (package:flutter/src/rendering/proxy_box.dart:118:18)
#16     RenderObject.layout (package:flutter/src/rendering/object.dart:2911:7)
#17     RenderProxyBoxMixin.performLayout (package:flutter/src/rendering/proxy_box.dart:118:18)
#18     RenderObject.layout (package:flutter/src/rendering/object.dart:2911:7)
#19     RenderProxyBoxMixin.performLayout (package:flutter/src/rendering/proxy_box.dart:118:18)
#20     RenderObject.layout (package:flutter/src/rendering/object.dart:2911:7)
#21     RenderProxyBoxMixin.performLayout (package:flutter/src/rendering/proxy_box.dart:118:18)
#22     RenderObject.layout (package:flutter/src/rendering/object.dart:2911:7)
#23     RenderProxyBoxMixin.performLayout (package:flutter/src/rendering/proxy_box.dart:118:18)
#24     RenderObject.layout (package:flutter/src/rendering/object.dart:2911:7)
#25     RenderProxyBoxMixin.performLayout (package:flutter/src/rendering/proxy_box.dart:118:18)
#26     RenderObject.layout (package:flutter/src/rendering/object.dart:2911:7)
#27     RenderProxyBoxMixin.performLayout (package:flutter/src/rendering/proxy_box.dart:118:18)
#28     RenderObject.layout (package:flutter/src/rendering/object.dart:2911:7)
#29     RenderProxyBoxMixin.performLayout (package:flutter/src/rendering/proxy_box.dart:118:18)
#30     _RenderCustomClip.performLayout (package:flutter/src/rendering/proxy_box.dart:1549:11)
#31     RenderObject.layout (package:flutter/src/rendering/object.dart:2911:7)
#32     RenderProxyBoxMixin.performLayout (package:flutter/src/rendering/proxy_box.dart:118:18)
#33     RenderObject.layout (package:flutter/src/rendering/object.dart:2911:7)
#34     RenderProxyBoxMixin.performLayout (package:flutter/src/rendering/proxy_box.dart:118:18)
#35     RenderCustomPaint.performLayout (package:flutter/src/rendering/custom_paint.dart:574:11)
#36     RenderObject.layout (package:flutter/src/rendering/object.dart:2911:7)
#37     RenderProxyBoxMixin.performLayout (package:flutter/src/rendering/proxy_box.dart:118:18)
#38     RenderObject.layout (package:flutter/src/rendering/object.dart:2911:7)
#39     RenderProxyBoxMixin.performLayout (package:flutter/src/rendering/proxy_box.dart:118:18)
#40     RenderObject.layout (package:flutter/src/rendering/object.dart:2911:7)
#41     RenderProxyBoxMixin.performLayout (package:flutter/src/rendering/proxy_box.dart:118:18)
#42     RenderObject.layout (package:flutter/src/rendering/object.dart:2911:7)
#43     RenderProxyBoxMixin.performLayout (package:flutter/src/rendering/proxy_box.dart:118:18)
#44     RenderObject.layout (package:flutter/src/rendering/object.dart:2911:7)
#45     RenderProxyBoxMixin.performLayout (package:flutter/src/rendering/proxy_box.dart:118:18)
#46     RenderObject.layout (package:flutter/src/rendering/object.dart:2911:7)
#47     ChildLayoutHelper.layoutChild (package:flutter/src/rendering/layout_helper.dart:62:11)
#48     RenderFlex._computeSizes (package:flutter/src/rendering/flex.dart:1275:26)
#49     RenderFlex.performLayout (package:flutter/src/rendering/flex.dart:1329:32)
#50     RenderObject.layout (package:flutter/src/rendering/object.dart:2911:7)
#51     RenderPadding.performLayout (package:flutter/src/rendering/shifted_box.dart:262:12)
#52     RenderObject.layout (package:flutter/src/rendering/object.dart:2911:7)
#53     RenderProxyBoxMixin.performLayout (package:flutter/src/rendering/proxy_box.dart:118:18)
#54     RenderObject.layout (package:flutter/src/rendering/object.dart:2911:7)
#55     RenderProxyBoxMixin.performLayout (package:flutter/src/rendering/proxy_box.dart:118:18)
#56     RenderCustomPaint.performLayout (package:flutter/src/rendering/custom_paint.dart:574:11)
#57     RenderObject.layout (package:flutter/src/rendering/object.dart:2911:7)
#58     RenderProxyBoxMixin.performLayout (package:flutter/src/rendering/proxy_box.dart:118:18)
#59     _RenderCustomClip.performLayout (package:flutter/src/rendering/proxy_box.dart:1549:11)
#60     RenderObject.layout (package:flutter/src/rendering/object.dart:2911:7)
#61     ChildLayoutHelper.layoutChild (package:flutter/src/rendering/layout_helper.dart:62:11)
#62     RenderStack._computeSize (package:flutter/src/rendering/stack.dart:647:43)
#63     RenderStack.performLayout (package:flutter/src/rendering/stack.dart:682:12)
#64     RenderObject.layout (package:flutter/src/rendering/object.dart:2911:7)
#65     _RenderLayoutBuilder.performLayout (package:flutter/src/widgets/layout_builder.dart:449:14)
#66     RenderObject._layoutWithoutResize (package:flutter/src/rendering/object.dart:2759:7)
#67     PipelineOwner.flushLayout (package:flutter/src/rendering/object.dart:1174:18)
#68     PipelineOwner.flushLayout (package:flutter/src/rendering/object.dart:1187:15)
#69     AutomatedTestWidgetsFlutterBinding.drawFrame (package:flutter_test/src/binding.dart:2434:27)
#70     RendererBinding._handlePersistentFrameCallback (package:flutter/src/rendering/binding.dart:558:5)
#71     SchedulerBinding._invokeFrameCallback (package:flutter/src/scheduler/binding.dart:1430:15)
#72     SchedulerBinding.handleDrawFrame (package:flutter/src/scheduler/binding.dart:1345:9)
#73     AutomatedTestWidgetsFlutterBinding.pump.<anonymous closure> (package:flutter_test/src/binding.dart:2261:9)
#76     TestAsyncUtils.guard (package:flutter_test/src/test_async_utils.dart:74:41)
#77     AutomatedTestWidgetsFlutterBinding.pump (package:flutter_test/src/binding.dart:2250:27)
#78     WidgetTester.pumpAndSettle.<anonymous closure> (package:flutter_test/src/widget_tester.dart:719:23)
#81     TestAsyncUtils.guard (package:flutter_test/src/test_async_utils.dart:74:41)
#82     WidgetTester.pumpAndSettle (package:flutter_test/src/widget_tester.dart:712:27)
#83     main.<anonymous closure> (file:///private/tmp/menu11-preview-head-87226620c/packages/map_editor/test/personalization/personalization_player_surface_adapter_test.dart:220:20)
<asynchronous suspension>
#84     testWidgets.<anonymous closure>.<anonymous closure> (package:flutter_test/src/widget_tester.dart:192:15)
<asynchronous suspension>
#85     TestWidgetsFlutterBinding._runTestBody (package:flutter_test/src/binding.dart:1953:5)
<asynchronous suspension>
<asynchronous suspension>
(elided 5 frames from dart:async and package:stack_trace)

The following RenderObject was being processed when the exception was fired: RenderFlex#dbdef relayoutBoundary=up4 NEEDS-PAINT NEEDS-COMPOSITING-BITS-UPDATE:
  creator: Column-[<'runtime-player-detail-bag'>] ← LayoutBuilder ← RuntimePlayerBag ←
    PlayerMenuThemeScope ← RuntimePlayerDetailRouter ← Column ←
    _PlayerPausePreviewDetail-[<'player-pause-preview-detail-bag'>] ← Column ← _SingleChildViewport ←
    IgnorePointer-[GlobalKey#476ca] ← Semantics ← Listener ← ⋯
  parentData: offset=Offset(0.0, 0.0) (can use size)
  constraints: BoxConstraints(w=358.0, 0.0<=h<=Infinity)
  size: MISSING
  direction: vertical
  mainAxisAlignment: start
  mainAxisSize: max
  crossAxisAlignment: center
  verticalDirection: down
  spacing: 0.0
This RenderObject had the following descendants (showing up to depth 5):
    child 1: RenderConstrainedBox#540e3 NEEDS-LAYOUT NEEDS-PAINT NEEDS-COMPOSITING-BITS-UPDATE
      child: _RenderLayoutBuilder#976d6 NEEDS-LAYOUT NEEDS-PAINT
    child 2: RenderConstrainedBox#e58fe NEEDS-LAYOUT NEEDS-PAINT
    child 3: RenderPhysicalShape#7d191 NEEDS-LAYOUT NEEDS-PAINT NEEDS-COMPOSITING-BITS-UPDATE
      child: RenderCustomPaint#70990 NEEDS-LAYOUT NEEDS-PAINT NEEDS-COMPOSITING-BITS-UPDATE
        child: _RenderInkFeatures#d2312 NEEDS-LAYOUT NEEDS-PAINT NEEDS-COMPOSITING-BITS-UPDATE
          child: RenderPadding#b5a94 NEEDS-LAYOUT NEEDS-PAINT NEEDS-COMPOSITING-BITS-UPDATE
            child: RenderSemanticsAnnotations#87331 NEEDS-LAYOUT NEEDS-PAINT NEEDS-COMPOSITING-BITS-UPDATE
    child 4: RenderConstrainedBox#9c221 NEEDS-LAYOUT NEEDS-PAINT
════════════════════════════════════════════════════════════════════════════════════════════════════
══╡ EXCEPTION CAUGHT BY RENDERING LIBRARY ╞═════════════════════════════════════════════════════════
The following assertion was thrown during performLayout():
RenderBox was not laid out: RenderFlex#dbdef relayoutBoundary=up4 NEEDS-PAINT
NEEDS-COMPOSITING-BITS-UPDATE
'package:flutter/src/rendering/box.dart':
Failed assertion: line 2251 pos 12: 'hasSize'

Either the assertion indicates an error in the framework itself, or we should provide substantially
more information in this error message to help you determine and fix the underlying cause.
In either case, please report this assertion by filing a bug on GitHub:
  https://github.com/flutter/flutter/issues/new?template=02_bug.yml

The relevant error-causing widget was:
  LayoutBuilder
  LayoutBuilder:file:///private/tmp/menu11-preview-head-87226620c/packages/map_player_ui/lib/src/player/runtime_player_bag.dart:204:12

When the exception was thrown, this was the stack:
#2      RenderBox.size (package:flutter/src/rendering/box.dart:2251:12)
#3      _RenderLayoutBuilder.performLayout (package:flutter/src/widgets/layout_builder.dart:450:43)
#4      RenderObject.layout (package:flutter/src/rendering/object.dart:2911:7)
#5      ChildLayoutHelper.layoutChild (package:flutter/src/rendering/layout_helper.dart:62:11)
#6      RenderFlex._computeSizes (package:flutter/src/rendering/flex.dart:1237:28)
#7      RenderFlex.performLayout (package:flutter/src/rendering/flex.dart:1329:32)
#8      RenderObject.layout (package:flutter/src/rendering/object.dart:2911:7)
#9      ChildLayoutHelper.layoutChild (package:flutter/src/rendering/layout_helper.dart:62:11)
#10     RenderFlex._computeSizes (package:flutter/src/rendering/flex.dart:1237:28)
#11     RenderFlex.performLayout (package:flutter/src/rendering/flex.dart:1329:32)
#12     RenderObject.layout (package:flutter/src/rendering/object.dart:2911:7)
#13     _RenderSingleChildViewport.performLayout (package:flutter/src/widgets/single_child_scroll_view.dart:502:14)
#14     RenderObject.layout (package:flutter/src/rendering/object.dart:2911:7)
#15     RenderProxyBoxMixin.performLayout (package:flutter/src/rendering/proxy_box.dart:118:18)
#16     RenderObject.layout (package:flutter/src/rendering/object.dart:2911:7)
#17     RenderProxyBoxMixin.performLayout (package:flutter/src/rendering/proxy_box.dart:118:18)
#18     RenderObject.layout (package:flutter/src/rendering/object.dart:2911:7)
#19     RenderProxyBoxMixin.performLayout (package:flutter/src/rendering/proxy_box.dart:118:18)
#20     RenderObject.layout (package:flutter/src/rendering/object.dart:2911:7)
#21     RenderProxyBoxMixin.performLayout (package:flutter/src/rendering/proxy_box.dart:118:18)
#22     RenderObject.layout (package:flutter/src/rendering/object.dart:2911:7)
#23     RenderProxyBoxMixin.performLayout (package:flutter/src/rendering/proxy_box.dart:118:18)
#24     RenderObject.layout (package:flutter/src/rendering/object.dart:2911:7)
#25     RenderProxyBoxMixin.performLayout (package:flutter/src/rendering/proxy_box.dart:118:18)
#26     RenderObject.layout (package:flutter/src/rendering/object.dart:2911:7)
#27     RenderProxyBoxMixin.performLayout (package:flutter/src/rendering/proxy_box.dart:118:18)
#28     RenderObject.layout (package:flutter/src/rendering/object.dart:2911:7)
#29     RenderProxyBoxMixin.performLayout (package:flutter/src/rendering/proxy_box.dart:118:18)
#30     _RenderCustomClip.performLayout (package:flutter/src/rendering/proxy_box.dart:1549:11)
#31     RenderObject.layout (package:flutter/src/rendering/object.dart:2911:7)
#32     RenderProxyBoxMixin.performLayout (package:flutter/src/rendering/proxy_box.dart:118:18)
#33     RenderObject.layout (package:flutter/src/rendering/object.dart:2911:7)
#34     RenderProxyBoxMixin.performLayout (package:flutter/src/rendering/proxy_box.dart:118:18)
#35     RenderCustomPaint.performLayout (package:flutter/src/rendering/custom_paint.dart:574:11)
#36     RenderObject.layout (package:flutter/src/rendering/object.dart:2911:7)
#37     RenderProxyBoxMixin.performLayout (package:flutter/src/rendering/proxy_box.dart:118:18)
#38     RenderObject.layout (package:flutter/src/rendering/object.dart:2911:7)
#39     RenderProxyBoxMixin.performLayout (package:flutter/src/rendering/proxy_box.dart:118:18)
#40     RenderObject.layout (package:flutter/src/rendering/object.dart:2911:7)
#41     RenderProxyBoxMixin.performLayout (package:flutter/src/rendering/proxy_box.dart:118:18)
#42     RenderObject.layout (package:flutter/src/rendering/object.dart:2911:7)
#43     RenderProxyBoxMixin.performLayout (package:flutter/src/rendering/proxy_box.dart:118:18)
#44     RenderObject.layout (package:flutter/src/rendering/object.dart:2911:7)
#45     RenderProxyBoxMixin.performLayout (package:flutter/src/rendering/proxy_box.dart:118:18)
#46     RenderObject.layout (package:flutter/src/rendering/object.dart:2911:7)
#47     ChildLayoutHelper.layoutChild (package:flutter/src/rendering/layout_helper.dart:62:11)
#48     RenderFlex._computeSizes (package:flutter/src/rendering/flex.dart:1275:26)
#49     RenderFlex.performLayout (package:flutter/src/rendering/flex.dart:1329:32)
#50     RenderObject.layout (package:flutter/src/rendering/object.dart:2911:7)
#51     RenderPadding.performLayout (package:flutter/src/rendering/shifted_box.dart:262:12)
#52     RenderObject.layout (package:flutter/src/rendering/object.dart:2911:7)
#53     RenderProxyBoxMixin.performLayout (package:flutter/src/rendering/proxy_box.dart:118:18)
#54     RenderObject.layout (package:flutter/src/rendering/object.dart:2911:7)
#55     RenderProxyBoxMixin.performLayout (package:flutter/src/rendering/proxy_box.dart:118:18)
#56     RenderCustomPaint.performLayout (package:flutter/src/rendering/custom_paint.dart:574:11)
#57     RenderObject.layout (package:flutter/src/rendering/object.dart:2911:7)
#58     RenderProxyBoxMixin.performLayout (package:flutter/src/rendering/proxy_box.dart:118:18)
#59     _RenderCustomClip.performLayout (package:flutter/src/rendering/proxy_box.dart:1549:11)
#60     RenderObject.layout (package:flutter/src/rendering/object.dart:2911:7)
#61     ChildLayoutHelper.layoutChild (package:flutter/src/rendering/layout_helper.dart:62:11)
#62     RenderStack._computeSize (package:flutter/src/rendering/stack.dart:647:43)
#63     RenderStack.performLayout (package:flutter/src/rendering/stack.dart:682:12)
#64     RenderObject.layout (package:flutter/src/rendering/object.dart:2911:7)
#65     _RenderLayoutBuilder.performLayout (package:flutter/src/widgets/layout_builder.dart:449:14)
#66     RenderObject._layoutWithoutResize (package:flutter/src/rendering/object.dart:2759:7)
#67     PipelineOwner.flushLayout (package:flutter/src/rendering/object.dart:1174:18)
#68     PipelineOwner.flushLayout (package:flutter/src/rendering/object.dart:1187:15)
#69     AutomatedTestWidgetsFlutterBinding.drawFrame (package:flutter_test/src/binding.dart:2434:27)
#70     RendererBinding._handlePersistentFrameCallback (package:flutter/src/rendering/binding.dart:558:5)
#71     SchedulerBinding._invokeFrameCallback (package:flutter/src/scheduler/binding.dart:1430:15)
#72     SchedulerBinding.handleDrawFrame (package:flutter/src/scheduler/binding.dart:1345:9)
#73     AutomatedTestWidgetsFlutterBinding.pump.<anonymous closure> (package:flutter_test/src/binding.dart:2261:9)
#76     TestAsyncUtils.guard (package:flutter_test/src/test_async_utils.dart:74:41)
#77     AutomatedTestWidgetsFlutterBinding.pump (package:flutter_test/src/binding.dart:2250:27)
#78     WidgetTester.pumpAndSettle.<anonymous closure> (package:flutter_test/src/widget_tester.dart:719:23)
#81     TestAsyncUtils.guard (package:flutter_test/src/test_async_utils.dart:74:41)
#82     WidgetTester.pumpAndSettle (package:flutter_test/src/widget_tester.dart:712:27)
#83     main.<anonymous closure> (file:///private/tmp/menu11-preview-head-87226620c/packages/map_editor/test/personalization/personalization_player_surface_adapter_test.dart:220:20)
<asynchronous suspension>
#84     testWidgets.<anonymous closure>.<anonymous closure> (package:flutter_test/src/widget_tester.dart:192:15)
<asynchronous suspension>
#85     TestWidgetsFlutterBinding._runTestBody (package:flutter_test/src/binding.dart:1953:5)
<asynchronous suspension>
<asynchronous suspension>
(elided 7 frames from class _AssertionError, dart:async, and package:stack_trace)

The following RenderObject was being processed when the exception was fired: _RenderLayoutBuilder#1e497 relayoutBoundary=up3 NEEDS-LAYOUT NEEDS-PAINT NEEDS-COMPOSITING-BITS-UPDATE:
  creator: LayoutBuilder ← RuntimePlayerBag ← PlayerMenuThemeScope ← RuntimePlayerDetailRouter ←
    Column ← _PlayerPausePreviewDetail-[<'player-pause-preview-detail-bag'>] ← Column ←
    _SingleChildViewport ← IgnorePointer-[GlobalKey#476ca] ← Semantics ← Listener ← _GestureSemantics
    ← ⋯
  parentData: offset=Offset(0.0, 0.0); flex=null; fit=null (can use size)
  constraints: BoxConstraints(w=358.0, 0.0<=h<=Infinity)
  size: MISSING
This RenderObject had the following descendants (showing up to depth 5):
    child: RenderFlex#dbdef relayoutBoundary=up4 NEEDS-PAINT NEEDS-COMPOSITING-BITS-UPDATE
      child 1: RenderConstrainedBox#540e3 NEEDS-LAYOUT NEEDS-PAINT NEEDS-COMPOSITING-BITS-UPDATE
        child: _RenderLayoutBuilder#976d6 NEEDS-LAYOUT NEEDS-PAINT
      child 2: RenderConstrainedBox#e58fe NEEDS-LAYOUT NEEDS-PAINT
      child 3: RenderPhysicalShape#7d191 NEEDS-LAYOUT NEEDS-PAINT NEEDS-COMPOSITING-BITS-UPDATE
        child: RenderCustomPaint#70990 NEEDS-LAYOUT NEEDS-PAINT NEEDS-COMPOSITING-BITS-UPDATE
          child: _RenderInkFeatures#d2312 NEEDS-LAYOUT NEEDS-PAINT NEEDS-COMPOSITING-BITS-UPDATE
            child: RenderPadding#b5a94 NEEDS-LAYOUT NEEDS-PAINT NEEDS-COMPOSITING-BITS-UPDATE
      child 4: RenderConstrainedBox#9c221 NEEDS-LAYOUT NEEDS-PAINT
════════════════════════════════════════════════════════════════════════════════════════════════════
══╡ EXCEPTION CAUGHT BY RENDERING LIBRARY ╞═════════════════════════════════════════════════════════
The following assertion was thrown during performLayout():
RenderBox was not laid out: _RenderLayoutBuilder#1e497 relayoutBoundary=up3 NEEDS-PAINT
NEEDS-COMPOSITING-BITS-UPDATE
'package:flutter/src/rendering/box.dart':
Failed assertion: line 2251 pos 12: 'hasSize'

Either the assertion indicates an error in the framework itself, or we should provide substantially
more information in this error message to help you determine and fix the underlying cause.
In either case, please report this assertion by filing a bug on GitHub:
  https://github.com/flutter/flutter/issues/new?template=02_bug.yml

The relevant error-causing widget was:
  Column
  Column:file:///private/tmp/menu11-preview-head-87226620c/packages/map_player_ui/lib/src/player/player_pause_preview_shell.dart:244:12

When the exception was thrown, this was the stack:
#2      RenderBox.size (package:flutter/src/rendering/box.dart:2251:12)
#3      ChildLayoutHelper.layoutChild (package:flutter/src/rendering/layout_helper.dart:63:18)
#4      RenderFlex._computeSizes (package:flutter/src/rendering/flex.dart:1237:28)
#5      RenderFlex.performLayout (package:flutter/src/rendering/flex.dart:1329:32)
#6      RenderObject.layout (package:flutter/src/rendering/object.dart:2911:7)
#7      ChildLayoutHelper.layoutChild (package:flutter/src/rendering/layout_helper.dart:62:11)
#8      RenderFlex._computeSizes (package:flutter/src/rendering/flex.dart:1237:28)
#9      RenderFlex.performLayout (package:flutter/src/rendering/flex.dart:1329:32)
#10     RenderObject.layout (package:flutter/src/rendering/object.dart:2911:7)
#11     _RenderSingleChildViewport.performLayout (package:flutter/src/widgets/single_child_scroll_view.dart:502:14)
#12     RenderObject.layout (package:flutter/src/rendering/object.dart:2911:7)
#13     RenderProxyBoxMixin.performLayout (package:flutter/src/rendering/proxy_box.dart:118:18)
#14     RenderObject.layout (package:flutter/src/rendering/object.dart:2911:7)
#15     RenderProxyBoxMixin.performLayout (package:flutter/src/rendering/proxy_box.dart:118:18)
#16     RenderObject.layout (package:flutter/src/rendering/object.dart:2911:7)
#17     RenderProxyBoxMixin.performLayout (package:flutter/src/rendering/proxy_box.dart:118:18)
#18     RenderObject.layout (package:flutter/src/rendering/object.dart:2911:7)
#19     RenderProxyBoxMixin.performLayout (package:flutter/src/rendering/proxy_box.dart:118:18)
#20     RenderObject.layout (package:flutter/src/rendering/object.dart:2911:7)
#21     RenderProxyBoxMixin.performLayout (package:flutter/src/rendering/proxy_box.dart:118:18)
#22     RenderObject.layout (package:flutter/src/rendering/object.dart:2911:7)
#23     RenderProxyBoxMixin.performLayout (package:flutter/src/rendering/proxy_box.dart:118:18)
#24     RenderObject.layout (package:flutter/src/rendering/object.dart:2911:7)
#25     RenderProxyBoxMixin.performLayout (package:flutter/src/rendering/proxy_box.dart:118:18)
#26     RenderObject.layout (package:flutter/src/rendering/object.dart:2911:7)
#27     RenderProxyBoxMixin.performLayout (package:flutter/src/rendering/proxy_box.dart:118:18)
#28     _RenderCustomClip.performLayout (package:flutter/src/rendering/proxy_box.dart:1549:11)
#29     RenderObject.layout (package:flutter/src/rendering/object.dart:2911:7)
#30     RenderProxyBoxMixin.performLayout (package:flutter/src/rendering/proxy_box.dart:118:18)
#31     RenderObject.layout (package:flutter/src/rendering/object.dart:2911:7)
#32     RenderProxyBoxMixin.performLayout (package:flutter/src/rendering/proxy_box.dart:118:18)
#33     RenderCustomPaint.performLayout (package:flutter/src/rendering/custom_paint.dart:574:11)
#34     RenderObject.layout (package:flutter/src/rendering/object.dart:2911:7)
#35     RenderProxyBoxMixin.performLayout (package:flutter/src/rendering/proxy_box.dart:118:18)
#36     RenderObject.layout (package:flutter/src/rendering/object.dart:2911:7)
#37     RenderProxyBoxMixin.performLayout (package:flutter/src/rendering/proxy_box.dart:118:18)
#38     RenderObject.layout (package:flutter/src/rendering/object.dart:2911:7)
#39     RenderProxyBoxMixin.performLayout (package:flutter/src/rendering/proxy_box.dart:118:18)
#40     RenderObject.layout (package:flutter/src/rendering/object.dart:2911:7)
#41     RenderProxyBoxMixin.performLayout (package:flutter/src/rendering/proxy_box.dart:118:18)
#42     RenderObject.layout (package:flutter/src/rendering/object.dart:2911:7)
#43     RenderProxyBoxMixin.performLayout (package:flutter/src/rendering/proxy_box.dart:118:18)
#44     RenderObject.layout (package:flutter/src/rendering/object.dart:2911:7)
#45     ChildLayoutHelper.layoutChild (package:flutter/src/rendering/layout_helper.dart:62:11)
#46     RenderFlex._computeSizes (package:flutter/src/rendering/flex.dart:1275:26)
#47     RenderFlex.performLayout (package:flutter/src/rendering/flex.dart:1329:32)
#48     RenderObject.layout (package:flutter/src/rendering/object.dart:2911:7)
#49     RenderPadding.performLayout (package:flutter/src/rendering/shifted_box.dart:262:12)
#50     RenderObject.layout (package:flutter/src/rendering/object.dart:2911:7)
#51     RenderProxyBoxMixin.performLayout (package:flutter/src/rendering/proxy_box.dart:118:18)
#52     RenderObject.layout (package:flutter/src/rendering/object.dart:2911:7)
#53     RenderProxyBoxMixin.performLayout (package:flutter/src/rendering/proxy_box.dart:118:18)
#54     RenderCustomPaint.performLayout (package:flutter/src/rendering/custom_paint.dart:574:11)
#55     RenderObject.layout (package:flutter/src/rendering/object.dart:2911:7)
#56     RenderProxyBoxMixin.performLayout (package:flutter/src/rendering/proxy_box.dart:118:18)
#57     _RenderCustomClip.performLayout (package:flutter/src/rendering/proxy_box.dart:1549:11)
#58     RenderObject.layout (package:flutter/src/rendering/object.dart:2911:7)
#59     ChildLayoutHelper.layoutChild (package:flutter/src/rendering/layout_helper.dart:62:11)
#60     RenderStack._computeSize (package:flutter/src/rendering/stack.dart:647:43)
#61     RenderStack.performLayout (package:flutter/src/rendering/stack.dart:682:12)
#62     RenderObject.layout (package:flutter/src/rendering/object.dart:2911:7)
#63     _RenderLayoutBuilder.performLayout (package:flutter/src/widgets/layout_builder.dart:449:14)
#64     RenderObject._layoutWithoutResize (package:flutter/src/rendering/object.dart:2759:7)
#65     PipelineOwner.flushLayout (package:flutter/src/rendering/object.dart:1174:18)
#66     PipelineOwner.flushLayout (package:flutter/src/rendering/object.dart:1187:15)
#67     AutomatedTestWidgetsFlutterBinding.drawFrame (package:flutter_test/src/binding.dart:2434:27)
#68     RendererBinding._handlePersistentFrameCallback (package:flutter/src/rendering/binding.dart:558:5)
#69     SchedulerBinding._invokeFrameCallback (package:flutter/src/scheduler/binding.dart:1430:15)
#70     SchedulerBinding.handleDrawFrame (package:flutter/src/scheduler/binding.dart:1345:9)
#71     AutomatedTestWidgetsFlutterBinding.pump.<anonymous closure> (package:flutter_test/src/binding.dart:2261:9)
#74     TestAsyncUtils.guard (package:flutter_test/src/test_async_utils.dart:74:41)
#75     AutomatedTestWidgetsFlutterBinding.pump (package:flutter_test/src/binding.dart:2250:27)
#76     WidgetTester.pumpAndSettle.<anonymous closure> (package:flutter_test/src/widget_tester.dart:719:23)
#79     TestAsyncUtils.guard (package:flutter_test/src/test_async_utils.dart:74:41)
#80     WidgetTester.pumpAndSettle (package:flutter_test/src/widget_tester.dart:712:27)
#81     main.<anonymous closure> (file:///private/tmp/menu11-preview-head-87226620c/packages/map_editor/test/personalization/personalization_player_surface_adapter_test.dart:220:20)
<asynchronous suspension>
#82     testWidgets.<anonymous closure>.<anonymous closure> (package:flutter_test/src/widget_tester.dart:192:15)
<asynchronous suspension>
#83     TestWidgetsFlutterBinding._runTestBody (package:flutter_test/src/binding.dart:1953:5)
<asynchronous suspension>
<asynchronous suspension>
(elided 7 frames from class _AssertionError, dart:async, and package:stack_trace)

The following RenderObject was being processed when the exception was fired: RenderFlex#f6b38 relayoutBoundary=up2 NEEDS-LAYOUT NEEDS-PAINT NEEDS-COMPOSITING-BITS-UPDATE:
  creator: Column ← _PlayerPausePreviewDetail-[<'player-pause-preview-detail-bag'>] ← Column ←
    _SingleChildViewport ← IgnorePointer-[GlobalKey#476ca] ← Semantics ← Listener ← _GestureSemantics
    ← RawGestureDetector-[LabeledGlobalKey<RawGestureDetectorState>#bd1eb] ← Listener ←
    _ScrollableScope ← _ScrollSemantics-[GlobalKey#a5fe5] ← ⋯
  parentData: offset=Offset(0.0, 0.0); flex=null; fit=null (can use size)
  constraints: BoxConstraints(w=358.0, 0.0<=h<=Infinity)
  size: MISSING
  direction: vertical
  mainAxisAlignment: start
  mainAxisSize: max
  crossAxisAlignment: stretch
  verticalDirection: down
  spacing: 0.0
This RenderObject had the following descendants (showing up to depth 5):
    child 1: RenderPositionedBox#86884 relayoutBoundary=up3 NEEDS-PAINT NEEDS-COMPOSITING-BITS-UPDATE
      child: RenderSemanticsAnnotations#00707 relayoutBoundary=up4 NEEDS-PAINT NEEDS-COMPOSITING-BITS-UPDATE
        child: RenderDecoratedBox#e3138 relayoutBoundary=up5 NEEDS-PAINT NEEDS-COMPOSITING-BITS-UPDATE
          child: RenderPadding#255f0 relayoutBoundary=up6 NEEDS-PAINT NEEDS-COMPOSITING-BITS-UPDATE
            child: RenderFlex#f0f13 relayoutBoundary=up7 NEEDS-PAINT NEEDS-COMPOSITING-BITS-UPDATE
    child 2: RenderConstrainedBox#89da9 relayoutBoundary=up3 NEEDS-PAINT
    child 3: _RenderLayoutBuilder#1e497 relayoutBoundary=up3 NEEDS-PAINT NEEDS-COMPOSITING-BITS-UPDATE
      child: RenderFlex#dbdef relayoutBoundary=up4 NEEDS-PAINT NEEDS-COMPOSITING-BITS-UPDATE
        child 1: RenderConstrainedBox#540e3 NEEDS-LAYOUT NEEDS-PAINT NEEDS-COMPOSITING-BITS-UPDATE
          child: _RenderLayoutBuilder#976d6 NEEDS-LAYOUT NEEDS-PAINT
        child 2: RenderConstrainedBox#e58fe NEEDS-LAYOUT NEEDS-PAINT
        child 3: RenderPhysicalShape#7d191 NEEDS-LAYOUT NEEDS-PAINT NEEDS-COMPOSITING-BITS-UPDATE
          child: RenderCustomPaint#70990 NEEDS-LAYOUT NEEDS-PAINT NEEDS-COMPOSITING-BITS-UPDATE
            child: _RenderInkFeatures#d2312 NEEDS-LAYOUT NEEDS-PAINT NEEDS-COMPOSITING-BITS-UPDATE
        child 4: RenderConstrainedBox#9c221 NEEDS-LAYOUT NEEDS-PAINT
════════════════════════════════════════════════════════════════════════════════════════════════════
══╡ EXCEPTION CAUGHT BY RENDERING LIBRARY ╞═════════════════════════════════════════════════════════
The following assertion was thrown during performLayout():
RenderBox was not laid out: RenderFlex#f6b38 relayoutBoundary=up2 NEEDS-PAINT
NEEDS-COMPOSITING-BITS-UPDATE
'package:flutter/src/rendering/box.dart':
Failed assertion: line 2251 pos 12: 'hasSize'

Either the assertion indicates an error in the framework itself, or we should provide substantially
more information in this error message to help you determine and fix the underlying cause.
In either case, please report this assertion by filing a bug on GitHub:
  https://github.com/flutter/flutter/issues/new?template=02_bug.yml

The relevant error-causing widget was:
  Column
  Column:file:///private/tmp/menu11-preview-head-87226620c/packages/map_player_ui/lib/src/player/runtime_player_pause_shell.dart:932:21

When the exception was thrown, this was the stack:
#2      RenderBox.size (package:flutter/src/rendering/box.dart:2251:12)
#3      ChildLayoutHelper.layoutChild (package:flutter/src/rendering/layout_helper.dart:63:18)
#4      RenderFlex._computeSizes (package:flutter/src/rendering/flex.dart:1237:28)
#5      RenderFlex.performLayout (package:flutter/src/rendering/flex.dart:1329:32)
#6      RenderObject.layout (package:flutter/src/rendering/object.dart:2911:7)
#7      _RenderSingleChildViewport.performLayout (package:flutter/src/widgets/single_child_scroll_view.dart:502:14)
#8      RenderObject.layout (package:flutter/src/rendering/object.dart:2911:7)
#9      RenderProxyBoxMixin.performLayout (package:flutter/src/rendering/proxy_box.dart:118:18)
#10     RenderObject.layout (package:flutter/src/rendering/object.dart:2911:7)
#11     RenderProxyBoxMixin.performLayout (package:flutter/src/rendering/proxy_box.dart:118:18)
#12     RenderObject.layout (package:flutter/src/rendering/object.dart:2911:7)
#13     RenderProxyBoxMixin.performLayout (package:flutter/src/rendering/proxy_box.dart:118:18)
#14     RenderObject.layout (package:flutter/src/rendering/object.dart:2911:7)
#15     RenderProxyBoxMixin.performLayout (package:flutter/src/rendering/proxy_box.dart:118:18)
#16     RenderObject.layout (package:flutter/src/rendering/object.dart:2911:7)
#17     RenderProxyBoxMixin.performLayout (package:flutter/src/rendering/proxy_box.dart:118:18)
#18     RenderObject.layout (package:flutter/src/rendering/object.dart:2911:7)
#19     RenderProxyBoxMixin.performLayout (package:flutter/src/rendering/proxy_box.dart:118:18)
#20     RenderObject.layout (package:flutter/src/rendering/object.dart:2911:7)
#21     RenderProxyBoxMixin.performLayout (package:flutter/src/rendering/proxy_box.dart:118:18)
#22     RenderObject.layout (package:flutter/src/rendering/object.dart:2911:7)
#23     RenderProxyBoxMixin.performLayout (package:flutter/src/rendering/proxy_box.dart:118:18)
#24     _RenderCustomClip.performLayout (package:flutter/src/rendering/proxy_box.dart:1549:11)
#25     RenderObject.layout (package:flutter/src/rendering/object.dart:2911:7)
#26     RenderProxyBoxMixin.performLayout (package:flutter/src/rendering/proxy_box.dart:118:18)
#27     RenderObject.layout (package:flutter/src/rendering/object.dart:2911:7)
#28     RenderProxyBoxMixin.performLayout (package:flutter/src/rendering/proxy_box.dart:118:18)
#29     RenderCustomPaint.performLayout (package:flutter/src/rendering/custom_paint.dart:574:11)
#30     RenderObject.layout (package:flutter/src/rendering/object.dart:2911:7)
#31     RenderProxyBoxMixin.performLayout (package:flutter/src/rendering/proxy_box.dart:118:18)
#32     RenderObject.layout (package:flutter/src/rendering/object.dart:2911:7)
#33     RenderProxyBoxMixin.performLayout (package:flutter/src/rendering/proxy_box.dart:118:18)
#34     RenderObject.layout (package:flutter/src/rendering/object.dart:2911:7)
#35     RenderProxyBoxMixin.performLayout (package:flutter/src/rendering/proxy_box.dart:118:18)
#36     RenderObject.layout (package:flutter/src/rendering/object.dart:2911:7)
#37     RenderProxyBoxMixin.performLayout (package:flutter/src/rendering/proxy_box.dart:118:18)
#38     RenderObject.layout (package:flutter/src/rendering/object.dart:2911:7)
#39     RenderProxyBoxMixin.performLayout (package:flutter/src/rendering/proxy_box.dart:118:18)
#40     RenderObject.layout (package:flutter/src/rendering/object.dart:2911:7)
#41     ChildLayoutHelper.layoutChild (package:flutter/src/rendering/layout_helper.dart:62:11)
#42     RenderFlex._computeSizes (package:flutter/src/rendering/flex.dart:1275:26)
#43     RenderFlex.performLayout (package:flutter/src/rendering/flex.dart:1329:32)
#44     RenderObject.layout (package:flutter/src/rendering/object.dart:2911:7)
#45     RenderPadding.performLayout (package:flutter/src/rendering/shifted_box.dart:262:12)
#46     RenderObject.layout (package:flutter/src/rendering/object.dart:2911:7)
#47     RenderProxyBoxMixin.performLayout (package:flutter/src/rendering/proxy_box.dart:118:18)
#48     RenderObject.layout (package:flutter/src/rendering/object.dart:2911:7)
#49     RenderProxyBoxMixin.performLayout (package:flutter/src/rendering/proxy_box.dart:118:18)
#50     RenderCustomPaint.performLayout (package:flutter/src/rendering/custom_paint.dart:574:11)
#51     RenderObject.layout (package:flutter/src/rendering/object.dart:2911:7)
#52     RenderProxyBoxMixin.performLayout (package:flutter/src/rendering/proxy_box.dart:118:18)
#53     _RenderCustomClip.performLayout (package:flutter/src/rendering/proxy_box.dart:1549:11)
#54     RenderObject.layout (package:flutter/src/rendering/object.dart:2911:7)
#55     ChildLayoutHelper.layoutChild (package:flutter/src/rendering/layout_helper.dart:62:11)
#56     RenderStack._computeSize (package:flutter/src/rendering/stack.dart:647:43)
#57     RenderStack.performLayout (package:flutter/src/rendering/stack.dart:682:12)
#58     RenderObject.layout (package:flutter/src/rendering/object.dart:2911:7)
#59     _RenderLayoutBuilder.performLayout (package:flutter/src/widgets/layout_builder.dart:449:14)
#60     RenderObject._layoutWithoutResize (package:flutter/src/rendering/object.dart:2759:7)
#61     PipelineOwner.flushLayout (package:flutter/src/rendering/object.dart:1174:18)
#62     PipelineOwner.flushLayout (package:flutter/src/rendering/object.dart:1187:15)
#63     AutomatedTestWidgetsFlutterBinding.drawFrame (package:flutter_test/src/binding.dart:2434:27)
#64     RendererBinding._handlePersistentFrameCallback (package:flutter/src/rendering/binding.dart:558:5)
#65     SchedulerBinding._invokeFrameCallback (package:flutter/src/scheduler/binding.dart:1430:15)
#66     SchedulerBinding.handleDrawFrame (package:flutter/src/scheduler/binding.dart:1345:9)
#67     AutomatedTestWidgetsFlutterBinding.pump.<anonymous closure> (package:flutter_test/src/binding.dart:2261:9)
#70     TestAsyncUtils.guard (package:flutter_test/src/test_async_utils.dart:74:41)
#71     AutomatedTestWidgetsFlutterBinding.pump (package:flutter_test/src/binding.dart:2250:27)
#72     WidgetTester.pumpAndSettle.<anonymous closure> (package:flutter_test/src/widget_tester.dart:719:23)
#75     TestAsyncUtils.guard (package:flutter_test/src/test_async_utils.dart:74:41)
#76     WidgetTester.pumpAndSettle (package:flutter_test/src/widget_tester.dart:712:27)
#77     main.<anonymous closure> (file:///private/tmp/menu11-preview-head-87226620c/packages/map_editor/test/personalization/personalization_player_surface_adapter_test.dart:220:20)
<asynchronous suspension>
#78     testWidgets.<anonymous closure>.<anonymous closure> (package:flutter_test/src/widget_tester.dart:192:15)
<asynchronous suspension>
#79     TestWidgetsFlutterBinding._runTestBody (package:flutter_test/src/binding.dart:1953:5)
<asynchronous suspension>
<asynchronous suspension>
(elided 7 frames from class _AssertionError, dart:async, and package:stack_trace)

The following RenderObject was being processed when the exception was fired: RenderFlex#d6892 relayoutBoundary=up1 NEEDS-LAYOUT NEEDS-PAINT NEEDS-COMPOSITING-BITS-UPDATE:
  creator: Column ← _SingleChildViewport ← IgnorePointer-[GlobalKey#476ca] ← Semantics ← Listener ←
    _GestureSemantics ← RawGestureDetector-[LabeledGlobalKey<RawGestureDetectorState>#bd1eb] ←
    Listener ← _ScrollableScope ← _ScrollSemantics-[GlobalKey#a5fe5] ←
    NotificationListener<ScrollMetricsNotification> ← Transform ← ⋯
  parentData: <none> (can use size)
  constraints: BoxConstraints(w=358.0, 0.0<=h<=Infinity)
  size: MISSING
  direction: vertical
  mainAxisAlignment: start
  mainAxisSize: max
  crossAxisAlignment: stretch
  verticalDirection: down
  spacing: 0.0
This RenderObject had the following descendants (showing up to depth 5):
    child 1: RenderFlex#f6b38 relayoutBoundary=up2 NEEDS-PAINT NEEDS-COMPOSITING-BITS-UPDATE
      child 1: RenderPositionedBox#86884 relayoutBoundary=up3 NEEDS-PAINT NEEDS-COMPOSITING-BITS-UPDATE
        child: RenderSemanticsAnnotations#00707 relayoutBoundary=up4 NEEDS-PAINT NEEDS-COMPOSITING-BITS-UPDATE
          child: RenderDecoratedBox#e3138 relayoutBoundary=up5 NEEDS-PAINT NEEDS-COMPOSITING-BITS-UPDATE
            child: RenderPadding#255f0 relayoutBoundary=up6 NEEDS-PAINT NEEDS-COMPOSITING-BITS-UPDATE
      child 2: RenderConstrainedBox#89da9 relayoutBoundary=up3 NEEDS-PAINT
      child 3: _RenderLayoutBuilder#1e497 relayoutBoundary=up3 NEEDS-PAINT NEEDS-COMPOSITING-BITS-UPDATE
        child: RenderFlex#dbdef relayoutBoundary=up4 NEEDS-PAINT NEEDS-COMPOSITING-BITS-UPDATE
          child 1: RenderConstrainedBox#540e3 NEEDS-LAYOUT NEEDS-PAINT NEEDS-COMPOSITING-BITS-UPDATE
            child: _RenderLayoutBuilder#976d6 NEEDS-LAYOUT NEEDS-PAINT
          child 2: RenderConstrainedBox#e58fe NEEDS-LAYOUT NEEDS-PAINT
          child 3: RenderPhysicalShape#7d191 NEEDS-LAYOUT NEEDS-PAINT NEEDS-COMPOSITING-BITS-UPDATE
            child: RenderCustomPaint#70990 NEEDS-LAYOUT NEEDS-PAINT NEEDS-COMPOSITING-BITS-UPDATE
          child 4: RenderConstrainedBox#9c221 NEEDS-LAYOUT NEEDS-PAINT
════════════════════════════════════════════════════════════════════════════════════════════════════
══╡ EXCEPTION CAUGHT BY RENDERING LIBRARY ╞═════════════════════════════════════════════════════════
The following assertion was thrown during performLayout():
RenderBox was not laid out: RenderFlex#d6892 relayoutBoundary=up1 NEEDS-PAINT
NEEDS-COMPOSITING-BITS-UPDATE
'package:flutter/src/rendering/box.dart':
Failed assertion: line 2251 pos 12: 'hasSize'

Either the assertion indicates an error in the framework itself, or we should provide substantially
more information in this error message to help you determine and fix the underlying cause.
In either case, please report this assertion by filing a bug on GitHub:
  https://github.com/flutter/flutter/issues/new?template=02_bug.yml

The relevant error-causing widget was:
  SingleChildScrollView-[<'runtime-pause-detail-scroll'>]
  SingleChildScrollView:file:///private/tmp/menu11-preview-head-87226620c/packages/map_player_ui/lib/src/player/runtime_player_pause_shell.dart:928:20

When the exception was thrown, this was the stack:
#2      RenderBox.size (package:flutter/src/rendering/box.dart:2251:12)
#3      _RenderSingleChildViewport.performLayout (package:flutter/src/widgets/single_child_scroll_view.dart:503:43)
#4      RenderObject.layout (package:flutter/src/rendering/object.dart:2911:7)
#5      RenderProxyBoxMixin.performLayout (package:flutter/src/rendering/proxy_box.dart:118:18)
#6      RenderObject.layout (package:flutter/src/rendering/object.dart:2911:7)
#7      RenderProxyBoxMixin.performLayout (package:flutter/src/rendering/proxy_box.dart:118:18)
#8      RenderObject.layout (package:flutter/src/rendering/object.dart:2911:7)
#9      RenderProxyBoxMixin.performLayout (package:flutter/src/rendering/proxy_box.dart:118:18)
#10     RenderObject.layout (package:flutter/src/rendering/object.dart:2911:7)
#11     RenderProxyBoxMixin.performLayout (package:flutter/src/rendering/proxy_box.dart:118:18)
#12     RenderObject.layout (package:flutter/src/rendering/object.dart:2911:7)
#13     RenderProxyBoxMixin.performLayout (package:flutter/src/rendering/proxy_box.dart:118:18)
#14     RenderObject.layout (package:flutter/src/rendering/object.dart:2911:7)
#15     RenderProxyBoxMixin.performLayout (package:flutter/src/rendering/proxy_box.dart:118:18)
#16     RenderObject.layout (package:flutter/src/rendering/object.dart:2911:7)
#17     RenderProxyBoxMixin.performLayout (package:flutter/src/rendering/proxy_box.dart:118:18)
#18     RenderObject.layout (package:flutter/src/rendering/object.dart:2911:7)
#19     RenderProxyBoxMixin.performLayout (package:flutter/src/rendering/proxy_box.dart:118:18)
#20     _RenderCustomClip.performLayout (package:flutter/src/rendering/proxy_box.dart:1549:11)
#21     RenderObject.layout (package:flutter/src/rendering/object.dart:2911:7)
#22     RenderProxyBoxMixin.performLayout (package:flutter/src/rendering/proxy_box.dart:118:18)
#23     RenderObject.layout (package:flutter/src/rendering/object.dart:2911:7)
#24     RenderProxyBoxMixin.performLayout (package:flutter/src/rendering/proxy_box.dart:118:18)
#25     RenderCustomPaint.performLayout (package:flutter/src/rendering/custom_paint.dart:574:11)
#26     RenderObject.layout (package:flutter/src/rendering/object.dart:2911:7)
#27     RenderProxyBoxMixin.performLayout (package:flutter/src/rendering/proxy_box.dart:118:18)
#28     RenderObject.layout (package:flutter/src/rendering/object.dart:2911:7)
#29     RenderProxyBoxMixin.performLayout (package:flutter/src/rendering/proxy_box.dart:118:18)
#30     RenderObject.layout (package:flutter/src/rendering/object.dart:2911:7)
#31     RenderProxyBoxMixin.performLayout (package:flutter/src/rendering/proxy_box.dart:118:18)
#32     RenderObject.layout (package:flutter/src/rendering/object.dart:2911:7)
#33     RenderProxyBoxMixin.performLayout (package:flutter/src/rendering/proxy_box.dart:118:18)
#34     RenderObject.layout (package:flutter/src/rendering/object.dart:2911:7)
#35     RenderProxyBoxMixin.performLayout (package:flutter/src/rendering/proxy_box.dart:118:18)
#36     RenderObject.layout (package:flutter/src/rendering/object.dart:2911:7)
#37     ChildLayoutHelper.layoutChild (package:flutter/src/rendering/layout_helper.dart:62:11)
#38     RenderFlex._computeSizes (package:flutter/src/rendering/flex.dart:1275:26)
#39     RenderFlex.performLayout (package:flutter/src/rendering/flex.dart:1329:32)
#40     RenderObject.layout (package:flutter/src/rendering/object.dart:2911:7)
#41     RenderPadding.performLayout (package:flutter/src/rendering/shifted_box.dart:262:12)
#42     RenderObject.layout (package:flutter/src/rendering/object.dart:2911:7)
#43     RenderProxyBoxMixin.performLayout (package:flutter/src/rendering/proxy_box.dart:118:18)
#44     RenderObject.layout (package:flutter/src/rendering/object.dart:2911:7)
#45     RenderProxyBoxMixin.performLayout (package:flutter/src/rendering/proxy_box.dart:118:18)
#46     RenderCustomPaint.performLayout (package:flutter/src/rendering/custom_paint.dart:574:11)
#47     RenderObject.layout (package:flutter/src/rendering/object.dart:2911:7)
#48     RenderProxyBoxMixin.performLayout (package:flutter/src/rendering/proxy_box.dart:118:18)
#49     _RenderCustomClip.performLayout (package:flutter/src/rendering/proxy_box.dart:1549:11)
#50     RenderObject.layout (package:flutter/src/rendering/object.dart:2911:7)
#51     ChildLayoutHelper.layoutChild (package:flutter/src/rendering/layout_helper.dart:62:11)
#52     RenderStack._computeSize (package:flutter/src/rendering/stack.dart:647:43)
#53     RenderStack.performLayout (package:flutter/src/rendering/stack.dart:682:12)
#54     RenderObject.layout (package:flutter/src/rendering/object.dart:2911:7)
#55     _RenderLayoutBuilder.performLayout (package:flutter/src/widgets/layout_builder.dart:449:14)
#56     RenderObject._layoutWithoutResize (package:flutter/src/rendering/object.dart:2759:7)
#57     PipelineOwner.flushLayout (package:flutter/src/rendering/object.dart:1174:18)
#58     PipelineOwner.flushLayout (package:flutter/src/rendering/object.dart:1187:15)
#59     AutomatedTestWidgetsFlutterBinding.drawFrame (package:flutter_test/src/binding.dart:2434:27)
#60     RendererBinding._handlePersistentFrameCallback (package:flutter/src/rendering/binding.dart:558:5)
#61     SchedulerBinding._invokeFrameCallback (package:flutter/src/scheduler/binding.dart:1430:15)
#62     SchedulerBinding.handleDrawFrame (package:flutter/src/scheduler/binding.dart:1345:9)
#63     AutomatedTestWidgetsFlutterBinding.pump.<anonymous closure> (package:flutter_test/src/binding.dart:2261:9)
#66     TestAsyncUtils.guard (package:flutter_test/src/test_async_utils.dart:74:41)
#67     AutomatedTestWidgetsFlutterBinding.pump (package:flutter_test/src/binding.dart:2250:27)
#68     WidgetTester.pumpAndSettle.<anonymous closure> (package:flutter_test/src/widget_tester.dart:719:23)
#71     TestAsyncUtils.guard (package:flutter_test/src/test_async_utils.dart:74:41)
#72     WidgetTester.pumpAndSettle (package:flutter_test/src/widget_tester.dart:712:27)
#73     main.<anonymous closure> (file:///private/tmp/menu11-preview-head-87226620c/packages/map_editor/test/personalization/personalization_player_surface_adapter_test.dart:220:20)
<asynchronous suspension>
#74     testWidgets.<anonymous closure>.<anonymous closure> (package:flutter_test/src/widget_tester.dart:192:15)
<asynchronous suspension>
#75     TestWidgetsFlutterBinding._runTestBody (package:flutter_test/src/binding.dart:1953:5)
<asynchronous suspension>
<asynchronous suspension>
(elided 7 frames from class _AssertionError, dart:async, and package:stack_trace)

The following RenderObject was being processed when the exception was fired: _RenderSingleChildViewport#c13a2 NEEDS-LAYOUT NEEDS-PAINT NEEDS-COMPOSITING-BITS-UPDATE:
  needs compositing
  creator: _SingleChildViewport ← IgnorePointer-[GlobalKey#476ca] ← Semantics ← Listener ←
    _GestureSemantics ← RawGestureDetector-[LabeledGlobalKey<RawGestureDetectorState>#bd1eb] ←
    Listener ← _ScrollableScope ← _ScrollSemantics-[GlobalKey#a5fe5] ←
    NotificationListener<ScrollMetricsNotification> ← Transform ← StretchEffect ← ⋯
  parentData: <none> (can use size)
  constraints: BoxConstraints(w=358.0, h=548.0)
  size: MISSING
  offset: Offset(0.0, -0.0)
This RenderObject had the following descendants (showing up to depth 5):
    child: RenderFlex#d6892 relayoutBoundary=up1 NEEDS-PAINT NEEDS-COMPOSITING-BITS-UPDATE
      child 1: RenderFlex#f6b38 relayoutBoundary=up2 NEEDS-PAINT NEEDS-COMPOSITING-BITS-UPDATE
        child 1: RenderPositionedBox#86884 relayoutBoundary=up3 NEEDS-PAINT NEEDS-COMPOSITING-BITS-UPDATE
          child: RenderSemanticsAnnotations#00707 relayoutBoundary=up4 NEEDS-PAINT NEEDS-COMPOSITING-BITS-UPDATE
            child: RenderDecoratedBox#e3138 relayoutBoundary=up5 NEEDS-PAINT NEEDS-COMPOSITING-BITS-UPDATE
        child 2: RenderConstrainedBox#89da9 relayoutBoundary=up3 NEEDS-PAINT
        child 3: _RenderLayoutBuilder#1e497 relayoutBoundary=up3 NEEDS-PAINT NEEDS-COMPOSITING-BITS-UPDATE
          child: RenderFlex#dbdef relayoutBoundary=up4 NEEDS-PAINT NEEDS-COMPOSITING-BITS-UPDATE
            child 1: RenderConstrainedBox#540e3 NEEDS-LAYOUT NEEDS-PAINT NEEDS-COMPOSITING-BITS-UPDATE
            child 2: RenderConstrainedBox#e58fe NEEDS-LAYOUT NEEDS-PAINT
            child 3: RenderPhysicalShape#7d191 NEEDS-LAYOUT NEEDS-PAINT NEEDS-COMPOSITING-BITS-UPDATE
            child 4: RenderConstrainedBox#9c221 NEEDS-LAYOUT NEEDS-PAINT
════════════════════════════════════════════════════════════════════════════════════════════════════
══╡ EXCEPTION CAUGHT BY RENDERING LIBRARY ╞═════════════════════════════════════════════════════════
The following assertion was thrown during performLayout():
RenderBox was not laid out: _RenderSingleChildViewport#c13a2 NEEDS-PAINT
NEEDS-COMPOSITING-BITS-UPDATE
'package:flutter/src/rendering/box.dart':
Failed assertion: line 2251 pos 12: 'hasSize'

Either the assertion indicates an error in the framework itself, or we should provide substantially
more information in this error message to help you determine and fix the underlying cause.
In either case, please report this assertion by filing a bug on GitHub:
  https://github.com/flutter/flutter/issues/new?template=02_bug.yml

The relevant error-causing widget was:
  SingleChildScrollView-[<'runtime-pause-detail-scroll'>]
  SingleChildScrollView:file:///private/tmp/menu11-preview-head-87226620c/packages/map_player_ui/lib/src/player/runtime_player_pause_shell.dart:928:20

When the exception was thrown, this was the stack:
#2      RenderBox.size (package:flutter/src/rendering/box.dart:2251:12)
#3      RenderProxyBoxMixin.performLayout (package:flutter/src/rendering/proxy_box.dart:118:62)
#4      RenderObject.layout (package:flutter/src/rendering/object.dart:2911:7)
#5      RenderProxyBoxMixin.performLayout (package:flutter/src/rendering/proxy_box.dart:118:18)
#6      RenderObject.layout (package:flutter/src/rendering/object.dart:2911:7)
#7      RenderProxyBoxMixin.performLayout (package:flutter/src/rendering/proxy_box.dart:118:18)
#8      RenderObject.layout (package:flutter/src/rendering/object.dart:2911:7)
#9      RenderProxyBoxMixin.performLayout (package:flutter/src/rendering/proxy_box.dart:118:18)
#10     RenderObject.layout (package:flutter/src/rendering/object.dart:2911:7)
#11     RenderProxyBoxMixin.performLayout (package:flutter/src/rendering/proxy_box.dart:118:18)
#12     RenderObject.layout (package:flutter/src/rendering/object.dart:2911:7)
#13     RenderProxyBoxMixin.performLayout (package:flutter/src/rendering/proxy_box.dart:118:18)
#14     RenderObject.layout (package:flutter/src/rendering/object.dart:2911:7)
#15     RenderProxyBoxMixin.performLayout (package:flutter/src/rendering/proxy_box.dart:118:18)
#16     RenderObject.layout (package:flutter/src/rendering/object.dart:2911:7)
#17     RenderProxyBoxMixin.performLayout (package:flutter/src/rendering/proxy_box.dart:118:18)
#18     _RenderCustomClip.performLayout (package:flutter/src/rendering/proxy_box.dart:1549:11)
#19     RenderObject.layout (package:flutter/src/rendering/object.dart:2911:7)
#20     RenderProxyBoxMixin.performLayout (package:flutter/src/rendering/proxy_box.dart:118:18)
#21     RenderObject.layout (package:flutter/src/rendering/object.dart:2911:7)
#22     RenderProxyBoxMixin.performLayout (package:flutter/src/rendering/proxy_box.dart:118:18)
#23     RenderCustomPaint.performLayout (package:flutter/src/rendering/custom_paint.dart:574:11)
#24     RenderObject.layout (package:flutter/src/rendering/object.dart:2911:7)
#25     RenderProxyBoxMixin.performLayout (package:flutter/src/rendering/proxy_box.dart:118:18)
#26     RenderObject.layout (package:flutter/src/rendering/object.dart:2911:7)
#27     RenderProxyBoxMixin.performLayout (package:flutter/src/rendering/proxy_box.dart:118:18)
#28     RenderObject.layout (package:flutter/src/rendering/object.dart:2911:7)
#29     RenderProxyBoxMixin.performLayout (package:flutter/src/rendering/proxy_box.dart:118:18)
#30     RenderObject.layout (package:flutter/src/rendering/object.dart:2911:7)
#31     RenderProxyBoxMixin.performLayout (package:flutter/src/rendering/proxy_box.dart:118:18)
#32     RenderObject.layout (package:flutter/src/rendering/object.dart:2911:7)
#33     RenderProxyBoxMixin.performLayout (package:flutter/src/rendering/proxy_box.dart:118:18)
#34     RenderObject.layout (package:flutter/src/rendering/object.dart:2911:7)
#35     ChildLayoutHelper.layoutChild (package:flutter/src/rendering/layout_helper.dart:62:11)
#36     RenderFlex._computeSizes (package:flutter/src/rendering/flex.dart:1275:26)
#37     RenderFlex.performLayout (package:flutter/src/rendering/flex.dart:1329:32)
#38     RenderObject.layout (package:flutter/src/rendering/object.dart:2911:7)
#39     RenderPadding.performLayout (package:flutter/src/rendering/shifted_box.dart:262:12)
#40     RenderObject.layout (package:flutter/src/rendering/object.dart:2911:7)
#41     RenderProxyBoxMixin.performLayout (package:flutter/src/rendering/proxy_box.dart:118:18)
#42     RenderObject.layout (package:flutter/src/rendering/object.dart:2911:7)
#43     RenderProxyBoxMixin.performLayout (package:flutter/src/rendering/proxy_box.dart:118:18)
#44     RenderCustomPaint.performLayout (package:flutter/src/rendering/custom_paint.dart:574:11)
#45     RenderObject.layout (package:flutter/src/rendering/object.dart:2911:7)
#46     RenderProxyBoxMixin.performLayout (package:flutter/src/rendering/proxy_box.dart:118:18)
#47     _RenderCustomClip.performLayout (package:flutter/src/rendering/proxy_box.dart:1549:11)
#48     RenderObject.layout (package:flutter/src/rendering/object.dart:2911:7)
#49     ChildLayoutHelper.layoutChild (package:flutter/src/rendering/layout_helper.dart:62:11)
#50     RenderStack._computeSize (package:flutter/src/rendering/stack.dart:647:43)
#51     RenderStack.performLayout (package:flutter/src/rendering/stack.dart:682:12)
#52     RenderObject.layout (package:flutter/src/rendering/object.dart:2911:7)
#53     _RenderLayoutBuilder.performLayout (package:flutter/src/widgets/layout_builder.dart:449:14)
#54     RenderObject._layoutWithoutResize (package:flutter/src/rendering/object.dart:2759:7)
#55     PipelineOwner.flushLayout (package:flutter/src/rendering/object.dart:1174:18)
#56     PipelineOwner.flushLayout (package:flutter/src/rendering/object.dart:1187:15)
#57     AutomatedTestWidgetsFlutterBinding.drawFrame (package:flutter_test/src/binding.dart:2434:27)
#58     RendererBinding._handlePersistentFrameCallback (package:flutter/src/rendering/binding.dart:558:5)
#59     SchedulerBinding._invokeFrameCallback (package:flutter/src/scheduler/binding.dart:1430:15)
#60     SchedulerBinding.handleDrawFrame (package:flutter/src/scheduler/binding.dart:1345:9)
#61     AutomatedTestWidgetsFlutterBinding.pump.<anonymous closure> (package:flutter_test/src/binding.dart:2261:9)
#64     TestAsyncUtils.guard (package:flutter_test/src/test_async_utils.dart:74:41)
#65     AutomatedTestWidgetsFlutterBinding.pump (package:flutter_test/src/binding.dart:2250:27)
#66     WidgetTester.pumpAndSettle.<anonymous closure> (package:flutter_test/src/widget_tester.dart:719:23)
#69     TestAsyncUtils.guard (package:flutter_test/src/test_async_utils.dart:74:41)
#70     WidgetTester.pumpAndSettle (package:flutter_test/src/widget_tester.dart:712:27)
#71     main.<anonymous closure> (file:///private/tmp/menu11-preview-head-87226620c/packages/map_editor/test/personalization/personalization_player_surface_adapter_test.dart:220:20)
<asynchronous suspension>
#72     testWidgets.<anonymous closure>.<anonymous closure> (package:flutter_test/src/widget_tester.dart:192:15)
<asynchronous suspension>
#73     TestWidgetsFlutterBinding._runTestBody (package:flutter_test/src/binding.dart:1953:5)
<asynchronous suspension>
<asynchronous suspension>
(elided 7 frames from class _AssertionError, dart:async, and package:stack_trace)

The following RenderObject was being processed when the exception was fired: RenderIgnorePointer#c3822 NEEDS-LAYOUT NEEDS-PAINT NEEDS-COMPOSITING-BITS-UPDATE:
  creator: IgnorePointer-[GlobalKey#476ca] ← Semantics ← Listener ← _GestureSemantics ←
    RawGestureDetector-[LabeledGlobalKey<RawGestureDetectorState>#bd1eb] ← Listener ← _ScrollableScope
    ← _ScrollSemantics-[GlobalKey#a5fe5] ← NotificationListener<ScrollMetricsNotification> ← Transform
    ← StretchEffect ← ClipRect ← ⋯
  parentData: <none> (can use size)
  constraints: BoxConstraints(w=358.0, h=548.0)
  size: MISSING
  ignoring: false
  ignoringSemantics: null
This RenderObject had the following descendants (showing up to depth 5):
    child: _RenderSingleChildViewport#c13a2 NEEDS-PAINT NEEDS-COMPOSITING-BITS-UPDATE
      child: RenderFlex#d6892 relayoutBoundary=up1 NEEDS-PAINT NEEDS-COMPOSITING-BITS-UPDATE
        child 1: RenderFlex#f6b38 relayoutBoundary=up2 NEEDS-PAINT NEEDS-COMPOSITING-BITS-UPDATE
          child 1: RenderPositionedBox#86884 relayoutBoundary=up3 NEEDS-PAINT NEEDS-COMPOSITING-BITS-UPDATE
            child: RenderSemanticsAnnotations#00707 relayoutBoundary=up4 NEEDS-PAINT NEEDS-COMPOSITING-BITS-UPDATE
          child 2: RenderConstrainedBox#89da9 relayoutBoundary=up3 NEEDS-PAINT
          child 3: _RenderLayoutBuilder#1e497 relayoutBoundary=up3 NEEDS-PAINT NEEDS-COMPOSITING-BITS-UPDATE
            child: RenderFlex#dbdef relayoutBoundary=up4 NEEDS-PAINT NEEDS-COMPOSITING-BITS-UPDATE
════════════════════════════════════════════════════════════════════════════════════════════════════
══╡ EXCEPTION CAUGHT BY RENDERING LIBRARY ╞═════════════════════════════════════════════════════════
The following assertion was thrown during performLayout():
RenderBox was not laid out: RenderIgnorePointer#c3822 NEEDS-PAINT NEEDS-COMPOSITING-BITS-UPDATE
'package:flutter/src/rendering/box.dart':
Failed assertion: line 2251 pos 12: 'hasSize'

Either the assertion indicates an error in the framework itself, or we should provide substantially
more information in this error message to help you determine and fix the underlying cause.
In either case, please report this assertion by filing a bug on GitHub:
  https://github.com/flutter/flutter/issues/new?template=02_bug.yml

The relevant error-causing widget was:
  SingleChildScrollView-[<'runtime-pause-detail-scroll'>]
  SingleChildScrollView:file:///private/tmp/menu11-preview-head-87226620c/packages/map_player_ui/lib/src/player/runtime_player_pause_shell.dart:928:20

When the exception was thrown, this was the stack:
#2      RenderBox.size (package:flutter/src/rendering/box.dart:2251:12)
#3      RenderProxyBoxMixin.performLayout (package:flutter/src/rendering/proxy_box.dart:118:62)
#4      RenderObject.layout (package:flutter/src/rendering/object.dart:2911:7)
#5      RenderProxyBoxMixin.performLayout (package:flutter/src/rendering/proxy_box.dart:118:18)
#6      RenderObject.layout (package:flutter/src/rendering/object.dart:2911:7)
#7      RenderProxyBoxMixin.performLayout (package:flutter/src/rendering/proxy_box.dart:118:18)
#8      RenderObject.layout (package:flutter/src/rendering/object.dart:2911:7)
#9      RenderProxyBoxMixin.performLayout (package:flutter/src/rendering/proxy_box.dart:118:18)
#10     RenderObject.layout (package:flutter/src/rendering/object.dart:2911:7)
#11     RenderProxyBoxMixin.performLayout (package:flutter/src/rendering/proxy_box.dart:118:18)
#12     RenderObject.layout (package:flutter/src/rendering/object.dart:2911:7)
#13     RenderProxyBoxMixin.performLayout (package:flutter/src/rendering/proxy_box.dart:118:18)
#14     RenderObject.layout (package:flutter/src/rendering/object.dart:2911:7)
#15     RenderProxyBoxMixin.performLayout (package:flutter/src/rendering/proxy_box.dart:118:18)
#16     _RenderCustomClip.performLayout (package:flutter/src/rendering/proxy_box.dart:1549:11)
#17     RenderObject.layout (package:flutter/src/rendering/object.dart:2911:7)
#18     RenderProxyBoxMixin.performLayout (package:flutter/src/rendering/proxy_box.dart:118:18)
#19     RenderObject.layout (package:flutter/src/rendering/object.dart:2911:7)
#20     RenderProxyBoxMixin.performLayout (package:flutter/src/rendering/proxy_box.dart:118:18)
#21     RenderCustomPaint.performLayout (package:flutter/src/rendering/custom_paint.dart:574:11)
#22     RenderObject.layout (package:flutter/src/rendering/object.dart:2911:7)
#23     RenderProxyBoxMixin.performLayout (package:flutter/src/rendering/proxy_box.dart:118:18)
#24     RenderObject.layout (package:flutter/src/rendering/object.dart:2911:7)
#25     RenderProxyBoxMixin.performLayout (package:flutter/src/rendering/proxy_box.dart:118:18)
#26     RenderObject.layout (package:flutter/src/rendering/object.dart:2911:7)
#27     RenderProxyBoxMixin.performLayout (package:flutter/src/rendering/proxy_box.dart:118:18)
#28     RenderObject.layout (package:flutter/src/rendering/object.dart:2911:7)
#29     RenderProxyBoxMixin.performLayout (package:flutter/src/rendering/proxy_box.dart:118:18)
#30     RenderObject.layout (package:flutter/src/rendering/object.dart:2911:7)
#31     RenderProxyBoxMixin.performLayout (package:flutter/src/rendering/proxy_box.dart:118:18)
#32     RenderObject.layout (package:flutter/src/rendering/object.dart:2911:7)
#33     ChildLayoutHelper.layoutChild (package:flutter/src/rendering/layout_helper.dart:62:11)
#34     RenderFlex._computeSizes (package:flutter/src/rendering/flex.dart:1275:26)
#35     RenderFlex.performLayout (package:flutter/src/rendering/flex.dart:1329:32)
#36     RenderObject.layout (package:flutter/src/rendering/object.dart:2911:7)
#37     RenderPadding.performLayout (package:flutter/src/rendering/shifted_box.dart:262:12)
#38     RenderObject.layout (package:flutter/src/rendering/object.dart:2911:7)
#39     RenderProxyBoxMixin.performLayout (package:flutter/src/rendering/proxy_box.dart:118:18)
#40     RenderObject.layout (package:flutter/src/rendering/object.dart:2911:7)
#41     RenderProxyBoxMixin.performLayout (package:flutter/src/rendering/proxy_box.dart:118:18)
#42     RenderCustomPaint.performLayout (package:flutter/src/rendering/custom_paint.dart:574:11)
#43     RenderObject.layout (package:flutter/src/rendering/object.dart:2911:7)
#44     RenderProxyBoxMixin.performLayout (package:flutter/src/rendering/proxy_box.dart:118:18)
#45     _RenderCustomClip.performLayout (package:flutter/src/rendering/proxy_box.dart:1549:11)
#46     RenderObject.layout (package:flutter/src/rendering/object.dart:2911:7)
#47     ChildLayoutHelper.layoutChild (package:flutter/src/rendering/layout_helper.dart:62:11)
#48     RenderStack._computeSize (package:flutter/src/rendering/stack.dart:647:43)
#49     RenderStack.performLayout (package:flutter/src/rendering/stack.dart:682:12)
#50     RenderObject.layout (package:flutter/src/rendering/object.dart:2911:7)
#51     _RenderLayoutBuilder.performLayout (package:flutter/src/widgets/layout_builder.dart:449:14)
#52     RenderObject._layoutWithoutResize (package:flutter/src/rendering/object.dart:2759:7)
#53     PipelineOwner.flushLayout (package:flutter/src/rendering/object.dart:1174:18)
#54     PipelineOwner.flushLayout (package:flutter/src/rendering/object.dart:1187:15)
#55     AutomatedTestWidgetsFlutterBinding.drawFrame (package:flutter_test/src/binding.dart:2434:27)
#56     RendererBinding._handlePersistentFrameCallback (package:flutter/src/rendering/binding.dart:558:5)
#57     SchedulerBinding._invokeFrameCallback (package:flutter/src/scheduler/binding.dart:1430:15)
#58     SchedulerBinding.handleDrawFrame (package:flutter/src/scheduler/binding.dart:1345:9)
#59     AutomatedTestWidgetsFlutterBinding.pump.<anonymous closure> (package:flutter_test/src/binding.dart:2261:9)
#62     TestAsyncUtils.guard (package:flutter_test/src/test_async_utils.dart:74:41)
#63     AutomatedTestWidgetsFlutterBinding.pump (package:flutter_test/src/binding.dart:2250:27)
#64     WidgetTester.pumpAndSettle.<anonymous closure> (package:flutter_test/src/widget_tester.dart:719:23)
#67     TestAsyncUtils.guard (package:flutter_test/src/test_async_utils.dart:74:41)
#68     WidgetTester.pumpAndSettle (package:flutter_test/src/widget_tester.dart:712:27)
#69     main.<anonymous closure> (file:///private/tmp/menu11-preview-head-87226620c/packages/map_editor/test/personalization/personalization_player_surface_adapter_test.dart:220:20)
<asynchronous suspension>
#70     testWidgets.<anonymous closure>.<anonymous closure> (package:flutter_test/src/widget_tester.dart:192:15)
<asynchronous suspension>
#71     TestWidgetsFlutterBinding._runTestBody (package:flutter_test/src/binding.dart:1953:5)
<asynchronous suspension>
<asynchronous suspension>
(elided 7 frames from class _AssertionError, dart:async, and package:stack_trace)

The following RenderObject was being processed when the exception was fired: RenderSemanticsAnnotations#fde32 NEEDS-LAYOUT NEEDS-PAINT NEEDS-COMPOSITING-BITS-UPDATE:
  creator: Semantics ← Listener ← _GestureSemantics ←
    RawGestureDetector-[LabeledGlobalKey<RawGestureDetectorState>#bd1eb] ← Listener ← _ScrollableScope
    ← _ScrollSemantics-[GlobalKey#a5fe5] ← NotificationListener<ScrollMetricsNotification> ← Transform
    ← StretchEffect ← ClipRect ← AnimatedBuilder ← ⋯
  parentData: <none> (can use size)
  constraints: BoxConstraints(w=358.0, h=548.0)
  size: MISSING
This RenderObject had the following descendants (showing up to depth 5):
    child: RenderIgnorePointer#c3822 NEEDS-PAINT NEEDS-COMPOSITING-BITS-UPDATE
      child: _RenderSingleChildViewport#c13a2 NEEDS-PAINT NEEDS-COMPOSITING-BITS-UPDATE
        child: RenderFlex#d6892 relayoutBoundary=up1 NEEDS-PAINT NEEDS-COMPOSITING-BITS-UPDATE
          child 1: RenderFlex#f6b38 relayoutBoundary=up2 NEEDS-PAINT NEEDS-COMPOSITING-BITS-UPDATE
            child 1: RenderPositionedBox#86884 relayoutBoundary=up3 NEEDS-PAINT NEEDS-COMPOSITING-BITS-UPDATE
            child 2: RenderConstrainedBox#89da9 relayoutBoundary=up3 NEEDS-PAINT
            child 3: _RenderLayoutBuilder#1e497 relayoutBoundary=up3 NEEDS-PAINT NEEDS-COMPOSITING-BITS-UPDATE
════════════════════════════════════════════════════════════════════════════════════════════════════
══╡ EXCEPTION CAUGHT BY RENDERING LIBRARY ╞═════════════════════════════════════════════════════════
The following assertion was thrown during performLayout():
RenderBox was not laid out: RenderSemanticsAnnotations#fde32 NEEDS-PAINT
NEEDS-COMPOSITING-BITS-UPDATE
'package:flutter/src/rendering/box.dart':
Failed assertion: line 2251 pos 12: 'hasSize'

Either the assertion indicates an error in the framework itself, or we should provide substantially
more information in this error message to help you determine and fix the underlying cause.
In either case, please report this assertion by filing a bug on GitHub:
  https://github.com/flutter/flutter/issues/new?template=02_bug.yml

The relevant error-causing widget was:
  SingleChildScrollView-[<'runtime-pause-detail-scroll'>]
  SingleChildScrollView:file:///private/tmp/menu11-preview-head-87226620c/packages/map_player_ui/lib/src/player/runtime_player_pause_shell.dart:928:20

When the exception was thrown, this was the stack:
#2      RenderBox.size (package:flutter/src/rendering/box.dart:2251:12)
#3      RenderProxyBoxMixin.performLayout (package:flutter/src/rendering/proxy_box.dart:118:62)
#4      RenderObject.layout (package:flutter/src/rendering/object.dart:2911:7)
#5      RenderProxyBoxMixin.performLayout (package:flutter/src/rendering/proxy_box.dart:118:18)
#6      RenderObject.layout (package:flutter/src/rendering/object.dart:2911:7)
#7      RenderProxyBoxMixin.performLayout (package:flutter/src/rendering/proxy_box.dart:118:18)
#8      RenderObject.layout (package:flutter/src/rendering/object.dart:2911:7)
#9      RenderProxyBoxMixin.performLayout (package:flutter/src/rendering/proxy_box.dart:118:18)
#10     RenderObject.layout (package:flutter/src/rendering/object.dart:2911:7)
#11     RenderProxyBoxMixin.performLayout (package:flutter/src/rendering/proxy_box.dart:118:18)
#12     RenderObject.layout (package:flutter/src/rendering/object.dart:2911:7)
#13     RenderProxyBoxMixin.performLayout (package:flutter/src/rendering/proxy_box.dart:118:18)
#14     _RenderCustomClip.performLayout (package:flutter/src/rendering/proxy_box.dart:1549:11)
#15     RenderObject.layout (package:flutter/src/rendering/object.dart:2911:7)
#16     RenderProxyBoxMixin.performLayout (package:flutter/src/rendering/proxy_box.dart:118:18)
#17     RenderObject.layout (package:flutter/src/rendering/object.dart:2911:7)
#18     RenderProxyBoxMixin.performLayout (package:flutter/src/rendering/proxy_box.dart:118:18)
#19     RenderCustomPaint.performLayout (package:flutter/src/rendering/custom_paint.dart:574:11)
#20     RenderObject.layout (package:flutter/src/rendering/object.dart:2911:7)
#21     RenderProxyBoxMixin.performLayout (package:flutter/src/rendering/proxy_box.dart:118:18)
#22     RenderObject.layout (package:flutter/src/rendering/object.dart:2911:7)
#23     RenderProxyBoxMixin.performLayout (package:flutter/src/rendering/proxy_box.dart:118:18)
#24     RenderObject.layout (package:flutter/src/rendering/object.dart:2911:7)
#25     RenderProxyBoxMixin.performLayout (package:flutter/src/rendering/proxy_box.dart:118:18)
#26     RenderObject.layout (package:flutter/src/rendering/object.dart:2911:7)
#27     RenderProxyBoxMixin.performLayout (package:flutter/src/rendering/proxy_box.dart:118:18)
#28     RenderObject.layout (package:flutter/src/rendering/object.dart:2911:7)
#29     RenderProxyBoxMixin.performLayout (package:flutter/src/rendering/proxy_box.dart:118:18)
#30     RenderObject.layout (package:flutter/src/rendering/object.dart:2911:7)
#31     ChildLayoutHelper.layoutChild (package:flutter/src/rendering/layout_helper.dart:62:11)
#32     RenderFlex._computeSizes (package:flutter/src/rendering/flex.dart:1275:26)
#33     RenderFlex.performLayout (package:flutter/src/rendering/flex.dart:1329:32)
#34     RenderObject.layout (package:flutter/src/rendering/object.dart:2911:7)
#35     RenderPadding.performLayout (package:flutter/src/rendering/shifted_box.dart:262:12)
#36     RenderObject.layout (package:flutter/src/rendering/object.dart:2911:7)
#37     RenderProxyBoxMixin.performLayout (package:flutter/src/rendering/proxy_box.dart:118:18)
#38     RenderObject.layout (package:flutter/src/rendering/object.dart:2911:7)
#39     RenderProxyBoxMixin.performLayout (package:flutter/src/rendering/proxy_box.dart:118:18)
#40     RenderCustomPaint.performLayout (package:flutter/src/rendering/custom_paint.dart:574:11)
#41     RenderObject.layout (package:flutter/src/rendering/object.dart:2911:7)
#42     RenderProxyBoxMixin.performLayout (package:flutter/src/rendering/proxy_box.dart:118:18)
#43     _RenderCustomClip.performLayout (package:flutter/src/rendering/proxy_box.dart:1549:11)
#44     RenderObject.layout (package:flutter/src/rendering/object.dart:2911:7)
#45     ChildLayoutHelper.layoutChild (package:flutter/src/rendering/layout_helper.dart:62:11)
#46     RenderStack._computeSize (package:flutter/src/rendering/stack.dart:647:43)
#47     RenderStack.performLayout (package:flutter/src/rendering/stack.dart:682:12)
#48     RenderObject.layout (package:flutter/src/rendering/object.dart:2911:7)
#49     _RenderLayoutBuilder.performLayout (package:flutter/src/widgets/layout_builder.dart:449:14)
#50     RenderObject._layoutWithoutResize (package:flutter/src/rendering/object.dart:2759:7)
#51     PipelineOwner.flushLayout (package:flutter/src/rendering/object.dart:1174:18)
#52     PipelineOwner.flushLayout (package:flutter/src/rendering/object.dart:1187:15)
#53     AutomatedTestWidgetsFlutterBinding.drawFrame (package:flutter_test/src/binding.dart:2434:27)
#54     RendererBinding._handlePersistentFrameCallback (package:flutter/src/rendering/binding.dart:558:5)
#55     SchedulerBinding._invokeFrameCallback (package:flutter/src/scheduler/binding.dart:1430:15)
#56     SchedulerBinding.handleDrawFrame (package:flutter/src/scheduler/binding.dart:1345:9)
#57     AutomatedTestWidgetsFlutterBinding.pump.<anonymous closure> (package:flutter_test/src/binding.dart:2261:9)
#60     TestAsyncUtils.guard (package:flutter_test/src/test_async_utils.dart:74:41)
#61     AutomatedTestWidgetsFlutterBinding.pump (package:flutter_test/src/binding.dart:2250:27)
#62     WidgetTester.pumpAndSettle.<anonymous closure> (package:flutter_test/src/widget_tester.dart:719:23)
#65     TestAsyncUtils.guard (package:flutter_test/src/test_async_utils.dart:74:41)
#66     WidgetTester.pumpAndSettle (package:flutter_test/src/widget_tester.dart:712:27)
#67     main.<anonymous closure> (file:///private/tmp/menu11-preview-head-87226620c/packages/map_editor/test/personalization/personalization_player_surface_adapter_test.dart:220:20)
<asynchronous suspension>
#68     testWidgets.<anonymous closure>.<anonymous closure> (package:flutter_test/src/widget_tester.dart:192:15)
<asynchronous suspension>
#69     TestWidgetsFlutterBinding._runTestBody (package:flutter_test/src/binding.dart:1953:5)
<asynchronous suspension>
<asynchronous suspension>
(elided 7 frames from class _AssertionError, dart:async, and package:stack_trace)

The following RenderObject was being processed when the exception was fired: RenderPointerListener#0e920 NEEDS-LAYOUT NEEDS-PAINT NEEDS-COMPOSITING-BITS-UPDATE:
  creator: Listener ← _GestureSemantics ←
    RawGestureDetector-[LabeledGlobalKey<RawGestureDetectorState>#bd1eb] ← Listener ← _ScrollableScope
    ← _ScrollSemantics-[GlobalKey#a5fe5] ← NotificationListener<ScrollMetricsNotification> ← Transform
    ← StretchEffect ← ClipRect ← AnimatedBuilder ← NotificationListener<ScrollNotification> ← ⋯
  parentData: <none> (can use size)
  constraints: BoxConstraints(w=358.0, h=548.0)
  size: MISSING
  behavior: opaque
  listeners: down, panZoomStart
This RenderObject had the following descendants (showing up to depth 5):
    child: RenderSemanticsAnnotations#fde32 NEEDS-PAINT NEEDS-COMPOSITING-BITS-UPDATE
      child: RenderIgnorePointer#c3822 NEEDS-PAINT NEEDS-COMPOSITING-BITS-UPDATE
        child: _RenderSingleChildViewport#c13a2 NEEDS-PAINT NEEDS-COMPOSITING-BITS-UPDATE
          child: RenderFlex#d6892 relayoutBoundary=up1 NEEDS-PAINT NEEDS-COMPOSITING-BITS-UPDATE
            child 1: RenderFlex#f6b38 relayoutBoundary=up2 NEEDS-PAINT NEEDS-COMPOSITING-BITS-UPDATE
════════════════════════════════════════════════════════════════════════════════════════════════════
══╡ EXCEPTION CAUGHT BY RENDERING LIBRARY ╞═════════════════════════════════════════════════════════
The following assertion was thrown during performLayout():
RenderBox was not laid out: RenderPointerListener#0e920 NEEDS-PAINT NEEDS-COMPOSITING-BITS-UPDATE
'package:flutter/src/rendering/box.dart':
Failed assertion: line 2251 pos 12: 'hasSize'

Either the assertion indicates an error in the framework itself, or we should provide substantially
more information in this error message to help you determine and fix the underlying cause.
In either case, please report this assertion by filing a bug on GitHub:
  https://github.com/flutter/flutter/issues/new?template=02_bug.yml

The relevant error-causing widget was:
  SingleChildScrollView-[<'runtime-pause-detail-scroll'>]
  SingleChildScrollView:file:///private/tmp/menu11-preview-head-87226620c/packages/map_player_ui/lib/src/player/runtime_player_pause_shell.dart:928:20

When the exception was thrown, this was the stack:
#2      RenderBox.size (package:flutter/src/rendering/box.dart:2251:12)
#3      RenderProxyBoxMixin.performLayout (package:flutter/src/rendering/proxy_box.dart:118:62)
#4      RenderObject.layout (package:flutter/src/rendering/object.dart:2911:7)
#5      RenderProxyBoxMixin.performLayout (package:flutter/src/rendering/proxy_box.dart:118:18)
#6      RenderObject.layout (package:flutter/src/rendering/object.dart:2911:7)
#7      RenderProxyBoxMixin.performLayout (package:flutter/src/rendering/proxy_box.dart:118:18)
#8      RenderObject.layout (package:flutter/src/rendering/object.dart:2911:7)
#9      RenderProxyBoxMixin.performLayout (package:flutter/src/rendering/proxy_box.dart:118:18)
#10     RenderObject.layout (package:flutter/src/rendering/object.dart:2911:7)
#11     RenderProxyBoxMixin.performLayout (package:flutter/src/rendering/proxy_box.dart:118:18)
#12     _RenderCustomClip.performLayout (package:flutter/src/rendering/proxy_box.dart:1549:11)
#13     RenderObject.layout (package:flutter/src/rendering/object.dart:2911:7)
#14     RenderProxyBoxMixin.performLayout (package:flutter/src/rendering/proxy_box.dart:118:18)
#15     RenderObject.layout (package:flutter/src/rendering/object.dart:2911:7)
#16     RenderProxyBoxMixin.performLayout (package:flutter/src/rendering/proxy_box.dart:118:18)
#17     RenderCustomPaint.performLayout (package:flutter/src/rendering/custom_paint.dart:574:11)
#18     RenderObject.layout (package:flutter/src/rendering/object.dart:2911:7)
#19     RenderProxyBoxMixin.performLayout (package:flutter/src/rendering/proxy_box.dart:118:18)
#20     RenderObject.layout (package:flutter/src/rendering/object.dart:2911:7)
#21     RenderProxyBoxMixin.performLayout (package:flutter/src/rendering/proxy_box.dart:118:18)
#22     RenderObject.layout (package:flutter/src/rendering/object.dart:2911:7)
#23     RenderProxyBoxMixin.performLayout (package:flutter/src/rendering/proxy_box.dart:118:18)
#24     RenderObject.layout (package:flutter/src/rendering/object.dart:2911:7)
#25     RenderProxyBoxMixin.performLayout (package:flutter/src/rendering/proxy_box.dart:118:18)
#26     RenderObject.layout (package:flutter/src/rendering/object.dart:2911:7)
#27     RenderProxyBoxMixin.performLayout (package:flutter/src/rendering/proxy_box.dart:118:18)
#28     RenderObject.layout (package:flutter/src/rendering/object.dart:2911:7)
#29     ChildLayoutHelper.layoutChild (package:flutter/src/rendering/layout_helper.dart:62:11)
#30     RenderFlex._computeSizes (package:flutter/src/rendering/flex.dart:1275:26)
#31     RenderFlex.performLayout (package:flutter/src/rendering/flex.dart:1329:32)
#32     RenderObject.layout (package:flutter/src/rendering/object.dart:2911:7)
#33     RenderPadding.performLayout (package:flutter/src/rendering/shifted_box.dart:262:12)
#34     RenderObject.layout (package:flutter/src/rendering/object.dart:2911:7)
#35     RenderProxyBoxMixin.performLayout (package:flutter/src/rendering/proxy_box.dart:118:18)
#36     RenderObject.layout (package:flutter/src/rendering/object.dart:2911:7)
#37     RenderProxyBoxMixin.performLayout (package:flutter/src/rendering/proxy_box.dart:118:18)
#38     RenderCustomPaint.performLayout (package:flutter/src/rendering/custom_paint.dart:574:11)
#39     RenderObject.layout (package:flutter/src/rendering/object.dart:2911:7)
#40     RenderProxyBoxMixin.performLayout (package:flutter/src/rendering/proxy_box.dart:118:18)
#41     _RenderCustomClip.performLayout (package:flutter/src/rendering/proxy_box.dart:1549:11)
#42     RenderObject.layout (package:flutter/src/rendering/object.dart:2911:7)
#43     ChildLayoutHelper.layoutChild (package:flutter/src/rendering/layout_helper.dart:62:11)
#44     RenderStack._computeSize (package:flutter/src/rendering/stack.dart:647:43)
#45     RenderStack.performLayout (package:flutter/src/rendering/stack.dart:682:12)
#46     RenderObject.layout (package:flutter/src/rendering/object.dart:2911:7)
#47     _RenderLayoutBuilder.performLayout (package:flutter/src/widgets/layout_builder.dart:449:14)
#48     RenderObject._layoutWithoutResize (package:flutter/src/rendering/object.dart:2759:7)
#49     PipelineOwner.flushLayout (package:flutter/src/rendering/object.dart:1174:18)
#50     PipelineOwner.flushLayout (package:flutter/src/rendering/object.dart:1187:15)
#51     AutomatedTestWidgetsFlutterBinding.drawFrame (package:flutter_test/src/binding.dart:2434:27)
#52     RendererBinding._handlePersistentFrameCallback (package:flutter/src/rendering/binding.dart:558:5)
#53     SchedulerBinding._invokeFrameCallback (package:flutter/src/scheduler/binding.dart:1430:15)
#54     SchedulerBinding.handleDrawFrame (package:flutter/src/scheduler/binding.dart:1345:9)
#55     AutomatedTestWidgetsFlutterBinding.pump.<anonymous closure> (package:flutter_test/src/binding.dart:2261:9)
#58     TestAsyncUtils.guard (package:flutter_test/src/test_async_utils.dart:74:41)
#59     AutomatedTestWidgetsFlutterBinding.pump (package:flutter_test/src/binding.dart:2250:27)
#60     WidgetTester.pumpAndSettle.<anonymous closure> (package:flutter_test/src/widget_tester.dart:719:23)
#63     TestAsyncUtils.guard (package:flutter_test/src/test_async_utils.dart:74:41)
#64     WidgetTester.pumpAndSettle (package:flutter_test/src/widget_tester.dart:712:27)
#65     main.<anonymous closure> (file:///private/tmp/menu11-preview-head-87226620c/packages/map_editor/test/personalization/personalization_player_surface_adapter_test.dart:220:20)
<asynchronous suspension>
#66     testWidgets.<anonymous closure>.<anonymous closure> (package:flutter_test/src/widget_tester.dart:192:15)
<asynchronous suspension>
#67     TestWidgetsFlutterBinding._runTestBody (package:flutter_test/src/binding.dart:1953:5)
<asynchronous suspension>
<asynchronous suspension>
(elided 7 frames from class _AssertionError, dart:async, and package:stack_trace)

The following RenderObject was being processed when the exception was fired: RenderSemanticsGestureHandler#6f21c NEEDS-LAYOUT NEEDS-PAINT NEEDS-COMPOSITING-BITS-UPDATE:
  creator: _GestureSemantics ← RawGestureDetector-[LabeledGlobalKey<RawGestureDetectorState>#bd1eb] ←
    Listener ← _ScrollableScope ← _ScrollSemantics-[GlobalKey#a5fe5] ←
    NotificationListener<ScrollMetricsNotification> ← Transform ← StretchEffect ← ClipRect ←
    AnimatedBuilder ← NotificationListener<ScrollNotification> ← StretchingOverscrollIndicator ← ⋯
  parentData: <none> (can use size)
  constraints: BoxConstraints(w=358.0, h=548.0)
  size: MISSING
  behavior: opaque
  gestures: <none>
This RenderObject had the following descendants (showing up to depth 5):
    child: RenderPointerListener#0e920 NEEDS-PAINT NEEDS-COMPOSITING-BITS-UPDATE
      child: RenderSemanticsAnnotations#fde32 NEEDS-PAINT NEEDS-COMPOSITING-BITS-UPDATE
        child: RenderIgnorePointer#c3822 NEEDS-PAINT NEEDS-COMPOSITING-BITS-UPDATE
          child: _RenderSingleChildViewport#c13a2 NEEDS-PAINT NEEDS-COMPOSITING-BITS-UPDATE
            child: RenderFlex#d6892 relayoutBoundary=up1 NEEDS-PAINT NEEDS-COMPOSITING-BITS-UPDATE
════════════════════════════════════════════════════════════════════════════════════════════════════
══╡ EXCEPTION CAUGHT BY RENDERING LIBRARY ╞═════════════════════════════════════════════════════════
The following assertion was thrown during performLayout():
RenderBox was not laid out: RenderSemanticsGestureHandler#6f21c NEEDS-PAINT
NEEDS-COMPOSITING-BITS-UPDATE
'package:flutter/src/rendering/box.dart':
Failed assertion: line 2251 pos 12: 'hasSize'

Either the assertion indicates an error in the framework itself, or we should provide substantially
more information in this error message to help you determine and fix the underlying cause.
In either case, please report this assertion by filing a bug on GitHub:
  https://github.com/flutter/flutter/issues/new?template=02_bug.yml

The relevant error-causing widget was:
  SingleChildScrollView-[<'runtime-pause-detail-scroll'>]
  SingleChildScrollView:file:///private/tmp/menu11-preview-head-87226620c/packages/map_player_ui/lib/src/player/runtime_player_pause_shell.dart:928:20

When the exception was thrown, this was the stack:
#2      RenderBox.size (package:flutter/src/rendering/box.dart:2251:12)
#3      RenderProxyBoxMixin.performLayout (package:flutter/src/rendering/proxy_box.dart:118:62)
#4      RenderObject.layout (package:flutter/src/rendering/object.dart:2911:7)
#5      RenderProxyBoxMixin.performLayout (package:flutter/src/rendering/proxy_box.dart:118:18)
#6      RenderObject.layout (package:flutter/src/rendering/object.dart:2911:7)
#7      RenderProxyBoxMixin.performLayout (package:flutter/src/rendering/proxy_box.dart:118:18)
#8      RenderObject.layout (package:flutter/src/rendering/object.dart:2911:7)
#9      RenderProxyBoxMixin.performLayout (package:flutter/src/rendering/proxy_box.dart:118:18)
#10     _RenderCustomClip.performLayout (package:flutter/src/rendering/proxy_box.dart:1549:11)
#11     RenderObject.layout (package:flutter/src/rendering/object.dart:2911:7)
#12     RenderProxyBoxMixin.performLayout (package:flutter/src/rendering/proxy_box.dart:118:18)
#13     RenderObject.layout (package:flutter/src/rendering/object.dart:2911:7)
#14     RenderProxyBoxMixin.performLayout (package:flutter/src/rendering/proxy_box.dart:118:18)
#15     RenderCustomPaint.performLayout (package:flutter/src/rendering/custom_paint.dart:574:11)
#16     RenderObject.layout (package:flutter/src/rendering/object.dart:2911:7)
#17     RenderProxyBoxMixin.performLayout (package:flutter/src/rendering/proxy_box.dart:118:18)
#18     RenderObject.layout (package:flutter/src/rendering/object.dart:2911:7)
#19     RenderProxyBoxMixin.performLayout (package:flutter/src/rendering/proxy_box.dart:118:18)
#20     RenderObject.layout (package:flutter/src/rendering/object.dart:2911:7)
#21     RenderProxyBoxMixin.performLayout (package:flutter/src/rendering/proxy_box.dart:118:18)
#22     RenderObject.layout (package:flutter/src/rendering/object.dart:2911:7)
#23     RenderProxyBoxMixin.performLayout (package:flutter/src/rendering/proxy_box.dart:118:18)
#24     RenderObject.layout (package:flutter/src/rendering/object.dart:2911:7)
#25     RenderProxyBoxMixin.performLayout (package:flutter/src/rendering/proxy_box.dart:118:18)
#26     RenderObject.layout (package:flutter/src/rendering/object.dart:2911:7)
#27     ChildLayoutHelper.layoutChild (package:flutter/src/rendering/layout_helper.dart:62:11)
#28     RenderFlex._computeSizes (package:flutter/src/rendering/flex.dart:1275:26)
#29     RenderFlex.performLayout (package:flutter/src/rendering/flex.dart:1329:32)
#30     RenderObject.layout (package:flutter/src/rendering/object.dart:2911:7)
#31     RenderPadding.performLayout (package:flutter/src/rendering/shifted_box.dart:262:12)
#32     RenderObject.layout (package:flutter/src/rendering/object.dart:2911:7)
#33     RenderProxyBoxMixin.performLayout (package:flutter/src/rendering/proxy_box.dart:118:18)
#34     RenderObject.layout (package:flutter/src/rendering/object.dart:2911:7)
#35     RenderProxyBoxMixin.performLayout (package:flutter/src/rendering/proxy_box.dart:118:18)
#36     RenderCustomPaint.performLayout (package:flutter/src/rendering/custom_paint.dart:574:11)
#37     RenderObject.layout (package:flutter/src/rendering/object.dart:2911:7)
#38     RenderProxyBoxMixin.performLayout (package:flutter/src/rendering/proxy_box.dart:118:18)
#39     _RenderCustomClip.performLayout (package:flutter/src/rendering/proxy_box.dart:1549:11)
#40     RenderObject.layout (package:flutter/src/rendering/object.dart:2911:7)
#41     ChildLayoutHelper.layoutChild (package:flutter/src/rendering/layout_helper.dart:62:11)
#42     RenderStack._computeSize (package:flutter/src/rendering/stack.dart:647:43)
#43     RenderStack.performLayout (package:flutter/src/rendering/stack.dart:682:12)
#44     RenderObject.layout (package:flutter/src/rendering/object.dart:2911:7)
#45     _RenderLayoutBuilder.performLayout (package:flutter/src/widgets/layout_builder.dart:449:14)
#46     RenderObject._layoutWithoutResize (package:flutter/src/rendering/object.dart:2759:7)
#47     PipelineOwner.flushLayout (package:flutter/src/rendering/object.dart:1174:18)
#48     PipelineOwner.flushLayout (package:flutter/src/rendering/object.dart:1187:15)
#49     AutomatedTestWidgetsFlutterBinding.drawFrame (package:flutter_test/src/binding.dart:2434:27)
#50     RendererBinding._handlePersistentFrameCallback (package:flutter/src/rendering/binding.dart:558:5)
#51     SchedulerBinding._invokeFrameCallback (package:flutter/src/scheduler/binding.dart:1430:15)
#52     SchedulerBinding.handleDrawFrame (package:flutter/src/scheduler/binding.dart:1345:9)
#53     AutomatedTestWidgetsFlutterBinding.pump.<anonymous closure> (package:flutter_test/src/binding.dart:2261:9)
#56     TestAsyncUtils.guard (package:flutter_test/src/test_async_utils.dart:74:41)
#57     AutomatedTestWidgetsFlutterBinding.pump (package:flutter_test/src/binding.dart:2250:27)
#58     WidgetTester.pumpAndSettle.<anonymous closure> (package:flutter_test/src/widget_tester.dart:719:23)
#61     TestAsyncUtils.guard (package:flutter_test/src/test_async_utils.dart:74:41)
#62     WidgetTester.pumpAndSettle (package:flutter_test/src/widget_tester.dart:712:27)
#63     main.<anonymous closure> (file:///private/tmp/menu11-preview-head-87226620c/packages/map_editor/test/personalization/personalization_player_surface_adapter_test.dart:220:20)
<asynchronous suspension>
#64     testWidgets.<anonymous closure>.<anonymous closure> (package:flutter_test/src/widget_tester.dart:192:15)
<asynchronous suspension>
#65     TestWidgetsFlutterBinding._runTestBody (package:flutter_test/src/binding.dart:1953:5)
<asynchronous suspension>
<asynchronous suspension>
(elided 7 frames from class _AssertionError, dart:async, and package:stack_trace)

The following RenderObject was being processed when the exception was fired: RenderPointerListener#f617e NEEDS-LAYOUT NEEDS-PAINT NEEDS-COMPOSITING-BITS-UPDATE:
  creator: Listener ← _ScrollableScope ← _ScrollSemantics-[GlobalKey#a5fe5] ←
    NotificationListener<ScrollMetricsNotification> ← Transform ← StretchEffect ← ClipRect ←
    AnimatedBuilder ← NotificationListener<ScrollNotification> ← StretchingOverscrollIndicator ←
    Scrollable ← SingleChildScrollView-[<'runtime-pause-detail-scroll'>] ← ⋯
  parentData: <none> (can use size)
  constraints: BoxConstraints(w=358.0, h=548.0)
  size: MISSING
  behavior: deferToChild
  listeners: signal
This RenderObject had the following descendants (showing up to depth 5):
    child: RenderSemanticsGestureHandler#6f21c NEEDS-PAINT NEEDS-COMPOSITING-BITS-UPDATE
      child: RenderPointerListener#0e920 NEEDS-PAINT NEEDS-COMPOSITING-BITS-UPDATE
        child: RenderSemanticsAnnotations#fde32 NEEDS-PAINT NEEDS-COMPOSITING-BITS-UPDATE
          child: RenderIgnorePointer#c3822 NEEDS-PAINT NEEDS-COMPOSITING-BITS-UPDATE
            child: _RenderSingleChildViewport#c13a2 NEEDS-PAINT NEEDS-COMPOSITING-BITS-UPDATE
════════════════════════════════════════════════════════════════════════════════════════════════════
══╡ EXCEPTION CAUGHT BY RENDERING LIBRARY ╞═════════════════════════════════════════════════════════
The following assertion was thrown during performLayout():
RenderBox was not laid out: RenderPointerListener#f617e NEEDS-PAINT NEEDS-COMPOSITING-BITS-UPDATE
'package:flutter/src/rendering/box.dart':
Failed assertion: line 2251 pos 12: 'hasSize'

Either the assertion indicates an error in the framework itself, or we should provide substantially
more information in this error message to help you determine and fix the underlying cause.
In either case, please report this assertion by filing a bug on GitHub:
  https://github.com/flutter/flutter/issues/new?template=02_bug.yml

The relevant error-causing widget was:
  SingleChildScrollView-[<'runtime-pause-detail-scroll'>]
  SingleChildScrollView:file:///private/tmp/menu11-preview-head-87226620c/packages/map_player_ui/lib/src/player/runtime_player_pause_shell.dart:928:20

When the exception was thrown, this was the stack:
#2      RenderBox.size (package:flutter/src/rendering/box.dart:2251:12)
#3      RenderProxyBoxMixin.performLayout (package:flutter/src/rendering/proxy_box.dart:118:62)
#4      RenderObject.layout (package:flutter/src/rendering/object.dart:2911:7)
#5      RenderProxyBoxMixin.performLayout (package:flutter/src/rendering/proxy_box.dart:118:18)
#6      RenderObject.layout (package:flutter/src/rendering/object.dart:2911:7)
#7      RenderProxyBoxMixin.performLayout (package:flutter/src/rendering/proxy_box.dart:118:18)
#8      _RenderCustomClip.performLayout (package:flutter/src/rendering/proxy_box.dart:1549:11)
#9      RenderObject.layout (package:flutter/src/rendering/object.dart:2911:7)
#10     RenderProxyBoxMixin.performLayout (package:flutter/src/rendering/proxy_box.dart:118:18)
#11     RenderObject.layout (package:flutter/src/rendering/object.dart:2911:7)
#12     RenderProxyBoxMixin.performLayout (package:flutter/src/rendering/proxy_box.dart:118:18)
#13     RenderCustomPaint.performLayout (package:flutter/src/rendering/custom_paint.dart:574:11)
#14     RenderObject.layout (package:flutter/src/rendering/object.dart:2911:7)
#15     RenderProxyBoxMixin.performLayout (package:flutter/src/rendering/proxy_box.dart:118:18)
#16     RenderObject.layout (package:flutter/src/rendering/object.dart:2911:7)
#17     RenderProxyBoxMixin.performLayout (package:flutter/src/rendering/proxy_box.dart:118:18)
#18     RenderObject.layout (package:flutter/src/rendering/object.dart:2911:7)
#19     RenderProxyBoxMixin.performLayout (package:flutter/src/rendering/proxy_box.dart:118:18)
#20     RenderObject.layout (package:flutter/src/rendering/object.dart:2911:7)
#21     RenderProxyBoxMixin.performLayout (package:flutter/src/rendering/proxy_box.dart:118:18)
#22     RenderObject.layout (package:flutter/src/rendering/object.dart:2911:7)
#23     RenderProxyBoxMixin.performLayout (package:flutter/src/rendering/proxy_box.dart:118:18)
#24     RenderObject.layout (package:flutter/src/rendering/object.dart:2911:7)
#25     ChildLayoutHelper.layoutChild (package:flutter/src/rendering/layout_helper.dart:62:11)
#26     RenderFlex._computeSizes (package:flutter/src/rendering/flex.dart:1275:26)
#27     RenderFlex.performLayout (package:flutter/src/rendering/flex.dart:1329:32)
#28     RenderObject.layout (package:flutter/src/rendering/object.dart:2911:7)
#29     RenderPadding.performLayout (package:flutter/src/rendering/shifted_box.dart:262:12)
#30     RenderObject.layout (package:flutter/src/rendering/object.dart:2911:7)
#31     RenderProxyBoxMixin.performLayout (package:flutter/src/rendering/proxy_box.dart:118:18)
#32     RenderObject.layout (package:flutter/src/rendering/object.dart:2911:7)
#33     RenderProxyBoxMixin.performLayout (package:flutter/src/rendering/proxy_box.dart:118:18)
#34     RenderCustomPaint.performLayout (package:flutter/src/rendering/custom_paint.dart:574:11)
#35     RenderObject.layout (package:flutter/src/rendering/object.dart:2911:7)
#36     RenderProxyBoxMixin.performLayout (package:flutter/src/rendering/proxy_box.dart:118:18)
#37     _RenderCustomClip.performLayout (package:flutter/src/rendering/proxy_box.dart:1549:11)
#38     RenderObject.layout (package:flutter/src/rendering/object.dart:2911:7)
#39     ChildLayoutHelper.layoutChild (package:flutter/src/rendering/layout_helper.dart:62:11)
#40     RenderStack._computeSize (package:flutter/src/rendering/stack.dart:647:43)
#41     RenderStack.performLayout (package:flutter/src/rendering/stack.dart:682:12)
#42     RenderObject.layout (package:flutter/src/rendering/object.dart:2911:7)
#43     _RenderLayoutBuilder.performLayout (package:flutter/src/widgets/layout_builder.dart:449:14)
#44     RenderObject._layoutWithoutResize (package:flutter/src/rendering/object.dart:2759:7)
#45     PipelineOwner.flushLayout (package:flutter/src/rendering/object.dart:1174:18)
#46     PipelineOwner.flushLayout (package:flutter/src/rendering/object.dart:1187:15)
#47     AutomatedTestWidgetsFlutterBinding.drawFrame (package:flutter_test/src/binding.dart:2434:27)
#48     RendererBinding._handlePersistentFrameCallback (package:flutter/src/rendering/binding.dart:558:5)
#49     SchedulerBinding._invokeFrameCallback (package:flutter/src/scheduler/binding.dart:1430:15)
#50     SchedulerBinding.handleDrawFrame (package:flutter/src/scheduler/binding.dart:1345:9)
#51     AutomatedTestWidgetsFlutterBinding.pump.<anonymous closure> (package:flutter_test/src/binding.dart:2261:9)
#54     TestAsyncUtils.guard (package:flutter_test/src/test_async_utils.dart:74:41)
#55     AutomatedTestWidgetsFlutterBinding.pump (package:flutter_test/src/binding.dart:2250:27)
#56     WidgetTester.pumpAndSettle.<anonymous closure> (package:flutter_test/src/widget_tester.dart:719:23)
#59     TestAsyncUtils.guard (package:flutter_test/src/test_async_utils.dart:74:41)
#60     WidgetTester.pumpAndSettle (package:flutter_test/src/widget_tester.dart:712:27)
#61     main.<anonymous closure> (file:///private/tmp/menu11-preview-head-87226620c/packages/map_editor/test/personalization/personalization_player_surface_adapter_test.dart:220:20)
<asynchronous suspension>
#62     testWidgets.<anonymous closure>.<anonymous closure> (package:flutter_test/src/widget_tester.dart:192:15)
<asynchronous suspension>
#63     TestWidgetsFlutterBinding._runTestBody (package:flutter_test/src/binding.dart:1953:5)
<asynchronous suspension>
<asynchronous suspension>
(elided 7 frames from class _AssertionError, dart:async, and package:stack_trace)

The following RenderObject was being processed when the exception was fired: _RenderScrollSemantics#dde4c NEEDS-LAYOUT NEEDS-PAINT NEEDS-COMPOSITING-BITS-UPDATE:
  creator: _ScrollSemantics-[GlobalKey#a5fe5] ← NotificationListener<ScrollMetricsNotification> ←
    Transform ← StretchEffect ← ClipRect ← AnimatedBuilder ← NotificationListener<ScrollNotification>
    ← StretchingOverscrollIndicator ← Scrollable ←
    SingleChildScrollView-[<'runtime-pause-detail-scroll'>] ← RepaintBoundary ←
    CustomPaint-[GlobalKey#32235] ← ⋯
  parentData: <none> (can use size)
  constraints: BoxConstraints(w=358.0, h=548.0)
  semantic boundary
  size: MISSING
This RenderObject had the following descendants (showing up to depth 5):
    child: RenderPointerListener#f617e NEEDS-PAINT NEEDS-COMPOSITING-BITS-UPDATE
      child: RenderSemanticsGestureHandler#6f21c NEEDS-PAINT NEEDS-COMPOSITING-BITS-UPDATE
        child: RenderPointerListener#0e920 NEEDS-PAINT NEEDS-COMPOSITING-BITS-UPDATE
          child: RenderSemanticsAnnotations#fde32 NEEDS-PAINT NEEDS-COMPOSITING-BITS-UPDATE
            child: RenderIgnorePointer#c3822 NEEDS-PAINT NEEDS-COMPOSITING-BITS-UPDATE
════════════════════════════════════════════════════════════════════════════════════════════════════
══╡ EXCEPTION CAUGHT BY RENDERING LIBRARY ╞═════════════════════════════════════════════════════════
The following assertion was thrown during performLayout():
RenderBox was not laid out: _RenderScrollSemantics#dde4c NEEDS-PAINT NEEDS-COMPOSITING-BITS-UPDATE
'package:flutter/src/rendering/box.dart':
Failed assertion: line 2251 pos 12: 'hasSize'

Either the assertion indicates an error in the framework itself, or we should provide substantially
more information in this error message to help you determine and fix the underlying cause.
In either case, please report this assertion by filing a bug on GitHub:
  https://github.com/flutter/flutter/issues/new?template=02_bug.yml

The relevant error-causing widget was:
  SingleChildScrollView-[<'runtime-pause-detail-scroll'>]
  SingleChildScrollView:file:///private/tmp/menu11-preview-head-87226620c/packages/map_player_ui/lib/src/player/runtime_player_pause_shell.dart:928:20

When the exception was thrown, this was the stack:
#2      RenderBox.size (package:flutter/src/rendering/box.dart:2251:12)
#3      RenderProxyBoxMixin.performLayout (package:flutter/src/rendering/proxy_box.dart:118:62)
#4      RenderObject.layout (package:flutter/src/rendering/object.dart:2911:7)
#5      RenderProxyBoxMixin.performLayout (package:flutter/src/rendering/proxy_box.dart:118:18)
#6      _RenderCustomClip.performLayout (package:flutter/src/rendering/proxy_box.dart:1549:11)
#7      RenderObject.layout (package:flutter/src/rendering/object.dart:2911:7)
#8      RenderProxyBoxMixin.performLayout (package:flutter/src/rendering/proxy_box.dart:118:18)
#9      RenderObject.layout (package:flutter/src/rendering/object.dart:2911:7)
#10     RenderProxyBoxMixin.performLayout (package:flutter/src/rendering/proxy_box.dart:118:18)
#11     RenderCustomPaint.performLayout (package:flutter/src/rendering/custom_paint.dart:574:11)
#12     RenderObject.layout (package:flutter/src/rendering/object.dart:2911:7)
#13     RenderProxyBoxMixin.performLayout (package:flutter/src/rendering/proxy_box.dart:118:18)
#14     RenderObject.layout (package:flutter/src/rendering/object.dart:2911:7)
#15     RenderProxyBoxMixin.performLayout (package:flutter/src/rendering/proxy_box.dart:118:18)
#16     RenderObject.layout (package:flutter/src/rendering/object.dart:2911:7)
#17     RenderProxyBoxMixin.performLayout (package:flutter/src/rendering/proxy_box.dart:118:18)
#18     RenderObject.layout (package:flutter/src/rendering/object.dart:2911:7)
#19     RenderProxyBoxMixin.performLayout (package:flutter/src/rendering/proxy_box.dart:118:18)
#20     RenderObject.layout (package:flutter/src/rendering/object.dart:2911:7)
#21     RenderProxyBoxMixin.performLayout (package:flutter/src/rendering/proxy_box.dart:118:18)
#22     RenderObject.layout (package:flutter/src/rendering/object.dart:2911:7)
#23     ChildLayoutHelper.layoutChild (package:flutter/src/rendering/layout_helper.dart:62:11)
#24     RenderFlex._computeSizes (package:flutter/src/rendering/flex.dart:1275:26)
#25     RenderFlex.performLayout (package:flutter/src/rendering/flex.dart:1329:32)
#26     RenderObject.layout (package:flutter/src/rendering/object.dart:2911:7)
#27     RenderPadding.performLayout (package:flutter/src/rendering/shifted_box.dart:262:12)
#28     RenderObject.layout (package:flutter/src/rendering/object.dart:2911:7)
#29     RenderProxyBoxMixin.performLayout (package:flutter/src/rendering/proxy_box.dart:118:18)
#30     RenderObject.layout (package:flutter/src/rendering/object.dart:2911:7)
#31     RenderProxyBoxMixin.performLayout (package:flutter/src/rendering/proxy_box.dart:118:18)
#32     RenderCustomPaint.performLayout (package:flutter/src/rendering/custom_paint.dart:574:11)
#33     RenderObject.layout (package:flutter/src/rendering/object.dart:2911:7)
#34     RenderProxyBoxMixin.performLayout (package:flutter/src/rendering/proxy_box.dart:118:18)
#35     _RenderCustomClip.performLayout (package:flutter/src/rendering/proxy_box.dart:1549:11)
#36     RenderObject.layout (package:flutter/src/rendering/object.dart:2911:7)
#37     ChildLayoutHelper.layoutChild (package:flutter/src/rendering/layout_helper.dart:62:11)
#38     RenderStack._computeSize (package:flutter/src/rendering/stack.dart:647:43)
#39     RenderStack.performLayout (package:flutter/src/rendering/stack.dart:682:12)
#40     RenderObject.layout (package:flutter/src/rendering/object.dart:2911:7)
#41     _RenderLayoutBuilder.performLayout (package:flutter/src/widgets/layout_builder.dart:449:14)
#42     RenderObject._layoutWithoutResize (package:flutter/src/rendering/object.dart:2759:7)
#43     PipelineOwner.flushLayout (package:flutter/src/rendering/object.dart:1174:18)
#44     PipelineOwner.flushLayout (package:flutter/src/rendering/object.dart:1187:15)
#45     AutomatedTestWidgetsFlutterBinding.drawFrame (package:flutter_test/src/binding.dart:2434:27)
#46     RendererBinding._handlePersistentFrameCallback (package:flutter/src/rendering/binding.dart:558:5)
#47     SchedulerBinding._invokeFrameCallback (package:flutter/src/scheduler/binding.dart:1430:15)
#48     SchedulerBinding.handleDrawFrame (package:flutter/src/scheduler/binding.dart:1345:9)
#49     AutomatedTestWidgetsFlutterBinding.pump.<anonymous closure> (package:flutter_test/src/binding.dart:2261:9)
#52     TestAsyncUtils.guard (package:flutter_test/src/test_async_utils.dart:74:41)
#53     AutomatedTestWidgetsFlutterBinding.pump (package:flutter_test/src/binding.dart:2250:27)
#54     WidgetTester.pumpAndSettle.<anonymous closure> (package:flutter_test/src/widget_tester.dart:719:23)
#57     TestAsyncUtils.guard (package:flutter_test/src/test_async_utils.dart:74:41)
#58     WidgetTester.pumpAndSettle (package:flutter_test/src/widget_tester.dart:712:27)
#59     main.<anonymous closure> (file:///private/tmp/menu11-preview-head-87226620c/packages/map_editor/test/personalization/personalization_player_surface_adapter_test.dart:220:20)
<asynchronous suspension>
#60     testWidgets.<anonymous closure>.<anonymous closure> (package:flutter_test/src/widget_tester.dart:192:15)
<asynchronous suspension>
#61     TestWidgetsFlutterBinding._runTestBody (package:flutter_test/src/binding.dart:1953:5)
<asynchronous suspension>
<asynchronous suspension>
(elided 7 frames from class _AssertionError, dart:async, and package:stack_trace)

The following RenderObject was being processed when the exception was fired: RenderTransform#a024c NEEDS-LAYOUT NEEDS-PAINT NEEDS-COMPOSITING-BITS-UPDATE:
  creator: Transform ← StretchEffect ← ClipRect ← AnimatedBuilder ←
    NotificationListener<ScrollNotification> ← StretchingOverscrollIndicator ← Scrollable ←
    SingleChildScrollView-[<'runtime-pause-detail-scroll'>] ← RepaintBoundary ←
    CustomPaint-[GlobalKey#32235] ← MouseRegion ← Listener ← ⋯
  parentData: <none> (can use size)
  constraints: BoxConstraints(w=358.0, h=548.0)
  size: MISSING
  transform matrix:
    [0] 1.0,0.0,0.0,0.0
    [1] 0.0,1.0,0.0,0.0
    [2] 0.0,0.0,1.0,0.0
    [3] 0.0,0.0,0.0,1.0
  origin: null
  alignment: AlignmentDirectional.bottomCenter
  textDirection: ltr
  transformHitTests: true
This RenderObject had the following descendants (showing up to depth 5):
    child: _RenderScrollSemantics#dde4c NEEDS-PAINT NEEDS-COMPOSITING-BITS-UPDATE
      child: RenderPointerListener#f617e NEEDS-PAINT NEEDS-COMPOSITING-BITS-UPDATE
        child: RenderSemanticsGestureHandler#6f21c NEEDS-PAINT NEEDS-COMPOSITING-BITS-UPDATE
          child: RenderPointerListener#0e920 NEEDS-PAINT NEEDS-COMPOSITING-BITS-UPDATE
            child: RenderSemanticsAnnotations#fde32 NEEDS-PAINT NEEDS-COMPOSITING-BITS-UPDATE
════════════════════════════════════════════════════════════════════════════════════════════════════
══╡ EXCEPTION CAUGHT BY RENDERING LIBRARY ╞═════════════════════════════════════════════════════════
The following assertion was thrown during performLayout():
RenderBox was not laid out: RenderTransform#a024c NEEDS-PAINT NEEDS-COMPOSITING-BITS-UPDATE
'package:flutter/src/rendering/box.dart':
Failed assertion: line 2251 pos 12: 'hasSize'

Either the assertion indicates an error in the framework itself, or we should provide substantially
more information in this error message to help you determine and fix the underlying cause.
In either case, please report this assertion by filing a bug on GitHub:
  https://github.com/flutter/flutter/issues/new?template=02_bug.yml

The relevant error-causing widget was:
  SingleChildScrollView-[<'runtime-pause-detail-scroll'>]
  SingleChildScrollView:file:///private/tmp/menu11-preview-head-87226620c/packages/map_player_ui/lib/src/player/runtime_player_pause_shell.dart:928:20

When the exception was thrown, this was the stack:
#2      RenderBox.size (package:flutter/src/rendering/box.dart:2251:12)
#3      RenderProxyBoxMixin.performLayout (package:flutter/src/rendering/proxy_box.dart:118:62)
#4      _RenderCustomClip.performLayout (package:flutter/src/rendering/proxy_box.dart:1549:11)
#5      RenderObject.layout (package:flutter/src/rendering/object.dart:2911:7)
#6      RenderProxyBoxMixin.performLayout (package:flutter/src/rendering/proxy_box.dart:118:18)
#7      RenderObject.layout (package:flutter/src/rendering/object.dart:2911:7)
#8      RenderProxyBoxMixin.performLayout (package:flutter/src/rendering/proxy_box.dart:118:18)
#9      RenderCustomPaint.performLayout (package:flutter/src/rendering/custom_paint.dart:574:11)
#10     RenderObject.layout (package:flutter/src/rendering/object.dart:2911:7)
#11     RenderProxyBoxMixin.performLayout (package:flutter/src/rendering/proxy_box.dart:118:18)
#12     RenderObject.layout (package:flutter/src/rendering/object.dart:2911:7)
#13     RenderProxyBoxMixin.performLayout (package:flutter/src/rendering/proxy_box.dart:118:18)
#14     RenderObject.layout (package:flutter/src/rendering/object.dart:2911:7)
#15     RenderProxyBoxMixin.performLayout (package:flutter/src/rendering/proxy_box.dart:118:18)
#16     RenderObject.layout (package:flutter/src/rendering/object.dart:2911:7)
#17     RenderProxyBoxMixin.performLayout (package:flutter/src/rendering/proxy_box.dart:118:18)
#18     RenderObject.layout (package:flutter/src/rendering/object.dart:2911:7)
#19     RenderProxyBoxMixin.performLayout (package:flutter/src/rendering/proxy_box.dart:118:18)
#20     RenderObject.layout (package:flutter/src/rendering/object.dart:2911:7)
#21     ChildLayoutHelper.layoutChild (package:flutter/src/rendering/layout_helper.dart:62:11)
#22     RenderFlex._computeSizes (package:flutter/src/rendering/flex.dart:1275:26)
#23     RenderFlex.performLayout (package:flutter/src/rendering/flex.dart:1329:32)
#24     RenderObject.layout (package:flutter/src/rendering/object.dart:2911:7)
#25     RenderPadding.performLayout (package:flutter/src/rendering/shifted_box.dart:262:12)
#26     RenderObject.layout (package:flutter/src/rendering/object.dart:2911:7)
#27     RenderProxyBoxMixin.performLayout (package:flutter/src/rendering/proxy_box.dart:118:18)
#28     RenderObject.layout (package:flutter/src/rendering/object.dart:2911:7)
#29     RenderProxyBoxMixin.performLayout (package:flutter/src/rendering/proxy_box.dart:118:18)
#30     RenderCustomPaint.performLayout (package:flutter/src/rendering/custom_paint.dart:574:11)
#31     RenderObject.layout (package:flutter/src/rendering/object.dart:2911:7)
#32     RenderProxyBoxMixin.performLayout (package:flutter/src/rendering/proxy_box.dart:118:18)
#33     _RenderCustomClip.performLayout (package:flutter/src/rendering/proxy_box.dart:1549:11)
#34     RenderObject.layout (package:flutter/src/rendering/object.dart:2911:7)
#35     ChildLayoutHelper.layoutChild (package:flutter/src/rendering/layout_helper.dart:62:11)
#36     RenderStack._computeSize (package:flutter/src/rendering/stack.dart:647:43)
#37     RenderStack.performLayout (package:flutter/src/rendering/stack.dart:682:12)
#38     RenderObject.layout (package:flutter/src/rendering/object.dart:2911:7)
#39     _RenderLayoutBuilder.performLayout (package:flutter/src/widgets/layout_builder.dart:449:14)
#40     RenderObject._layoutWithoutResize (package:flutter/src/rendering/object.dart:2759:7)
#41     PipelineOwner.flushLayout (package:flutter/src/rendering/object.dart:1174:18)
#42     PipelineOwner.flushLayout (package:flutter/src/rendering/object.dart:1187:15)
#43     AutomatedTestWidgetsFlutterBinding.drawFrame (package:flutter_test/src/binding.dart:2434:27)
#44     RendererBinding._handlePersistentFrameCallback (package:flutter/src/rendering/binding.dart:558:5)
#45     SchedulerBinding._invokeFrameCallback (package:flutter/src/scheduler/binding.dart:1430:15)
#46     SchedulerBinding.handleDrawFrame (package:flutter/src/scheduler/binding.dart:1345:9)
#47     AutomatedTestWidgetsFlutterBinding.pump.<anonymous closure> (package:flutter_test/src/binding.dart:2261:9)
#50     TestAsyncUtils.guard (package:flutter_test/src/test_async_utils.dart:74:41)
#51     AutomatedTestWidgetsFlutterBinding.pump (package:flutter_test/src/binding.dart:2250:27)
#52     WidgetTester.pumpAndSettle.<anonymous closure> (package:flutter_test/src/widget_tester.dart:719:23)
#55     TestAsyncUtils.guard (package:flutter_test/src/test_async_utils.dart:74:41)
#56     WidgetTester.pumpAndSettle (package:flutter_test/src/widget_tester.dart:712:27)
#57     main.<anonymous closure> (file:///private/tmp/menu11-preview-head-87226620c/packages/map_editor/test/personalization/personalization_player_surface_adapter_test.dart:220:20)
<asynchronous suspension>
#58     testWidgets.<anonymous closure>.<anonymous closure> (package:flutter_test/src/widget_tester.dart:192:15)
<asynchronous suspension>
#59     TestWidgetsFlutterBinding._runTestBody (package:flutter_test/src/binding.dart:1953:5)
<asynchronous suspension>
<asynchronous suspension>
(elided 7 frames from class _AssertionError, dart:async, and package:stack_trace)

The following RenderObject was being processed when the exception was fired: RenderClipRect#7b26c NEEDS-LAYOUT NEEDS-PAINT NEEDS-COMPOSITING-BITS-UPDATE:
  creator: ClipRect ← AnimatedBuilder ← NotificationListener<ScrollNotification> ←
    StretchingOverscrollIndicator ← Scrollable ←
    SingleChildScrollView-[<'runtime-pause-detail-scroll'>] ← RepaintBoundary ←
    CustomPaint-[GlobalKey#32235] ← MouseRegion ← Listener ← _GestureSemantics ←
    RawGestureDetector-[LabeledGlobalKey<RawGestureDetectorState>#27aad] ← ⋯
  parentData: <none> (can use size)
  constraints: BoxConstraints(w=358.0, h=548.0)
  size: MISSING
This RenderObject had the following descendants (showing up to depth 5):
    child: RenderTransform#a024c NEEDS-PAINT NEEDS-COMPOSITING-BITS-UPDATE
      child: _RenderScrollSemantics#dde4c NEEDS-PAINT NEEDS-COMPOSITING-BITS-UPDATE
        child: RenderPointerListener#f617e NEEDS-PAINT NEEDS-COMPOSITING-BITS-UPDATE
          child: RenderSemanticsGestureHandler#6f21c NEEDS-PAINT NEEDS-COMPOSITING-BITS-UPDATE
            child: RenderPointerListener#0e920 NEEDS-PAINT NEEDS-COMPOSITING-BITS-UPDATE
════════════════════════════════════════════════════════════════════════════════════════════════════
══╡ EXCEPTION CAUGHT BY RENDERING LIBRARY ╞═════════════════════════════════════════════════════════
The following assertion was thrown during performLayout():
RenderBox was not laid out: RenderClipRect#7b26c NEEDS-PAINT NEEDS-COMPOSITING-BITS-UPDATE
'package:flutter/src/rendering/box.dart':
Failed assertion: line 2251 pos 12: 'hasSize'

Either the assertion indicates an error in the framework itself, or we should provide substantially
more information in this error message to help you determine and fix the underlying cause.
In either case, please report this assertion by filing a bug on GitHub:
  https://github.com/flutter/flutter/issues/new?template=02_bug.yml

The relevant error-causing widget was:
  Scrollbar-[<'runtime-pause-detail-scrollbar'>]
  Scrollbar:file:///private/tmp/menu11-preview-head-87226620c/packages/map_player_ui/lib/src/player/runtime_player_pause_shell.dart:924:18

When the exception was thrown, this was the stack:
#2      RenderBox.size (package:flutter/src/rendering/box.dart:2251:12)
#3      RenderProxyBoxMixin.performLayout (package:flutter/src/rendering/proxy_box.dart:118:62)
#4      RenderObject.layout (package:flutter/src/rendering/object.dart:2911:7)
#5      RenderProxyBoxMixin.performLayout (package:flutter/src/rendering/proxy_box.dart:118:18)
#6      RenderCustomPaint.performLayout (package:flutter/src/rendering/custom_paint.dart:574:11)
#7      RenderObject.layout (package:flutter/src/rendering/object.dart:2911:7)
#8      RenderProxyBoxMixin.performLayout (package:flutter/src/rendering/proxy_box.dart:118:18)
#9      RenderObject.layout (package:flutter/src/rendering/object.dart:2911:7)
#10     RenderProxyBoxMixin.performLayout (package:flutter/src/rendering/proxy_box.dart:118:18)
#11     RenderObject.layout (package:flutter/src/rendering/object.dart:2911:7)
#12     RenderProxyBoxMixin.performLayout (package:flutter/src/rendering/proxy_box.dart:118:18)
#13     RenderObject.layout (package:flutter/src/rendering/object.dart:2911:7)
#14     RenderProxyBoxMixin.performLayout (package:flutter/src/rendering/proxy_box.dart:118:18)
#15     RenderObject.layout (package:flutter/src/rendering/object.dart:2911:7)
#16     RenderProxyBoxMixin.performLayout (package:flutter/src/rendering/proxy_box.dart:118:18)
#17     RenderObject.layout (package:flutter/src/rendering/object.dart:2911:7)
#18     ChildLayoutHelper.layoutChild (package:flutter/src/rendering/layout_helper.dart:62:11)
#19     RenderFlex._computeSizes (package:flutter/src/rendering/flex.dart:1275:26)
#20     RenderFlex.performLayout (package:flutter/src/rendering/flex.dart:1329:32)
#21     RenderObject.layout (package:flutter/src/rendering/object.dart:2911:7)
#22     RenderPadding.performLayout (package:flutter/src/rendering/shifted_box.dart:262:12)
#23     RenderObject.layout (package:flutter/src/rendering/object.dart:2911:7)
#24     RenderProxyBoxMixin.performLayout (package:flutter/src/rendering/proxy_box.dart:118:18)
#25     RenderObject.layout (package:flutter/src/rendering/object.dart:2911:7)
#26     RenderProxyBoxMixin.performLayout (package:flutter/src/rendering/proxy_box.dart:118:18)
#27     RenderCustomPaint.performLayout (package:flutter/src/rendering/custom_paint.dart:574:11)
#28     RenderObject.layout (package:flutter/src/rendering/object.dart:2911:7)
#29     RenderProxyBoxMixin.performLayout (package:flutter/src/rendering/proxy_box.dart:118:18)
#30     _RenderCustomClip.performLayout (package:flutter/src/rendering/proxy_box.dart:1549:11)
#31     RenderObject.layout (package:flutter/src/rendering/object.dart:2911:7)
#32     ChildLayoutHelper.layoutChild (package:flutter/src/rendering/layout_helper.dart:62:11)
#33     RenderStack._computeSize (package:flutter/src/rendering/stack.dart:647:43)
#34     RenderStack.performLayout (package:flutter/src/rendering/stack.dart:682:12)
#35     RenderObject.layout (package:flutter/src/rendering/object.dart:2911:7)
#36     _RenderLayoutBuilder.performLayout (package:flutter/src/widgets/layout_builder.dart:449:14)
#37     RenderObject._layoutWithoutResize (package:flutter/src/rendering/object.dart:2759:7)
#38     PipelineOwner.flushLayout (package:flutter/src/rendering/object.dart:1174:18)
#39     PipelineOwner.flushLayout (package:flutter/src/rendering/object.dart:1187:15)
#40     AutomatedTestWidgetsFlutterBinding.drawFrame (package:flutter_test/src/binding.dart:2434:27)
#41     RendererBinding._handlePersistentFrameCallback (package:flutter/src/rendering/binding.dart:558:5)
#42     SchedulerBinding._invokeFrameCallback (package:flutter/src/scheduler/binding.dart:1430:15)
#43     SchedulerBinding.handleDrawFrame (package:flutter/src/scheduler/binding.dart:1345:9)
#44     AutomatedTestWidgetsFlutterBinding.pump.<anonymous closure> (package:flutter_test/src/binding.dart:2261:9)
#47     TestAsyncUtils.guard (package:flutter_test/src/test_async_utils.dart:74:41)
#48     AutomatedTestWidgetsFlutterBinding.pump (package:flutter_test/src/binding.dart:2250:27)
#49     WidgetTester.pumpAndSettle.<anonymous closure> (package:flutter_test/src/widget_tester.dart:719:23)
#52     TestAsyncUtils.guard (package:flutter_test/src/test_async_utils.dart:74:41)
#53     WidgetTester.pumpAndSettle (package:flutter_test/src/widget_tester.dart:712:27)
#54     main.<anonymous closure> (file:///private/tmp/menu11-preview-head-87226620c/packages/map_editor/test/personalization/personalization_player_surface_adapter_test.dart:220:20)
<asynchronous suspension>
#55     testWidgets.<anonymous closure>.<anonymous closure> (package:flutter_test/src/widget_tester.dart:192:15)
<asynchronous suspension>
#56     TestWidgetsFlutterBinding._runTestBody (package:flutter_test/src/binding.dart:1953:5)
<asynchronous suspension>
<asynchronous suspension>
(elided 7 frames from class _AssertionError, dart:async, and package:stack_trace)

The following RenderObject was being processed when the exception was fired: RenderRepaintBoundary#be21d NEEDS-LAYOUT NEEDS-PAINT NEEDS-COMPOSITING-BITS-UPDATE:
  needs compositing
  creator: RepaintBoundary ← CustomPaint-[GlobalKey#32235] ← MouseRegion ← Listener ←
    _GestureSemantics ← RawGestureDetector-[LabeledGlobalKey<RawGestureDetectorState>#27aad] ←
    Listener ← RepaintBoundary ← NotificationListener<ScrollNotification> ←
    NotificationListener<ScrollMetricsNotification> ← _MaterialScrollbar ←
    Scrollbar-[<'runtime-pause-detail-scrollbar'>] ← ⋯
  parentData: <none> (can use size)
  constraints: BoxConstraints(w=358.0, h=548.0)
  size: MISSING
  usefulness ratio: no metrics collected yet (never painted)
This RenderObject had the following descendants (showing up to depth 5):
    child: RenderClipRect#7b26c NEEDS-PAINT NEEDS-COMPOSITING-BITS-UPDATE
      child: RenderTransform#a024c NEEDS-PAINT NEEDS-COMPOSITING-BITS-UPDATE
        child: _RenderScrollSemantics#dde4c NEEDS-PAINT NEEDS-COMPOSITING-BITS-UPDATE
          child: RenderPointerListener#f617e NEEDS-PAINT NEEDS-COMPOSITING-BITS-UPDATE
            child: RenderSemanticsGestureHandler#6f21c NEEDS-PAINT NEEDS-COMPOSITING-BITS-UPDATE
════════════════════════════════════════════════════════════════════════════════════════════════════
══╡ EXCEPTION CAUGHT BY RENDERING LIBRARY ╞═════════════════════════════════════════════════════════
The following assertion was thrown during performLayout():
RenderBox was not laid out: RenderRepaintBoundary#be21d NEEDS-PAINT NEEDS-COMPOSITING-BITS-UPDATE
'package:flutter/src/rendering/box.dart':
Failed assertion: line 2251 pos 12: 'hasSize'

Either the assertion indicates an error in the framework itself, or we should provide substantially
more information in this error message to help you determine and fix the underlying cause.
In either case, please report this assertion by filing a bug on GitHub:
  https://github.com/flutter/flutter/issues/new?template=02_bug.yml

The relevant error-causing widget was:
  Scrollbar-[<'runtime-pause-detail-scrollbar'>]
  Scrollbar:file:///private/tmp/menu11-preview-head-87226620c/packages/map_player_ui/lib/src/player/runtime_player_pause_shell.dart:924:18

When the exception was thrown, this was the stack:
#2      RenderBox.size (package:flutter/src/rendering/box.dart:2251:12)
#3      RenderProxyBoxMixin.performLayout (package:flutter/src/rendering/proxy_box.dart:118:62)
#4      RenderCustomPaint.performLayout (package:flutter/src/rendering/custom_paint.dart:574:11)
#5      RenderObject.layout (package:flutter/src/rendering/object.dart:2911:7)
#6      RenderProxyBoxMixin.performLayout (package:flutter/src/rendering/proxy_box.dart:118:18)
#7      RenderObject.layout (package:flutter/src/rendering/object.dart:2911:7)
#8      RenderProxyBoxMixin.performLayout (package:flutter/src/rendering/proxy_box.dart:118:18)
#9      RenderObject.layout (package:flutter/src/rendering/object.dart:2911:7)
#10     RenderProxyBoxMixin.performLayout (package:flutter/src/rendering/proxy_box.dart:118:18)
#11     RenderObject.layout (package:flutter/src/rendering/object.dart:2911:7)
#12     RenderProxyBoxMixin.performLayout (package:flutter/src/rendering/proxy_box.dart:118:18)
#13     RenderObject.layout (package:flutter/src/rendering/object.dart:2911:7)
#14     RenderProxyBoxMixin.performLayout (package:flutter/src/rendering/proxy_box.dart:118:18)
#15     RenderObject.layout (package:flutter/src/rendering/object.dart:2911:7)
#16     ChildLayoutHelper.layoutChild (package:flutter/src/rendering/layout_helper.dart:62:11)
#17     RenderFlex._computeSizes (package:flutter/src/rendering/flex.dart:1275:26)
#18     RenderFlex.performLayout (package:flutter/src/rendering/flex.dart:1329:32)
#19     RenderObject.layout (package:flutter/src/rendering/object.dart:2911:7)
#20     RenderPadding.performLayout (package:flutter/src/rendering/shifted_box.dart:262:12)
#21     RenderObject.layout (package:flutter/src/rendering/object.dart:2911:7)
#22     RenderProxyBoxMixin.performLayout (package:flutter/src/rendering/proxy_box.dart:118:18)
#23     RenderObject.layout (package:flutter/src/rendering/object.dart:2911:7)
#24     RenderProxyBoxMixin.performLayout (package:flutter/src/rendering/proxy_box.dart:118:18)
#25     RenderCustomPaint.performLayout (package:flutter/src/rendering/custom_paint.dart:574:11)
#26     RenderObject.layout (package:flutter/src/rendering/object.dart:2911:7)
#27     RenderProxyBoxMixin.performLayout (package:flutter/src/rendering/proxy_box.dart:118:18)
#28     _RenderCustomClip.performLayout (package:flutter/src/rendering/proxy_box.dart:1549:11)
#29     RenderObject.layout (package:flutter/src/rendering/object.dart:2911:7)
#30     ChildLayoutHelper.layoutChild (package:flutter/src/rendering/layout_helper.dart:62:11)
#31     RenderStack._computeSize (package:flutter/src/rendering/stack.dart:647:43)
#32     RenderStack.performLayout (package:flutter/src/rendering/stack.dart:682:12)
#33     RenderObject.layout (package:flutter/src/rendering/object.dart:2911:7)
#34     _RenderLayoutBuilder.performLayout (package:flutter/src/widgets/layout_builder.dart:449:14)
#35     RenderObject._layoutWithoutResize (package:flutter/src/rendering/object.dart:2759:7)
#36     PipelineOwner.flushLayout (package:flutter/src/rendering/object.dart:1174:18)
#37     PipelineOwner.flushLayout (package:flutter/src/rendering/object.dart:1187:15)
#38     AutomatedTestWidgetsFlutterBinding.drawFrame (package:flutter_test/src/binding.dart:2434:27)
#39     RendererBinding._handlePersistentFrameCallback (package:flutter/src/rendering/binding.dart:558:5)
#40     SchedulerBinding._invokeFrameCallback (package:flutter/src/scheduler/binding.dart:1430:15)
#41     SchedulerBinding.handleDrawFrame (package:flutter/src/scheduler/binding.dart:1345:9)
#42     AutomatedTestWidgetsFlutterBinding.pump.<anonymous closure> (package:flutter_test/src/binding.dart:2261:9)
#45     TestAsyncUtils.guard (package:flutter_test/src/test_async_utils.dart:74:41)
#46     AutomatedTestWidgetsFlutterBinding.pump (package:flutter_test/src/binding.dart:2250:27)
#47     WidgetTester.pumpAndSettle.<anonymous closure> (package:flutter_test/src/widget_tester.dart:719:23)
#50     TestAsyncUtils.guard (package:flutter_test/src/test_async_utils.dart:74:41)
#51     WidgetTester.pumpAndSettle (package:flutter_test/src/widget_tester.dart:712:27)
#52     main.<anonymous closure> (file:///private/tmp/menu11-preview-head-87226620c/packages/map_editor/test/personalization/personalization_player_surface_adapter_test.dart:220:20)
<asynchronous suspension>
#53     testWidgets.<anonymous closure>.<anonymous closure> (package:flutter_test/src/widget_tester.dart:192:15)
<asynchronous suspension>
#54     TestWidgetsFlutterBinding._runTestBody (package:flutter_test/src/binding.dart:1953:5)
<asynchronous suspension>
<asynchronous suspension>
(elided 7 frames from class _AssertionError, dart:async, and package:stack_trace)

The following RenderObject was being processed when the exception was fired: RenderCustomPaint#8e4b1 NEEDS-LAYOUT NEEDS-PAINT NEEDS-COMPOSITING-BITS-UPDATE:
  creator: CustomPaint-[GlobalKey#32235] ← MouseRegion ← Listener ← _GestureSemantics ←
    RawGestureDetector-[LabeledGlobalKey<RawGestureDetectorState>#27aad] ← Listener ← RepaintBoundary
    ← NotificationListener<ScrollNotification> ← NotificationListener<ScrollMetricsNotification> ←
    _MaterialScrollbar ← Scrollbar-[<'runtime-pause-detail-scrollbar'>] ← Expanded ← ⋯
  parentData: <none> (can use size)
  constraints: BoxConstraints(w=358.0, h=548.0)
  size: MISSING
  painter: null
  foregroundPainter: ScrollbarPainter#9e79e
This RenderObject had the following descendants (showing up to depth 5):
    child: RenderRepaintBoundary#be21d NEEDS-PAINT NEEDS-COMPOSITING-BITS-UPDATE
      child: RenderClipRect#7b26c NEEDS-PAINT NEEDS-COMPOSITING-BITS-UPDATE
        child: RenderTransform#a024c NEEDS-PAINT NEEDS-COMPOSITING-BITS-UPDATE
          child: _RenderScrollSemantics#dde4c NEEDS-PAINT NEEDS-COMPOSITING-BITS-UPDATE
            child: RenderPointerListener#f617e NEEDS-PAINT NEEDS-COMPOSITING-BITS-UPDATE
════════════════════════════════════════════════════════════════════════════════════════════════════
══╡ EXCEPTION CAUGHT BY RENDERING LIBRARY ╞═════════════════════════════════════════════════════════
The following assertion was thrown during performLayout():
RenderBox was not laid out: RenderCustomPaint#8e4b1 NEEDS-PAINT NEEDS-COMPOSITING-BITS-UPDATE
'package:flutter/src/rendering/box.dart':
Failed assertion: line 2251 pos 12: 'hasSize'

Either the assertion indicates an error in the framework itself, or we should provide substantially
more information in this error message to help you determine and fix the underlying cause.
In either case, please report this assertion by filing a bug on GitHub:
  https://github.com/flutter/flutter/issues/new?template=02_bug.yml

The relevant error-causing widget was:
  Scrollbar-[<'runtime-pause-detail-scrollbar'>]
  Scrollbar:file:///private/tmp/menu11-preview-head-87226620c/packages/map_player_ui/lib/src/player/runtime_player_pause_shell.dart:924:18

When the exception was thrown, this was the stack:
#2      RenderBox.size (package:flutter/src/rendering/box.dart:2251:12)
#3      RenderProxyBoxMixin.performLayout (package:flutter/src/rendering/proxy_box.dart:118:62)
#4      RenderObject.layout (package:flutter/src/rendering/object.dart:2911:7)
#5      RenderProxyBoxMixin.performLayout (package:flutter/src/rendering/proxy_box.dart:118:18)
#6      RenderObject.layout (package:flutter/src/rendering/object.dart:2911:7)
#7      RenderProxyBoxMixin.performLayout (package:flutter/src/rendering/proxy_box.dart:118:18)
#8      RenderObject.layout (package:flutter/src/rendering/object.dart:2911:7)
#9      RenderProxyBoxMixin.performLayout (package:flutter/src/rendering/proxy_box.dart:118:18)
#10     RenderObject.layout (package:flutter/src/rendering/object.dart:2911:7)
#11     RenderProxyBoxMixin.performLayout (package:flutter/src/rendering/proxy_box.dart:118:18)
#12     RenderObject.layout (package:flutter/src/rendering/object.dart:2911:7)
#13     ChildLayoutHelper.layoutChild (package:flutter/src/rendering/layout_helper.dart:62:11)
#14     RenderFlex._computeSizes (package:flutter/src/rendering/flex.dart:1275:26)
#15     RenderFlex.performLayout (package:flutter/src/rendering/flex.dart:1329:32)
#16     RenderObject.layout (package:flutter/src/rendering/object.dart:2911:7)
#17     RenderPadding.performLayout (package:flutter/src/rendering/shifted_box.dart:262:12)
#18     RenderObject.layout (package:flutter/src/rendering/object.dart:2911:7)
#19     RenderProxyBoxMixin.performLayout (package:flutter/src/rendering/proxy_box.dart:118:18)
#20     RenderObject.layout (package:flutter/src/rendering/object.dart:2911:7)
#21     RenderProxyBoxMixin.performLayout (package:flutter/src/rendering/proxy_box.dart:118:18)
#22     RenderCustomPaint.performLayout (package:flutter/src/rendering/custom_paint.dart:574:11)
#23     RenderObject.layout (package:flutter/src/rendering/object.dart:2911:7)
#24     RenderProxyBoxMixin.performLayout (package:flutter/src/rendering/proxy_box.dart:118:18)
#25     _RenderCustomClip.performLayout (package:flutter/src/rendering/proxy_box.dart:1549:11)
#26     RenderObject.layout (package:flutter/src/rendering/object.dart:2911:7)
#27     ChildLayoutHelper.layoutChild (package:flutter/src/rendering/layout_helper.dart:62:11)
#28     RenderStack._computeSize (package:flutter/src/rendering/stack.dart:647:43)
#29     RenderStack.performLayout (package:flutter/src/rendering/stack.dart:682:12)
#30     RenderObject.layout (package:flutter/src/rendering/object.dart:2911:7)
#31     _RenderLayoutBuilder.performLayout (package:flutter/src/widgets/layout_builder.dart:449:14)
#32     RenderObject._layoutWithoutResize (package:flutter/src/rendering/object.dart:2759:7)
#33     PipelineOwner.flushLayout (package:flutter/src/rendering/object.dart:1174:18)
#34     PipelineOwner.flushLayout (package:flutter/src/rendering/object.dart:1187:15)
#35     AutomatedTestWidgetsFlutterBinding.drawFrame (package:flutter_test/src/binding.dart:2434:27)
#36     RendererBinding._handlePersistentFrameCallback (package:flutter/src/rendering/binding.dart:558:5)
#37     SchedulerBinding._invokeFrameCallback (package:flutter/src/scheduler/binding.dart:1430:15)
#38     SchedulerBinding.handleDrawFrame (package:flutter/src/scheduler/binding.dart:1345:9)
#39     AutomatedTestWidgetsFlutterBinding.pump.<anonymous closure> (package:flutter_test/src/binding.dart:2261:9)
#42     TestAsyncUtils.guard (package:flutter_test/src/test_async_utils.dart:74:41)
#43     AutomatedTestWidgetsFlutterBinding.pump (package:flutter_test/src/binding.dart:2250:27)
#44     WidgetTester.pumpAndSettle.<anonymous closure> (package:flutter_test/src/widget_tester.dart:719:23)
#47     TestAsyncUtils.guard (package:flutter_test/src/test_async_utils.dart:74:41)
#48     WidgetTester.pumpAndSettle (package:flutter_test/src/widget_tester.dart:712:27)
#49     main.<anonymous closure> (file:///private/tmp/menu11-preview-head-87226620c/packages/map_editor/test/personalization/personalization_player_surface_adapter_test.dart:220:20)
<asynchronous suspension>
#50     testWidgets.<anonymous closure>.<anonymous closure> (package:flutter_test/src/widget_tester.dart:192:15)
<asynchronous suspension>
#51     TestWidgetsFlutterBinding._runTestBody (package:flutter_test/src/binding.dart:1953:5)
<asynchronous suspension>
<asynchronous suspension>
(elided 7 frames from class _AssertionError, dart:async, and package:stack_trace)

The following RenderObject was being processed when the exception was fired: RenderMouseRegion#54c1b NEEDS-LAYOUT NEEDS-PAINT NEEDS-COMPOSITING-BITS-UPDATE:
  creator: MouseRegion ← Listener ← _GestureSemantics ←
    RawGestureDetector-[LabeledGlobalKey<RawGestureDetectorState>#27aad] ← Listener ← RepaintBoundary
    ← NotificationListener<ScrollNotification> ← NotificationListener<ScrollMetricsNotification> ←
    _MaterialScrollbar ← Scrollbar-[<'runtime-pause-detail-scrollbar'>] ← Expanded ← Column ← ⋯
  parentData: <none> (can use size)
  constraints: BoxConstraints(w=358.0, h=548.0)
  size: MISSING
  behavior: opaque
  listeners: hover, exit
This RenderObject had the following descendants (showing up to depth 5):
    child: RenderCustomPaint#8e4b1 NEEDS-PAINT NEEDS-COMPOSITING-BITS-UPDATE
      child: RenderRepaintBoundary#be21d NEEDS-PAINT NEEDS-COMPOSITING-BITS-UPDATE
        child: RenderClipRect#7b26c NEEDS-PAINT NEEDS-COMPOSITING-BITS-UPDATE
          child: RenderTransform#a024c NEEDS-PAINT NEEDS-COMPOSITING-BITS-UPDATE
            child: _RenderScrollSemantics#dde4c NEEDS-PAINT NEEDS-COMPOSITING-BITS-UPDATE
════════════════════════════════════════════════════════════════════════════════════════════════════
══╡ EXCEPTION CAUGHT BY RENDERING LIBRARY ╞═════════════════════════════════════════════════════════
The following assertion was thrown during performLayout():
RenderBox was not laid out: RenderMouseRegion#54c1b NEEDS-PAINT NEEDS-COMPOSITING-BITS-UPDATE
'package:flutter/src/rendering/box.dart':
Failed assertion: line 2251 pos 12: 'hasSize'

Either the assertion indicates an error in the framework itself, or we should provide substantially
more information in this error message to help you determine and fix the underlying cause.
In either case, please report this assertion by filing a bug on GitHub:
  https://github.com/flutter/flutter/issues/new?template=02_bug.yml

The relevant error-causing widget was:
  Scrollbar-[<'runtime-pause-detail-scrollbar'>]
  Scrollbar:file:///private/tmp/menu11-preview-head-87226620c/packages/map_player_ui/lib/src/player/runtime_player_pause_shell.dart:924:18

When the exception was thrown, this was the stack:
#2      RenderBox.size (package:flutter/src/rendering/box.dart:2251:12)
#3      RenderProxyBoxMixin.performLayout (package:flutter/src/rendering/proxy_box.dart:118:62)
#4      RenderObject.layout (package:flutter/src/rendering/object.dart:2911:7)
#5      RenderProxyBoxMixin.performLayout (package:flutter/src/rendering/proxy_box.dart:118:18)
#6      RenderObject.layout (package:flutter/src/rendering/object.dart:2911:7)
#7      RenderProxyBoxMixin.performLayout (package:flutter/src/rendering/proxy_box.dart:118:18)
#8      RenderObject.layout (package:flutter/src/rendering/object.dart:2911:7)
#9      RenderProxyBoxMixin.performLayout (package:flutter/src/rendering/proxy_box.dart:118:18)
#10     RenderObject.layout (package:flutter/src/rendering/object.dart:2911:7)
#11     ChildLayoutHelper.layoutChild (package:flutter/src/rendering/layout_helper.dart:62:11)
#12     RenderFlex._computeSizes (package:flutter/src/rendering/flex.dart:1275:26)
#13     RenderFlex.performLayout (package:flutter/src/rendering/flex.dart:1329:32)
#14     RenderObject.layout (package:flutter/src/rendering/object.dart:2911:7)
#15     RenderPadding.performLayout (package:flutter/src/rendering/shifted_box.dart:262:12)
#16     RenderObject.layout (package:flutter/src/rendering/object.dart:2911:7)
#17     RenderProxyBoxMixin.performLayout (package:flutter/src/rendering/proxy_box.dart:118:18)
#18     RenderObject.layout (package:flutter/src/rendering/object.dart:2911:7)
#19     RenderProxyBoxMixin.performLayout (package:flutter/src/rendering/proxy_box.dart:118:18)
#20     RenderCustomPaint.performLayout (package:flutter/src/rendering/custom_paint.dart:574:11)
#21     RenderObject.layout (package:flutter/src/rendering/object.dart:2911:7)
#22     RenderProxyBoxMixin.performLayout (package:flutter/src/rendering/proxy_box.dart:118:18)
#23     _RenderCustomClip.performLayout (package:flutter/src/rendering/proxy_box.dart:1549:11)
#24     RenderObject.layout (package:flutter/src/rendering/object.dart:2911:7)
#25     ChildLayoutHelper.layoutChild (package:flutter/src/rendering/layout_helper.dart:62:11)
#26     RenderStack._computeSize (package:flutter/src/rendering/stack.dart:647:43)
#27     RenderStack.performLayout (package:flutter/src/rendering/stack.dart:682:12)
#28     RenderObject.layout (package:flutter/src/rendering/object.dart:2911:7)
#29     _RenderLayoutBuilder.performLayout (package:flutter/src/widgets/layout_builder.dart:449:14)
#30     RenderObject._layoutWithoutResize (package:flutter/src/rendering/object.dart:2759:7)
#31     PipelineOwner.flushLayout (package:flutter/src/rendering/object.dart:1174:18)
#32     PipelineOwner.flushLayout (package:flutter/src/rendering/object.dart:1187:15)
#33     AutomatedTestWidgetsFlutterBinding.drawFrame (package:flutter_test/src/binding.dart:2434:27)
#34     RendererBinding._handlePersistentFrameCallback (package:flutter/src/rendering/binding.dart:558:5)
#35     SchedulerBinding._invokeFrameCallback (package:flutter/src/scheduler/binding.dart:1430:15)
#36     SchedulerBinding.handleDrawFrame (package:flutter/src/scheduler/binding.dart:1345:9)
#37     AutomatedTestWidgetsFlutterBinding.pump.<anonymous closure> (package:flutter_test/src/binding.dart:2261:9)
#40     TestAsyncUtils.guard (package:flutter_test/src/test_async_utils.dart:74:41)
#41     AutomatedTestWidgetsFlutterBinding.pump (package:flutter_test/src/binding.dart:2250:27)
#42     WidgetTester.pumpAndSettle.<anonymous closure> (package:flutter_test/src/widget_tester.dart:719:23)
#45     TestAsyncUtils.guard (package:flutter_test/src/test_async_utils.dart:74:41)
#46     WidgetTester.pumpAndSettle (package:flutter_test/src/widget_tester.dart:712:27)
#47     main.<anonymous closure> (file:///private/tmp/menu11-preview-head-87226620c/packages/map_editor/test/personalization/personalization_player_surface_adapter_test.dart:220:20)
<asynchronous suspension>
#48     testWidgets.<anonymous closure>.<anonymous closure> (package:flutter_test/src/widget_tester.dart:192:15)
<asynchronous suspension>
#49     TestWidgetsFlutterBinding._runTestBody (package:flutter_test/src/binding.dart:1953:5)
<asynchronous suspension>
<asynchronous suspension>
(elided 7 frames from class _AssertionError, dart:async, and package:stack_trace)

The following RenderObject was being processed when the exception was fired: RenderPointerListener#93db3 NEEDS-LAYOUT NEEDS-PAINT NEEDS-COMPOSITING-BITS-UPDATE:
  creator: Listener ← _GestureSemantics ←
    RawGestureDetector-[LabeledGlobalKey<RawGestureDetectorState>#27aad] ← Listener ← RepaintBoundary
    ← NotificationListener<ScrollNotification> ← NotificationListener<ScrollMetricsNotification> ←
    _MaterialScrollbar ← Scrollbar-[<'runtime-pause-detail-scrollbar'>] ← Expanded ← Column ← Padding
    ← ⋯
  parentData: <none> (can use size)
  constraints: BoxConstraints(w=358.0, h=548.0)
  size: MISSING
  behavior: deferToChild
  listeners: down, panZoomStart
This RenderObject had the following descendants (showing up to depth 5):
    child: RenderMouseRegion#54c1b NEEDS-PAINT NEEDS-COMPOSITING-BITS-UPDATE
      child: RenderCustomPaint#8e4b1 NEEDS-PAINT NEEDS-COMPOSITING-BITS-UPDATE
        child: RenderRepaintBoundary#be21d NEEDS-PAINT NEEDS-COMPOSITING-BITS-UPDATE
          child: RenderClipRect#7b26c NEEDS-PAINT NEEDS-COMPOSITING-BITS-UPDATE
            child: RenderTransform#a024c NEEDS-PAINT NEEDS-COMPOSITING-BITS-UPDATE
════════════════════════════════════════════════════════════════════════════════════════════════════
══╡ EXCEPTION CAUGHT BY RENDERING LIBRARY ╞═════════════════════════════════════════════════════════
The following assertion was thrown during performLayout():
RenderBox was not laid out: RenderPointerListener#93db3 NEEDS-PAINT NEEDS-COMPOSITING-BITS-UPDATE
'package:flutter/src/rendering/box.dart':
Failed assertion: line 2251 pos 12: 'hasSize'

Either the assertion indicates an error in the framework itself, or we should provide substantially
more information in this error message to help you determine and fix the underlying cause.
In either case, please report this assertion by filing a bug on GitHub:
  https://github.com/flutter/flutter/issues/new?template=02_bug.yml

The relevant error-causing widget was:
  Scrollbar-[<'runtime-pause-detail-scrollbar'>]
  Scrollbar:file:///private/tmp/menu11-preview-head-87226620c/packages/map_player_ui/lib/src/player/runtime_player_pause_shell.dart:924:18

When the exception was thrown, this was the stack:
#2      RenderBox.size (package:flutter/src/rendering/box.dart:2251:12)
#3      RenderProxyBoxMixin.performLayout (package:flutter/src/rendering/proxy_box.dart:118:62)
#4      RenderObject.layout (package:flutter/src/rendering/object.dart:2911:7)
#5      RenderProxyBoxMixin.performLayout (package:flutter/src/rendering/proxy_box.dart:118:18)
#6      RenderObject.layout (package:flutter/src/rendering/object.dart:2911:7)
#7      RenderProxyBoxMixin.performLayout (package:flutter/src/rendering/proxy_box.dart:118:18)
#8      RenderObject.layout (package:flutter/src/rendering/object.dart:2911:7)
#9      ChildLayoutHelper.layoutChild (package:flutter/src/rendering/layout_helper.dart:62:11)
#10     RenderFlex._computeSizes (package:flutter/src/rendering/flex.dart:1275:26)
#11     RenderFlex.performLayout (package:flutter/src/rendering/flex.dart:1329:32)
#12     RenderObject.layout (package:flutter/src/rendering/object.dart:2911:7)
#13     RenderPadding.performLayout (package:flutter/src/rendering/shifted_box.dart:262:12)
#14     RenderObject.layout (package:flutter/src/rendering/object.dart:2911:7)
#15     RenderProxyBoxMixin.performLayout (package:flutter/src/rendering/proxy_box.dart:118:18)
#16     RenderObject.layout (package:flutter/src/rendering/object.dart:2911:7)
#17     RenderProxyBoxMixin.performLayout (package:flutter/src/rendering/proxy_box.dart:118:18)
#18     RenderCustomPaint.performLayout (package:flutter/src/rendering/custom_paint.dart:574:11)
#19     RenderObject.layout (package:flutter/src/rendering/object.dart:2911:7)
#20     RenderProxyBoxMixin.performLayout (package:flutter/src/rendering/proxy_box.dart:118:18)
#21     _RenderCustomClip.performLayout (package:flutter/src/rendering/proxy_box.dart:1549:11)
#22     RenderObject.layout (package:flutter/src/rendering/object.dart:2911:7)
#23     ChildLayoutHelper.layoutChild (package:flutter/src/rendering/layout_helper.dart:62:11)
#24     RenderStack._computeSize (package:flutter/src/rendering/stack.dart:647:43)
#25     RenderStack.performLayout (package:flutter/src/rendering/stack.dart:682:12)
#26     RenderObject.layout (package:flutter/src/rendering/object.dart:2911:7)
#27     _RenderLayoutBuilder.performLayout (package:flutter/src/widgets/layout_builder.dart:449:14)
#28     RenderObject._layoutWithoutResize (package:flutter/src/rendering/object.dart:2759:7)
#29     PipelineOwner.flushLayout (package:flutter/src/rendering/object.dart:1174:18)
#30     PipelineOwner.flushLayout (package:flutter/src/rendering/object.dart:1187:15)
#31     AutomatedTestWidgetsFlutterBinding.drawFrame (package:flutter_test/src/binding.dart:2434:27)
#32     RendererBinding._handlePersistentFrameCallback (package:flutter/src/rendering/binding.dart:558:5)
#33     SchedulerBinding._invokeFrameCallback (package:flutter/src/scheduler/binding.dart:1430:15)
#34     SchedulerBinding.handleDrawFrame (package:flutter/src/scheduler/binding.dart:1345:9)
#35     AutomatedTestWidgetsFlutterBinding.pump.<anonymous closure> (package:flutter_test/src/binding.dart:2261:9)
#38     TestAsyncUtils.guard (package:flutter_test/src/test_async_utils.dart:74:41)
#39     AutomatedTestWidgetsFlutterBinding.pump (package:flutter_test/src/binding.dart:2250:27)
#40     WidgetTester.pumpAndSettle.<anonymous closure> (package:flutter_test/src/widget_tester.dart:719:23)
#43     TestAsyncUtils.guard (package:flutter_test/src/test_async_utils.dart:74:41)
#44     WidgetTester.pumpAndSettle (package:flutter_test/src/widget_tester.dart:712:27)
#45     main.<anonymous closure> (file:///private/tmp/menu11-preview-head-87226620c/packages/map_editor/test/personalization/personalization_player_surface_adapter_test.dart:220:20)
<asynchronous suspension>
#46     testWidgets.<anonymous closure>.<anonymous closure> (package:flutter_test/src/widget_tester.dart:192:15)
<asynchronous suspension>
#47     TestWidgetsFlutterBinding._runTestBody (package:flutter_test/src/binding.dart:1953:5)
<asynchronous suspension>
<asynchronous suspension>
(elided 7 frames from class _AssertionError, dart:async, and package:stack_trace)

The following RenderObject was being processed when the exception was fired: RenderSemanticsGestureHandler#b7046 NEEDS-LAYOUT NEEDS-PAINT NEEDS-COMPOSITING-BITS-UPDATE:
  creator: _GestureSemantics ← RawGestureDetector-[LabeledGlobalKey<RawGestureDetectorState>#27aad] ←
    Listener ← RepaintBoundary ← NotificationListener<ScrollNotification> ←
    NotificationListener<ScrollMetricsNotification> ← _MaterialScrollbar ←
    Scrollbar-[<'runtime-pause-detail-scrollbar'>] ← Expanded ← Column ← Padding ← DefaultTextStyle ←
    ⋯
  parentData: <none> (can use size)
  constraints: BoxConstraints(w=358.0, h=548.0)
  size: MISSING
  behavior: deferToChild
  gestures: <none>
This RenderObject had the following descendants (showing up to depth 5):
    child: RenderPointerListener#93db3 NEEDS-PAINT NEEDS-COMPOSITING-BITS-UPDATE
      child: RenderMouseRegion#54c1b NEEDS-PAINT NEEDS-COMPOSITING-BITS-UPDATE
        child: RenderCustomPaint#8e4b1 NEEDS-PAINT NEEDS-COMPOSITING-BITS-UPDATE
          child: RenderRepaintBoundary#be21d NEEDS-PAINT NEEDS-COMPOSITING-BITS-UPDATE
            child: RenderClipRect#7b26c NEEDS-PAINT NEEDS-COMPOSITING-BITS-UPDATE
════════════════════════════════════════════════════════════════════════════════════════════════════
══╡ EXCEPTION CAUGHT BY RENDERING LIBRARY ╞═════════════════════════════════════════════════════════
The following assertion was thrown during performLayout():
RenderBox was not laid out: RenderSemanticsGestureHandler#b7046 NEEDS-PAINT
NEEDS-COMPOSITING-BITS-UPDATE
'package:flutter/src/rendering/box.dart':
Failed assertion: line 2251 pos 12: 'hasSize'

Either the assertion indicates an error in the framework itself, or we should provide substantially
more information in this error message to help you determine and fix the underlying cause.
In either case, please report this assertion by filing a bug on GitHub:
  https://github.com/flutter/flutter/issues/new?template=02_bug.yml

The relevant error-causing widget was:
  Scrollbar-[<'runtime-pause-detail-scrollbar'>]
  Scrollbar:file:///private/tmp/menu11-preview-head-87226620c/packages/map_player_ui/lib/src/player/runtime_player_pause_shell.dart:924:18

When the exception was thrown, this was the stack:
#2      RenderBox.size (package:flutter/src/rendering/box.dart:2251:12)
#3      RenderProxyBoxMixin.performLayout (package:flutter/src/rendering/proxy_box.dart:118:62)
#4      RenderObject.layout (package:flutter/src/rendering/object.dart:2911:7)
#5      RenderProxyBoxMixin.performLayout (package:flutter/src/rendering/proxy_box.dart:118:18)
#6      RenderObject.layout (package:flutter/src/rendering/object.dart:2911:7)
#7      ChildLayoutHelper.layoutChild (package:flutter/src/rendering/layout_helper.dart:62:11)
#8      RenderFlex._computeSizes (package:flutter/src/rendering/flex.dart:1275:26)
#9      RenderFlex.performLayout (package:flutter/src/rendering/flex.dart:1329:32)
#10     RenderObject.layout (package:flutter/src/rendering/object.dart:2911:7)
#11     RenderPadding.performLayout (package:flutter/src/rendering/shifted_box.dart:262:12)
#12     RenderObject.layout (package:flutter/src/rendering/object.dart:2911:7)
#13     RenderProxyBoxMixin.performLayout (package:flutter/src/rendering/proxy_box.dart:118:18)
#14     RenderObject.layout (package:flutter/src/rendering/object.dart:2911:7)
#15     RenderProxyBoxMixin.performLayout (package:flutter/src/rendering/proxy_box.dart:118:18)
#16     RenderCustomPaint.performLayout (package:flutter/src/rendering/custom_paint.dart:574:11)
#17     RenderObject.layout (package:flutter/src/rendering/object.dart:2911:7)
#18     RenderProxyBoxMixin.performLayout (package:flutter/src/rendering/proxy_box.dart:118:18)
#19     _RenderCustomClip.performLayout (package:flutter/src/rendering/proxy_box.dart:1549:11)
#20     RenderObject.layout (package:flutter/src/rendering/object.dart:2911:7)
#21     ChildLayoutHelper.layoutChild (package:flutter/src/rendering/layout_helper.dart:62:11)
#22     RenderStack._computeSize (package:flutter/src/rendering/stack.dart:647:43)
#23     RenderStack.performLayout (package:flutter/src/rendering/stack.dart:682:12)
#24     RenderObject.layout (package:flutter/src/rendering/object.dart:2911:7)
#25     _RenderLayoutBuilder.performLayout (package:flutter/src/widgets/layout_builder.dart:449:14)
#26     RenderObject._layoutWithoutResize (package:flutter/src/rendering/object.dart:2759:7)
#27     PipelineOwner.flushLayout (package:flutter/src/rendering/object.dart:1174:18)
#28     PipelineOwner.flushLayout (package:flutter/src/rendering/object.dart:1187:15)
#29     AutomatedTestWidgetsFlutterBinding.drawFrame (package:flutter_test/src/binding.dart:2434:27)
#30     RendererBinding._handlePersistentFrameCallback (package:flutter/src/rendering/binding.dart:558:5)
#31     SchedulerBinding._invokeFrameCallback (package:flutter/src/scheduler/binding.dart:1430:15)
#32     SchedulerBinding.handleDrawFrame (package:flutter/src/scheduler/binding.dart:1345:9)
#33     AutomatedTestWidgetsFlutterBinding.pump.<anonymous closure> (package:flutter_test/src/binding.dart:2261:9)
#36     TestAsyncUtils.guard (package:flutter_test/src/test_async_utils.dart:74:41)
#37     AutomatedTestWidgetsFlutterBinding.pump (package:flutter_test/src/binding.dart:2250:27)
#38     WidgetTester.pumpAndSettle.<anonymous closure> (package:flutter_test/src/widget_tester.dart:719:23)
#41     TestAsyncUtils.guard (package:flutter_test/src/test_async_utils.dart:74:41)
#42     WidgetTester.pumpAndSettle (package:flutter_test/src/widget_tester.dart:712:27)
#43     main.<anonymous closure> (file:///private/tmp/menu11-preview-head-87226620c/packages/map_editor/test/personalization/personalization_player_surface_adapter_test.dart:220:20)
<asynchronous suspension>
#44     testWidgets.<anonymous closure>.<anonymous closure> (package:flutter_test/src/widget_tester.dart:192:15)
<asynchronous suspension>
#45     TestWidgetsFlutterBinding._runTestBody (package:flutter_test/src/binding.dart:1953:5)
<asynchronous suspension>
<asynchronous suspension>
(elided 7 frames from class _AssertionError, dart:async, and package:stack_trace)

The following RenderObject was being processed when the exception was fired: RenderPointerListener#e3692 NEEDS-LAYOUT NEEDS-PAINT NEEDS-COMPOSITING-BITS-UPDATE:
  creator: Listener ← RepaintBoundary ← NotificationListener<ScrollNotification> ←
    NotificationListener<ScrollMetricsNotification> ← _MaterialScrollbar ←
    Scrollbar-[<'runtime-pause-detail-scrollbar'>] ← Expanded ← Column ← Padding ← DefaultTextStyle ←
    Builder ← DefaultTextStyle ← ⋯
  parentData: <none> (can use size)
  constraints: BoxConstraints(w=358.0, h=548.0)
  size: MISSING
  behavior: deferToChild
  listeners: signal
This RenderObject had the following descendants (showing up to depth 5):
    child: RenderSemanticsGestureHandler#b7046 NEEDS-PAINT NEEDS-COMPOSITING-BITS-UPDATE
      child: RenderPointerListener#93db3 NEEDS-PAINT NEEDS-COMPOSITING-BITS-UPDATE
        child: RenderMouseRegion#54c1b NEEDS-PAINT NEEDS-COMPOSITING-BITS-UPDATE
          child: RenderCustomPaint#8e4b1 NEEDS-PAINT NEEDS-COMPOSITING-BITS-UPDATE
            child: RenderRepaintBoundary#be21d NEEDS-PAINT NEEDS-COMPOSITING-BITS-UPDATE
════════════════════════════════════════════════════════════════════════════════════════════════════
══╡ EXCEPTION CAUGHT BY RENDERING LIBRARY ╞═════════════════════════════════════════════════════════
The following assertion was thrown during performLayout():
RenderBox was not laid out: RenderPointerListener#e3692 NEEDS-PAINT NEEDS-COMPOSITING-BITS-UPDATE
'package:flutter/src/rendering/box.dart':
Failed assertion: line 2251 pos 12: 'hasSize'

Either the assertion indicates an error in the framework itself, or we should provide substantially
more information in this error message to help you determine and fix the underlying cause.
In either case, please report this assertion by filing a bug on GitHub:
  https://github.com/flutter/flutter/issues/new?template=02_bug.yml

The relevant error-causing widget was:
  Scrollbar-[<'runtime-pause-detail-scrollbar'>]
  Scrollbar:file:///private/tmp/menu11-preview-head-87226620c/packages/map_player_ui/lib/src/player/runtime_player_pause_shell.dart:924:18

When the exception was thrown, this was the stack:
#2      RenderBox.size (package:flutter/src/rendering/box.dart:2251:12)
#3      RenderProxyBoxMixin.performLayout (package:flutter/src/rendering/proxy_box.dart:118:62)
#4      RenderObject.layout (package:flutter/src/rendering/object.dart:2911:7)
#5      ChildLayoutHelper.layoutChild (package:flutter/src/rendering/layout_helper.dart:62:11)
#6      RenderFlex._computeSizes (package:flutter/src/rendering/flex.dart:1275:26)
#7      RenderFlex.performLayout (package:flutter/src/rendering/flex.dart:1329:32)
#8      RenderObject.layout (package:flutter/src/rendering/object.dart:2911:7)
#9      RenderPadding.performLayout (package:flutter/src/rendering/shifted_box.dart:262:12)
#10     RenderObject.layout (package:flutter/src/rendering/object.dart:2911:7)
#11     RenderProxyBoxMixin.performLayout (package:flutter/src/rendering/proxy_box.dart:118:18)
#12     RenderObject.layout (package:flutter/src/rendering/object.dart:2911:7)
#13     RenderProxyBoxMixin.performLayout (package:flutter/src/rendering/proxy_box.dart:118:18)
#14     RenderCustomPaint.performLayout (package:flutter/src/rendering/custom_paint.dart:574:11)
#15     RenderObject.layout (package:flutter/src/rendering/object.dart:2911:7)
#16     RenderProxyBoxMixin.performLayout (package:flutter/src/rendering/proxy_box.dart:118:18)
#17     _RenderCustomClip.performLayout (package:flutter/src/rendering/proxy_box.dart:1549:11)
#18     RenderObject.layout (package:flutter/src/rendering/object.dart:2911:7)
#19     ChildLayoutHelper.layoutChild (package:flutter/src/rendering/layout_helper.dart:62:11)
#20     RenderStack._computeSize (package:flutter/src/rendering/stack.dart:647:43)
#21     RenderStack.performLayout (package:flutter/src/rendering/stack.dart:682:12)
#22     RenderObject.layout (package:flutter/src/rendering/object.dart:2911:7)
#23     _RenderLayoutBuilder.performLayout (package:flutter/src/widgets/layout_builder.dart:449:14)
#24     RenderObject._layoutWithoutResize (package:flutter/src/rendering/object.dart:2759:7)
#25     PipelineOwner.flushLayout (package:flutter/src/rendering/object.dart:1174:18)
#26     PipelineOwner.flushLayout (package:flutter/src/rendering/object.dart:1187:15)
#27     AutomatedTestWidgetsFlutterBinding.drawFrame (package:flutter_test/src/binding.dart:2434:27)
#28     RendererBinding._handlePersistentFrameCallback (package:flutter/src/rendering/binding.dart:558:5)
#29     SchedulerBinding._invokeFrameCallback (package:flutter/src/scheduler/binding.dart:1430:15)
#30     SchedulerBinding.handleDrawFrame (package:flutter/src/scheduler/binding.dart:1345:9)
#31     AutomatedTestWidgetsFlutterBinding.pump.<anonymous closure> (package:flutter_test/src/binding.dart:2261:9)
#34     TestAsyncUtils.guard (package:flutter_test/src/test_async_utils.dart:74:41)
#35     AutomatedTestWidgetsFlutterBinding.pump (package:flutter_test/src/binding.dart:2250:27)
#36     WidgetTester.pumpAndSettle.<anonymous closure> (package:flutter_test/src/widget_tester.dart:719:23)
#39     TestAsyncUtils.guard (package:flutter_test/src/test_async_utils.dart:74:41)
#40     WidgetTester.pumpAndSettle (package:flutter_test/src/widget_tester.dart:712:27)
#41     main.<anonymous closure> (file:///private/tmp/menu11-preview-head-87226620c/packages/map_editor/test/personalization/personalization_player_surface_adapter_test.dart:220:20)
<asynchronous suspension>
#42     testWidgets.<anonymous closure>.<anonymous closure> (package:flutter_test/src/widget_tester.dart:192:15)
<asynchronous suspension>
#43     TestWidgetsFlutterBinding._runTestBody (package:flutter_test/src/binding.dart:1953:5)
<asynchronous suspension>
<asynchronous suspension>
(elided 7 frames from class _AssertionError, dart:async, and package:stack_trace)

The following RenderObject was being processed when the exception was fired: RenderRepaintBoundary#37b1d NEEDS-LAYOUT NEEDS-PAINT NEEDS-COMPOSITING-BITS-UPDATE:
  needs compositing
  creator: RepaintBoundary ← NotificationListener<ScrollNotification> ←
    NotificationListener<ScrollMetricsNotification> ← _MaterialScrollbar ←
    Scrollbar-[<'runtime-pause-detail-scrollbar'>] ← Expanded ← Column ← Padding ← DefaultTextStyle ←
    Builder ← DefaultTextStyle ← AnimatedDefaultTextStyle ← ⋯
  parentData: offset=Offset(0.0, 0.0); flex=1; fit=FlexFit.tight (can use size)
  constraints: BoxConstraints(w=358.0, h=548.0)
  size: MISSING
  usefulness ratio: no metrics collected yet (never painted)
This RenderObject had the following descendants (showing up to depth 5):
    child: RenderPointerListener#e3692 NEEDS-PAINT NEEDS-COMPOSITING-BITS-UPDATE
      child: RenderSemanticsGestureHandler#b7046 NEEDS-PAINT NEEDS-COMPOSITING-BITS-UPDATE
        child: RenderPointerListener#93db3 NEEDS-PAINT NEEDS-COMPOSITING-BITS-UPDATE
          child: RenderMouseRegion#54c1b NEEDS-PAINT NEEDS-COMPOSITING-BITS-UPDATE
            child: RenderCustomPaint#8e4b1 NEEDS-PAINT NEEDS-COMPOSITING-BITS-UPDATE
════════════════════════════════════════════════════════════════════════════════════════════════════
══╡ EXCEPTION CAUGHT BY RENDERING LIBRARY ╞═════════════════════════════════════════════════════════
The following assertion was thrown during performLayout():
RenderBox was not laid out: RenderRepaintBoundary#37b1d NEEDS-PAINT NEEDS-COMPOSITING-BITS-UPDATE
'package:flutter/src/rendering/box.dart':
Failed assertion: line 2251 pos 12: 'hasSize'

Either the assertion indicates an error in the framework itself, or we should provide substantially
more information in this error message to help you determine and fix the underlying cause.
In either case, please report this assertion by filing a bug on GitHub:
  https://github.com/flutter/flutter/issues/new?template=02_bug.yml

The relevant error-causing widget was:
  Column
  Column:file:///private/tmp/menu11-preview-head-87226620c/packages/map_player_ui/lib/src/player/runtime_player_pause_shell.dart:894:12

When the exception was thrown, this was the stack:
#2      RenderBox.size (package:flutter/src/rendering/box.dart:2251:12)
#3      ChildLayoutHelper.layoutChild (package:flutter/src/rendering/layout_helper.dart:63:18)
#4      RenderFlex._computeSizes (package:flutter/src/rendering/flex.dart:1275:26)
#5      RenderFlex.performLayout (package:flutter/src/rendering/flex.dart:1329:32)
#6      RenderObject.layout (package:flutter/src/rendering/object.dart:2911:7)
#7      RenderPadding.performLayout (package:flutter/src/rendering/shifted_box.dart:262:12)
#8      RenderObject.layout (package:flutter/src/rendering/object.dart:2911:7)
#9      RenderProxyBoxMixin.performLayout (package:flutter/src/rendering/proxy_box.dart:118:18)
#10     RenderObject.layout (package:flutter/src/rendering/object.dart:2911:7)
#11     RenderProxyBoxMixin.performLayout (package:flutter/src/rendering/proxy_box.dart:118:18)
#12     RenderCustomPaint.performLayout (package:flutter/src/rendering/custom_paint.dart:574:11)
#13     RenderObject.layout (package:flutter/src/rendering/object.dart:2911:7)
#14     RenderProxyBoxMixin.performLayout (package:flutter/src/rendering/proxy_box.dart:118:18)
#15     _RenderCustomClip.performLayout (package:flutter/src/rendering/proxy_box.dart:1549:11)
#16     RenderObject.layout (package:flutter/src/rendering/object.dart:2911:7)
#17     ChildLayoutHelper.layoutChild (package:flutter/src/rendering/layout_helper.dart:62:11)
#18     RenderStack._computeSize (package:flutter/src/rendering/stack.dart:647:43)
#19     RenderStack.performLayout (package:flutter/src/rendering/stack.dart:682:12)
#20     RenderObject.layout (package:flutter/src/rendering/object.dart:2911:7)
#21     _RenderLayoutBuilder.performLayout (package:flutter/src/widgets/layout_builder.dart:449:14)
#22     RenderObject._layoutWithoutResize (package:flutter/src/rendering/object.dart:2759:7)
#23     PipelineOwner.flushLayout (package:flutter/src/rendering/object.dart:1174:18)
#24     PipelineOwner.flushLayout (package:flutter/src/rendering/object.dart:1187:15)
#25     AutomatedTestWidgetsFlutterBinding.drawFrame (package:flutter_test/src/binding.dart:2434:27)
#26     RendererBinding._handlePersistentFrameCallback (package:flutter/src/rendering/binding.dart:558:5)
#27     SchedulerBinding._invokeFrameCallback (package:flutter/src/scheduler/binding.dart:1430:15)
#28     SchedulerBinding.handleDrawFrame (package:flutter/src/scheduler/binding.dart:1345:9)
#29     AutomatedTestWidgetsFlutterBinding.pump.<anonymous closure> (package:flutter_test/src/binding.dart:2261:9)
#32     TestAsyncUtils.guard (package:flutter_test/src/test_async_utils.dart:74:41)
#33     AutomatedTestWidgetsFlutterBinding.pump (package:flutter_test/src/binding.dart:2250:27)
#34     WidgetTester.pumpAndSettle.<anonymous closure> (package:flutter_test/src/widget_tester.dart:719:23)
#37     TestAsyncUtils.guard (package:flutter_test/src/test_async_utils.dart:74:41)
#38     WidgetTester.pumpAndSettle (package:flutter_test/src/widget_tester.dart:712:27)
#39     main.<anonymous closure> (file:///private/tmp/menu11-preview-head-87226620c/packages/map_editor/test/personalization/personalization_player_surface_adapter_test.dart:220:20)
<asynchronous suspension>
#40     testWidgets.<anonymous closure>.<anonymous closure> (package:flutter_test/src/widget_tester.dart:192:15)
<asynchronous suspension>
#41     TestWidgetsFlutterBinding._runTestBody (package:flutter_test/src/binding.dart:1953:5)
<asynchronous suspension>
<asynchronous suspension>
(elided 7 frames from class _AssertionError, dart:async, and package:stack_trace)

The following RenderObject was being processed when the exception was fired: RenderFlex#cf9d5 NEEDS-LAYOUT NEEDS-PAINT NEEDS-COMPOSITING-BITS-UPDATE:
  creator: Column ← Padding ← DefaultTextStyle ← Builder ← DefaultTextStyle ← AnimatedDefaultTextStyle
    ← _InkFeatures-[GlobalKey#cef67 ink renderer] ← NotificationListener<LayoutChangedNotification> ←
    CustomPaint ← _ShapeBorderPaint ← PhysicalShape ← _MaterialInterior ← ⋯
  parentData: offset=Offset(0.0, 0.0) (can use size)
  constraints: BoxConstraints(w=358.0, h=608.0)
  size: MISSING
  direction: vertical
  mainAxisAlignment: start
  mainAxisSize: max
  crossAxisAlignment: stretch
  verticalDirection: down
  spacing: 0.0
This RenderObject had the following descendants (showing up to depth 5):
    child 1: RenderFlex#c755f relayoutBoundary=up1 NEEDS-PAINT NEEDS-COMPOSITING-BITS-UPDATE
      child 1: RenderSemanticsAnnotations#f88f7 relayoutBoundary=up2 NEEDS-PAINT NEEDS-COMPOSITING-BITS-UPDATE
        child: _RenderInputPadding#aaa9c relayoutBoundary=up3 NEEDS-PAINT NEEDS-COMPOSITING-BITS-UPDATE
          child: RenderConstrainedBox#9b95f relayoutBoundary=up4 NEEDS-PAINT NEEDS-COMPOSITING-BITS-UPDATE
            child: RenderPhysicalShape#f0f91 NEEDS-PAINT NEEDS-COMPOSITING-BITS-UPDATE
      child 2: RenderParagraph#e63a4 relayoutBoundary=up2 NEEDS-PAINT
        text: TextSpan
    child 2: RenderConstrainedBox#43ece relayoutBoundary=up1 NEEDS-PAINT
    child 3: RenderRepaintBoundary#37b1d NEEDS-PAINT NEEDS-COMPOSITING-BITS-UPDATE
      child: RenderPointerListener#e3692 NEEDS-PAINT NEEDS-COMPOSITING-BITS-UPDATE
        child: RenderSemanticsGestureHandler#b7046 NEEDS-PAINT NEEDS-COMPOSITING-BITS-UPDATE
          child: RenderPointerListener#93db3 NEEDS-PAINT NEEDS-COMPOSITING-BITS-UPDATE
            child: RenderMouseRegion#54c1b NEEDS-PAINT NEEDS-COMPOSITING-BITS-UPDATE
════════════════════════════════════════════════════════════════════════════════════════════════════
══╡ EXCEPTION CAUGHT BY RENDERING LIBRARY ╞═════════════════════════════════════════════════════════
The following assertion was thrown during performLayout():
RenderBox was not laid out: RenderFlex#cf9d5 NEEDS-PAINT NEEDS-COMPOSITING-BITS-UPDATE
'package:flutter/src/rendering/box.dart':
Failed assertion: line 2251 pos 12: 'hasSize'

Either the assertion indicates an error in the framework itself, or we should provide substantially
more information in this error message to help you determine and fix the underlying cause.
In either case, please report this assertion by filing a bug on GitHub:
  https://github.com/flutter/flutter/issues/new?template=02_bug.yml

The relevant error-causing widget was:
  Padding
  Padding:file:///private/tmp/menu11-preview-head-87226620c/packages/map_player_ui/lib/src/foundation/player_components.dart:147:16

When the exception was thrown, this was the stack:
#2      RenderBox.size (package:flutter/src/rendering/box.dart:2251:12)
#3      RenderPadding.performLayout (package:flutter/src/rendering/shifted_box.dart:266:40)
#4      RenderObject.layout (package:flutter/src/rendering/object.dart:2911:7)
#5      RenderProxyBoxMixin.performLayout (package:flutter/src/rendering/proxy_box.dart:118:18)
#6      RenderObject.layout (package:flutter/src/rendering/object.dart:2911:7)
#7      RenderProxyBoxMixin.performLayout (package:flutter/src/rendering/proxy_box.dart:118:18)
#8      RenderCustomPaint.performLayout (package:flutter/src/rendering/custom_paint.dart:574:11)
#9      RenderObject.layout (package:flutter/src/rendering/object.dart:2911:7)
#10     RenderProxyBoxMixin.performLayout (package:flutter/src/rendering/proxy_box.dart:118:18)
#11     _RenderCustomClip.performLayout (package:flutter/src/rendering/proxy_box.dart:1549:11)
#12     RenderObject.layout (package:flutter/src/rendering/object.dart:2911:7)
#13     ChildLayoutHelper.layoutChild (package:flutter/src/rendering/layout_helper.dart:62:11)
#14     RenderStack._computeSize (package:flutter/src/rendering/stack.dart:647:43)
#15     RenderStack.performLayout (package:flutter/src/rendering/stack.dart:682:12)
#16     RenderObject.layout (package:flutter/src/rendering/object.dart:2911:7)
#17     _RenderLayoutBuilder.performLayout (package:flutter/src/widgets/layout_builder.dart:449:14)
#18     RenderObject._layoutWithoutResize (package:flutter/src/rendering/object.dart:2759:7)
#19     PipelineOwner.flushLayout (package:flutter/src/rendering/object.dart:1174:18)
#20     PipelineOwner.flushLayout (package:flutter/src/rendering/object.dart:1187:15)
#21     AutomatedTestWidgetsFlutterBinding.drawFrame (package:flutter_test/src/binding.dart:2434:27)
#22     RendererBinding._handlePersistentFrameCallback (package:flutter/src/rendering/binding.dart:558:5)
#23     SchedulerBinding._invokeFrameCallback (package:flutter/src/scheduler/binding.dart:1430:15)
#24     SchedulerBinding.handleDrawFrame (package:flutter/src/scheduler/binding.dart:1345:9)
#25     AutomatedTestWidgetsFlutterBinding.pump.<anonymous closure> (package:flutter_test/src/binding.dart:2261:9)
#28     TestAsyncUtils.guard (package:flutter_test/src/test_async_utils.dart:74:41)
#29     AutomatedTestWidgetsFlutterBinding.pump (package:flutter_test/src/binding.dart:2250:27)
#30     WidgetTester.pumpAndSettle.<anonymous closure> (package:flutter_test/src/widget_tester.dart:719:23)
#33     TestAsyncUtils.guard (package:flutter_test/src/test_async_utils.dart:74:41)
#34     WidgetTester.pumpAndSettle (package:flutter_test/src/widget_tester.dart:712:27)
#35     main.<anonymous closure> (file:///private/tmp/menu11-preview-head-87226620c/packages/map_editor/test/personalization/personalization_player_surface_adapter_test.dart:220:20)
<asynchronous suspension>
#36     testWidgets.<anonymous closure>.<anonymous closure> (package:flutter_test/src/widget_tester.dart:192:15)
<asynchronous suspension>
#37     TestWidgetsFlutterBinding._runTestBody (package:flutter_test/src/binding.dart:1953:5)
<asynchronous suspension>
<asynchronous suspension>
(elided 7 frames from class _AssertionError, dart:async, and package:stack_trace)

The following RenderObject was being processed when the exception was fired: RenderPadding#e0de4 NEEDS-LAYOUT NEEDS-PAINT NEEDS-COMPOSITING-BITS-UPDATE:
  creator: Padding ← DefaultTextStyle ← Builder ← DefaultTextStyle ← AnimatedDefaultTextStyle ←
    _InkFeatures-[GlobalKey#cef67 ink renderer] ← NotificationListener<LayoutChangedNotification> ←
    CustomPaint ← _ShapeBorderPaint ← PhysicalShape ← _MaterialInterior ← Material ← ⋯
  parentData: <none> (can use size)
  constraints: BoxConstraints(w=390.0, h=640.0)
  size: MISSING
  padding: EdgeInsets.all(16.0)
  textDirection: ltr
This RenderObject had the following descendants (showing up to depth 5):
    child: RenderFlex#cf9d5 NEEDS-PAINT NEEDS-COMPOSITING-BITS-UPDATE
      child 1: RenderFlex#c755f relayoutBoundary=up1 NEEDS-PAINT NEEDS-COMPOSITING-BITS-UPDATE
        child 1: RenderSemanticsAnnotations#f88f7 relayoutBoundary=up2 NEEDS-PAINT NEEDS-COMPOSITING-BITS-UPDATE
          child: _RenderInputPadding#aaa9c relayoutBoundary=up3 NEEDS-PAINT NEEDS-COMPOSITING-BITS-UPDATE
            child: RenderConstrainedBox#9b95f relayoutBoundary=up4 NEEDS-PAINT NEEDS-COMPOSITING-BITS-UPDATE
        child 2: RenderParagraph#e63a4 relayoutBoundary=up2 NEEDS-PAINT
          text: TextSpan
      child 2: RenderConstrainedBox#43ece relayoutBoundary=up1 NEEDS-PAINT
      child 3: RenderRepaintBoundary#37b1d NEEDS-PAINT NEEDS-COMPOSITING-BITS-UPDATE
        child: RenderPointerListener#e3692 NEEDS-PAINT NEEDS-COMPOSITING-BITS-UPDATE
          child: RenderSemanticsGestureHandler#b7046 NEEDS-PAINT NEEDS-COMPOSITING-BITS-UPDATE
            child: RenderPointerListener#93db3 NEEDS-PAINT NEEDS-COMPOSITING-BITS-UPDATE
════════════════════════════════════════════════════════════════════════════════════════════════════
══╡ EXCEPTION CAUGHT BY RENDERING LIBRARY ╞═════════════════════════════════════════════════════════
The following assertion was thrown during performLayout():
RenderBox was not laid out: RenderPadding#e0de4 NEEDS-PAINT NEEDS-COMPOSITING-BITS-UPDATE
'package:flutter/src/rendering/box.dart':
Failed assertion: line 2251 pos 12: 'hasSize'

Either the assertion indicates an error in the framework itself, or we should provide substantially
more information in this error message to help you determine and fix the underlying cause.
In either case, please report this assertion by filing a bug on GitHub:
  https://github.com/flutter/flutter/issues/new?template=02_bug.yml

The relevant error-causing widget was:
  Material
  Material:file:///private/tmp/menu11-preview-head-87226620c/packages/map_player_ui/lib/src/foundation/player_components.dart:134:19

When the exception was thrown, this was the stack:
#2      RenderBox.size (package:flutter/src/rendering/box.dart:2251:12)
#3      RenderProxyBoxMixin.performLayout (package:flutter/src/rendering/proxy_box.dart:118:62)
#4      RenderObject.layout (package:flutter/src/rendering/object.dart:2911:7)
#5      RenderProxyBoxMixin.performLayout (package:flutter/src/rendering/proxy_box.dart:118:18)
#6      RenderCustomPaint.performLayout (package:flutter/src/rendering/custom_paint.dart:574:11)
#7      RenderObject.layout (package:flutter/src/rendering/object.dart:2911:7)
#8      RenderProxyBoxMixin.performLayout (package:flutter/src/rendering/proxy_box.dart:118:18)
#9      _RenderCustomClip.performLayout (package:flutter/src/rendering/proxy_box.dart:1549:11)
#10     RenderObject.layout (package:flutter/src/rendering/object.dart:2911:7)
#11     ChildLayoutHelper.layoutChild (package:flutter/src/rendering/layout_helper.dart:62:11)
#12     RenderStack._computeSize (package:flutter/src/rendering/stack.dart:647:43)
#13     RenderStack.performLayout (package:flutter/src/rendering/stack.dart:682:12)
#14     RenderObject.layout (package:flutter/src/rendering/object.dart:2911:7)
#15     _RenderLayoutBuilder.performLayout (package:flutter/src/widgets/layout_builder.dart:449:14)
#16     RenderObject._layoutWithoutResize (package:flutter/src/rendering/object.dart:2759:7)
#17     PipelineOwner.flushLayout (package:flutter/src/rendering/object.dart:1174:18)
#18     PipelineOwner.flushLayout (package:flutter/src/rendering/object.dart:1187:15)
#19     AutomatedTestWidgetsFlutterBinding.drawFrame (package:flutter_test/src/binding.dart:2434:27)
#20     RendererBinding._handlePersistentFrameCallback (package:flutter/src/rendering/binding.dart:558:5)
#21     SchedulerBinding._invokeFrameCallback (package:flutter/src/scheduler/binding.dart:1430:15)
#22     SchedulerBinding.handleDrawFrame (package:flutter/src/scheduler/binding.dart:1345:9)
#23     AutomatedTestWidgetsFlutterBinding.pump.<anonymous closure> (package:flutter_test/src/binding.dart:2261:9)
#26     TestAsyncUtils.guard (package:flutter_test/src/test_async_utils.dart:74:41)
#27     AutomatedTestWidgetsFlutterBinding.pump (package:flutter_test/src/binding.dart:2250:27)
#28     WidgetTester.pumpAndSettle.<anonymous closure> (package:flutter_test/src/widget_tester.dart:719:23)
#31     TestAsyncUtils.guard (package:flutter_test/src/test_async_utils.dart:74:41)
#32     WidgetTester.pumpAndSettle (package:flutter_test/src/widget_tester.dart:712:27)
#33     main.<anonymous closure> (file:///private/tmp/menu11-preview-head-87226620c/packages/map_editor/test/personalization/personalization_player_surface_adapter_test.dart:220:20)
<asynchronous suspension>
#34     testWidgets.<anonymous closure>.<anonymous closure> (package:flutter_test/src/widget_tester.dart:192:15)
<asynchronous suspension>
#35     TestWidgetsFlutterBinding._runTestBody (package:flutter_test/src/binding.dart:1953:5)
<asynchronous suspension>
<asynchronous suspension>
(elided 7 frames from class _AssertionError, dart:async, and package:stack_trace)

The following RenderObject was being processed when the exception was fired: _RenderInkFeatures#9a5fb NEEDS-LAYOUT NEEDS-PAINT NEEDS-COMPOSITING-BITS-UPDATE:
  creator: _InkFeatures-[GlobalKey#cef67 ink renderer] ←
    NotificationListener<LayoutChangedNotification> ← CustomPaint ← _ShapeBorderPaint ← PhysicalShape
    ← _MaterialInterior ← Material ← PlayerPanel ← Stack-[<'runtime-pause-layout-compactPortrait'>] ←
    LayoutBuilder ← MediaQuery ← Padding ← ⋯
  parentData: <none> (can use size)
  constraints: BoxConstraints(w=390.0, h=640.0)
  size: MISSING
This RenderObject had the following descendants (showing up to depth 5):
    child: RenderPadding#e0de4 NEEDS-PAINT NEEDS-COMPOSITING-BITS-UPDATE
      child: RenderFlex#cf9d5 NEEDS-PAINT NEEDS-COMPOSITING-BITS-UPDATE
        child 1: RenderFlex#c755f relayoutBoundary=up1 NEEDS-PAINT NEEDS-COMPOSITING-BITS-UPDATE
          child 1: RenderSemanticsAnnotations#f88f7 relayoutBoundary=up2 NEEDS-PAINT NEEDS-COMPOSITING-BITS-UPDATE
            child: _RenderInputPadding#aaa9c relayoutBoundary=up3 NEEDS-PAINT NEEDS-COMPOSITING-BITS-UPDATE
          child 2: RenderParagraph#e63a4 relayoutBoundary=up2 NEEDS-PAINT
            text: TextSpan
        child 2: RenderConstrainedBox#43ece relayoutBoundary=up1 NEEDS-PAINT
        child 3: RenderRepaintBoundary#37b1d NEEDS-PAINT NEEDS-COMPOSITING-BITS-UPDATE
          child: RenderPointerListener#e3692 NEEDS-PAINT NEEDS-COMPOSITING-BITS-UPDATE
            child: RenderSemanticsGestureHandler#b7046 NEEDS-PAINT NEEDS-COMPOSITING-BITS-UPDATE
════════════════════════════════════════════════════════════════════════════════════════════════════
══╡ EXCEPTION CAUGHT BY RENDERING LIBRARY ╞═════════════════════════════════════════════════════════
The following assertion was thrown during performLayout():
RenderBox was not laid out: _RenderInkFeatures#9a5fb NEEDS-PAINT NEEDS-COMPOSITING-BITS-UPDATE
'package:flutter/src/rendering/box.dart':
Failed assertion: line 2251 pos 12: 'hasSize'

Either the assertion indicates an error in the framework itself, or we should provide substantially
more information in this error message to help you determine and fix the underlying cause.
In either case, please report this assertion by filing a bug on GitHub:
  https://github.com/flutter/flutter/issues/new?template=02_bug.yml

The relevant error-causing widget was:
  Material
  Material:file:///private/tmp/menu11-preview-head-87226620c/packages/map_player_ui/lib/src/foundation/player_components.dart:134:19

When the exception was thrown, this was the stack:
#2      RenderBox.size (package:flutter/src/rendering/box.dart:2251:12)
#3      RenderProxyBoxMixin.performLayout (package:flutter/src/rendering/proxy_box.dart:118:62)
#4      RenderCustomPaint.performLayout (package:flutter/src/rendering/custom_paint.dart:574:11)
#5      RenderObject.layout (package:flutter/src/rendering/object.dart:2911:7)
#6      RenderProxyBoxMixin.performLayout (package:flutter/src/rendering/proxy_box.dart:118:18)
#7      _RenderCustomClip.performLayout (package:flutter/src/rendering/proxy_box.dart:1549:11)
#8      RenderObject.layout (package:flutter/src/rendering/object.dart:2911:7)
#9      ChildLayoutHelper.layoutChild (package:flutter/src/rendering/layout_helper.dart:62:11)
#10     RenderStack._computeSize (package:flutter/src/rendering/stack.dart:647:43)
#11     RenderStack.performLayout (package:flutter/src/rendering/stack.dart:682:12)
#12     RenderObject.layout (package:flutter/src/rendering/object.dart:2911:7)
#13     _RenderLayoutBuilder.performLayout (package:flutter/src/widgets/layout_builder.dart:449:14)
#14     RenderObject._layoutWithoutResize (package:flutter/src/rendering/object.dart:2759:7)
#15     PipelineOwner.flushLayout (package:flutter/src/rendering/object.dart:1174:18)
#16     PipelineOwner.flushLayout (package:flutter/src/rendering/object.dart:1187:15)
#17     AutomatedTestWidgetsFlutterBinding.drawFrame (package:flutter_test/src/binding.dart:2434:27)
#18     RendererBinding._handlePersistentFrameCallback (package:flutter/src/rendering/binding.dart:558:5)
#19     SchedulerBinding._invokeFrameCallback (package:flutter/src/scheduler/binding.dart:1430:15)
#20     SchedulerBinding.handleDrawFrame (package:flutter/src/scheduler/binding.dart:1345:9)
#21     AutomatedTestWidgetsFlutterBinding.pump.<anonymous closure> (package:flutter_test/src/binding.dart:2261:9)
#24     TestAsyncUtils.guard (package:flutter_test/src/test_async_utils.dart:74:41)
#25     AutomatedTestWidgetsFlutterBinding.pump (package:flutter_test/src/binding.dart:2250:27)
#26     WidgetTester.pumpAndSettle.<anonymous closure> (package:flutter_test/src/widget_tester.dart:719:23)
#29     TestAsyncUtils.guard (package:flutter_test/src/test_async_utils.dart:74:41)
#30     WidgetTester.pumpAndSettle (package:flutter_test/src/widget_tester.dart:712:27)
#31     main.<anonymous closure> (file:///private/tmp/menu11-preview-head-87226620c/packages/map_editor/test/personalization/personalization_player_surface_adapter_test.dart:220:20)
<asynchronous suspension>
#32     testWidgets.<anonymous closure>.<anonymous closure> (package:flutter_test/src/widget_tester.dart:192:15)
<asynchronous suspension>
#33     TestWidgetsFlutterBinding._runTestBody (package:flutter_test/src/binding.dart:1953:5)
<asynchronous suspension>
<asynchronous suspension>
(elided 7 frames from class _AssertionError, dart:async, and package:stack_trace)

The following RenderObject was being processed when the exception was fired: RenderCustomPaint#07cad NEEDS-LAYOUT NEEDS-PAINT NEEDS-COMPOSITING-BITS-UPDATE:
  creator: CustomPaint ← _ShapeBorderPaint ← PhysicalShape ← _MaterialInterior ← Material ←
    PlayerPanel ← Stack-[<'runtime-pause-layout-compactPortrait'>] ← LayoutBuilder ← MediaQuery ←
    Padding ← SafeArea ← DefaultTextStyle ← ⋯
  parentData: <none> (can use size)
  constraints: BoxConstraints(w=390.0, h=640.0)
  size: MISSING
  painter: null
  foregroundPainter: _ShapeBorderPainter#5046e()
This RenderObject had the following descendants (showing up to depth 5):
    child: _RenderInkFeatures#9a5fb NEEDS-PAINT NEEDS-COMPOSITING-BITS-UPDATE
      child: RenderPadding#e0de4 NEEDS-PAINT NEEDS-COMPOSITING-BITS-UPDATE
        child: RenderFlex#cf9d5 NEEDS-PAINT NEEDS-COMPOSITING-BITS-UPDATE
          child 1: RenderFlex#c755f relayoutBoundary=up1 NEEDS-PAINT NEEDS-COMPOSITING-BITS-UPDATE
            child 1: RenderSemanticsAnnotations#f88f7 relayoutBoundary=up2 NEEDS-PAINT NEEDS-COMPOSITING-BITS-UPDATE
            child 2: RenderParagraph#e63a4 relayoutBoundary=up2 NEEDS-PAINT
          child 2: RenderConstrainedBox#43ece relayoutBoundary=up1 NEEDS-PAINT
          child 3: RenderRepaintBoundary#37b1d NEEDS-PAINT NEEDS-COMPOSITING-BITS-UPDATE
            child: RenderPointerListener#e3692 NEEDS-PAINT NEEDS-COMPOSITING-BITS-UPDATE
════════════════════════════════════════════════════════════════════════════════════════════════════
══╡ EXCEPTION CAUGHT BY RENDERING LIBRARY ╞═════════════════════════════════════════════════════════
The following assertion was thrown during performLayout():
RenderBox was not laid out: RenderCustomPaint#07cad NEEDS-PAINT NEEDS-COMPOSITING-BITS-UPDATE
'package:flutter/src/rendering/box.dart':
Failed assertion: line 2251 pos 12: 'hasSize'

Either the assertion indicates an error in the framework itself, or we should provide substantially
more information in this error message to help you determine and fix the underlying cause.
In either case, please report this assertion by filing a bug on GitHub:
  https://github.com/flutter/flutter/issues/new?template=02_bug.yml

The relevant error-causing widget was:
  Material
  Material:file:///private/tmp/menu11-preview-head-87226620c/packages/map_player_ui/lib/src/foundation/player_components.dart:134:19

When the exception was thrown, this was the stack:
#2      RenderBox.size (package:flutter/src/rendering/box.dart:2251:12)
#3      RenderProxyBoxMixin.performLayout (package:flutter/src/rendering/proxy_box.dart:118:62)
#4      _RenderCustomClip.performLayout (package:flutter/src/rendering/proxy_box.dart:1549:11)
#5      RenderObject.layout (package:flutter/src/rendering/object.dart:2911:7)
#6      ChildLayoutHelper.layoutChild (package:flutter/src/rendering/layout_helper.dart:62:11)
#7      RenderStack._computeSize (package:flutter/src/rendering/stack.dart:647:43)
#8      RenderStack.performLayout (package:flutter/src/rendering/stack.dart:682:12)
#9      RenderObject.layout (package:flutter/src/rendering/object.dart:2911:7)
#10     _RenderLayoutBuilder.performLayout (package:flutter/src/widgets/layout_builder.dart:449:14)
#11     RenderObject._layoutWithoutResize (package:flutter/src/rendering/object.dart:2759:7)
#12     PipelineOwner.flushLayout (package:flutter/src/rendering/object.dart:1174:18)
#13     PipelineOwner.flushLayout (package:flutter/src/rendering/object.dart:1187:15)
#14     AutomatedTestWidgetsFlutterBinding.drawFrame (package:flutter_test/src/binding.dart:2434:27)
#15     RendererBinding._handlePersistentFrameCallback (package:flutter/src/rendering/binding.dart:558:5)
#16     SchedulerBinding._invokeFrameCallback (package:flutter/src/scheduler/binding.dart:1430:15)
#17     SchedulerBinding.handleDrawFrame (package:flutter/src/scheduler/binding.dart:1345:9)
#18     AutomatedTestWidgetsFlutterBinding.pump.<anonymous closure> (package:flutter_test/src/binding.dart:2261:9)
#21     TestAsyncUtils.guard (package:flutter_test/src/test_async_utils.dart:74:41)
#22     AutomatedTestWidgetsFlutterBinding.pump (package:flutter_test/src/binding.dart:2250:27)
#23     WidgetTester.pumpAndSettle.<anonymous closure> (package:flutter_test/src/widget_tester.dart:719:23)
#26     TestAsyncUtils.guard (package:flutter_test/src/test_async_utils.dart:74:41)
#27     WidgetTester.pumpAndSettle (package:flutter_test/src/widget_tester.dart:712:27)
#28     main.<anonymous closure> (file:///private/tmp/menu11-preview-head-87226620c/packages/map_editor/test/personalization/personalization_player_surface_adapter_test.dart:220:20)
<asynchronous suspension>
#29     testWidgets.<anonymous closure>.<anonymous closure> (package:flutter_test/src/widget_tester.dart:192:15)
<asynchronous suspension>
#30     TestWidgetsFlutterBinding._runTestBody (package:flutter_test/src/binding.dart:1953:5)
<asynchronous suspension>
<asynchronous suspension>
(elided 7 frames from class _AssertionError, dart:async, and package:stack_trace)

The following RenderObject was being processed when the exception was fired: RenderPhysicalShape#327c9 NEEDS-LAYOUT NEEDS-PAINT NEEDS-COMPOSITING-BITS-UPDATE:
  creator: PhysicalShape ← _MaterialInterior ← Material ← PlayerPanel ←
    Stack-[<'runtime-pause-layout-compactPortrait'>] ← LayoutBuilder ← MediaQuery ← Padding ← SafeArea
    ← DefaultTextStyle ← AnimatedDefaultTextStyle ← _InkFeatures-[GlobalKey#ea42a ink renderer] ← ⋯
  parentData: not positioned; offset=Offset(0.0, 0.0) (can use size)
  constraints: BoxConstraints(w=390.0, h=640.0)
  size: MISSING
  elevation: 0.0
  color: Color(alpha: 1.0000, red: 0.9176, green: 0.9412, blue: 0.9725, colorSpace: ColorSpace.sRGB)
  shadowColor: Color(alpha: 1.0000, red: 0.9176, green: 0.9412, blue: 0.9725, colorSpace:
    ColorSpace.sRGB)
  clipper: ShapeBorderClipper
This RenderObject had the following descendants (showing up to depth 5):
    child: RenderCustomPaint#07cad NEEDS-PAINT NEEDS-COMPOSITING-BITS-UPDATE
      child: _RenderInkFeatures#9a5fb NEEDS-PAINT NEEDS-COMPOSITING-BITS-UPDATE
        child: RenderPadding#e0de4 NEEDS-PAINT NEEDS-COMPOSITING-BITS-UPDATE
          child: RenderFlex#cf9d5 NEEDS-PAINT NEEDS-COMPOSITING-BITS-UPDATE
            child 1: RenderFlex#c755f relayoutBoundary=up1 NEEDS-PAINT NEEDS-COMPOSITING-BITS-UPDATE
            child 2: RenderConstrainedBox#43ece relayoutBoundary=up1 NEEDS-PAINT
            child 3: RenderRepaintBoundary#37b1d NEEDS-PAINT NEEDS-COMPOSITING-BITS-UPDATE
════════════════════════════════════════════════════════════════════════════════════════════════════
══╡ EXCEPTION CAUGHT BY RENDERING LIBRARY ╞═════════════════════════════════════════════════════════
The following assertion was thrown during performLayout():
RenderBox was not laid out: RenderPhysicalShape#327c9 NEEDS-PAINT NEEDS-COMPOSITING-BITS-UPDATE
'package:flutter/src/rendering/box.dart':
Failed assertion: line 2251 pos 12: 'hasSize'

Either the assertion indicates an error in the framework itself, or we should provide substantially
more information in this error message to help you determine and fix the underlying cause.
In either case, please report this assertion by filing a bug on GitHub:
  https://github.com/flutter/flutter/issues/new?template=02_bug.yml

The relevant error-causing widget was:
  Stack-[<'runtime-pause-layout-compactPortrait'>]
  Stack:file:///private/tmp/menu11-preview-head-87226620c/packages/map_player_ui/lib/src/player/runtime_player_pause_shell.dart:473:26

When the exception was thrown, this was the stack:
#2      RenderBox.size (package:flutter/src/rendering/box.dart:2251:12)
#3      ChildLayoutHelper.layoutChild (package:flutter/src/rendering/layout_helper.dart:63:18)
#4      RenderStack._computeSize (package:flutter/src/rendering/stack.dart:647:43)
#5      RenderStack.performLayout (package:flutter/src/rendering/stack.dart:682:12)
#6      RenderObject.layout (package:flutter/src/rendering/object.dart:2911:7)
#7      _RenderLayoutBuilder.performLayout (package:flutter/src/widgets/layout_builder.dart:449:14)
#8      RenderObject._layoutWithoutResize (package:flutter/src/rendering/object.dart:2759:7)
#9      PipelineOwner.flushLayout (package:flutter/src/rendering/object.dart:1174:18)
#10     PipelineOwner.flushLayout (package:flutter/src/rendering/object.dart:1187:15)
#11     AutomatedTestWidgetsFlutterBinding.drawFrame (package:flutter_test/src/binding.dart:2434:27)
#12     RendererBinding._handlePersistentFrameCallback (package:flutter/src/rendering/binding.dart:558:5)
#13     SchedulerBinding._invokeFrameCallback (package:flutter/src/scheduler/binding.dart:1430:15)
#14     SchedulerBinding.handleDrawFrame (package:flutter/src/scheduler/binding.dart:1345:9)
#15     AutomatedTestWidgetsFlutterBinding.pump.<anonymous closure> (package:flutter_test/src/binding.dart:2261:9)
#18     TestAsyncUtils.guard (package:flutter_test/src/test_async_utils.dart:74:41)
#19     AutomatedTestWidgetsFlutterBinding.pump (package:flutter_test/src/binding.dart:2250:27)
#20     WidgetTester.pumpAndSettle.<anonymous closure> (package:flutter_test/src/widget_tester.dart:719:23)
#23     TestAsyncUtils.guard (package:flutter_test/src/test_async_utils.dart:74:41)
#24     WidgetTester.pumpAndSettle (package:flutter_test/src/widget_tester.dart:712:27)
#25     main.<anonymous closure> (file:///private/tmp/menu11-preview-head-87226620c/packages/map_editor/test/personalization/personalization_player_surface_adapter_test.dart:220:20)
<asynchronous suspension>
#26     testWidgets.<anonymous closure>.<anonymous closure> (package:flutter_test/src/widget_tester.dart:192:15)
<asynchronous suspension>
#27     TestWidgetsFlutterBinding._runTestBody (package:flutter_test/src/binding.dart:1953:5)
<asynchronous suspension>
<asynchronous suspension>
(elided 7 frames from class _AssertionError, dart:async, and package:stack_trace)

The following RenderObject was being processed when the exception was fired: RenderStack#47e3e NEEDS-LAYOUT NEEDS-COMPOSITING-BITS-UPDATE:
  needs compositing
  creator: Stack-[<'runtime-pause-layout-compactPortrait'>] ← LayoutBuilder ← MediaQuery ← Padding ←
    SafeArea ← DefaultTextStyle ← AnimatedDefaultTextStyle ← _InkFeatures-[GlobalKey#ea42a ink
    renderer] ← NotificationListener<LayoutChangedNotification> ← PhysicalModel ←
    AnimatedPhysicalModel ← Material-[<'runtime-pause-backdrop'>] ← ⋯
  parentData: offset=Offset(0.0, 0.0) (can use size)
  constraints: BoxConstraints(w=390.0, h=640.0)
  size: Size(390.0, 640.0)
  alignment: AlignmentDirectional.topStart
  textDirection: ltr
  fit: expand
This RenderObject had the following descendants (showing up to depth 5):
    child 1: RenderPhysicalShape#327c9 NEEDS-PAINT NEEDS-COMPOSITING-BITS-UPDATE
      child: RenderCustomPaint#07cad NEEDS-PAINT NEEDS-COMPOSITING-BITS-UPDATE
        child: _RenderInkFeatures#9a5fb NEEDS-PAINT NEEDS-COMPOSITING-BITS-UPDATE
          child: RenderPadding#e0de4 NEEDS-PAINT NEEDS-COMPOSITING-BITS-UPDATE
            child: RenderFlex#cf9d5 NEEDS-PAINT NEEDS-COMPOSITING-BITS-UPDATE
    child 2: RenderAnimatedOpacity#c19ad relayoutBoundary=up1
      child: RenderSemanticsAnnotations#73f9d relayoutBoundary=up2
        child: _RenderInputPadding#7394e relayoutBoundary=up3
          child: RenderConstrainedBox#2d706 relayoutBoundary=up4
            child: RenderPhysicalShape#0dda7
════════════════════════════════════════════════════════════════════════════════════════════════════
══╡ EXCEPTION CAUGHT BY RENDERING LIBRARY ╞═════════════════════════════════════════════════════════
The following assertion was thrown during paint():
RenderBox was not laid out: RenderPhysicalShape#327c9
'package:flutter/src/rendering/box.dart':
Failed assertion: line 2251 pos 12: 'hasSize'

Either the assertion indicates an error in the framework itself, or we should provide substantially
more information in this error message to help you determine and fix the underlying cause.
In either case, please report this assertion by filing a bug on GitHub:
  https://github.com/flutter/flutter/issues/new?template=02_bug.yml

The relevant error-causing widget was:
  Material
  Material:file:///private/tmp/menu11-preview-head-87226620c/packages/map_player_ui/lib/src/foundation/player_components.dart:134:19

When the exception was thrown, this was the stack:
#2      RenderBox.size (package:flutter/src/rendering/box.dart:2251:12)
#3      _RenderCustomClip._updateClip (package:flutter/src/rendering/proxy_box.dart:1556:33)
#4      RenderPhysicalShape.paint (package:flutter/src/rendering/proxy_box.dart:2317:5)
#5      RenderObject._paintWithContext (package:flutter/src/rendering/object.dart:3568:7)
#6      PaintingContext.paintChild (package:flutter/src/rendering/object.dart:265:13)
#7      RenderBoxContainerDefaultsMixin.defaultPaint (package:flutter/src/rendering/box.dart:3368:15)
#8      RenderStack.paintStack (package:flutter/src/rendering/stack.dart:713:5)
#9      RenderStack.paint (package:flutter/src/rendering/stack.dart:729:7)
#10     RenderObject._paintWithContext (package:flutter/src/rendering/object.dart:3568:7)
#11     PaintingContext.paintChild (package:flutter/src/rendering/object.dart:265:13)
#12     _RenderLayoutBuilder.paint (package:flutter/src/widgets/layout_builder.dart:470:15)
#13     RenderObject._paintWithContext (package:flutter/src/rendering/object.dart:3568:7)
#14     PaintingContext.paintChild (package:flutter/src/rendering/object.dart:265:13)
#15     RenderShiftedBox.paint (package:flutter/src/rendering/shifted_box.dart:98:15)
#16     RenderObject._paintWithContext (package:flutter/src/rendering/object.dart:3568:7)
#17     PaintingContext.paintChild (package:flutter/src/rendering/object.dart:265:13)
#18     RenderProxyBoxMixin.paint (package:flutter/src/rendering/proxy_box.dart:143:13)
#19     _RenderInkFeatures.paint (package:flutter/src/material/material.dart:634:11)
#20     RenderObject._paintWithContext (package:flutter/src/rendering/object.dart:3568:7)
#21     PaintingContext.paintChild (package:flutter/src/rendering/object.dart:265:13)
#22     RenderProxyBoxMixin.paint (package:flutter/src/rendering/proxy_box.dart:143:13)
#23     RenderPhysicalModel.paint.<anonymous closure> (package:flutter/src/rendering/proxy_box.dart:2252:15)
#24     PaintingContext.pushClipRRect (package:flutter/src/rendering/object.dart:626:14)
#25     RenderPhysicalModel.paint (package:flutter/src/rendering/proxy_box.dart:2239:21)
#26     RenderObject._paintWithContext (package:flutter/src/rendering/object.dart:3568:7)
#27     PaintingContext.paintChild (package:flutter/src/rendering/object.dart:265:13)
#28     RenderProxyBoxMixin.paint (package:flutter/src/rendering/proxy_box.dart:143:13)
#29     RenderObject._paintWithContext (package:flutter/src/rendering/object.dart:3568:7)
#30     PaintingContext.paintChild (package:flutter/src/rendering/object.dart:265:13)
#31     RenderProxyBoxMixin.paint (package:flutter/src/rendering/proxy_box.dart:143:13)
#32     RenderObject._paintWithContext (package:flutter/src/rendering/object.dart:3568:7)
#33     PaintingContext.paintChild (package:flutter/src/rendering/object.dart:265:13)
#34     RenderProxyBoxMixin.paint (package:flutter/src/rendering/proxy_box.dart:143:13)
#35     RenderObject._paintWithContext (package:flutter/src/rendering/object.dart:3568:7)
#36     PaintingContext.paintChild (package:flutter/src/rendering/object.dart:265:13)
#37     RenderProxyBoxMixin.paint (package:flutter/src/rendering/proxy_box.dart:143:13)
#38     PaintingContext.pushLayer (package:flutter/src/rendering/object.dart:522:12)
#39     PaintingContext.pushClipRect (package:flutter/src/rendering/object.dart:589:7)
#40     RenderClipRect.paint (package:flutter/src/rendering/proxy_box.dart:1644:25)
#41     RenderObject._paintWithContext (package:flutter/src/rendering/object.dart:3568:7)
#42     PaintingContext.paintChild (package:flutter/src/rendering/object.dart:265:13)
#43     RenderProxyBoxMixin.paint (package:flutter/src/rendering/proxy_box.dart:143:13)
#44     RenderObject._paintWithContext (package:flutter/src/rendering/object.dart:3568:7)
#45     PaintingContext.paintChild (package:flutter/src/rendering/object.dart:265:13)
#46     RenderProxyBoxMixin.paint (package:flutter/src/rendering/proxy_box.dart:143:13)
#47     RenderObject._paintWithContext (package:flutter/src/rendering/object.dart:3568:7)
#48     PaintingContext.paintChild (package:flutter/src/rendering/object.dart:265:13)
#49     RenderBoxContainerDefaultsMixin.defaultPaint (package:flutter/src/rendering/box.dart:3368:15)
#50     RenderCustomMultiChildLayoutBox.paint (package:flutter/src/rendering/custom_layout.dart:422:5)
#51     RenderObject._paintWithContext (package:flutter/src/rendering/object.dart:3568:7)
#52     PaintingContext.paintChild (package:flutter/src/rendering/object.dart:265:13)
#53     RenderProxyBoxMixin.paint (package:flutter/src/rendering/proxy_box.dart:143:13)
#54     _RenderInkFeatures.paint (package:flutter/src/material/material.dart:634:11)
#55     RenderObject._paintWithContext (package:flutter/src/rendering/object.dart:3568:7)
#56     PaintingContext.paintChild (package:flutter/src/rendering/object.dart:265:13)
#57     RenderProxyBoxMixin.paint (package:flutter/src/rendering/proxy_box.dart:143:13)
#58     RenderPhysicalModel.paint.<anonymous closure> (package:flutter/src/rendering/proxy_box.dart:2252:15)
#59     PaintingContext.pushClipRRect (package:flutter/src/rendering/object.dart:626:14)
#60     RenderPhysicalModel.paint (package:flutter/src/rendering/proxy_box.dart:2239:21)
#61     RenderObject._paintWithContext (package:flutter/src/rendering/object.dart:3568:7)
#62     PaintingContext.paintChild (package:flutter/src/rendering/object.dart:265:13)
#63     RenderProxyBoxMixin.paint (package:flutter/src/rendering/proxy_box.dart:143:13)
#64     RenderObject._paintWithContext (package:flutter/src/rendering/object.dart:3568:7)
#65     PaintingContext.paintChild (package:flutter/src/rendering/object.dart:265:13)
#66     RenderProxyBoxMixin.paint (package:flutter/src/rendering/proxy_box.dart:143:13)
#67     RenderObject._paintWithContext (package:flutter/src/rendering/object.dart:3568:7)
#68     PaintingContext._repaintCompositedChild (package:flutter/src/rendering/object.dart:180:11)
#69     PaintingContext.repaintCompositedChild (package:flutter/src/rendering/object.dart:125:5)
#70     PipelineOwner.flushPaint (package:flutter/src/rendering/object.dart:1325:31)
#71     PipelineOwner.flushPaint (package:flutter/src/rendering/object.dart:1335:15)
#72     AutomatedTestWidgetsFlutterBinding.drawFrame (package:flutter_test/src/binding.dart:2438:31)
#73     RendererBinding._handlePersistentFrameCallback (package:flutter/src/rendering/binding.dart:558:5)
#74     SchedulerBinding._invokeFrameCallback (package:flutter/src/scheduler/binding.dart:1430:15)
#75     SchedulerBinding.handleDrawFrame (package:flutter/src/scheduler/binding.dart:1345:9)
#76     AutomatedTestWidgetsFlutterBinding.pump.<anonymous closure> (package:flutter_test/src/binding.dart:2261:9)
#79     TestAsyncUtils.guard (package:flutter_test/src/test_async_utils.dart:74:41)
#80     AutomatedTestWidgetsFlutterBinding.pump (package:flutter_test/src/binding.dart:2250:27)
#81     WidgetTester.pumpAndSettle.<anonymous closure> (package:flutter_test/src/widget_tester.dart:719:23)
#84     TestAsyncUtils.guard (package:flutter_test/src/test_async_utils.dart:74:41)
#85     WidgetTester.pumpAndSettle (package:flutter_test/src/widget_tester.dart:712:27)
#86     main.<anonymous closure> (file:///private/tmp/menu11-preview-head-87226620c/packages/map_editor/test/personalization/personalization_player_surface_adapter_test.dart:220:20)
<asynchronous suspension>
#87     testWidgets.<anonymous closure>.<anonymous closure> (package:flutter_test/src/widget_tester.dart:192:15)
<asynchronous suspension>
#88     TestWidgetsFlutterBinding._runTestBody (package:flutter_test/src/binding.dart:1953:5)
<asynchronous suspension>
<asynchronous suspension>
(elided 7 frames from class _AssertionError, dart:async, and package:stack_trace)

The following RenderObject was being processed when the exception was fired: RenderPhysicalShape#327c9:
  needs compositing
  creator: PhysicalShape ← _MaterialInterior ← Material ← PlayerPanel ←
    Stack-[<'runtime-pause-layout-compactPortrait'>] ← LayoutBuilder ← MediaQuery ← Padding ← SafeArea
    ← DefaultTextStyle ← AnimatedDefaultTextStyle ← _InkFeatures-[GlobalKey#ea42a ink renderer] ← ⋯
  parentData: not positioned; offset=Offset(0.0, 0.0) (can use size)
  constraints: BoxConstraints(w=390.0, h=640.0)
  size: MISSING
  elevation: 0.0
  color: Color(alpha: 1.0000, red: 0.9176, green: 0.9412, blue: 0.9725, colorSpace: ColorSpace.sRGB)
  shadowColor: Color(alpha: 1.0000, red: 0.9176, green: 0.9412, blue: 0.9725, colorSpace:
    ColorSpace.sRGB)
  clipper: ShapeBorderClipper
This RenderObject had the following descendants (showing up to depth 5):
    child: RenderCustomPaint#07cad NEEDS-PAINT
      child: _RenderInkFeatures#9a5fb NEEDS-PAINT
        child: RenderPadding#e0de4 NEEDS-PAINT
          child: RenderFlex#cf9d5 NEEDS-PAINT
            child 1: RenderFlex#c755f relayoutBoundary=up1 NEEDS-PAINT
            child 2: RenderConstrainedBox#43ece relayoutBoundary=up1 NEEDS-PAINT
            child 3: RenderRepaintBoundary#37b1d NEEDS-PAINT
════════════════════════════════════════════════════════════════════════════════════════════════════
══╡ EXCEPTION CAUGHT BY SCHEDULER LIBRARY ╞═════════════════════════════════════════════════════════
The following assertion was thrown during a scheduler callback:
'package:flutter/src/rendering/object.dart': Failed assertion: line 6006 pos 14:
'!childSemantics.renderObject._needsLayout': is not true.

Either the assertion indicates an error in the framework itself, or we should provide substantially
more information in this error message to help you determine and fix the underlying cause.
In either case, please report this assertion by filing a bug on GitHub:
  https://github.com/flutter/flutter/issues/new?template=02_bug.yml

When the exception was thrown, this was the stack:
#2      _RenderObjectSemantics._collectChildMergeUpAndSiblingGroup (package:flutter/src/rendering/object.dart:6006:14)
#3      _RenderObjectSemantics.updateChildren (package:flutter/src/rendering/object.dart:5832:50)
#4      _RenderObjectSemantics._didUpdateParentData (package:flutter/src/rendering/object.dart:6083:5)
#5      _RenderObjectSemantics._collectChildMergeUpAndSiblingGroup (package:flutter/src/rendering/object.dart:6007:22)
#6      _RenderObjectSemantics.updateChildren (package:flutter/src/rendering/object.dart:5832:50)
#7      _RenderObjectSemantics._didUpdateParentData (package:flutter/src/rendering/object.dart:6083:5)
#8      _RenderObjectSemantics._collectChildMergeUpAndSiblingGroup (package:flutter/src/rendering/object.dart:6007:22)
#9      _RenderObjectSemantics.updateChildren (package:flutter/src/rendering/object.dart:5832:50)
#10     _RenderObjectSemantics._didUpdateParentData (package:flutter/src/rendering/object.dart:6083:5)
#11     _RenderObjectSemantics._collectChildMergeUpAndSiblingGroup (package:flutter/src/rendering/object.dart:6007:22)
#12     _RenderObjectSemantics.updateChildren (package:flutter/src/rendering/object.dart:5832:50)
#13     _RenderObjectSemantics._didUpdateParentData (package:flutter/src/rendering/object.dart:6083:5)
#14     _RenderObjectSemantics._collectChildMergeUpAndSiblingGroup (package:flutter/src/rendering/object.dart:6007:22)
#15     _RenderObjectSemantics.updateChildren (package:flutter/src/rendering/object.dart:5832:50)
#16     _RenderObjectSemantics._didUpdateParentData (package:flutter/src/rendering/object.dart:6083:5)
#17     _RenderObjectSemantics._collectChildMergeUpAndSiblingGroup (package:flutter/src/rendering/object.dart:6007:22)
#18     _RenderObjectSemantics.updateChildren (package:flutter/src/rendering/object.dart:5832:50)
#19     _RenderObjectSemantics._didUpdateParentData (package:flutter/src/rendering/object.dart:6083:5)
#20     _RenderObjectSemantics._collectChildMergeUpAndSiblingGroup (package:flutter/src/rendering/object.dart:6007:22)
#21     _RenderObjectSemantics.updateChildren (package:flutter/src/rendering/object.dart:5832:50)
#22     _RenderObjectSemantics._didUpdateParentData (package:flutter/src/rendering/object.dart:6083:5)
#23     _RenderObjectSemantics._collectChildMergeUpAndSiblingGroup (package:flutter/src/rendering/object.dart:6007:22)
#24     _RenderObjectSemantics.updateChildren (package:flutter/src/rendering/object.dart:5832:50)
#25     _RenderObjectSemantics._didUpdateParentData (package:flutter/src/rendering/object.dart:6083:5)
#26     _RenderObjectSemantics._collectChildMergeUpAndSiblingGroup (package:flutter/src/rendering/object.dart:6007:22)
#27     _RenderObjectSemantics.updateChildren (package:flutter/src/rendering/object.dart:5832:50)
#28     _RenderObjectSemantics._didUpdateParentData (package:flutter/src/rendering/object.dart:6083:5)
#29     _RenderObjectSemantics._collectChildMergeUpAndSiblingGroup (package:flutter/src/rendering/object.dart:6007:22)
#30     _RenderObjectSemantics.updateChildren (package:flutter/src/rendering/object.dart:5832:50)
#31     _RenderObjectSemantics._didUpdateParentData (package:flutter/src/rendering/object.dart:6083:5)
#32     _RenderObjectSemantics._collectChildMergeUpAndSiblingGroup (package:flutter/src/rendering/object.dart:6007:22)
#33     _RenderObjectSemantics.updateChildren (package:flutter/src/rendering/object.dart:5832:50)
#34     _RenderObjectSemantics._didUpdateParentData (package:flutter/src/rendering/object.dart:6083:5)
#35     _RenderObjectSemantics._collectChildMergeUpAndSiblingGroup (package:flutter/src/rendering/object.dart:6007:22)
#36     _RenderObjectSemantics.updateChildren (package:flutter/src/rendering/object.dart:5832:50)
#37     _RenderObjectSemantics._didUpdateParentData (package:flutter/src/rendering/object.dart:6083:5)
#38     _RenderObjectSemantics._collectChildMergeUpAndSiblingGroup (package:flutter/src/rendering/object.dart:6007:22)
#39     _RenderObjectSemantics.updateChildren (package:flutter/src/rendering/object.dart:5832:50)
#40     _RenderObjectSemantics._didUpdateParentData (package:flutter/src/rendering/object.dart:6083:5)
#41     _RenderObjectSemantics._collectChildMergeUpAndSiblingGroup (package:flutter/src/rendering/object.dart:6007:22)
#42     _RenderObjectSemantics.updateChildren (package:flutter/src/rendering/object.dart:5832:50)
#43     _RenderObjectSemantics._didUpdateParentData (package:flutter/src/rendering/object.dart:6083:5)
#44     _RenderObjectSemantics._collectChildMergeUpAndSiblingGroup (package:flutter/src/rendering/object.dart:6007:22)
#45     _RenderObjectSemantics.updateChildren (package:flutter/src/rendering/object.dart:5832:50)
#46     _RenderObjectSemantics._didUpdateParentData (package:flutter/src/rendering/object.dart:6083:5)
#47     _RenderObjectSemantics._collectChildMergeUpAndSiblingGroup (package:flutter/src/rendering/object.dart:6007:22)
#48     _RenderObjectSemantics.updateChildren (package:flutter/src/rendering/object.dart:5832:50)
#49     _RenderObjectSemantics._didUpdateParentData (package:flutter/src/rendering/object.dart:6083:5)
#50     _RenderObjectSemantics._collectChildMergeUpAndSiblingGroup (package:flutter/src/rendering/object.dart:6007:22)
#51     _RenderObjectSemantics.updateChildren (package:flutter/src/rendering/object.dart:5832:50)
#52     _RenderObjectSemantics._didUpdateParentData (package:flutter/src/rendering/object.dart:6083:5)
#53     _RenderObjectSemantics._collectChildMergeUpAndSiblingGroup (package:flutter/src/rendering/object.dart:6007:22)
#54     _RenderObjectSemantics.updateChildren (package:flutter/src/rendering/object.dart:5832:50)
#55     _RenderObjectSemantics._didUpdateParentData (package:flutter/src/rendering/object.dart:6083:5)
#56     _RenderObjectSemantics._collectChildMergeUpAndSiblingGroup (package:flutter/src/rendering/object.dart:6007:22)
#57     _RenderObjectSemantics.updateChildren (package:flutter/src/rendering/object.dart:5832:50)
#58     _RenderObjectSemantics._didUpdateParentData (package:flutter/src/rendering/object.dart:6083:5)
#59     _RenderObjectSemantics._collectChildMergeUpAndSiblingGroup (package:flutter/src/rendering/object.dart:6007:22)
#60     _RenderObjectSemantics.updateChildren (package:flutter/src/rendering/object.dart:5832:50)
#61     _RenderObjectSemantics._didUpdateParentData (package:flutter/src/rendering/object.dart:6083:5)
#62     _RenderObjectSemantics._collectChildMergeUpAndSiblingGroup (package:flutter/src/rendering/object.dart:6007:22)
#63     _RenderObjectSemantics.updateChildren (package:flutter/src/rendering/object.dart:5832:50)
#64     _RenderObjectSemantics._didUpdateParentData (package:flutter/src/rendering/object.dart:6083:5)
#65     _RenderObjectSemantics._collectChildMergeUpAndSiblingGroup (package:flutter/src/rendering/object.dart:6007:22)
#66     _RenderObjectSemantics.updateChildren (package:flutter/src/rendering/object.dart:5832:50)
#67     _RenderObjectSemantics._didUpdateParentData (package:flutter/src/rendering/object.dart:6083:5)
#68     _RenderObjectSemantics._collectChildMergeUpAndSiblingGroup (package:flutter/src/rendering/object.dart:6007:22)
#69     _RenderObjectSemantics.updateChildren (package:flutter/src/rendering/object.dart:5832:50)
#70     _RenderObjectSemantics._didUpdateParentData (package:flutter/src/rendering/object.dart:6083:5)
#71     _RenderObjectSemantics._collectChildMergeUpAndSiblingGroup (package:flutter/src/rendering/object.dart:6007:22)
#72     _RenderObjectSemantics.updateChildren (package:flutter/src/rendering/object.dart:5832:50)
#73     _RenderObjectSemantics._didUpdateParentData (package:flutter/src/rendering/object.dart:6083:5)
#74     _RenderObjectSemantics._collectChildMergeUpAndSiblingGroup (package:flutter/src/rendering/object.dart:6007:22)
#75     _RenderObjectSemantics.updateChildren (package:flutter/src/rendering/object.dart:5832:50)
#76     _RenderObjectSemantics._didUpdateParentData (package:flutter/src/rendering/object.dart:6083:5)
#77     _RenderObjectSemantics._collectChildMergeUpAndSiblingGroup (package:flutter/src/rendering/object.dart:6007:22)
#78     _RenderObjectSemantics.updateChildren (package:flutter/src/rendering/object.dart:5832:50)
#79     _RenderObjectSemantics._didUpdateParentData (package:flutter/src/rendering/object.dart:6083:5)
#80     _RenderObjectSemantics._collectChildMergeUpAndSiblingGroup (package:flutter/src/rendering/object.dart:6007:22)
#81     _RenderObjectSemantics.updateChildren (package:flutter/src/rendering/object.dart:5832:50)
#82     _RenderObjectSemantics._didUpdateParentData (package:flutter/src/rendering/object.dart:6083:5)
#83     _RenderObjectSemantics._collectChildMergeUpAndSiblingGroup (package:flutter/src/rendering/object.dart:6007:22)
#84     _RenderObjectSemantics.updateChildren (package:flutter/src/rendering/object.dart:5832:50)
#85     _RenderObjectSemantics._didUpdateParentData (package:flutter/src/rendering/object.dart:6083:5)
#86     _RenderObjectSemantics._collectChildMergeUpAndSiblingGroup (package:flutter/src/rendering/object.dart:6007:22)
#87     _RenderObjectSemantics.updateChildren (package:flutter/src/rendering/object.dart:5832:50)
#88     _RenderObjectSemantics._didUpdateParentData (package:flutter/src/rendering/object.dart:6083:5)
#89     _RenderObjectSemantics._collectChildMergeUpAndSiblingGroup (package:flutter/src/rendering/object.dart:6007:22)
#90     _RenderObjectSemantics.updateChildren (package:flutter/src/rendering/object.dart:5832:50)
#91     _RenderObjectSemantics._didUpdateParentData (package:flutter/src/rendering/object.dart:6083:5)
#92     _RenderObjectSemantics._collectChildMergeUpAndSiblingGroup (package:flutter/src/rendering/object.dart:6007:22)
#93     _RenderObjectSemantics.updateChildren (package:flutter/src/rendering/object.dart:5832:50)
#94     _RenderObjectSemantics._didUpdateParentData (package:flutter/src/rendering/object.dart:6083:5)
#95     _RenderObjectSemantics._collectChildMergeUpAndSiblingGroup (package:flutter/src/rendering/object.dart:6007:22)
#96     _RenderObjectSemantics.updateChildren (package:flutter/src/rendering/object.dart:5832:50)
#97     _RenderObjectSemantics._didUpdateParentData (package:flutter/src/rendering/object.dart:6083:5)
#98     _RenderObjectSemantics._collectChildMergeUpAndSiblingGroup (package:flutter/src/rendering/object.dart:6007:22)
#99     _RenderObjectSemantics.updateChildren (package:flutter/src/rendering/object.dart:5832:50)
#100    _RenderObjectSemantics._didUpdateParentData (package:flutter/src/rendering/object.dart:6083:5)
#101    _RenderObjectSemantics._collectChildMergeUpAndSiblingGroup (package:flutter/src/rendering/object.dart:6007:22)
#102    _RenderObjectSemantics.updateChildren (package:flutter/src/rendering/object.dart:5832:50)
#103    _RenderObjectSemantics._didUpdateParentData (package:flutter/src/rendering/object.dart:6083:5)
#104    _RenderObjectSemantics._collectChildMergeUpAndSiblingGroup (package:flutter/src/rendering/object.dart:6007:22)
#105    _RenderObjectSemantics.updateChildren (package:flutter/src/rendering/object.dart:5832:50)
#106    _RenderObjectSemantics._didUpdateParentData (package:flutter/src/rendering/object.dart:6083:5)
#107    _RenderObjectSemantics._collectChildMergeUpAndSiblingGroup (package:flutter/src/rendering/object.dart:6007:22)
#108    _RenderObjectSemantics.updateChildren (package:flutter/src/rendering/object.dart:5832:50)
#109    _RenderObjectSemantics._didUpdateParentData (package:flutter/src/rendering/object.dart:6083:5)
#110    _RenderObjectSemantics._collectChildMergeUpAndSiblingGroup (package:flutter/src/rendering/object.dart:6007:22)
#111    _RenderObjectSemantics.updateChildren (package:flutter/src/rendering/object.dart:5832:50)
#112    _RenderObjectSemantics._didUpdateParentData (package:flutter/src/rendering/object.dart:6083:5)
#113    _RenderObjectSemantics._collectChildMergeUpAndSiblingGroup (package:flutter/src/rendering/object.dart:6007:22)
#114    _RenderObjectSemantics.updateChildren (package:flutter/src/rendering/object.dart:5832:50)
#115    _RenderObjectSemantics._didUpdateParentData (package:flutter/src/rendering/object.dart:6083:5)
#116    _RenderObjectSemantics._collectChildMergeUpAndSiblingGroup (package:flutter/src/rendering/object.dart:6007:22)
#117    _RenderObjectSemantics.updateChildren (package:flutter/src/rendering/object.dart:5832:50)
#118    _RenderObjectSemantics._didUpdateParentData (package:flutter/src/rendering/object.dart:6083:5)
#119    _RenderObjectSemantics._collectChildMergeUpAndSiblingGroup (package:flutter/src/rendering/object.dart:6007:22)
#120    _RenderObjectSemantics.updateChildren (package:flutter/src/rendering/object.dart:5832:50)
#121    _RenderObjectSemantics._didUpdateParentData (package:flutter/src/rendering/object.dart:6083:5)
#122    _RenderObjectSemantics._collectChildMergeUpAndSiblingGroup (package:flutter/src/rendering/object.dart:6007:22)
#123    _RenderObjectSemantics.updateChildren (package:flutter/src/rendering/object.dart:5832:50)
#124    _RenderObjectSemantics._didUpdateParentData (package:flutter/src/rendering/object.dart:6083:5)
#125    _RenderObjectSemantics._collectChildMergeUpAndSiblingGroup (package:flutter/src/rendering/object.dart:6007:22)
#126    _RenderObjectSemantics.updateChildren (package:flutter/src/rendering/object.dart:5832:50)
#127    _RenderObjectSemantics._didUpdateParentData (package:flutter/src/rendering/object.dart:6083:5)
#128    _RenderObjectSemantics._collectChildMergeUpAndSiblingGroup (package:flutter/src/rendering/object.dart:6007:22)
#129    _RenderObjectSemantics.updateChildren (package:flutter/src/rendering/object.dart:5832:50)
#130    _RenderObjectSemantics._didUpdateParentData (package:flutter/src/rendering/object.dart:6083:5)
#131    _RenderObjectSemantics._collectChildMergeUpAndSiblingGroup (package:flutter/src/rendering/object.dart:6007:22)
#132    _RenderObjectSemantics.updateChildren (package:flutter/src/rendering/object.dart:5832:50)
#133    _RenderObjectSemantics._didUpdateParentData (package:flutter/src/rendering/object.dart:6083:5)
#134    _RenderObjectSemantics._collectChildMergeUpAndSiblingGroup (package:flutter/src/rendering/object.dart:6007:22)
#135    _RenderObjectSemantics.updateChildren (package:flutter/src/rendering/object.dart:5832:50)
#136    _RenderObjectSemantics._didUpdateParentData (package:flutter/src/rendering/object.dart:6083:5)
#137    _RenderObjectSemantics._collectChildMergeUpAndSiblingGroup (package:flutter/src/rendering/object.dart:6007:22)
#138    _RenderObjectSemantics.updateChildren (package:flutter/src/rendering/object.dart:5832:50)
#139    _RenderObjectSemantics._didUpdateParentData (package:flutter/src/rendering/object.dart:6083:5)
#140    _RenderObjectSemantics._collectChildMergeUpAndSiblingGroup (package:flutter/src/rendering/object.dart:6007:22)
#141    _RenderObjectSemantics.updateChildren (package:flutter/src/rendering/object.dart:5832:50)
#142    _RenderObjectSemantics._didUpdateParentData (package:flutter/src/rendering/object.dart:6083:5)
#143    _RenderObjectSemantics._collectChildMergeUpAndSiblingGroup (package:flutter/src/rendering/object.dart:6007:22)
#144    _RenderObjectSemantics.updateChildren (package:flutter/src/rendering/object.dart:5832:50)
#145    _RenderObjectSemantics._didUpdateParentData (package:flutter/src/rendering/object.dart:6083:5)
#146    _RenderObjectSemantics._collectChildMergeUpAndSiblingGroup (package:flutter/src/rendering/object.dart:6007:22)
#147    _RenderObjectSemantics.updateChildren (package:flutter/src/rendering/object.dart:5832:50)
#148    _RenderObjectSemantics._didUpdateParentData (package:flutter/src/rendering/object.dart:6083:5)
#149    _RenderObjectSemantics._collectChildMergeUpAndSiblingGroup (package:flutter/src/rendering/object.dart:6007:22)
#150    _RenderObjectSemantics.updateChildren (package:flutter/src/rendering/object.dart:5832:50)
#151    _RenderObjectSemantics._didUpdateParentData (package:flutter/src/rendering/object.dart:6083:5)
#152    _RenderObjectSemantics._collectChildMergeUpAndSiblingGroup (package:flutter/src/rendering/object.dart:6007:22)
#153    _RenderObjectSemantics.updateChildren (package:flutter/src/rendering/object.dart:5832:50)
#154    _RenderObjectSemantics._didUpdateParentData (package:flutter/src/rendering/object.dart:6083:5)
#155    _RenderObjectSemantics._collectChildMergeUpAndSiblingGroup (package:flutter/src/rendering/object.dart:6007:22)
#156    _RenderObjectSemantics.updateChildren (package:flutter/src/rendering/object.dart:5832:50)
#157    _RenderObjectSemantics._didUpdateParentData (package:flutter/src/rendering/object.dart:6083:5)
#158    _RenderObjectSemantics._collectChildMergeUpAndSiblingGroup (package:flutter/src/rendering/object.dart:6007:22)
#159    _RenderObjectSemantics.updateChildren (package:flutter/src/rendering/object.dart:5832:50)
#160    _RenderObjectSemantics._didUpdateParentData (package:flutter/src/rendering/object.dart:6083:5)
#161    _RenderObjectSemantics._collectChildMergeUpAndSiblingGroup (package:flutter/src/rendering/object.dart:6007:22)
#162    _RenderObjectSemantics.updateChildren (package:flutter/src/rendering/object.dart:5832:50)
#163    _RenderObjectSemantics._didUpdateParentData (package:flutter/src/rendering/object.dart:6083:5)
#164    _RenderObjectSemantics._collectChildMergeUpAndSiblingGroup (package:flutter/src/rendering/object.dart:6007:22)
#165    _RenderObjectSemantics.updateChildren (package:flutter/src/rendering/object.dart:5832:50)
#166    _RenderObjectSemantics._didUpdateParentData (package:flutter/src/rendering/object.dart:6083:5)
#167    _RenderObjectSemantics._collectChildMergeUpAndSiblingGroup (package:flutter/src/rendering/object.dart:6007:22)
#168    _RenderObjectSemantics.updateChildren (package:flutter/src/rendering/object.dart:5832:50)
#169    _RenderObjectSemantics._didUpdateParentData (package:flutter/src/rendering/object.dart:6083:5)
#170    _RenderObjectSemantics._collectChildMergeUpAndSiblingGroup (package:flutter/src/rendering/object.dart:6007:22)
#171    _RenderObjectSemantics.updateChildren (package:flutter/src/rendering/object.dart:5832:50)
#172    _RenderObjectSemantics._didUpdateParentData (package:flutter/src/rendering/object.dart:6083:5)
#173    _RenderObjectSemantics._collectChildMergeUpAndSiblingGroup (package:flutter/src/rendering/object.dart:6007:22)
#174    _RenderObjectSemantics.updateChildren (package:flutter/src/rendering/object.dart:5832:50)
#175    _RenderObjectSemantics._didUpdateParentData (package:flutter/src/rendering/object.dart:6083:5)
#176    _RenderObjectSemantics._collectChildMergeUpAndSiblingGroup (package:flutter/src/rendering/object.dart:6007:22)
#177    _RenderObjectSemantics.updateChildren (package:flutter/src/rendering/object.dart:5832:50)
#178    _RenderObjectSemantics._didUpdateParentData (package:flutter/src/rendering/object.dart:6083:5)
#179    _RenderObjectSemantics._collectChildMergeUpAndSiblingGroup (package:flutter/src/rendering/object.dart:6007:22)
#180    _RenderObjectSemantics.updateChildren (package:flutter/src/rendering/object.dart:5832:50)
#181    _RenderObjectSemantics._didUpdateParentData (package:flutter/src/rendering/object.dart:6083:5)
#182    _RenderObjectSemantics._collectChildMergeUpAndSiblingGroup (package:flutter/src/rendering/object.dart:6007:22)
#183    _RenderObjectSemantics.updateChildren (package:flutter/src/rendering/object.dart:5832:50)
#184    _RenderObjectSemantics._didUpdateParentData (package:flutter/src/rendering/object.dart:6083:5)
#185    _RenderObjectSemantics._collectChildMergeUpAndSiblingGroup (package:flutter/src/rendering/object.dart:6007:22)
#186    _RenderObjectSemantics.updateChildren (package:flutter/src/rendering/object.dart:5832:50)
#187    _RenderObjectSemantics._didUpdateParentData (package:flutter/src/rendering/object.dart:6083:5)
#188    _RenderObjectSemantics._collectChildMergeUpAndSiblingGroup (package:flutter/src/rendering/object.dart:6007:22)
#189    _RenderObjectSemantics.updateChildren (package:flutter/src/rendering/object.dart:5832:50)
#190    _RenderObjectSemantics._didUpdateParentData (package:flutter/src/rendering/object.dart:6083:5)
#191    _RenderObjectSemantics._collectChildMergeUpAndSiblingGroup (package:flutter/src/rendering/object.dart:6007:22)
#192    _RenderObjectSemantics.updateChildren (package:flutter/src/rendering/object.dart:5832:50)
#193    _RenderObjectSemantics._didUpdateParentData (package:flutter/src/rendering/object.dart:6083:5)
#194    _RenderObjectSemantics._collectChildMergeUpAndSiblingGroup (package:flutter/src/rendering/object.dart:6007:22)
#195    _RenderObjectSemantics.updateChildren (package:flutter/src/rendering/object.dart:5832:50)
#196    _RenderObjectSemantics._didUpdateParentData (package:flutter/src/rendering/object.dart:6083:5)
#197    _RenderObjectSemantics._collectChildMergeUpAndSiblingGroup (package:flutter/src/rendering/object.dart:6007:22)
#198    _RenderObjectSemantics.updateChildren (package:flutter/src/rendering/object.dart:5832:50)
#199    _RenderObjectSemantics._didUpdateParentData (package:flutter/src/rendering/object.dart:6083:5)
#200    _RenderObjectSemantics._collectChildMergeUpAndSiblingGroup (package:flutter/src/rendering/object.dart:6007:22)
#201    _RenderObjectSemantics.updateChildren (package:flutter/src/rendering/object.dart:5832:50)
#202    _RenderObjectSemantics._didUpdateParentData (package:flutter/src/rendering/object.dart:6083:5)
#203    _RenderObjectSemantics._collectChildMergeUpAndSiblingGroup (package:flutter/src/rendering/object.dart:6007:22)
#204    _RenderObjectSemantics.updateChildren (package:flutter/src/rendering/object.dart:5832:50)
#205    PipelineOwner.flushSemantics (package:flutter/src/rendering/object.dart:1489:25)
#206    PipelineOwner.flushSemantics (package:flutter/src/rendering/object.dart:1653:15)
#207    AutomatedTestWidgetsFlutterBinding.drawFrame (package:flutter_test/src/binding.dart:2445:35)
#208    RendererBinding._handlePersistentFrameCallback (package:flutter/src/rendering/binding.dart:558:5)
#209    SchedulerBinding._invokeFrameCallback (package:flutter/src/scheduler/binding.dart:1430:15)
#210    SchedulerBinding.handleDrawFrame (package:flutter/src/scheduler/binding.dart:1345:9)
#211    AutomatedTestWidgetsFlutterBinding.pump.<anonymous closure> (package:flutter_test/src/binding.dart:2261:9)
#214    TestAsyncUtils.guard (package:flutter_test/src/test_async_utils.dart:74:41)
#215    AutomatedTestWidgetsFlutterBinding.pump (package:flutter_test/src/binding.dart:2250:27)
#216    WidgetTester.pumpAndSettle.<anonymous closure> (package:flutter_test/src/widget_tester.dart:719:23)
#219    TestAsyncUtils.guard (package:flutter_test/src/test_async_utils.dart:74:41)
#220    WidgetTester.pumpAndSettle (package:flutter_test/src/widget_tester.dart:712:27)
#221    main.<anonymous closure> (file:///private/tmp/menu11-preview-head-87226620c/packages/map_editor/test/personalization/personalization_player_surface_adapter_test.dart:220:20)
<asynchronous suspension>
#222    testWidgets.<anonymous closure>.<anonymous closure> (package:flutter_test/src/widget_tester.dart:192:15)
<asynchronous suspension>
#223    TestWidgetsFlutterBinding._runTestBody (package:flutter_test/src/binding.dart:1953:5)
<asynchronous suspension>
<asynchronous suspension>
(elided 7 frames from class _AssertionError, dart:async, and package:stack_trace)
════════════════════════════════════════════════════════════════════════════════════════════════════
══╡ EXCEPTION CAUGHT BY SCHEDULER LIBRARY ╞═════════════════════════════════════════════════════════
The following assertion was thrown during a scheduler callback:
'package:flutter/src/rendering/object.dart': Failed assertion: line 5712 pos 14:
'!semantics.parentDataDirty': is not true.

When the exception was thrown, this was the stack:
#2      _RenderObjectSemantics.debugCheckForParentData.debugCheckParentDataNotDirty (package:flutter/src/rendering/object.dart:5712:14)
#3      List.forEach (dart:core-patch/growable_array.dart:428:8)
#4      _RenderObjectSemantics.debugCheckForParentData.debugCheckParentDataNotDirty (package:flutter/src/rendering/object.dart:5713:42)
#5      List.forEach (dart:core-patch/growable_array.dart:428:8)
#6      _RenderObjectSemantics.debugCheckForParentData.debugCheckParentDataNotDirty (package:flutter/src/rendering/object.dart:5713:42)
#7      List.forEach (dart:core-patch/growable_array.dart:428:8)
#8      _RenderObjectSemantics.debugCheckForParentData.debugCheckParentDataNotDirty (package:flutter/src/rendering/object.dart:5713:42)
#9      List.forEach (dart:core-patch/growable_array.dart:428:8)
#10     _RenderObjectSemantics.debugCheckForParentData.debugCheckParentDataNotDirty (package:flutter/src/rendering/object.dart:5713:42)
#11     List.forEach (dart:core-patch/growable_array.dart:428:8)
#12     _RenderObjectSemantics.debugCheckForParentData.debugCheckParentDataNotDirty (package:flutter/src/rendering/object.dart:5713:42)
#13     List.forEach (dart:core-patch/growable_array.dart:428:8)
#14     _RenderObjectSemantics.debugCheckForParentData.debugCheckParentDataNotDirty (package:flutter/src/rendering/object.dart:5713:42)
#15     List.forEach (dart:core-patch/growable_array.dart:428:8)
#16     _RenderObjectSemantics.debugCheckForParentData.debugCheckParentDataNotDirty (package:flutter/src/rendering/object.dart:5713:42)
#17     List.forEach (dart:core-patch/growable_array.dart:428:8)
#18     _RenderObjectSemantics.debugCheckForParentData.debugCheckParentDataNotDirty (package:flutter/src/rendering/object.dart:5713:42)
#19     List.forEach (dart:core-patch/growable_array.dart:428:8)
#20     _RenderObjectSemantics.debugCheckForParentData.debugCheckParentDataNotDirty (package:flutter/src/rendering/object.dart:5713:42)
#21     List.forEach (dart:core-patch/growable_array.dart:428:8)
#22     _RenderObjectSemantics.debugCheckForParentData.debugCheckParentDataNotDirty (package:flutter/src/rendering/object.dart:5713:42)
#23     List.forEach (dart:core-patch/growable_array.dart:428:8)
#24     _RenderObjectSemantics.debugCheckForParentData.debugCheckParentDataNotDirty (package:flutter/src/rendering/object.dart:5713:42)
#25     List.forEach (dart:core-patch/growable_array.dart:428:8)
#26     _RenderObjectSemantics.debugCheckForParentData.debugCheckParentDataNotDirty (package:flutter/src/rendering/object.dart:5713:42)
#27     List.forEach (dart:core-patch/growable_array.dart:428:8)
#28     _RenderObjectSemantics.debugCheckForParentData.debugCheckParentDataNotDirty (package:flutter/src/rendering/object.dart:5713:42)
#29     List.forEach (dart:core-patch/growable_array.dart:428:8)
#30     _RenderObjectSemantics.debugCheckForParentData.debugCheckParentDataNotDirty (package:flutter/src/rendering/object.dart:5713:42)
#31     List.forEach (dart:core-patch/growable_array.dart:428:8)
#32     _RenderObjectSemantics.debugCheckForParentData.debugCheckParentDataNotDirty (package:flutter/src/rendering/object.dart:5713:42)
#33     List.forEach (dart:core-patch/growable_array.dart:428:8)
#34     _RenderObjectSemantics.debugCheckForParentData.debugCheckParentDataNotDirty (package:flutter/src/rendering/object.dart:5713:42)
#35     List.forEach (dart:core-patch/growable_array.dart:428:8)
#36     _RenderObjectSemantics.debugCheckForParentData.debugCheckParentDataNotDirty (package:flutter/src/rendering/object.dart:5713:42)
#37     List.forEach (dart:core-patch/growable_array.dart:428:8)
#38     _RenderObjectSemantics.debugCheckForParentData.debugCheckParentDataNotDirty (package:flutter/src/rendering/object.dart:5713:42)
#39     List.forEach (dart:core-patch/growable_array.dart:428:8)
#40     _RenderObjectSemantics.debugCheckForParentData.debugCheckParentDataNotDirty (package:flutter/src/rendering/object.dart:5713:42)
#41     List.forEach (dart:core-patch/growable_array.dart:428:8)
#42     _RenderObjectSemantics.debugCheckForParentData.debugCheckParentDataNotDirty (package:flutter/src/rendering/object.dart:5713:42)
#43     List.forEach (dart:core-patch/growable_array.dart:428:8)
#44     _RenderObjectSemantics.debugCheckForParentData.debugCheckParentDataNotDirty (package:flutter/src/rendering/object.dart:5713:42)
#45     List.forEach (dart:core-patch/growable_array.dart:428:8)
#46     _RenderObjectSemantics.debugCheckForParentData.debugCheckParentDataNotDirty (package:flutter/src/rendering/object.dart:5713:42)
#47     List.forEach (dart:core-patch/growable_array.dart:428:8)
#48     _RenderObjectSemantics.debugCheckForParentData.debugCheckParentDataNotDirty (package:flutter/src/rendering/object.dart:5713:42)
#49     List.forEach (dart:core-patch/growable_array.dart:428:8)
#50     _RenderObjectSemantics.debugCheckForParentData.debugCheckParentDataNotDirty (package:flutter/src/rendering/object.dart:5713:42)
#51     List.forEach (dart:core-patch/growable_array.dart:428:8)
#52     _RenderObjectSemantics.debugCheckForParentData.debugCheckParentDataNotDirty (package:flutter/src/rendering/object.dart:5713:42)
#53     List.forEach (dart:core-patch/growable_array.dart:428:8)
#54     _RenderObjectSemantics.debugCheckForParentData.debugCheckParentDataNotDirty (package:flutter/src/rendering/object.dart:5713:42)
#55     List.forEach (dart:core-patch/growable_array.dart:428:8)
#56     _RenderObjectSemantics.debugCheckForParentData.debugCheckParentDataNotDirty (package:flutter/src/rendering/object.dart:5713:42)
#57     List.forEach (dart:core-patch/growable_array.dart:428:8)
#58     _RenderObjectSemantics.debugCheckForParentData.debugCheckParentDataNotDirty (package:flutter/src/rendering/object.dart:5713:42)
#59     List.forEach (dart:core-patch/growable_array.dart:428:8)
#60     _RenderObjectSemantics.debugCheckForParentData.debugCheckParentDataNotDirty (package:flutter/src/rendering/object.dart:5713:42)
#61     List.forEach (dart:core-patch/growable_array.dart:428:8)
#62     _RenderObjectSemantics.debugCheckForParentData.debugCheckParentDataNotDirty (package:flutter/src/rendering/object.dart:5713:42)
#63     List.forEach (dart:core-patch/growable_array.dart:428:8)
#64     _RenderObjectSemantics.debugCheckForParentData.debugCheckParentDataNotDirty (package:flutter/src/rendering/object.dart:5713:42)
#65     List.forEach (dart:core-patch/growable_array.dart:428:8)
#66     _RenderObjectSemantics.debugCheckForParentData.debugCheckParentDataNotDirty (package:flutter/src/rendering/object.dart:5713:42)
#67     List.forEach (dart:core-patch/growable_array.dart:428:8)
#68     _RenderObjectSemantics.debugCheckForParentData.debugCheckParentDataNotDirty (package:flutter/src/rendering/object.dart:5713:42)
#69     List.forEach (dart:core-patch/growable_array.dart:428:8)
#70     _RenderObjectSemantics.debugCheckForParentData.debugCheckParentDataNotDirty (package:flutter/src/rendering/object.dart:5713:42)
#71     List.forEach (dart:core-patch/growable_array.dart:428:8)
#72     _RenderObjectSemantics.debugCheckForParentData.debugCheckParentDataNotDirty (package:flutter/src/rendering/object.dart:5713:42)
#73     List.forEach (dart:core-patch/growable_array.dart:428:8)
#74     _RenderObjectSemantics.debugCheckForParentData.debugCheckParentDataNotDirty (package:flutter/src/rendering/object.dart:5713:42)
#75     List.forEach (dart:core-patch/growable_array.dart:428:8)
#76     _RenderObjectSemantics.debugCheckForParentData.debugCheckParentDataNotDirty (package:flutter/src/rendering/object.dart:5713:42)
#77     List.forEach (dart:core-patch/growable_array.dart:428:8)
#78     _RenderObjectSemantics.debugCheckForParentData.debugCheckParentDataNotDirty (package:flutter/src/rendering/object.dart:5713:42)
#79     List.forEach (dart:core-patch/growable_array.dart:428:8)
#80     _RenderObjectSemantics.debugCheckForParentData.debugCheckParentDataNotDirty (package:flutter/src/rendering/object.dart:5713:42)
#81     List.forEach (dart:core-patch/growable_array.dart:428:8)
#82     _RenderObjectSemantics.debugCheckForParentData.debugCheckParentDataNotDirty (package:flutter/src/rendering/object.dart:5713:42)
#83     List.forEach (dart:core-patch/growable_array.dart:428:8)
#84     _RenderObjectSemantics.debugCheckForParentData.debugCheckParentDataNotDirty (package:flutter/src/rendering/object.dart:5713:42)
#85     List.forEach (dart:core-patch/growable_array.dart:428:8)
#86     _RenderObjectSemantics.debugCheckForParentData.debugCheckParentDataNotDirty (package:flutter/src/rendering/object.dart:5713:42)
#87     List.forEach (dart:core-patch/growable_array.dart:428:8)
#88     _RenderObjectSemantics.debugCheckForParentData.debugCheckParentDataNotDirty (package:flutter/src/rendering/object.dart:5713:42)
#89     List.forEach (dart:core-patch/growable_array.dart:428:8)
#90     _RenderObjectSemantics.debugCheckForParentData.debugCheckParentDataNotDirty (package:flutter/src/rendering/object.dart:5713:42)
#91     List.forEach (dart:core-patch/growable_array.dart:428:8)
#92     _RenderObjectSemantics.debugCheckForParentData.debugCheckParentDataNotDirty (package:flutter/src/rendering/object.dart:5713:42)
#93     List.forEach (dart:core-patch/growable_array.dart:428:8)
#94     _RenderObjectSemantics.debugCheckForParentData.debugCheckParentDataNotDirty (package:flutter/src/rendering/object.dart:5713:42)
#95     List.forEach (dart:core-patch/growable_array.dart:428:8)
#96     _RenderObjectSemantics.debugCheckForParentData.debugCheckParentDataNotDirty (package:flutter/src/rendering/object.dart:5713:42)
#97     List.forEach (dart:core-patch/growable_array.dart:428:8)
#98     _RenderObjectSemantics.debugCheckForParentData.debugCheckParentDataNotDirty (package:flutter/src/rendering/object.dart:5713:42)
#99     List.forEach (dart:core-patch/growable_array.dart:428:8)
#100    _RenderObjectSemantics.debugCheckForParentData.debugCheckParentDataNotDirty (package:flutter/src/rendering/object.dart:5713:42)
#101    List.forEach (dart:core-patch/growable_array.dart:428:8)
#102    _RenderObjectSemantics.debugCheckForParentData.debugCheckParentDataNotDirty (package:flutter/src/rendering/object.dart:5713:42)
#103    List.forEach (dart:core-patch/growable_array.dart:428:8)
#104    _RenderObjectSemantics.debugCheckForParentData.debugCheckParentDataNotDirty (package:flutter/src/rendering/object.dart:5713:42)
#105    List.forEach (dart:core-patch/growable_array.dart:428:8)
#106    _RenderObjectSemantics.debugCheckForParentData.debugCheckParentDataNotDirty (package:flutter/src/rendering/object.dart:5713:42)
#107    List.forEach (dart:core-patch/growable_array.dart:428:8)
#108    _RenderObjectSemantics.debugCheckForParentData.debugCheckParentDataNotDirty (package:flutter/src/rendering/object.dart:5713:42)
#109    List.forEach (dart:core-patch/growable_array.dart:428:8)
#110    _RenderObjectSemantics.debugCheckForParentData.debugCheckParentDataNotDirty (package:flutter/src/rendering/object.dart:5713:42)
#111    List.forEach (dart:core-patch/growable_array.dart:428:8)
#112    _RenderObjectSemantics.debugCheckForParentData.debugCheckParentDataNotDirty (package:flutter/src/rendering/object.dart:5713:42)
#113    List.forEach (dart:core-patch/growable_array.dart:428:8)
#114    _RenderObjectSemantics.debugCheckForParentData.debugCheckParentDataNotDirty (package:flutter/src/rendering/object.dart:5713:42)
#115    List.forEach (dart:core-patch/growable_array.dart:428:8)
#116    _RenderObjectSemantics.debugCheckForParentData.debugCheckParentDataNotDirty (package:flutter/src/rendering/object.dart:5713:42)
#117    List.forEach (dart:core-patch/growable_array.dart:428:8)
#118    _RenderObjectSemantics.debugCheckForParentData.debugCheckParentDataNotDirty (package:flutter/src/rendering/object.dart:5713:42)
#119    List.forEach (dart:core-patch/growable_array.dart:428:8)
#120    _RenderObjectSemantics.debugCheckForParentData.debugCheckParentDataNotDirty (package:flutter/src/rendering/object.dart:5713:42)
#121    List.forEach (dart:core-patch/growable_array.dart:428:8)
#122    _RenderObjectSemantics.debugCheckForParentData.debugCheckParentDataNotDirty (package:flutter/src/rendering/object.dart:5713:42)
#123    List.forEach (dart:core-patch/growable_array.dart:428:8)
#124    _RenderObjectSemantics.debugCheckForParentData.debugCheckParentDataNotDirty (package:flutter/src/rendering/object.dart:5713:42)
#125    List.forEach (dart:core-patch/growable_array.dart:428:8)
#126    _RenderObjectSemantics.debugCheckForParentData.debugCheckParentDataNotDirty (package:flutter/src/rendering/object.dart:5713:42)
#127    List.forEach (dart:core-patch/growable_array.dart:428:8)
#128    _RenderObjectSemantics.debugCheckForParentData.debugCheckParentDataNotDirty (package:flutter/src/rendering/object.dart:5713:42)
#129    List.forEach (dart:core-patch/growable_array.dart:428:8)
#130    _RenderObjectSemantics.debugCheckForParentData.debugCheckParentDataNotDirty (package:flutter/src/rendering/object.dart:5713:42)
#131    List.forEach (dart:core-patch/growable_array.dart:428:8)
#132    _RenderObjectSemantics.debugCheckForParentData.debugCheckParentDataNotDirty (package:flutter/src/rendering/object.dart:5713:42)
#133    List.forEach (dart:core-patch/growable_array.dart:428:8)
#134    _RenderObjectSemantics.debugCheckForParentData.debugCheckParentDataNotDirty (package:flutter/src/rendering/object.dart:5713:42)
#135    List.forEach (dart:core-patch/growable_array.dart:428:8)
#136    _RenderObjectSemantics.debugCheckForParentData.debugCheckParentDataNotDirty (package:flutter/src/rendering/object.dart:5713:42)
#137    List.forEach (dart:core-patch/growable_array.dart:428:8)
#138    _RenderObjectSemantics.debugCheckForParentData.debugCheckParentDataNotDirty (package:flutter/src/rendering/object.dart:5713:42)
#139    _RenderObjectSemantics.debugCheckForParentData (package:flutter/src/rendering/object.dart:5716:5)
#140    PipelineOwner.flushSemantics.<anonymous closure> (package:flutter/src/rendering/object.dart:1498:34)
#141    PipelineOwner.flushSemantics (package:flutter/src/rendering/object.dart:1501:8)
#142    PipelineOwner.flushSemantics (package:flutter/src/rendering/object.dart:1653:15)
#143    AutomatedTestWidgetsFlutterBinding.drawFrame (package:flutter_test/src/binding.dart:2445:35)
#144    RendererBinding._handlePersistentFrameCallback (package:flutter/src/rendering/binding.dart:558:5)
#145    SchedulerBinding._invokeFrameCallback (package:flutter/src/scheduler/binding.dart:1430:15)
#146    SchedulerBinding.handleDrawFrame (package:flutter/src/scheduler/binding.dart:1345:9)
#147    AutomatedTestWidgetsFlutterBinding.pump.<anonymous closure> (package:flutter_test/src/binding.dart:2261:9)
#150    TestAsyncUtils.guard (package:flutter_test/src/test_async_utils.dart:74:41)
#151    AutomatedTestWidgetsFlutterBinding.pump (package:flutter_test/src/binding.dart:2250:27)
#152    WidgetTester.pumpAndSettle.<anonymous closure> (package:flutter_test/src/widget_tester.dart:719:23)
<asynchronous suspension>
#153    TestAsyncUtils.guard.<anonymous closure> (package:flutter_test/src/test_async_utils.dart:130:27)
<asynchronous suspension>
#154    main.<anonymous closure> (file:///private/tmp/menu11-preview-head-87226620c/packages/map_editor/test/personalization/personalization_player_surface_adapter_test.dart:220:7)
<asynchronous suspension>
#155    testWidgets.<anonymous closure>.<anonymous closure> (package:flutter_test/src/widget_tester.dart:192:15)
<asynchronous suspension>
#156    TestWidgetsFlutterBinding._runTestBody (package:flutter_test/src/binding.dart:1953:5)
<asynchronous suspension>
<asynchronous suspension>
(elided 5 frames from class _AssertionError, dart:async, and package:stack_trace)
════════════════════════════════════════════════════════════════════════════════════════════════════
══╡ EXCEPTION CAUGHT BY FLUTTER TEST FRAMEWORK ╞════════════════════════════════════════════════════
The following assertion was thrown running a test:
RenderBox was not laid out: RenderPhysicalShape#327c9
'package:flutter/src/rendering/box.dart':
Failed assertion: line 2251 pos 12: 'hasSize'

Either the assertion indicates an error in the framework itself, or we should provide substantially
more information in this error message to help you determine and fix the underlying cause.
In either case, please report this assertion by filing a bug on GitHub:
  https://github.com/flutter/flutter/issues/new?template=02_bug.yml

When the exception was thrown, this was the stack:
#2      RenderBox.size (package:flutter/src/rendering/box.dart:2251:12)
#3      _RenderCustomClip._updateClip (package:flutter/src/rendering/proxy_box.dart:1556:33)
#4      RenderPhysicalShape.hitTest (package:flutter/src/rendering/proxy_box.dart:2301:7)
#5      RenderBoxContainerDefaultsMixin.defaultHitTestChildren.<anonymous closure> (package:flutter/src/rendering/box.dart:3347:25)
#6      BoxHitTestResult.addWithPaintOffset (package:flutter/src/rendering/box.dart:841:31)
#7      RenderBoxContainerDefaultsMixin.defaultHitTestChildren (package:flutter/src/rendering/box.dart:3342:33)
#8      RenderStack.hitTestChildren (package:flutter/src/rendering/stack.dart:704:12)
#9      RenderBox.hitTest (package:flutter/src/rendering/box.dart:2953:11)
#10     _RenderLayoutBuilder.hitTestChildren (package:flutter/src/widgets/layout_builder.dart:464:19)
#11     RenderBox.hitTest (package:flutter/src/rendering/box.dart:2953:11)
#12     RenderShiftedBox.hitTestChildren.<anonymous closure> (package:flutter/src/rendering/shifted_box.dart:112:24)
#13     BoxHitTestResult.addWithPaintOffset (package:flutter/src/rendering/box.dart:841:31)
#14     RenderShiftedBox.hitTestChildren (package:flutter/src/rendering/shifted_box.dart:107:21)
#15     RenderBox.hitTest (package:flutter/src/rendering/box.dart:2953:11)
#16     RenderProxyBoxMixin.hitTestChildren (package:flutter/src/rendering/proxy_box.dart:131:19)
#17     RenderBox.hitTest (package:flutter/src/rendering/box.dart:2953:11)
#18     RenderProxyBoxMixin.hitTestChildren (package:flutter/src/rendering/proxy_box.dart:131:19)
#19     RenderBox.hitTest (package:flutter/src/rendering/box.dart:2953:11)
#20     RenderPhysicalModel.hitTest (package:flutter/src/rendering/proxy_box.dart:2201:18)
#21     RenderProxyBoxMixin.hitTestChildren (package:flutter/src/rendering/proxy_box.dart:131:19)
#22     RenderProxyBoxWithHitTestBehavior.hitTest (package:flutter/src/rendering/proxy_box.dart:186:19)
#23     RenderProxyBoxMixin.hitTestChildren (package:flutter/src/rendering/proxy_box.dart:131:19)
#24     RenderProxyBoxWithHitTestBehavior.hitTest (package:flutter/src/rendering/proxy_box.dart:186:19)
#25     RenderMouseRegion.hitTest (package:flutter/src/rendering/proxy_box.dart:3340:18)
#26     RenderProxyBoxMixin.hitTestChildren (package:flutter/src/rendering/proxy_box.dart:131:19)
#27     RenderBox.hitTest (package:flutter/src/rendering/box.dart:2953:11)
#28     RenderProxyBoxMixin.hitTestChildren (package:flutter/src/rendering/proxy_box.dart:131:19)
#29     RenderBox.hitTest (package:flutter/src/rendering/box.dart:2953:11)
#30     RenderClipRect.hitTest (package:flutter/src/rendering/proxy_box.dart:1636:18)
#31     RenderProxyBoxMixin.hitTestChildren (package:flutter/src/rendering/proxy_box.dart:131:19)
#32     RenderBox.hitTest (package:flutter/src/rendering/box.dart:2953:11)
#33     RenderProxyBoxMixin.hitTestChildren (package:flutter/src/rendering/proxy_box.dart:131:19)
#34     RenderBox.hitTest (package:flutter/src/rendering/box.dart:2953:11)
#35     RenderBoxContainerDefaultsMixin.defaultHitTestChildren.<anonymous closure> (package:flutter/src/rendering/box.dart:3347:25)
#36     BoxHitTestResult.addWithPaintOffset (package:flutter/src/rendering/box.dart:841:31)
#37     RenderBoxContainerDefaultsMixin.defaultHitTestChildren (package:flutter/src/rendering/box.dart:3342:33)
#38     RenderCustomMultiChildLayoutBox.hitTestChildren (package:flutter/src/rendering/custom_layout.dart:427:12)
#39     RenderBox.hitTest (package:flutter/src/rendering/box.dart:2953:11)
#40     RenderProxyBoxMixin.hitTestChildren (package:flutter/src/rendering/proxy_box.dart:131:19)
#41     RenderBox.hitTest (package:flutter/src/rendering/box.dart:2953:11)
#42     RenderProxyBoxMixin.hitTestChildren (package:flutter/src/rendering/proxy_box.dart:131:19)
#43     RenderBox.hitTest (package:flutter/src/rendering/box.dart:2953:11)
#44     RenderPhysicalModel.hitTest (package:flutter/src/rendering/proxy_box.dart:2201:18)
#45     RenderProxyBoxMixin.hitTestChildren (package:flutter/src/rendering/proxy_box.dart:131:19)
#46     RenderBox.hitTest (package:flutter/src/rendering/box.dart:2953:11)
#47     RenderProxyBoxMixin.hitTestChildren (package:flutter/src/rendering/proxy_box.dart:131:19)
#48     RenderBox.hitTest (package:flutter/src/rendering/box.dart:2953:11)
#49     RenderProxyBoxMixin.hitTestChildren (package:flutter/src/rendering/proxy_box.dart:131:19)
#50     RenderBox.hitTest (package:flutter/src/rendering/box.dart:2953:11)
#51     RenderIgnorePointer.hitTest (package:flutter/src/rendering/proxy_box.dart:3798:31)
#52     RenderProxyBoxMixin.hitTestChildren (package:flutter/src/rendering/proxy_box.dart:131:19)
#53     RenderFractionalTranslation.hitTestChildren.<anonymous closure> (package:flutter/src/rendering/proxy_box.dart:3129:22)
#54     BoxHitTestResult.addWithPaintOffset (package:flutter/src/rendering/box.dart:841:31)
#55     RenderFractionalTranslation.hitTestChildren (package:flutter/src/rendering/proxy_box.dart:3123:19)
#56     RenderFractionalTranslation.hitTest (package:flutter/src/rendering/proxy_box.dart:3109:12)
#57     RenderProxyBoxMixin.hitTestChildren (package:flutter/src/rendering/proxy_box.dart:131:19)
#58     RenderBox.hitTest (package:flutter/src/rendering/box.dart:2953:11)
#59     RenderProxyBoxMixin.hitTestChildren (package:flutter/src/rendering/proxy_box.dart:131:19)
#60     RenderFractionalTranslation.hitTestChildren.<anonymous closure> (package:flutter/src/rendering/proxy_box.dart:3129:22)
#61     BoxHitTestResult.addWithPaintOffset (package:flutter/src/rendering/box.dart:841:31)
#62     RenderFractionalTranslation.hitTestChildren (package:flutter/src/rendering/proxy_box.dart:3123:19)
#63     RenderFractionalTranslation.hitTest (package:flutter/src/rendering/proxy_box.dart:3109:12)
#64     RenderProxyBoxMixin.hitTestChildren (package:flutter/src/rendering/proxy_box.dart:131:19)
#65     RenderBox.hitTest (package:flutter/src/rendering/box.dart:2953:11)
#66     RenderProxyBoxMixin.hitTestChildren (package:flutter/src/rendering/proxy_box.dart:131:19)
#67     RenderProxyBoxWithHitTestBehavior.hitTest (package:flutter/src/rendering/proxy_box.dart:186:19)
#68     RenderProxyBoxMixin.hitTestChildren (package:flutter/src/rendering/proxy_box.dart:131:19)
#69     RenderFractionalTranslation.hitTestChildren.<anonymous closure> (package:flutter/src/rendering/proxy_box.dart:3129:22)
#70     BoxHitTestResult.addWithPaintOffset (package:flutter/src/rendering/box.dart:841:31)
#71     RenderFractionalTranslation.hitTestChildren (package:flutter/src/rendering/proxy_box.dart:3123:19)
#72     RenderFractionalTranslation.hitTest (package:flutter/src/rendering/proxy_box.dart:3109:12)
#73     RenderProxyBoxMixin.hitTestChildren (package:flutter/src/rendering/proxy_box.dart:131:19)
#74     RenderBox.hitTest (package:flutter/src/rendering/box.dart:2953:11)
#75     RenderProxyBoxMixin.hitTestChildren (package:flutter/src/rendering/proxy_box.dart:131:19)
#76     RenderBox.hitTest (package:flutter/src/rendering/box.dart:2953:11)
#77     RenderIgnorePointer.hitTest (package:flutter/src/rendering/proxy_box.dart:3798:31)
#78     RenderProxyBoxMixin.hitTestChildren (package:flutter/src/rendering/proxy_box.dart:131:19)
#79     RenderFractionalTranslation.hitTestChildren.<anonymous closure> (package:flutter/src/rendering/proxy_box.dart:3129:22)
#80     BoxHitTestResult.addWithPaintOffset (package:flutter/src/rendering/box.dart:841:31)
#81     RenderFractionalTranslation.hitTestChildren (package:flutter/src/rendering/proxy_box.dart:3123:19)
#82     RenderFractionalTranslation.hitTest (package:flutter/src/rendering/proxy_box.dart:3109:12)
#83     RenderProxyBoxMixin.hitTestChildren (package:flutter/src/rendering/proxy_box.dart:131:19)
#84     RenderBox.hitTest (package:flutter/src/rendering/box.dart:2953:11)
#85     RenderProxyBoxMixin.hitTestChildren (package:flutter/src/rendering/proxy_box.dart:131:19)
#86     RenderBox.hitTest (package:flutter/src/rendering/box.dart:2953:11)
#87     RenderProxyBoxMixin.hitTestChildren (package:flutter/src/rendering/proxy_box.dart:131:19)
#88     RenderBox.hitTest (package:flutter/src/rendering/box.dart:2953:11)
#89     RenderProxyBoxMixin.hitTestChildren (package:flutter/src/rendering/proxy_box.dart:131:19)
#90     RenderBox.hitTest (package:flutter/src/rendering/box.dart:2953:11)
#91     RenderOffstage.hitTest (package:flutter/src/rendering/proxy_box.dart:3929:31)
#92     RenderProxyBoxMixin.hitTestChildren (package:flutter/src/rendering/proxy_box.dart:131:19)
#93     RenderBox.hitTest (package:flutter/src/rendering/box.dart:2953:11)
#94     _RenderTheaterMixin.hitTestChildren.childHitTest (package:flutter/src/widgets/overlay.dart:1145:22)
#95     BoxHitTestResult.addWithPaintOffset (package:flutter/src/rendering/box.dart:841:31)
#96     _RenderTheaterMixin.hitTestChildren (package:flutter/src/widgets/overlay.dart:1146:22)
#97     RenderBox.hitTest (package:flutter/src/rendering/box.dart:2953:11)
#98     RenderProxyBoxMixin.hitTestChildren (package:flutter/src/rendering/proxy_box.dart:131:19)
#99     RenderBox.hitTest (package:flutter/src/rendering/box.dart:2953:11)
#100    RenderAbsorbPointer.hitTest (package:flutter/src/rendering/proxy_box.dart:4050:56)
#101    RenderProxyBoxMixin.hitTestChildren (package:flutter/src/rendering/proxy_box.dart:131:19)
#102    RenderProxyBoxWithHitTestBehavior.hitTest (package:flutter/src/rendering/proxy_box.dart:186:19)
#103    RenderProxyBoxMixin.hitTestChildren (package:flutter/src/rendering/proxy_box.dart:131:19)
#104    RenderBox.hitTest (package:flutter/src/rendering/box.dart:2953:11)
#105    RenderProxyBoxMixin.hitTestChildren (package:flutter/src/rendering/proxy_box.dart:131:19)
#106    RenderCustomPaint.hitTestChildren (package:flutter/src/rendering/custom_paint.dart:564:18)
#107    RenderBox.hitTest (package:flutter/src/rendering/box.dart:2953:11)
#108    RenderProxyBoxMixin.hitTestChildren (package:flutter/src/rendering/proxy_box.dart:131:19)
#109    RenderBox.hitTest (package:flutter/src/rendering/box.dart:2953:11)
#110    RenderProxyBoxMixin.hitTestChildren (package:flutter/src/rendering/proxy_box.dart:131:19)
#111    RenderBox.hitTest (package:flutter/src/rendering/box.dart:2953:11)
#112    RenderProxyBoxMixin.hitTestChildren (package:flutter/src/rendering/proxy_box.dart:131:19)
#113    RenderBox.hitTest (package:flutter/src/rendering/box.dart:2953:11)
#114    RenderProxyBoxMixin.hitTestChildren (package:flutter/src/rendering/proxy_box.dart:131:19)
#115    RenderTapRegionSurface.hitTest (package:flutter/src/widgets/tap_region.dart:308:28)
#116    RenderProxyBoxMixin.hitTestChildren (package:flutter/src/rendering/proxy_box.dart:131:19)
#117    RenderBox.hitTest (package:flutter/src/rendering/box.dart:2953:11)
#118    RenderProxyBoxMixin.hitTestChildren (package:flutter/src/rendering/proxy_box.dart:131:19)
#119    RenderBox.hitTest (package:flutter/src/rendering/box.dart:2953:11)
#120    RenderView.hitTest (package:flutter/src/rendering/view.dart:309:12)
#121    RendererBinding.hitTestInView (package:flutter/src/rendering/binding.dart:725:34)
#122    WidgetController._getElementPoint (package:flutter_test/src/controller.dart:2123:15)
#123    WidgetController.getCenter (package:flutter_test/src/controller.dart:1947:12)
#124    WidgetController.tap (package:flutter_test/src/controller.dart:1080:7)
#125    main.<anonymous closure> (file:///private/tmp/menu11-preview-head-87226620c/packages/map_editor/test/personalization/personalization_player_surface_adapter_test.dart:235:20)
<asynchronous suspension>
#126    testWidgets.<anonymous closure>.<anonymous closure> (package:flutter_test/src/widget_tester.dart:192:15)
<asynchronous suspension>
#127    TestWidgetsFlutterBinding._runTestBody (package:flutter_test/src/binding.dart:1953:5)
<asynchronous suspension>
<asynchronous suspension>
(elided 3 frames from class _AssertionError and package:stack_trace)

The test description was:
  opens supported pause actions and keeps quests unavailable
════════════════════════════════════════════════════════════════════════════════════════════════════
══╡ EXCEPTION CAUGHT BY FLUTTER TEST FRAMEWORK ╞════════════════════════════════════════════════════
The following message was thrown:
Multiple exceptions (30) were detected during the running of the current test, and at least one was
unexpected.
════════════════════════════════════════════════════════════════════════════════════════════════════
00:01 +0 -1: opens supported pause actions and keeps quests unavailable [E]
  Test failed. See exception logs above.
  The test description was: opens supported pause actions and keeps quests unavailable

00:01 +0 -1: Some tests failed.

Failing tests:
  /private/tmp/menu11-preview-head-87226620c/packages/map_editor/test/personalization/personalization_player_surface_adapter_test.dart: opens supported pause actions and keeps quests unavailable
