00:00 +0: loading /Users/karim/Project/pokemonProject/apps/avelune_studio/test/cinematics/cinematic_preview_media_ui10_test.dart
00:00 +0: /Users/karim/Project/pokemonProject/apps/avelune_studio/test/cinematics/cinematic_preview_media_ui10_test.dart: camera preview advances with media configured and audio=false
00:00 +1: /Users/karim/Project/pokemonProject/apps/avelune_studio/test/cinematics/cinematic_preview_media_ui10_test.dart: camera preview advances with media configured and audio=true
00:00 +2: /Users/karim/Project/pokemonProject/apps/avelune_studio/test/cinematics/cinematic_preview_media_ui10_test.dart: camera coexistence does not suppress missing media diagnostics
00:00 +3: /Users/karim/Project/pokemonProject/apps/avelune_studio/test/cinematics/cinematic_preview_media_ui10_test.dart: explicit playback executes canonical audio once; seek is silent and pause restores
00:00 +4: /Users/karim/Project/pokemonProject/apps/avelune_studio/test/cinematics/cinematic_preview_media_ui10_test.dart: stop during a pending media start restores the late owned channel
00:00 +5: /Users/karim/Project/pokemonProject/apps/avelune_studio/test/cinematics/cinematic_preview_media_ui10_test.dart: replacement and disposal clean previous asynchronous media without late notifications
00:00 +6: /Users/karim/Project/pokemonProject/apps/avelune_studio/test/cinematics/cinematic_preview_media_ui10_test.dart: media failure pauses visual playback and exposes an honest diagnostic
00:00 +7: /Users/karim/Project/pokemonProject/apps/avelune_studio/test/cinematics/cinematic_viewport_parity_ui10_test.dart: scrub applies camera and fade while stop restores the work view
00:02 +7 -1: /Users/karim/Project/pokemonProject/apps/avelune_studio/test/cinematics/cinematic_inspector_ui10_test.dart: focused duration commits canonical value and invalid duration is rejected
00:02 +7 -1: /Users/karim/Project/pokemonProject/apps/avelune_studio/test/cinematics/cinematic_viewport_parity_ui10_test.dart: scrub applies camera and fade while stop restores the work view [E]
  Cette carte est absente, invalide ou utilise un format non pris en charge.
  package:avelune_studio/features/map_workspace/data/local_map_workspace_adapter.dart 163:7  LocalMapWorkspaceAdapter.loadMap
  
  LateInitializationError: Local 'fixture' has not been initialized.
  dart:_internal                                            LateError._throwLocalNotInitialized
  test/cinematics/cinematic_viewport_parity_ui10_test.dart  main.<fn>
  
00:02 +8 -1: /Users/karim/Project/pokemonProject/apps/avelune_studio/test/cinematics/cinematic_inspector_ui10_test.dart: invalid command number and title remain blocked until corrected
00:03 +9 -1: /Users/karim/Project/pokemonProject/apps/avelune_studio/test/cinematics/cinematic_inspector_ui10_test.dart: tab transition retains focused title then shows preview diagnostics
00:03 +10 -1: /Users/karim/Project/pokemonProject/apps/avelune_studio/test/cinematics/cinematic_inspector_ui10_test.dart: camera target and zoom update canonical focus while actor choices preserve identity
00:03 +11 -1: /Users/karim/Project/pokemonProject/apps/avelune_studio/test/cinematics/cinematic_inspector_ui10_test.dart: guided initial placement is nonblocking and map entity role remains explicitly unbound
00:05 +12 -1: /Users/karim/Project/pokemonProject/apps/avelune_studio/test/cinematics/cinematic_independent_publication_ui10_test.dart: cinematic save preserves concurrent import, every map and linked sources
00:06 +13 -1: /Users/karim/Project/pokemonProject/apps/avelune_studio/test/cinematics/cinematic_library_thumbnail_ui10_test.dart: thumbnail forgets A while B waits and after null or missing map
00:07 +14 -1: /Users/karim/Project/pokemonProject/apps/avelune_studio/test/cinematics/cinematic_adapter_ui10_test.dart: referenced deletion lists consumer and leaves shared documents intact
00:07 +15 -1: /Users/karim/Project/pokemonProject/apps/avelune_studio/test/cinematics/cinematic_adapter_ui10_test.dart: draft publication creates asset and library atomically without a map
00:07 +16 -1: /Users/karim/Project/pokemonProject/apps/avelune_studio/test/cinematics/cinematic_published_guard_ui10_test.dart: published cinematic test preserves dirty dependencies and focused invalid edit blocks close
00:07 +17 -1: /Users/karim/Project/pokemonProject/apps/avelune_studio/test/cinematics/cinematic_published_guard_ui10_test.dart: published cinematic test preserves dirty dependencies and focused invalid edit blocks close
00:07 +18 -1: /Users/karim/Project/pokemonProject/apps/avelune_studio/test/cinematics/cinematic_published_guard_ui10_test.dart: published cinematic test preserves dirty dependencies and focused invalid edit blocks close
00:08 +19 -1: /Users/karim/Project/pokemonProject/apps/avelune_studio/test/cinematics/cinematic_published_guard_ui10_test.dart: published cinematic test preserves dirty dependencies and focused invalid edit blocks close
00:08 +20 -1: /Users/karim/Project/pokemonProject/apps/avelune_studio/test/cinematics/cinematic_published_guard_ui10_test.dart: published cinematic test preserves dirty dependencies and focused invalid edit blocks close
00:08 +21 -1: /Users/karim/Project/pokemonProject/apps/avelune_studio/test/cinematics/cinematic_published_guard_ui10_test.dart: published cinematic test preserves dirty dependencies and focused invalid edit blocks close
00:08 +22 -1: /Users/karim/Project/pokemonProject/apps/avelune_studio/test/cinematics/cinematic_adapter_ui10_test.dart: interrupted promotion recovers both document and classification
00:08 +23 -1: /Users/karim/Project/pokemonProject/apps/avelune_studio/test/cinematics/cinematic_adapter_ui10_test.dart: homonymous identities load separately and mismatched publication refuses
00:09 +24 -1: /Users/karim/Project/pokemonProject/apps/avelune_studio/test/cinematics/cinematic_preview_transport_ui10_test.dart: canonical intermediate movement, backwards scrub and stop never modify author asset
00:09 +25 -1: /Users/karim/Project/pokemonProject/apps/avelune_studio/test/cinematics/cinematic_platform_media_ui10_test.dart: runtime adapter resolves a real local media and releases its driver on restore
00:09 +26 -1: /Users/karim/Project/pokemonProject/apps/avelune_studio/test/cinematics/cinematic_platform_media_ui10_test.dart: runtime adapter resolves a real local media and releases its driver on restore
00:09 +27 -1: /Users/karim/Project/pokemonProject/apps/avelune_studio/test/cinematics/cinematic_platform_media_ui10_test.dart: outside symlink and missing media fail before starting any driver
00:09 +28 -1: /Users/karim/Project/pokemonProject/apps/avelune_studio/test/cinematics/cinematic_platform_media_ui10_test.dart: unavailable FX host rejects its capability instead of silently accepting
00:10 +29 -1: /Users/karim/Project/pokemonProject/apps/avelune_studio/test/cinematics/cinematic_animation_ui10_test.dart: animation uses canonical command, preserves unknown metadata and undoes repeat edit
00:10 +30 -1: /Users/karim/Project/pokemonProject/apps/avelune_studio/test/cinematics/cinematic_coexistence_ui10_test.dart: full and simplified dirty ownership is reciprocal; publication invalidates only clean owners
00:11 +31 -1: /Users/karim/Project/pokemonProject/apps/avelune_studio/test/cinematics/cinematic_coexistence_ui10_test.dart: full and simplified dirty ownership is reciprocal; publication invalidates only clean owners
00:11 +32 -1: /Users/karim/Project/pokemonProject/apps/avelune_studio/test/cinematics/cinematic_animation_ui10_test.dart: two unpublished drafts remain visible in their selected folder
00:11 +33 -1: /Users/karim/Project/pokemonProject/apps/avelune_studio/test/cinematics/cinematic_coexistence_ui10_test.dart: changed cinematic base refuses stale simplified publication even when scene is unchanged
00:11 +34 -1: /Users/karim/Project/pokemonProject/apps/avelune_studio/test/cinematics/cinematic_coexistence_ui10_test.dart: changed cinematic base refuses stale simplified publication even when scene is unchanged
00:12 +35 -1: /Users/karim/Project/pokemonProject/apps/avelune_studio/test/cinematics/cinematic_actor_animation_ui10_test.dart: walking and running start their animation at the movement, after waits
00:12 +36 -1: /Users/karim/Project/pokemonProject/apps/avelune_studio/test/cinematics/dialogue_working_source_ui10_test.dart: C1 dirty simplified dialogue wins over old clean full snapshot without publication
00:13 +37 -1: /Users/karim/Project/pokemonProject/apps/avelune_studio/test/cinematics/dialogue_working_source_ui10_test.dart: C1 dirty simplified dialogue wins over old clean full snapshot without publication
00:13 +38 -1: /Users/karim/Project/pokemonProject/apps/avelune_studio/test/cinematics/dialogue_working_source_ui10_test.dart: C1 dirty simplified dialogue wins over old clean full snapshot without publication
00:13 +39 -1: /Users/karim/Project/pokemonProject/apps/avelune_studio/test/cinematics/dialogue_working_source_ui10_test.dart: C1 dirty simplified dialogue wins over old clean full snapshot without publication
00:13 +40 -1: /Users/karim/Project/pokemonProject/apps/avelune_studio/test/cinematics/dialogue_working_source_ui10_test.dart: C1 dirty simplified dialogue wins over old clean full snapshot without publication
00:13 +41 -1: /Users/karim/Project/pokemonProject/apps/avelune_studio/test/cinematics/dialogue_working_source_ui10_test.dart: C1 dirty simplified dialogue wins over old clean full snapshot without publication
00:13 +42 -1: /Users/karim/Project/pokemonProject/apps/avelune_studio/test/cinematics/dialogue_working_source_ui10_test.dart: C1 dirty simplified dialogue wins over old clean full snapshot without publication
00:13 +43 -1: /Users/karim/Project/pokemonProject/apps/avelune_studio/test/cinematics/dialogue_working_source_ui10_test.dart: working source resolves publication, explicit discard, homonyms and project boundary
00:14 +44 -1: /Users/karim/Project/pokemonProject/apps/avelune_studio/test/cinematics/dialogue_working_source_ui10_test.dart: incompatible modified versions produce explicit conflict and readonly source remains exact
00:15 +45 -1: /Users/karim/Project/pokemonProject/apps/avelune_studio/test/cinematics/cinematic_spatial_gestures_ui10_test.dart: map clicks and point drag respect pan zoom resize at 16 px
00:16 +46 -1: /Users/karim/Project/pokemonProject/apps/avelune_studio/test/cinematics/cinematic_spatial_gestures_ui10_test.dart: map clicks and point drag respect pan zoom resize at 16 px
00:17 +46 -2: /Users/karim/Project/pokemonProject/apps/avelune_studio/test/cinematics/cinematic_spatial_gestures_ui10_test.dart: map clicks and point drag respect pan zoom resize at 16 px [E]
  Cette carte est absente, invalide ou utilise un format non pris en charge.
  package:avelune_studio/features/map_workspace/data/local_map_workspace_adapter.dart 163:7  LocalMapWorkspaceAdapter.loadMap
  
  LateInitializationError: Local 'fixture' has not been initialized.
  dart:_internal                                             LateError._throwLocalNotInitialized
  test/cinematics/cinematic_spatial_gestures_ui10_test.dart  main.<fn>
  
  LateInitializationError: Local 'fixture' has not been initialized.
  dart:_internal                                             LateError._throwLocalNotInitialized
  test/cinematics/cinematic_spatial_gestures_ui10_test.dart  main.<fn>
  
00:17 +46 -2: /Users/karim/Project/pokemonProject/apps/avelune_studio/test/cinematics/cinematic_spatial_gestures_ui10_test.dart: map clicks and point drag respect pan zoom resize at 32 px
00:18 +46 -3: /Users/karim/Project/pokemonProject/apps/avelune_studio/test/terrain_editor_test.dart: source assignment, scratch correction and publication activate the saved preset
00:18 +46 -3: /Users/karim/Project/pokemonProject/apps/avelune_studio/test/cinematics/cinematic_spatial_gestures_ui10_test.dart: map clicks and point drag respect pan zoom resize at 32 px [E]
  Cette carte est absente, invalide ou utilise un format non pris en charge.
  package:avelune_studio/features/map_workspace/data/local_map_workspace_adapter.dart 163:7  LocalMapWorkspaceAdapter.loadMap
  
  LateInitializationError: Local 'fixture' has not been initialized.
  dart:_internal                                             LateError._throwLocalNotInitialized
  test/cinematics/cinematic_spatial_gestures_ui10_test.dart  main.<fn>
  
  LateInitializationError: Local 'fixture' has not been initialized.
  dart:_internal                                             LateError._throwLocalNotInitialized
  test/cinematics/cinematic_spatial_gestures_ui10_test.dart  main.<fn>
  
00:18 +47 -3: /Users/karim/Project/pokemonProject/apps/avelune_studio/test/terrain_editor_test.dart: small editor at enlarged text keeps all sections scrollable
00:19 +48 -3: /Users/karim/Project/pokemonProject/apps/avelune_studio/test/terrain_editor_test.dart: outer corner can be assigned and undone through the pattern
00:19 +49 -3: /Users/karim/Project/pokemonProject/apps/avelune_studio/test/dialogues_ui09_responsive_test.dart: responsive 1440x900 edits text and response then saves
00:23 +50 -3: /Users/karim/Project/pokemonProject/apps/avelune_studio/test/dialogues_ui09_responsive_test.dart: responsive 1440x900 edits text and response then saves
00:25 +51 -3: /Users/karim/Project/pokemonProject/apps/avelune_studio/test/dialogues_ui09_responsive_test.dart: responsive 1440x900 edits text and response then saves
00:25 +52 -3: /Users/karim/Project/pokemonProject/apps/avelune_studio/test/ui11_presentation_transport_controls_test.dart: UI11 transport answers the keyboard without a focused panel
00:27 +53 -3: /Users/karim/Project/pokemonProject/apps/avelune_studio/test/dialogues_ui09_responsive_test.dart: responsive 1280x800 edits text and response then saves
00:29 +54 -3: /Users/karim/Project/pokemonProject/apps/avelune_studio/test/dialogues_ui09_responsive_test.dart: responsive 1280x800 edits text and response then saves
00:29 +55 -3: /Users/karim/Project/pokemonProject/apps/avelune_studio/test/dialogues_ui09_responsive_test.dart: responsive 1024x640 edits text and response then saves
00:30 +56 -3: /Users/karim/Project/pokemonProject/apps/avelune_studio/test/dialogues_ui09_responsive_test.dart: responsive 1024x640 edits text and response then saves
00:30 +57 -3: /Users/karim/Project/pokemonProject/apps/avelune_studio/test/dialogues_ui09_responsive_test.dart: responsive 1024x640 edits text and response then saves
00:31 +58 -3: /Users/karim/Project/pokemonProject/apps/avelune_studio/test/dialogues_ui09_responsive_test.dart: responsive 1024x640 edits text and response then saves
00:31 +59 -3: /Users/karim/Project/pokemonProject/apps/avelune_studio/test/dialogues_ui09_responsive_test.dart: responsive 1024x640 edits text and response then saves
00:31 +60 -3: /Users/karim/Project/pokemonProject/apps/avelune_studio/test/dialogues_ui09_responsive_test.dart: responsive 1024x640 edits text and response then saves
00:32 +61 -3: /Users/karim/Project/pokemonProject/apps/avelune_studio/test/dialogues_ui09_responsive_test.dart: responsive 1024x640 edits text and response then saves
00:33 +62 -3: /Users/karim/Project/pokemonProject/apps/avelune_studio/test/ui13_verification_recovery_test.dart: saving during an analysis leaves no ghost control
00:33 +63 -3: /Users/karim/Project/pokemonProject/apps/avelune_studio/test/ui13_verification_recovery_test.dart: a revision that moves during the reads is prepared again
00:33 +64 -3: /Users/karim/Project/pokemonProject/apps/avelune_studio/test/ui13_verification_recovery_test.dart: a failed preparation still frees the page
00:34 +65 -3: /Users/karim/Project/pokemonProject/apps/avelune_studio/test/ui13_verification_recovery_test.dart: a refused input check frees the page too
00:34 +66 -3: /Users/karim/Project/pokemonProject/apps/avelune_studio/test/ui13_verification_recovery_test.dart: the end of a replaced request does not disturb the new one
00:34 +67 -3: /Users/karim/Project/pokemonProject/apps/avelune_studio/test/home/home_character_navigation_test.dart: home character placement preserves map and opens palette: compact=false
00:36 +68 -3: /Users/karim/Project/pokemonProject/apps/avelune_studio/test/home/home_character_navigation_test.dart: home character placement preserves map and opens palette: compact=false
00:36 +69 -3: /Users/karim/Project/pokemonProject/apps/avelune_studio/test/home/home_character_navigation_test.dart: home character placement preserves map and opens palette: compact=true
00:36 +70 -3: /Users/karim/Project/pokemonProject/apps/avelune_studio/test/home/home_character_navigation_test.dart: home character placement preserves map and opens palette: compact=true
00:36 +71 -3: /Users/karim/Project/pokemonProject/apps/avelune_studio/test/home/home_character_navigation_test.dart: home character placement preserves map and opens palette: compact=true
00:36 +72 -3: /Users/karim/Project/pokemonProject/apps/avelune_studio/test/home/home_character_navigation_test.dart: home character placement preserves map and opens palette: compact=true
00:36 +73 -3: /Users/karim/Project/pokemonProject/apps/avelune_studio/test/home/home_character_navigation_test.dart: home character placement preserves map and opens palette: compact=true
00:36 +74 -3: /Users/karim/Project/pokemonProject/apps/avelune_studio/test/home/home_character_navigation_test.dart: home character placement preserves map and opens palette: compact=true
00:36 +75 -3: /Users/karim/Project/pokemonProject/apps/avelune_studio/test/home/home_character_navigation_test.dart: home character placement preserves map and opens palette: compact=true
00:36 +76 -3: /Users/karim/Project/pokemonProject/apps/avelune_studio/test/home/home_character_navigation_test.dart: home character placement preserves map and opens palette: compact=true
00:36 +77 -3: /Users/karim/Project/pokemonProject/apps/avelune_studio/test/home/home_character_navigation_test.dart: home character placement preserves map and opens palette: compact=true
00:37 +78 -3: /Users/karim/Project/pokemonProject/apps/avelune_studio/test/home/home_lazy_collection_test.dart: compact home builds long recent collections on demand

Warning: A call to drag() with finder "Found 1 widget with type "Scrollable" descending from widget with key [<'home-recent-projects-list'>]: [
  Scrollable(axisDirection: down, physics: AlwaysScrollableScrollPhysics, restorationId: null, dependencies: [InheritedCupertinoTheme, MediaQuery, ScrollConfiguration, UnmanagedRestorationScope, _InheritedTheme, _LocalizationsScope-[GlobalKey#1e2eb]], state: ScrollableState#fe0d9(position: ScrollPositionWithSingleContext#4bb43(offset: 0.0, range: 0.0..8083.2, viewport: 116.8, ScrollableState, AlwaysScrollableScrollPhysics -> ClampingScrollPhysics -> RangeMaintainingScrollPhysics, IdleScrollActivity#f58bb, ScrollDirection.idle), effective physics: AlwaysScrollableScrollPhysics -> ClampingScrollPhysics -> RangeMaintainingScrollPhysics)),
]" derived an Offset (Offset(548.0, 782.4)) that would not hit test on the specified widget.
Maybe the widget is actually off-screen, or another widget is obscuring it, or the widget cannot receive pointer events.
Indeed, Offset(548.0, 782.4) is outside the bounds of the root of the render tree, Size(1024.0, 640.0).
The finder corresponds to this RenderBox: RenderClipRect#9b8c2 relayoutBoundary=up1
The hit test result at that offset is: HitTestResult(HitTestEntry<HitTestTarget>#e56f0(_ReusableRenderView#5bc05), HitTestEntry<HitTestTarget>#c007e(<AutomatedTestWidgetsFlutterBinding>))
#0      WidgetController._getElementPoint (package:flutter_test/src/controller.dart:2165:25)
#1      WidgetController.getCenter (package:flutter_test/src/controller.dart:1947:12)
#2      WidgetController.drag (package:flutter_test/src/controller.dart:1604:7)
#3      WidgetController.dragUntilVisible.<anonymous closure> (package:flutter_test/src/controller.dart:2483:17)
#4      Zone.run (dart:async/zone.dart:434:27)
#5      TestAsyncUtils.guard (package:flutter_test/src/test_async_utils.dart:74:41)
#6      WidgetController.dragUntilVisible (package:flutter_test/src/controller.dart:2476:27)
#7      WidgetController.scrollUntilVisible.<anonymous closure> (package:flutter_test/src/controller.dart:2439:13)
#8      Zone.run (dart:async/zone.dart:434:27)
#9      TestAsyncUtils.guard (package:flutter_test/src/test_async_utils.dart:74:41)
#10     WidgetController.scrollUntilVisible (package:flutter_test/src/controller.dart:2427:27)
#11     main.<anonymous closure> (file:///Users/karim/Project/pokemonProject/apps/avelune_studio/test/home/home_lazy_collection_test.dart:54:18)
<asynchronous suspension>
#12     testWidgets.<anonymous closure>.<anonymous closure> (package:flutter_test/src/widget_tester.dart:192:15)
<asynchronous suspension>
#13     TestWidgetsFlutterBinding._runTestBody (package:flutter_test/src/binding.dart:1953:5)
<asynchronous suspension>
#14     StackZoneSpecification._registerCallback.<anonymous closure> (package:stack_trace/src/stack_zone_specification.dart:114:42)
<asynchronous suspension>
To silence this warning, pass "warnIfMissed: false" to "drag()".
To make this warning fatal, set WidgetController.hitTestWarningShouldBeFatal to true.

00:39 +79 -3: /Users/karim/Project/pokemonProject/apps/avelune_studio/test/home/home_lazy_collection_test.dart: compact home builds long recent collections on demand
00:39 +80 -3: /Users/karim/Project/pokemonProject/apps/avelune_studio/test/home/home_lazy_collection_test.dart: compact home builds long recent collections on demand
00:41 +81 -3: /Users/karim/Project/pokemonProject/apps/avelune_studio/test/home/home_exit_guard_test.dart: old workspace disposal cannot clear replacement exit guard
00:42 +82 -3: /Users/karim/Project/pokemonProject/apps/avelune_studio/test/home/home_navigation_test.dart: home keeps mounted workspace, document, zoom and undo; cancelled switch preserves it
00:43 +83 -3: /Users/karim/Project/pokemonProject/apps/avelune_studio/test/home/home_visual_test.dart: map cards align with one and two line titles at 1.0
00:43 +84 -3: /Users/karim/Project/pokemonProject/apps/avelune_studio/test/home/home_visual_test.dart: map cards align with one and two line titles at 1.5
00:43 +85 -3: /Users/karim/Project/pokemonProject/apps/avelune_studio/test/home/home_visual_test.dart: home fits Size(1536.0, 1024.0) with real layout and local search
00:44 +86 -3: /Users/karim/Project/pokemonProject/apps/avelune_studio/test/home/home_map_creation_entry_test.dart: all maps offers the shared creation entry even when empty
00:44 +87 -3: /Users/karim/Project/pokemonProject/apps/avelune_studio/test/home/home_map_creation_entry_test.dart: all maps offers the shared creation entry even when empty
00:45 +88 -3: /Users/karim/Project/pokemonProject/apps/avelune_studio/test/home/home_visual_test.dart: home fits Size(1280.0, 800.0) with real layout and local search
00:45 +89 -3: /Users/karim/Project/pokemonProject/apps/avelune_studio/test/home/home_visual_test.dart: home fits Size(1024.0, 640.0) with real layout and local search
00:45 +90 -3: /Users/karim/Project/pokemonProject/apps/avelune_studio/test/home/home_visual_test.dart: home fits Size(480.0, 360.0) with real layout and local search
00:45 +91 -3: /Users/karim/Project/pokemonProject/apps/avelune_studio/test/home/home_visual_test.dart: long home collections scroll locally without moving the frame
00:46 +92 -3: /Users/karim/Project/pokemonProject/apps/avelune_studio/test/home/home_real_project_test.dart: opens disposable on-disk project and captures the real active home
00:48 +93 -3: /Users/karim/Project/pokemonProject/apps/avelune_studio/test/home/home_real_project_test.dart: opens disposable on-disk project and captures the real active home
00:49 +94 -3: /Users/karim/Project/pokemonProject/apps/avelune_studio/test/ui13_verification_page_test.dart: a diagnostic shows its context, its target and its editor
00:49 +95 -3: /Users/karim/Project/pokemonProject/apps/avelune_studio/test/ui13_verification_page_test.dart: an empty filter is the filter’s zero, not the project’s
00:50 +96 -3: /Users/karim/Project/pokemonProject/apps/avelune_studio/test/presentations_ui11_renderer_parity_test.dart: shared montage equals actual runtime frames portrait=false
00:51 +97 -3: /Users/karim/Project/pokemonProject/apps/avelune_studio/test/presentations_ui11_renderer_parity_test.dart: shared montage equals actual runtime frames portrait=false
00:53 +98 -3: /Users/karim/Project/pokemonProject/apps/avelune_studio/test/cinematics_ui10_error_recovery_test.dart: UI10 recovers missing actor through real controls and preserves invalid fields
══╡ EXCEPTION CAUGHT BY FLUTTER TEST FRAMEWORK ╞════════════════════════════════════════════════════
The following MapWorkspaceFailure was thrown while running async test code:
Cette carte est absente, invalide ou utilise un format non pris en charge.

When the exception was thrown, this was the stack:
#0      LocalMapWorkspaceAdapter.loadMap (package:avelune_studio/features/map_workspace/data/local_map_workspace_adapter.dart:163:7)
<asynchronous suspension>
#1      seedUi10Visuals (file:///Users/karim/Project/pokemonProject/apps/avelune_studio/test/support/ui10_fixture_visuals.dart:124:18)
<asynchronous suspension>
#2      createUi10Fixture (file:///Users/karim/Project/pokemonProject/apps/avelune_studio/test/support/ui10_cinematic_fixture.dart:18:5)
<asynchronous suspension>
#3      Ui10WorkspaceHarness.create (file:///Users/karim/Project/pokemonProject/apps/avelune_studio/test/support/ui10_workspace_harness.dart:20:21)
<asynchronous suspension>
<asynchronous suspension>
#5      main.<anonymous closure> (file:///Users/karim/Project/pokemonProject/apps/avelune_studio/test/cinematics_ui10_error_recovery_test.dart:17:24)
<asynchronous suspension>
#6      testWidgets.<anonymous closure>.<anonymous closure> (package:flutter_test/src/widget_tester.dart:192:15)
<asynchronous suspension>
#7      TestWidgetsFlutterBinding._runTestBody (package:flutter_test/src/binding.dart:1953:5)
<asynchronous suspension>
<asynchronous suspension>
(elided 2 frames from dart:async and package:stack_trace)

The exception was caught asynchronously.
════════════════════════════════════════════════════════════════════════════════════════════════════
══╡ EXCEPTION CAUGHT BY FLUTTER TEST FRAMEWORK ╞════════════════════════════════════════════════════
The following _TypeError was thrown running a test:
Null check operator used on a null value

When the exception was thrown, this was the stack:
#0      main.<anonymous closure> (file:///Users/karim/Project/pokemonProject/apps/avelune_studio/test/cinematics_ui10_error_recovery_test.dart:19:9)
<asynchronous suspension>
#1      testWidgets.<anonymous closure>.<anonymous closure> (package:flutter_test/src/widget_tester.dart:192:15)
<asynchronous suspension>
#2      TestWidgetsFlutterBinding._runTestBody (package:flutter_test/src/binding.dart:1953:5)
<asynchronous suspension>
<asynchronous suspension>
(elided one frame from package:stack_trace)

The test description was:
  UI10 recovers missing actor through real controls and preserves invalid fields
════════════════════════════════════════════════════════════════════════════════════════════════════
══╡ EXCEPTION CAUGHT BY FLUTTER TEST FRAMEWORK ╞════════════════════════════════════════════════════
The following message was thrown:
Multiple exceptions (2) were detected during the running of the current test, and at least one was
unexpected.
════════════════════════════════════════════════════════════════════════════════════════════════════
00:54 +98 -4: /Users/karim/Project/pokemonProject/apps/avelune_studio/test/presentations_ui11_renderer_parity_test.dart: shared montage equals actual runtime frames portrait=true
00:54 +98 -4: /Users/karim/Project/pokemonProject/apps/avelune_studio/test/cinematics_ui10_error_recovery_test.dart: UI10 recovers missing actor through real controls and preserves invalid fields [E]
  Test failed. See exception logs above.
  The test description was: UI10 recovers missing actor through real controls and preserves invalid fields
  
00:54 +99 -4: /Users/karim/Project/pokemonProject/apps/avelune_studio/test/presentations_ui11_renderer_parity_test.dart: shared montage equals actual runtime frames portrait=true
00:54 +100 -4: /Users/karim/Project/pokemonProject/apps/avelune_studio/test/presentations_ui11_renderer_parity_test.dart: shared montage equals actual runtime frames portrait=true
00:55 +101 -4: /Users/karim/Project/pokemonProject/apps/avelune_studio/test/dialogues/dialogue_preview_ui09_test.dart: canonical portrait speaker and clearing apply to the actual line without leaking previous portrait
00:55 +102 -4: /Users/karim/Project/pokemonProject/apps/avelune_studio/test/dialogues/dialogue_preview_ui09_test.dart: canonical preview never automatically selects the first response
00:56 +103 -4: /Users/karim/Project/pokemonProject/apps/avelune_studio/test/dialogues/dialogue_adapter_ui09_test.dart: 100 entries load only the requested source by ID without any map
00:56 +104 -4: /Users/karim/Project/pokemonProject/apps/avelune_studio/test/dialogues/dialogue_adapter_ui09_test.dart: create rename duplicate and delete are targeted and map independent
00:56 +105 -4: /Users/karim/Project/pokemonProject/apps/avelune_studio/test/dialogues/dialogue_controller_ui09_test.dart: lazy library, reply choices shared targets outcomes save reopen and deterministic identities
00:56 +106 -4: /Users/karim/Project/pokemonProject/apps/avelune_studio/test/dialogues/dialogue_controller_ui09_test.dart: lazy library, reply choices shared targets outcomes save reopen and deterministic identities
00:57 +107 -4: /Users/karim/Project/pokemonProject/apps/avelune_studio/test/dialogues/dialogue_controller_ui09_test.dart: lazy library, reply choices shared targets outcomes save reopen and deterministic identities
00:57 +108 -4: /Users/karim/Project/pokemonProject/apps/avelune_studio/test/dialogues/dialogue_controller_ui09_test.dart: lazy library, reply choices shared targets outcomes save reopen and deterministic identities
00:57 +109 -4: /Users/karim/Project/pokemonProject/apps/avelune_studio/test/dialogues/dialogue_controller_ui09_test.dart: lazy library, reply choices shared targets outcomes save reopen and deterministic identities
00:57 +110 -4: /Users/karim/Project/pokemonProject/apps/avelune_studio/test/dialogues/dialogue_controller_ui09_test.dart: deep immutable snapshot and semantic history preserve branch content, rejects unsafe replacement
00:57 +111 -4: /Users/karim/Project/pokemonProject/apps/avelune_studio/test/dialogues/dialogue_controller_ui09_test.dart: canonical preview stops jump loops and refuses missing scene entry
00:57 +112 -4: /Users/karim/Project/pokemonProject/apps/avelune_studio/test/dialogues/dialogue_controller_ui09_test.dart: literal command-looking multiline text remains text through strict compiler and codec
00:57 +113 -4: /Users/karim/Project/pokemonProject/apps/avelune_studio/test/dialogues/dialogue_coexistence_ui09_test.dart: simplified dirty blocks full document; full dirty blocks simplified and preserves unrelated use
00:58 +114 -4: /Users/karim/Project/pokemonProject/apps/avelune_studio/test/dialogues/dialogue_concurrency_ui09_test.dart: late A read cannot replace B; cached selections perform no extra reads
00:59 +115 -4: /Users/karim/Project/pokemonProject/apps/avelune_studio/test/dialogues/dialogue_coexistence_ui09_test.dart: simplified source-only publication invalidates clean full cached source
00:59 +116 -4: /Users/karim/Project/pokemonProject/apps/avelune_studio/test/dialogues/dialogue_concurrency_ui09_test.dart: publication snapshot stays dirty for later edits and new source can be resaved
00:59 +117 -4: /Users/karim/Project/pokemonProject/apps/avelune_studio/test/dialogues/dialogue_coexistence_ui09_test.dart: two clean simplified consumers cannot republish a stale shared source
00:59 +118 -4: /Users/karim/Project/pokemonProject/apps/avelune_studio/test/dialogues/dialogue_concurrency_ui09_test.dart: source conflict preserves unsaved work and file; explicit reload alone replaces draft
00:59 +119 -4: /Users/karim/Project/pokemonProject/apps/avelune_studio/test/dialogues/dialogue_concurrency_ui09_test.dart: missing and unsupported sources never materialize an editable blank recovery
00:59 +120 -4: /Users/karim/Project/pokemonProject/apps/avelune_studio/test/dialogues/dialogue_concurrency_ui09_test.dart: opaque source preamble is preserved and cannot be normalized away
00:59 +121 -4: /Users/karim/Project/pokemonProject/apps/avelune_studio/test/dialogues/dialogue_concurrency_ui09_test.dart: late delete protects A against edits and never deselects B
01:00 +122 -4: /Users/karim/Project/pokemonProject/apps/avelune_studio/test/dialogues/dialogue_concurrency_ui09_test.dart: catalog deletion invalidates a clean full document without opening a namesake
01:00 +123 -4: /Users/karim/Project/pokemonProject/apps/avelune_studio/test/dialogues/dialogue_publication_guards_ui09_test.dart: interruption between manifest and source recovers the coherent pair
01:00 +124 -4: /Users/karim/Project/pokemonProject/apps/avelune_studio/test/dialogues/dialogue_publication_guards_ui09_test.dart: strict compilation rejects unsupported commands without touching either file
01:00 +125 -4: /Users/karim/Project/pokemonProject/apps/avelune_studio/test/dialogues/dialogue_publication_guards_ui09_test.dart: delete and missing external Yarn entry refuse with consumer paths
01:00 +126 -4: /Users/karim/Project/pokemonProject/apps/avelune_studio/test/dialogues/dialogue_publication_guards_ui09_test.dart: mutex rechecks the exact source baseline after waiting for another save
01:00 +127 -4: /Users/karim/Project/pokemonProject/apps/avelune_studio/test/dialogues/dialogue_publication_guards_ui09_test.dart: missing malformed and empty sources do not fabricate a replacement
01:00 +128 -4: /Users/karim/Project/pokemonProject/apps/avelune_studio/test/dialogues/dialogue_publication_guards_ui09_test.dart: an existing unregistered source cannot be overwritten by creation
01:01 +129 -4: /Users/karim/Project/pokemonProject/apps/avelune_studio/test/dialogues_ui09_interaction_test.dart: switching inspector tab commits focused text before disposal
01:01 +130 -4: /Users/karim/Project/pokemonProject/apps/avelune_studio/test/dialogues_ui09_interaction_test.dart: switching inspector tab commits focused text before disposal
01:01 +131 -4: /Users/karim/Project/pokemonProject/apps/avelune_studio/test/dialogues_ui09_interaction_test.dart: switching inspector tab commits focused text before disposal
01:01 +132 -4: /Users/karim/Project/pokemonProject/apps/avelune_studio/test/dialogues_ui09_interaction_test.dart: switching inspector tab commits focused text before disposal
01:01 +133 -4: /Users/karim/Project/pokemonProject/apps/avelune_studio/test/dialogues_ui09_interaction_test.dart: switching inspector tab commits focused text before disposal
01:04 +134 -4: /Users/karim/Project/pokemonProject/apps/avelune_studio/test/dialogues_ui09_interaction_test.dart: switching inspector tab commits focused text before disposal
01:04 +135 -4: /Users/karim/Project/pokemonProject/apps/avelune_studio/test/scenes/scene_publication_ui06_test.dart: real project target-only save preserves resource published since scene opened and all map bytes
01:04 +136 -4: /Users/karim/Project/pokemonProject/apps/avelune_studio/test/dialogues_ui09_interaction_test.dart: focused text saves exact source and history remains usable
01:05 +137 -4: /Users/karim/Project/pokemonProject/apps/avelune_studio/test/dialogues_ui09_interaction_test.dart: focused text saves exact source and history remains usable
01:05 +138 -4: /Users/karim/Project/pokemonProject/apps/avelune_studio/test/dialogues_ui09_interaction_test.dart: focused text saves exact source and history remains usable
01:05 +139 -4: /Users/karim/Project/pokemonProject/apps/avelune_studio/test/dialogues_ui09_interaction_test.dart: focused text saves exact source and history remains usable
01:05 +140 -4: /Users/karim/Project/pokemonProject/apps/avelune_studio/test/dialogues_ui09_interaction_test.dart: focused text saves exact source and history remains usable
01:05 +141 -4: /Users/karim/Project/pokemonProject/apps/avelune_studio/test/dialogues_ui09_interaction_test.dart: focused text saves exact source and history remains usable
01:06 +142 -4: /Users/karim/Project/pokemonProject/apps/avelune_studio/test/dialogues_ui09_interaction_test.dart: focused text saves exact source and history remains usable
01:07 +143 -4: /Users/karim/Project/pokemonProject/apps/avelune_studio/test/dialogues_ui09_interaction_test.dart: preview plays both explicit branches without publication
01:08 +144 -4: /Users/karim/Project/pokemonProject/apps/avelune_studio/test/dialogues_ui09_interaction_test.dart: preview plays both explicit branches without publication
01:08 +145 -4: /Users/karim/Project/pokemonProject/apps/avelune_studio/test/dialogues_ui09_interaction_test.dart: preview plays both explicit branches without publication
01:08 +146 -4: /Users/karim/Project/pokemonProject/apps/avelune_studio/test/dialogues_ui09_interaction_test.dart: preview plays both explicit branches without publication
01:08 +147 -4: /Users/karim/Project/pokemonProject/apps/avelune_studio/test/dialogues_ui09_interaction_test.dart: preview plays both explicit branches without publication
01:09 +148 -4: /Users/karim/Project/pokemonProject/apps/avelune_studio/test/dialogues_ui09_interaction_test.dart: preview plays both explicit branches without publication
01:09 +149 -4: /Users/karim/Project/pokemonProject/apps/avelune_studio/test/dialogues_ui09_interaction_test.dart: preview plays both explicit branches without publication
01:09 +150 -4: /Users/karim/Project/pokemonProject/apps/avelune_studio/test/dialogues_ui09_interaction_test.dart: preview plays both explicit branches without publication
01:09 +151 -4: /Users/karim/Project/pokemonProject/apps/avelune_studio/test/dialogues_ui09_interaction_test.dart: preview plays both explicit branches without publication
01:09 +152 -4: /Users/karim/Project/pokemonProject/apps/avelune_studio/test/dialogues_ui09_interaction_test.dart: preview plays both explicit branches without publication
01:09 +153 -4: /Users/karim/Project/pokemonProject/apps/avelune_studio/test/dialogues_ui09_interaction_test.dart: preview plays both explicit branches without publication
01:09 +154 -4: /Users/karim/Project/pokemonProject/apps/avelune_studio/test/dialogues_ui09_interaction_test.dart: preview plays both explicit branches without publication
01:09 +155 -4: /Users/karim/Project/pokemonProject/apps/avelune_studio/test/dialogues_ui09_interaction_test.dart: preview plays both explicit branches without publication
01:09 +156 -4: /Users/karim/Project/pokemonProject/apps/avelune_studio/test/dialogues_ui09_interaction_test.dart: preview plays both explicit branches without publication
01:09 +157 -4: /Users/karim/Project/pokemonProject/apps/avelune_studio/test/dialogues_ui09_interaction_test.dart: preview plays both explicit branches without publication
01:10 +158 -4: /Users/karim/Project/pokemonProject/apps/avelune_studio/test/dialogues_ui09_interaction_test.dart: wire drag cancellation and real reconnection preserve history at 0.55
01:13 +159 -4: /Users/karim/Project/pokemonProject/apps/avelune_studio/test/dialogues_ui09_volume_test.dart: UI09 40 suites 200 lines 50 links navigation does not reread or compile
UI09 volume: 40 suites, 200 lines, 50 links; 8 gestures; 1 source read; 0 additional compilations; 9 page builds (initial + 8 selection updates).
01:14 +160 -4: /Users/karim/Project/pokemonProject/apps/avelune_studio/test/dialogues_ui09_interaction_test.dart: wire drag cancellation and real reconnection preserve history at 0.9
01:15 +161 -4: /Users/karim/Project/pokemonProject/apps/avelune_studio/test/dialogues_ui09_interaction_test.dart: wire drag cancellation and real reconnection preserve history at 0.9
01:15 +162 -4: /Users/karim/Project/pokemonProject/apps/avelune_studio/test/ui06_scene_runtime_test.dart: real runtime plays Yarn and refusal
01:17 +163 -4: /Users/karim/Project/pokemonProject/apps/avelune_studio/test/ui06_scene_runtime_test.dart: real runtime plays Yarn and refusal
[runtime_loader] bundle load start projectFilePath=/private/var/folders/b5/7gsfwzyd449_54n8l40h40gc0000gn/T/avelune_ui06_OyiE3f/project.json mapId=jardin
[runtime_loader] project manifest lookup path=/private/var/folders/b5/7gsfwzyd449_54n8l40h40gc0000gn/T/avelune_ui06_OyiE3f/project.json
[runtime_loader] project manifest read ok bytes=16666
[runtime_loader] project manifest validated maps=2 tilesets=1 scenarios=0
[runtime_loader] bundle map resolved mapId=jardin relativePath=maps/jardin.json mapPath=/private/var/folders/b5/7gsfwzyd449_54n8l40h40gc0000gn/T/avelune_ui06_OyiE3f/maps/jardin.json
[runtime_loader] map file lookup path=/private/var/folders/b5/7gsfwzyd449_54n8l40h40gc0000gn/T/avelune_ui06_OyiE3f/maps/jardin.json
[runtime_loader] map file read ok bytes=17371
[runtime_loader] map validated id=jardin size=24x16 layers=3 entities=1 placedElements=3 warps=0 triggers=0
[runtime_loader] bundle tilesets collected ids=atelier
[runtime_loader] bundle tileset path id=atelier path=/private/var/folders/b5/7gsfwzyd449_54n8l40h40gc0000gn/T/avelune_ui06_OyiE3f/assets/atelier.png
[runtime_loader] bundle load ok mapId=jardin projectRoot=/private/var/folders/b5/7gsfwzyd449_54n8l40h40gc0000gn/T/avelune_ui06_OyiE3f tilesets=1
[runtime_game] tileset image load start map=jardin
[runtime_game] tileset cache resolve requested=1
[runtime_game] tileset cache resolve ok result=1
[runtime_game] onLoad start map=jardin projectFilePath=/private/var/folders/b5/7gsfwzyd449_54n8l40h40gc0000gn/T/avelune_ui06_OyiE3f/project.json tilesets=1
[runtime_game] world build start map=jardin
[runtime] Map loaded: jardin, spawn at (8, 9)
[runtime_game] tileset image load ok count=1 map=jardin
[runtime_game] mount root map start map=jardin
[runtime_game] mount root map ok map=jardin
[runtime_game] onLoad completed activeMapId=jardin
[runtime_loader] map file lookup path=/private/var/folders/b5/7gsfwzyd449_54n8l40h40gc0000gn/T/avelune_ui06_OyiE3f/maps/clairiere.json
[runtime_loader] map file read ok bytes=17376
[runtime_loader] map validated id=clairiere size=24x16 layers=3 entities=1 placedElements=3 warps=0 triggers=0
[dialogue] interaction entity=event-v2:evt_019abcde-9000-7000-8000-000000000106:evx_01a0f8e1-9991-7001-8000-eb2e31b7b642:station_welcome:1790881929621
[dialogue] resolved dialogueId=station_welcome
[dialogue] resolved file=dialogues/station_welcome.yarn
[dialogue] requested startNode=Start
[scenario_lock] accepted source=event-v2:evt_019abcde-9000-7000-8000-000000000106:evx_01a0f8e1-9991-7001-8000-eb2e31b7b642:station_welcome:1790881929621 phase=dialogueLoading serial=1
[dialogue] parsed 1 node(s) from /private/var/folders/b5/7gsfwzyd449_54n8l40h40gc0000gn/T/avelune_ui06_OyiE3f/dialogues/station_welcome.yarn
[dialogue] starting at node "Start"
[scene_runtime] dialogue content loaded request=event-v2:evt_019abcde-9000-7000-8000-000000000106:evx_01a0f8e1-9991-7001-8000-eb2e31b7b642:station_welcome:1790881929621 elapsedMs=52
[scenario_lock] cleared source=event-v2:evt_019abcde-9000-7000-8000-000000000106:evx_01a0f8e1-9991-7001-8000-eb2e31b7b642:station_welcome:1790881929621 reason=dialogueOpened serial=1
[dialogue] opened node=Start text="Bienvenue en gare. Avez-vous votre laissez-passer ?"
[dialogue] dialogue closed
[scene_runtime] dialogue completed request=event-v2:evt_019abcde-9000-7000-8000-000000000106:evx_01a0f8e1-9991-7001-8000-eb2e31b7b642:station_welcome:1790881929621 status=completed port=completed
[dialogue] finished
[dialogue] interaction entity=event-v2:evt_019abcde-9000-7000-8000-000000000106:evx_01a0f8e1-9991-7001-8000-eb2e31b7b642:station_refusal:1790881929692
[dialogue] resolved dialogueId=station_refusal
[dialogue] resolved file=dialogues/station_refusal.yarn
[dialogue] requested startNode=Start
[scenario_lock] accepted source=event-v2:evt_019abcde-9000-7000-8000-000000000106:evx_01a0f8e1-9991-7001-8000-eb2e31b7b642:station_refusal:1790881929692 phase=dialogueLoading serial=2
[dialogue] parsed 1 node(s) from /private/var/folders/b5/7gsfwzyd449_54n8l40h40gc0000gn/T/avelune_ui06_OyiE3f/dialogues/station_refusal.yarn
[dialogue] starting at node "Start"
[scene_runtime] dialogue content loaded request=event-v2:evt_019abcde-9000-7000-8000-000000000106:evx_01a0f8e1-9991-7001-8000-eb2e31b7b642:station_refusal:1790881929692 elapsedMs=41
[scenario_lock] cleared source=event-v2:evt_019abcde-9000-7000-8000-000000000106:evx_01a0f8e1-9991-7001-8000-eb2e31b7b642:station_refusal:1790881929692 reason=dialogueOpened serial=2
[dialogue] opened node=Start text="Il vous faut un laissez-passer."
[dialogue] dialogue closed
[scene_runtime] dialogue completed request=event-v2:evt_019abcde-9000-7000-8000-000000000106:evx_01a0f8e1-9991-7001-8000-eb2e31b7b642:station_refusal:1790881929692 status=completed port=completed
[dialogue] finished
[event_v2] outcome noMatch producer=scene:scene_station_meeting outcome=attente legacyFallbackAllowed=false
[event_v2] mapEnter activation=mapact_1790881929443155_1 map=jardin reason=initialBoot result=MapEnterProductionDispatchV2Handled
[step_studio_trace] runtime_save_requested map=jardin completedStepIds=[] completedCutsceneIds=[]
01:18 +164 -4: /Users/karim/Project/pokemonProject/apps/avelune_studio/test/app/provider_lifecycle_test.dart: root session survives listener changes and closes exactly once
01:18 +165 -4: /Users/karim/Project/pokemonProject/apps/avelune_studio/test/ui06_scene_runtime_test.dart: real scene executor commits the true branch after reopen
01:18 +166 -4: /Users/karim/Project/pokemonProject/apps/avelune_studio/test/ui06_scene_runtime_test.dart: real scene executor commits the true branch after reopen
01:18 +167 -4: /Users/karim/Project/pokemonProject/apps/avelune_studio/test/ui06_scene_runtime_test.dart: real scene executor commits the true branch after reopen
01:18 +168 -4: /Users/karim/Project/pokemonProject/apps/avelune_studio/test/ui06_scene_runtime_test.dart: real scene executor commits the true branch after reopen
01:18 +169 -4: /Users/karim/Project/pokemonProject/apps/avelune_studio/test/ui06_scene_runtime_test.dart: real runtime plays Yarn and cinematic agreement
01:19 +170 -4: /Users/karim/Project/pokemonProject/apps/avelune_studio/test/ui06_scene_runtime_test.dart: real runtime plays Yarn and cinematic agreement
01:19 +171 -4: /Users/karim/Project/pokemonProject/apps/avelune_studio/test/ui06_scene_runtime_test.dart: real runtime plays Yarn and cinematic agreement
01:19 +172 -4: /Users/karim/Project/pokemonProject/apps/avelune_studio/test/ui06_scene_runtime_test.dart: real runtime plays Yarn and cinematic agreement
[runtime_loader] bundle load start projectFilePath=/private/var/folders/b5/7gsfwzyd449_54n8l40h40gc0000gn/T/avelune_ui06_eTX9uf/project.json mapId=jardin
[runtime_loader] project manifest lookup path=/private/var/folders/b5/7gsfwzyd449_54n8l40h40gc0000gn/T/avelune_ui06_eTX9uf/project.json
[runtime_loader] project manifest read ok bytes=17278
[runtime_loader] project manifest validated maps=2 tilesets=1 scenarios=0
[runtime_loader] bundle map resolved mapId=jardin relativePath=maps/jardin.json mapPath=/private/var/folders/b5/7gsfwzyd449_54n8l40h40gc0000gn/T/avelune_ui06_eTX9uf/maps/jardin.json
[runtime_loader] map file lookup path=/private/var/folders/b5/7gsfwzyd449_54n8l40h40gc0000gn/T/avelune_ui06_eTX9uf/maps/jardin.json
[runtime_loader] map file read ok bytes=17371
[runtime_loader] map validated id=jardin size=24x16 layers=3 entities=1 placedElements=3 warps=0 triggers=0
[runtime_loader] bundle tilesets collected ids=atelier
[runtime_loader] bundle tileset path id=atelier path=/private/var/folders/b5/7gsfwzyd449_54n8l40h40gc0000gn/T/avelune_ui06_eTX9uf/assets/atelier.png
[runtime_loader] bundle load ok mapId=jardin projectRoot=/private/var/folders/b5/7gsfwzyd449_54n8l40h40gc0000gn/T/avelune_ui06_eTX9uf tilesets=1
[runtime_game] tileset image load start map=jardin
[runtime_game] tileset cache resolve requested=1
[runtime_game] tileset cache resolve ok result=1
[runtime_game] onLoad start map=jardin projectFilePath=/private/var/folders/b5/7gsfwzyd449_54n8l40h40gc0000gn/T/avelune_ui06_eTX9uf/project.json tilesets=1
[runtime_game] world build start map=jardin
[runtime] Map loaded: jardin, spawn at (8, 9)
[runtime_game] tileset image load ok count=1 map=jardin
[runtime_game] mount root map start map=jardin
[runtime_game] mount root map ok map=jardin
[runtime_game] onLoad completed activeMapId=jardin
[runtime_loader] map file lookup path=/private/var/folders/b5/7gsfwzyd449_54n8l40h40gc0000gn/T/avelune_ui06_eTX9uf/maps/clairiere.json
01:20 +173 -4: /Users/karim/Project/pokemonProject/apps/avelune_studio/test/ui06_scene_runtime_test.dart: real runtime plays Yarn and cinematic agreement
[runtime_loader] map file read ok bytes=17376
[runtime_loader] map validated id=clairiere size=24x16 layers=3 entities=1 placedElements=3 warps=0 triggers=0
[dialogue] interaction entity=event-v2:evt_019abcde-9000-7000-8000-000000000106:evx_01a0f8e1-a2ce-7001-8000-f0e3d836ee6f:station_welcome:1790881931982
[dialogue] resolved dialogueId=station_welcome
[dialogue] resolved file=dialogues/station_welcome.yarn
[dialogue] requested startNode=Start
[scenario_lock] accepted source=event-v2:evt_019abcde-9000-7000-8000-000000000106:evx_01a0f8e1-a2ce-7001-8000-f0e3d836ee6f:station_welcome:1790881931982 phase=dialogueLoading serial=1
[dialogue] parsed 1 node(s) from /private/var/folders/b5/7gsfwzyd449_54n8l40h40gc0000gn/T/avelune_ui06_eTX9uf/dialogues/station_welcome.yarn
[dialogue] starting at node "Start"
[scene_runtime] dialogue content loaded request=event-v2:evt_019abcde-9000-7000-8000-000000000106:evx_01a0f8e1-a2ce-7001-8000-f0e3d836ee6f:station_welcome:1790881931982 elapsedMs=42
[scenario_lock] cleared source=event-v2:evt_019abcde-9000-7000-8000-000000000106:evx_01a0f8e1-a2ce-7001-8000-f0e3d836ee6f:station_welcome:1790881931982 reason=dialogueOpened serial=1
[dialogue] opened node=Start text="Bienvenue en gare. Avez-vous votre laissez-passer ?"
[dialogue] dialogue closed
[scene_runtime] dialogue completed request=event-v2:evt_019abcde-9000-7000-8000-000000000106:evx_01a0f8e1-a2ce-7001-8000-f0e3d836ee6f:station_welcome:1790881931982 status=completed port=completed
[dialogue] finished
[dialogue] interaction entity=event-v2:evt_019abcde-9000-7000-8000-000000000106:evx_01a0f8e1-a2ce-7001-8000-f0e3d836ee6f:station_agreement:1790881932028
[dialogue] resolved dialogueId=station_agreement
[dialogue] resolved file=dialogues/station_agreement.yarn
[dialogue] requested startNode=Start
[scenario_lock] accepted source=event-v2:evt_019abcde-9000-7000-8000-000000000106:evx_01a0f8e1-a2ce-7001-8000-f0e3d836ee6f:station_agreement:1790881932028 phase=dialogueLoading serial=2
[dialogue] parsed 1 node(s) from /private/var/folders/b5/7gsfwzyd449_54n8l40h40gc0000gn/T/avelune_ui06_eTX9uf/dialogues/station_agreement.yarn
[dialogue] starting at node "Start"
[scene_runtime] dialogue content loaded request=event-v2:evt_019abcde-9000-7000-8000-000000000106:evx_01a0f8e1-a2ce-7001-8000-f0e3d836ee6f:station_agreement:1790881932028 elapsedMs=39
[scenario_lock] cleared source=event-v2:evt_019abcde-9000-7000-8000-000000000106:evx_01a0f8e1-a2ce-7001-8000-f0e3d836ee6f:station_agreement:1790881932028 reason=dialogueOpened serial=2
[dialogue] opened node=Start text="Vous pouvez embarquer."
[dialogue] dialogue closed
[scene_runtime] dialogue completed request=event-v2:evt_019abcde-9000-7000-8000-000000000106:evx_01a0f8e1-a2ce-7001-8000-f0e3d836ee6f:station_agreement:1790881932028 status=completed port=completed
[dialogue] finished
[event_v2] outcome noMatch producer=scene:scene_station_meeting outcome=embarquement legacyFallbackAllowed=false
[event_v2] mapEnter activation=mapact_1790881931916914_1 map=jardin reason=initialBoot result=MapEnterProductionDispatchV2Handled
[step_studio_trace] runtime_save_requested map=jardin completedStepIds=[] completedCutsceneIds=[]
01:20 +174 -4: /Users/karim/Project/pokemonProject/apps/avelune_studio/test/ui13_verification_selection_test.dart: a selection that vanished is explained, not called solved
01:22 +175 -4: /Users/karim/Project/pokemonProject/apps/avelune_studio/test/events_ui08_map_context_test.dart: resizing keeps the same map point centered at the same zoom
01:23 +176 -4: /Users/karim/Project/pokemonProject/apps/avelune_studio/test/cinematics_ui10_responsive_test.dart: UI10 1440.0x900.0 inspector edit keyboard save and reopen
01:23 +177 -4: /Users/karim/Project/pokemonProject/apps/avelune_studio/test/cinematics_ui10_responsive_test.dart: UI10 1440.0x900.0 inspector edit keyboard save and reopen
01:23 +178 -4: /Users/karim/Project/pokemonProject/apps/avelune_studio/test/cinematics_ui10_responsive_test.dart: UI10 1440.0x900.0 inspector edit keyboard save and reopen
01:23 +179 -4: /Users/karim/Project/pokemonProject/apps/avelune_studio/test/cinematics_ui10_responsive_test.dart: UI10 1440.0x900.0 inspector edit keyboard save and reopen
01:23 +180 -4: /Users/karim/Project/pokemonProject/apps/avelune_studio/test/cinematics_ui10_responsive_test.dart: UI10 1440.0x900.0 inspector edit keyboard save and reopen
01:23 +181 -4: /Users/karim/Project/pokemonProject/apps/avelune_studio/test/cinematics_ui10_responsive_test.dart: UI10 1440.0x900.0 inspector edit keyboard save and reopen
══╡ EXCEPTION CAUGHT BY FLUTTER TEST FRAMEWORK ╞════════════════════════════════════════════════════
The following MapWorkspaceFailure was thrown while running async test code:
Cette carte est absente, invalide ou utilise un format non pris en charge.

When the exception was thrown, this was the stack:
#0      LocalMapWorkspaceAdapter.loadMap (package:avelune_studio/features/map_workspace/data/local_map_workspace_adapter.dart:163:7)
<asynchronous suspension>
#1      seedUi10Visuals (file:///Users/karim/Project/pokemonProject/apps/avelune_studio/test/support/ui10_fixture_visuals.dart:124:18)
<asynchronous suspension>
#2      createUi10Fixture (file:///Users/karim/Project/pokemonProject/apps/avelune_studio/test/support/ui10_cinematic_fixture.dart:18:5)
<asynchronous suspension>
#3      Ui10WorkspaceHarness.create (file:///Users/karim/Project/pokemonProject/apps/avelune_studio/test/support/ui10_workspace_harness.dart:20:21)
<asynchronous suspension>
<asynchronous suspension>
#5      main.<anonymous closure> (file:///Users/karim/Project/pokemonProject/apps/avelune_studio/test/cinematics_ui10_responsive_test.dart:21:26)
<asynchronous suspension>
#6      testWidgets.<anonymous closure>.<anonymous closure> (package:flutter_test/src/widget_tester.dart:192:15)
<asynchronous suspension>
#7      TestWidgetsFlutterBinding._runTestBody (package:flutter_test/src/binding.dart:1953:5)
<asynchronous suspension>
<asynchronous suspension>
(elided 2 frames from dart:async and package:stack_trace)

The exception was caught asynchronously.
════════════════════════════════════════════════════════════════════════════════════════════════════
══╡ EXCEPTION CAUGHT BY FLUTTER TEST FRAMEWORK ╞════════════════════════════════════════════════════
The following _TypeError was thrown running a test:
Null check operator used on a null value

When the exception was thrown, this was the stack:
#0      main.<anonymous closure> (file:///Users/karim/Project/pokemonProject/apps/avelune_studio/test/cinematics_ui10_responsive_test.dart:23:11)
<asynchronous suspension>
#1      testWidgets.<anonymous closure>.<anonymous closure> (package:flutter_test/src/widget_tester.dart:192:15)
<asynchronous suspension>
#2      TestWidgetsFlutterBinding._runTestBody (package:flutter_test/src/binding.dart:1953:5)
<asynchronous suspension>
<asynchronous suspension>
(elided one frame from package:stack_trace)

The test description was:
  UI10 1440.0x900.0 inspector edit keyboard save and reopen
════════════════════════════════════════════════════════════════════════════════════════════════════
══╡ EXCEPTION CAUGHT BY FLUTTER TEST FRAMEWORK ╞════════════════════════════════════════════════════
The following message was thrown:
Multiple exceptions (2) were detected during the running of the current test, and at least one was
unexpected.
════════════════════════════════════════════════════════════════════════════════════════════════════
01:24 +181 -5: /Users/karim/Project/pokemonProject/apps/avelune_studio/test/cinematics_ui10_spatial_test.dart: UI10 destination uses 16 pixel cells after actual zoom pan and publication
01:24 +181 -5: /Users/karim/Project/pokemonProject/apps/avelune_studio/test/cinematics_ui10_responsive_test.dart: UI10 1440.0x900.0 inspector edit keyboard save and reopen [E]
  Test failed. See exception logs above.
  The test description was: UI10 1440.0x900.0 inspector edit keyboard save and reopen
  
01:25 +181 -5: /Users/karim/Project/pokemonProject/apps/avelune_studio/test/cinematics_ui10_responsive_test.dart: UI10 1280.0x800.0 inspector edit keyboard save and reopen
══╡ EXCEPTION CAUGHT BY FLUTTER TEST FRAMEWORK ╞════════════════════════════════════════════════════
The following MapWorkspaceFailure was thrown while running async test code:
Cette carte est absente, invalide ou utilise un format non pris en charge.

When the exception was thrown, this was the stack:
#0      LocalMapWorkspaceAdapter.loadMap (package:avelune_studio/features/map_workspace/data/local_map_workspace_adapter.dart:163:7)
<asynchronous suspension>
#1      seedUi10Visuals (file:///Users/karim/Project/pokemonProject/apps/avelune_studio/test/support/ui10_fixture_visuals.dart:124:18)
<asynchronous suspension>
#2      createUi10Fixture (file:///Users/karim/Project/pokemonProject/apps/avelune_studio/test/support/ui10_cinematic_fixture.dart:18:5)
<asynchronous suspension>
#3      Ui10WorkspaceHarness.create (file:///Users/karim/Project/pokemonProject/apps/avelune_studio/test/support/ui10_workspace_harness.dart:20:21)
<asynchronous suspension>
<asynchronous suspension>
#5      main.<anonymous closure> (file:///Users/karim/Project/pokemonProject/apps/avelune_studio/test/cinematics_ui10_responsive_test.dart:21:26)
<asynchronous suspension>
#6      testWidgets.<anonymous closure>.<anonymous closure> (package:flutter_test/src/widget_tester.dart:192:15)
<asynchronous suspension>
#7      TestWidgetsFlutterBinding._runTestBody (package:flutter_test/src/binding.dart:1953:5)
<asynchronous suspension>
<asynchronous suspension>
(elided 2 frames from dart:async and package:stack_trace)

The exception was caught asynchronously.
════════════════════════════════════════════════════════════════════════════════════════════════════
══╡ EXCEPTION CAUGHT BY FLUTTER TEST FRAMEWORK ╞════════════════════════════════════════════════════
The following _TypeError was thrown running a test:
Null check operator used on a null value

When the exception was thrown, this was the stack:
#0      main.<anonymous closure> (file:///Users/karim/Project/pokemonProject/apps/avelune_studio/test/cinematics_ui10_responsive_test.dart:23:11)
<asynchronous suspension>
#1      testWidgets.<anonymous closure>.<anonymous closure> (package:flutter_test/src/widget_tester.dart:192:15)
<asynchronous suspension>
#2      TestWidgetsFlutterBinding._runTestBody (package:flutter_test/src/binding.dart:1953:5)
<asynchronous suspension>
<asynchronous suspension>
(elided one frame from package:stack_trace)

The test description was:
  UI10 1280.0x800.0 inspector edit keyboard save and reopen
════════════════════════════════════════════════════════════════════════════════════════════════════
══╡ EXCEPTION CAUGHT BY FLUTTER TEST FRAMEWORK ╞════════════════════════════════════════════════════
The following message was thrown:
Multiple exceptions (2) were detected during the running of the current test, and at least one was
unexpected.
════════════════════════════════════════════════════════════════════════════════════════════════════
01:25 +181 -6: /Users/karim/Project/pokemonProject/apps/avelune_studio/test/cinematics_ui10_spatial_test.dart: UI10 destination uses 16 pixel cells after actual zoom pan and publication
01:25 +181 -6: /Users/karim/Project/pokemonProject/apps/avelune_studio/test/cinematics_ui10_responsive_test.dart: UI10 1280.0x800.0 inspector edit keyboard save and reopen [E]
  Test failed. See exception logs above.
  The test description was: UI10 1280.0x800.0 inspector edit keyboard save and reopen
  
01:26 +181 -6: /Users/karim/Project/pokemonProject/apps/avelune_studio/test/cinematics_ui10_spatial_test.dart: UI10 destination uses 16 pixel cells after actual zoom pan and publication
══╡ EXCEPTION CAUGHT BY FLUTTER TEST FRAMEWORK ╞════════════════════════════════════════════════════
The following MapWorkspaceFailure was thrown while running async test code:
Cette carte est absente, invalide ou utilise un format non pris en charge.

When the exception was thrown, this was the stack:
#0      LocalMapWorkspaceAdapter.loadMap (package:avelune_studio/features/map_workspace/data/local_map_workspace_adapter.dart:163:7)
<asynchronous suspension>
#1      seedUi10Visuals (file:///Users/karim/Project/pokemonProject/apps/avelune_studio/test/support/ui10_fixture_visuals.dart:124:18)
<asynchronous suspension>
#2      createUi10Fixture (file:///Users/karim/Project/pokemonProject/apps/avelune_studio/test/support/ui10_cinematic_fixture.dart:18:5)
<asynchronous suspension>
#3      Ui10WorkspaceHarness.create (file:///Users/karim/Project/pokemonProject/apps/avelune_studio/test/support/ui10_workspace_harness.dart:20:21)
<asynchronous suspension>
<asynchronous suspension>
#5      main.<anonymous closure> (file:///Users/karim/Project/pokemonProject/apps/avelune_studio/test/cinematics_ui10_spatial_test.dart:17:26)
<asynchronous suspension>
#6      testWidgets.<anonymous closure>.<anonymous closure> (package:flutter_test/src/widget_tester.dart:192:15)
<asynchronous suspension>
#7      TestWidgetsFlutterBinding._runTestBody (package:flutter_test/src/binding.dart:1953:5)
<asynchronous suspension>
<asynchronous suspension>
(elided 2 frames from dart:async and package:stack_trace)

The exception was caught asynchronously.
════════════════════════════════════════════════════════════════════════════════════════════════════
══╡ EXCEPTION CAUGHT BY FLUTTER TEST FRAMEWORK ╞════════════════════════════════════════════════════
The following _TypeError was thrown running a test:
Null check operator used on a null value

When the exception was thrown, this was the stack:
#0      main.<anonymous closure> (file:///Users/karim/Project/pokemonProject/apps/avelune_studio/test/cinematics_ui10_spatial_test.dart:19:11)
<asynchronous suspension>
#1      testWidgets.<anonymous closure>.<anonymous closure> (package:flutter_test/src/widget_tester.dart:192:15)
<asynchronous suspension>
#2      TestWidgetsFlutterBinding._runTestBody (package:flutter_test/src/binding.dart:1953:5)
<asynchronous suspension>
<asynchronous suspension>
(elided one frame from package:stack_trace)

The test description was:
  UI10 destination uses 16 pixel cells after actual zoom pan and publication
════════════════════════════════════════════════════════════════════════════════════════════════════
══╡ EXCEPTION CAUGHT BY FLUTTER TEST FRAMEWORK ╞════════════════════════════════════════════════════
The following message was thrown:
Multiple exceptions (2) were detected during the running of the current test, and at least one was
unexpected.
════════════════════════════════════════════════════════════════════════════════════════════════════
01:26 +181 -7: /Users/karim/Project/pokemonProject/apps/avelune_studio/test/cinematics_ui10_responsive_test.dart: UI10 1024.0x640.0 inspector edit keyboard save and reopen
01:26 +181 -7: /Users/karim/Project/pokemonProject/apps/avelune_studio/test/cinematics_ui10_spatial_test.dart: UI10 destination uses 16 pixel cells after actual zoom pan and publication [E]
  Test failed. See exception logs above.
  The test description was: UI10 destination uses 16 pixel cells after actual zoom pan and publication
  
01:26 +181 -7: /Users/karim/Project/pokemonProject/apps/avelune_studio/test/cinematics_ui10_responsive_test.dart: UI10 1024.0x640.0 inspector edit keyboard save and reopen
══╡ EXCEPTION CAUGHT BY FLUTTER TEST FRAMEWORK ╞════════════════════════════════════════════════════
The following MapWorkspaceFailure was thrown while running async test code:
Cette carte est absente, invalide ou utilise un format non pris en charge.

When the exception was thrown, this was the stack:
#0      LocalMapWorkspaceAdapter.loadMap (package:avelune_studio/features/map_workspace/data/local_map_workspace_adapter.dart:163:7)
<asynchronous suspension>
#1      seedUi10Visuals (file:///Users/karim/Project/pokemonProject/apps/avelune_studio/test/support/ui10_fixture_visuals.dart:124:18)
<asynchronous suspension>
#2      createUi10Fixture (file:///Users/karim/Project/pokemonProject/apps/avelune_studio/test/support/ui10_cinematic_fixture.dart:18:5)
<asynchronous suspension>
#3      Ui10WorkspaceHarness.create (file:///Users/karim/Project/pokemonProject/apps/avelune_studio/test/support/ui10_workspace_harness.dart:20:21)
<asynchronous suspension>
<asynchronous suspension>
#5      main.<anonymous closure> (file:///Users/karim/Project/pokemonProject/apps/avelune_studio/test/cinematics_ui10_responsive_test.dart:21:26)
<asynchronous suspension>
#6      testWidgets.<anonymous closure>.<anonymous closure> (package:flutter_test/src/widget_tester.dart:192:15)
<asynchronous suspension>
#7      TestWidgetsFlutterBinding._runTestBody (package:flutter_test/src/binding.dart:1953:5)
<asynchronous suspension>
<asynchronous suspension>
(elided 2 frames from dart:async and package:stack_trace)

The exception was caught asynchronously.
════════════════════════════════════════════════════════════════════════════════════════════════════
══╡ EXCEPTION CAUGHT BY FLUTTER TEST FRAMEWORK ╞════════════════════════════════════════════════════
The following _TypeError was thrown running a test:
Null check operator used on a null value

When the exception was thrown, this was the stack:
#0      main.<anonymous closure> (file:///Users/karim/Project/pokemonProject/apps/avelune_studio/test/cinematics_ui10_responsive_test.dart:23:11)
<asynchronous suspension>
#1      testWidgets.<anonymous closure>.<anonymous closure> (package:flutter_test/src/widget_tester.dart:192:15)
<asynchronous suspension>
#2      TestWidgetsFlutterBinding._runTestBody (package:flutter_test/src/binding.dart:1953:5)
<asynchronous suspension>
<asynchronous suspension>
(elided one frame from package:stack_trace)

The test description was:
  UI10 1024.0x640.0 inspector edit keyboard save and reopen
════════════════════════════════════════════════════════════════════════════════════════════════════
══╡ EXCEPTION CAUGHT BY FLUTTER TEST FRAMEWORK ╞════════════════════════════════════════════════════
The following message was thrown:
Multiple exceptions (2) were detected during the running of the current test, and at least one was
unexpected.
════════════════════════════════════════════════════════════════════════════════════════════════════
01:26 +181 -8: /Users/karim/Project/pokemonProject/apps/avelune_studio/test/cinematics_ui10_spatial_test.dart: UI10 destination uses 32 pixel cells after actual zoom pan and publication
01:26 +181 -8: /Users/karim/Project/pokemonProject/apps/avelune_studio/test/cinematics_ui10_responsive_test.dart: UI10 1024.0x640.0 inspector edit keyboard save and reopen [E]
  Test failed. See exception logs above.
  The test description was: UI10 1024.0x640.0 inspector edit keyboard save and reopen
  
01:27 +181 -8: /Users/karim/Project/pokemonProject/apps/avelune_studio/test/cinematics_ui10_spatial_test.dart: UI10 destination uses 32 pixel cells after actual zoom pan and publication
══╡ EXCEPTION CAUGHT BY FLUTTER TEST FRAMEWORK ╞════════════════════════════════════════════════════
The following MapWorkspaceFailure was thrown while running async test code:
Cette carte est absente, invalide ou utilise un format non pris en charge.

When the exception was thrown, this was the stack:
#0      LocalMapWorkspaceAdapter.loadMap (package:avelune_studio/features/map_workspace/data/local_map_workspace_adapter.dart:163:7)
<asynchronous suspension>
#1      seedUi10Visuals (file:///Users/karim/Project/pokemonProject/apps/avelune_studio/test/support/ui10_fixture_visuals.dart:124:18)
<asynchronous suspension>
#2      createUi10Fixture (file:///Users/karim/Project/pokemonProject/apps/avelune_studio/test/support/ui10_cinematic_fixture.dart:18:5)
<asynchronous suspension>
#3      Ui10WorkspaceHarness.create (file:///Users/karim/Project/pokemonProject/apps/avelune_studio/test/support/ui10_workspace_harness.dart:20:21)
<asynchronous suspension>
<asynchronous suspension>
#5      main.<anonymous closure> (file:///Users/karim/Project/pokemonProject/apps/avelune_studio/test/cinematics_ui10_spatial_test.dart:17:26)
<asynchronous suspension>
#6      testWidgets.<anonymous closure>.<anonymous closure> (package:flutter_test/src/widget_tester.dart:192:15)
<asynchronous suspension>
#7      TestWidgetsFlutterBinding._runTestBody (package:flutter_test/src/binding.dart:1953:5)
<asynchronous suspension>
<asynchronous suspension>
(elided 2 frames from dart:async and package:stack_trace)

The exception was caught asynchronously.
════════════════════════════════════════════════════════════════════════════════════════════════════
══╡ EXCEPTION CAUGHT BY FLUTTER TEST FRAMEWORK ╞════════════════════════════════════════════════════
The following _TypeError was thrown running a test:
Null check operator used on a null value

When the exception was thrown, this was the stack:
#0      main.<anonymous closure> (file:///Users/karim/Project/pokemonProject/apps/avelune_studio/test/cinematics_ui10_spatial_test.dart:19:11)
<asynchronous suspension>
#1      testWidgets.<anonymous closure>.<anonymous closure> (package:flutter_test/src/widget_tester.dart:192:15)
<asynchronous suspension>
#2      TestWidgetsFlutterBinding._runTestBody (package:flutter_test/src/binding.dart:1953:5)
<asynchronous suspension>
<asynchronous suspension>
(elided one frame from package:stack_trace)

The test description was:
  UI10 destination uses 32 pixel cells after actual zoom pan and publication
════════════════════════════════════════════════════════════════════════════════════════════════════
══╡ EXCEPTION CAUGHT BY FLUTTER TEST FRAMEWORK ╞════════════════════════════════════════════════════
The following message was thrown:
Multiple exceptions (2) were detected during the running of the current test, and at least one was
unexpected.
════════════════════════════════════════════════════════════════════════════════════════════════════
01:27 +181 -9: /Users/karim/Project/pokemonProject/apps/avelune_studio/test/cinematics_ui10_spatial_test.dart: UI10 destination uses 32 pixel cells after actual zoom pan and publication [E]
  Test failed. See exception logs above.
  The test description was: UI10 destination uses 32 pixel cells after actual zoom pan and publication
  
01:27 +181 -9: /Users/karim/Project/pokemonProject/apps/avelune_studio/test/project_creation/home_creation_entry_test.dart: new project is an active action inside existing recents
01:28 +182 -9: /Users/karim/Project/pokemonProject/apps/avelune_studio/test/project_creation/creator_ui_test.dart: creator adapts to Size(1536.0, 960.0) text 1.0 and preserves the five steps
01:30 +183 -9: /Users/karim/Project/pokemonProject/apps/avelune_studio/test/project_creation/creation_session_safety_host_test.dart: created project switch preserves a cancelled narrative draft
01:31 +184 -9: /Users/karim/Project/pokemonProject/apps/avelune_studio/test/project_creation/creation_session_safety_host_test.dart: created project switch preserves a cancelled narrative draft
01:33 +185 -9: /Users/karim/Project/pokemonProject/apps/avelune_studio/test/project_creation/creation_session_safety_host_test.dart: created project switch preserves a cancelled narrative draft
01:34 +186 -9: /Users/karim/Project/pokemonProject/apps/avelune_studio/test/project_creation/creation_session_safety_host_test.dart: created project switch preserves a cancelled narrative draft
01:35 +187 -9: /Users/karim/Project/pokemonProject/apps/avelune_studio/test/project_creation/creation_session_safety_host_test.dart: created project switch preserves a cancelled narrative draft
01:35 +188 -9: /Users/karim/Project/pokemonProject/apps/avelune_studio/test/project_creation/creation_session_safety_host_test.dart: created project switch preserves a cancelled narrative draft
01:35 +189 -9: /Users/karim/Project/pokemonProject/apps/avelune_studio/test/project_creation/creation_session_safety_host_test.dart: created project switch preserves a cancelled narrative draft
01:35 +190 -9: /Users/karim/Project/pokemonProject/apps/avelune_studio/test/project_creation/creation_session_safety_host_test.dart: created project switch preserves a cancelled narrative draft
01:35 +191 -9: /Users/karim/Project/pokemonProject/apps/avelune_studio/test/project_creation/creation_session_safety_host_test.dart: created project switch preserves a cancelled narrative draft
01:35 +192 -9: /Users/karim/Project/pokemonProject/apps/avelune_studio/test/project_creation/creation_session_safety_host_test.dart: created project switch preserves a cancelled narrative draft
01:39 +193 -9: /Users/karim/Project/pokemonProject/apps/avelune_studio/test/project_creation/creation_draft_guard_host_test.dart: closing creator does not save the mounted project draft
01:42 +194 -9: /Users/karim/Project/pokemonProject/apps/avelune_studio/test/project_creation/creation_session_safety_host_test.dart: late canonical creation cannot open in a replaced session owner
01:42 +195 -9: /Users/karim/Project/pokemonProject/apps/avelune_studio/test/project_creation/creation_draft_guard_host_test.dart: cancelled switch retains A and created B can be reopened
01:50 +196 -9: /Users/karim/Project/pokemonProject/apps/avelune_studio/test/project_creation/clairbois_creation_host_test.dart: real home creator downloads Clairbois and opens an independent copy
01:56 +197 -9: /Users/karim/Project/pokemonProject/apps/avelune_studio/test/project_creation/clairbois_creation_host_test.dart: real home creator downloads Clairbois and opens an independent copy
══╡ EXCEPTION CAUGHT BY FLUTTER TEST FRAMEWORK ╞════════════════════════════════════════════════════
The following TestFailure was thrown running a test:
Expected: true
  Actual: <false>

When the exception was thrown, this was the stack:
#4      playCreatedClairbois.waitUntil (file:///Users/karim/Project/pokemonProject/apps/avelune_studio/test/support/clairbois_player_recipe.dart:38:5)
<asynchronous suspension>
#5      playCreatedClairbois (file:///Users/karim/Project/pokemonProject/apps/avelune_studio/test/support/clairbois_player_recipe.dart:42:3)
<asynchronous suspension>
#6      main.<anonymous closure> (file:///Users/karim/Project/pokemonProject/apps/avelune_studio/test/project_creation/clairbois_creation_host_test.dart:130:7)
<asynchronous suspension>
#7      testWidgets.<anonymous closure>.<anonymous closure> (package:flutter_test/src/widget_tester.dart:192:15)
<asynchronous suspension>
#8      TestWidgetsFlutterBinding._runTestBody (package:flutter_test/src/binding.dart:1953:5)
<asynchronous suspension>
<asynchronous suspension>
(elided one frame from package:stack_trace)

This was caught by the test expectation on the following line:
  file:///Users/karim/Project/pokemonProject/apps/avelune_studio/test/support/clairbois_player_recipe.dart line 38
The test description was:
  real home creator downloads Clairbois and opens an independent copy
════════════════════════════════════════════════════════════════════════════════════════════════════
01:56 +197 -10: /Users/karim/Project/pokemonProject/apps/avelune_studio/test/project_creation/clairbois_creation_host_test.dart: real home creator downloads Clairbois and opens an independent copy [E]
  Test failed. See exception logs above.
  The test description was: real home creator downloads Clairbois and opens an independent copy
  
01:57 +197 -10: /Users/karim/Project/pokemonProject/apps/avelune_studio/test/pokemon/pokemon_combat_responsive_test.dart: combat actions stay reachable at 1280x800 with large text
01:58 +198 -10: /Users/karim/Project/pokemonProject/apps/avelune_studio/test/pokemon/pokemon_combat_responsive_test.dart: combat actions stay reachable at 1280x800 with large text
02:01 +199 -10: /Users/karim/Project/pokemonProject/apps/avelune_studio/test/pokemon/pokemon_external_import_host_test.dart: external search previews without writing and imports in Studio
02:06 +200 -10: /Users/karim/Project/pokemonProject/apps/avelune_studio/test/pokemon/pokemon_external_import_host_test.dart: external search previews without writing and imports in Studio
02:07 +201 -10: /Users/karim/Project/pokemonProject/apps/avelune_studio/test/pokemon/pokemon_corrections_host_test.dart: legacy companion is replaced at its existing identity and path
02:09 +202 -10: /Users/karim/Project/pokemonProject/apps/avelune_studio/test/pokemon/pokemon_corrections_host_test.dart: legacy companion is replaced at its existing identity and path
02:10 +203 -10: /Users/karim/Project/pokemonProject/apps/avelune_studio/test/pokemon/pokemon_external_import_host_test.dart: external preview refuses a companion owned by another species
02:11 +204 -10: /Users/karim/Project/pokemonProject/apps/avelune_studio/test/pokemon/pokemon_corrections_host_test.dart: keeping a species with empty ref excludes unattached companion
02:13 +205 -10: /Users/karim/Project/pokemonProject/apps/avelune_studio/test/pokemon/pokemon_external_import_host_test.dart: external import attaches companions to empty references
02:15 +206 -10: /Users/karim/Project/pokemonProject/apps/avelune_studio/test/pokemon/pokemon_corrections_host_test.dart: a changed retained reference invalidates an external preview
02:16 +207 -10: /Users/karim/Project/pokemonProject/apps/avelune_studio/test/pokemon/pokemon_lot_a_visual_host_test.dart: Lot A surfaces use the real workspace and local media
02:23 +208 -10: /Users/karim/Project/pokemonProject/apps/avelune_studio/test/pokemon/pokemon_commerce_refresh_host_test.dart: return from Carte refreshes saved item pickup references
02:23 +209 -10: /Users/karim/Project/pokemonProject/apps/avelune_studio/test/pokemon/pokemon_lot_a_visual_host_test.dart: compact Attack and import views keep essential actions
02:25 +210 -10: /Users/karim/Project/pokemonProject/apps/avelune_studio/test/pokemon/pokemon_commerce_refresh_host_test.dart: return from Histoire refreshes narrative item references
02:26 +211 -10: /Users/karim/Project/pokemonProject/apps/avelune_studio/test/pokemon/pokemon_lot_a_visual_host_test.dart: 200% text keeps focused save reachable
02:28 +212 -10: /Users/karim/Project/pokemonProject/apps/avelune_studio/test/pokemon/pokemon_commerce_refresh_host_test.dart: refresh keeps a shop by identity and clears a removed shop
02:30 +213 -10: /Users/karim/Project/pokemonProject/apps/avelune_studio/test/pokemon/pokemon_language_corrections_host_test.dart: language selection does not write fallbacks and focused edit keeps its key
02:33 +214 -10: /Users/karim/Project/pokemonProject/apps/avelune_studio/test/pokemon/pokemon_language_corrections_host_test.dart: language selection does not write fallbacks and focused edit keeps its key
02:34 +215 -10: /Users/karim/Project/pokemonProject/apps/avelune_studio/test/pokemon/pokemon_json_collision_host_test.dart: overwriting selected species reloads its draft before editing
02:38 +216 -10: /Users/karim/Project/pokemonProject/apps/avelune_studio/test/pokemon/pokemon_json_collision_host_test.dart: overwriting selected species reloads its draft before editing
02:39 +217 -10: /Users/karim/Project/pokemonProject/apps/avelune_studio/test/pokemon/pokemon_json_collision_host_test.dart: overwriting selected species reloads its draft before editing
02:39 +218 -10: /Users/karim/Project/pokemonProject/apps/avelune_studio/test/pokemon/pokemon_json_collision_host_test.dart: overwriting selected species reloads its draft before editing
02:39 +219 -10: /Users/karim/Project/pokemonProject/apps/avelune_studio/test/pokemon/pokemon_json_collision_host_test.dart: overwriting selected species reloads its draft before editing
02:39 +220 -10: /Users/karim/Project/pokemonProject/apps/avelune_studio/test/pokemon/pokemon_capture_sprite_test.dart: picker updates the draft and can remove its animation
02:40 +221 -10: /Users/karim/Project/pokemonProject/apps/avelune_studio/test/pokemon/pokemon_json_collision_host_test.dart: JSON import does not replace a different species by filename
02:40 +222 -10: /Users/karim/Project/pokemonProject/apps/avelune_studio/test/pokemon/pokemon_json_collision_host_test.dart: JSON import does not replace a different species by filename
02:41 +223 -10: /Users/karim/Project/pokemonProject/apps/avelune_studio/test/pokemon/pokemon_json_collision_host_test.dart: JSON import does not replace a different species by filename
02:41 +224 -10: /Users/karim/Project/pokemonProject/apps/avelune_studio/test/pokemon/pokemon_json_collision_host_test.dart: JSON import does not replace a different species by filename
02:41 +225 -10: /Users/karim/Project/pokemonProject/apps/avelune_studio/test/pokemon/pokemon_json_collision_host_test.dart: invalid companion rejects JSON preview before writing
02:43 +226 -10: /Users/karim/Project/pokemonProject/apps/avelune_studio/test/pokemon/pokemon_large_collection_host_test.dart: large Pokédex scrolls locally at 150% text scale
02:45 +227 -10: /Users/karim/Project/pokemonProject/apps/avelune_studio/test/pokemon/pokemon_large_collection_host_test.dart: large Pokédex scrolls locally at 150% text scale
02:47 +228 -10: /Users/karim/Project/pokemonProject/apps/avelune_studio/test/pokemon/pokemon_large_collection_host_test.dart: large Pokédex scrolls locally at 150% text scale
02:48 +229 -10: /Users/karim/Project/pokemonProject/apps/avelune_studio/test/pokemon/pokemon_large_collection_host_test.dart: large Pokédex scrolls locally at 150% text scale
02:48 +230 -10: /Users/karim/Project/pokemonProject/apps/avelune_studio/test/pokemon/pokemon_large_collection_host_test.dart: large Pokédex scrolls locally at 150% text scale
02:48 +231 -10: /Users/karim/Project/pokemonProject/apps/avelune_studio/test/pokemon/pokemon_large_collection_host_test.dart: large Pokédex scrolls locally at 150% text scale
02:50 +232 -10: /Users/karim/Project/pokemonProject/apps/avelune_studio/test/pokemon/pokemon_combat_host_test.dart: Studio creates a wild table and trainer with independent reopen
02:51 +233 -10: /Users/karim/Project/pokemonProject/apps/avelune_studio/test/pokemon/pokemon_combat_host_test.dart: Studio creates a wild table and trainer with independent reopen
02:51 +234 -10: /Users/karim/Project/pokemonProject/apps/avelune_studio/test/pokemon/pokemon_combat_host_test.dart: Studio creates a wild table and trainer with independent reopen
02:51 +235 -10: /Users/karim/Project/pokemonProject/apps/avelune_studio/test/pokemon/pokemon_combat_host_test.dart: Studio creates a wild table and trainer with independent reopen
02:51 +236 -10: /Users/karim/Project/pokemonProject/apps/avelune_studio/test/pokemon/pokemon_combat_host_test.dart: Studio creates a wild table and trainer with independent reopen
02:58 +237 -10: /Users/karim/Project/pokemonProject/apps/avelune_studio/test/pokemon/pokemon_combat_host_test.dart: Studio creates a wild table and trainer with independent reopen
03:03 +238 -10: /Users/karim/Project/pokemonProject/apps/avelune_studio/test/pokemon/pokemon_combat_host_test.dart: Studio creates a wild table and trainer with independent reopen
[runtime_loader] bundle load start projectFilePath=/private/var/folders/b5/7gsfwzyd449_54n8l40h40gc0000gn/T/avelune_m3_story_CfHrET/project.json mapId=jardin
[runtime_loader] project manifest lookup path=/private/var/folders/b5/7gsfwzyd449_54n8l40h40gc0000gn/T/avelune_m3_story_CfHrET/project.json
[runtime_loader] project manifest read ok bytes=36348
[runtime_loader] project manifest validated maps=2 tilesets=1 scenarios=0
[runtime_loader] bundle map resolved mapId=jardin relativePath=maps/jardin.json mapPath=/private/var/folders/b5/7gsfwzyd449_54n8l40h40gc0000gn/T/avelune_m3_story_CfHrET/maps/jardin.json
[runtime_loader] map file lookup path=/private/var/folders/b5/7gsfwzyd449_54n8l40h40gc0000gn/T/avelune_m3_story_CfHrET/maps/jardin.json
[runtime_loader] map file read ok bytes=21159
[runtime_loader] map validated id=jardin size=24x16 layers=3 entities=4 placedElements=3 warps=0 triggers=1
[runtime_loader] bundle tilesets collected ids=atelier
[runtime_loader] bundle tileset path id=atelier path=/private/var/folders/b5/7gsfwzyd449_54n8l40h40gc0000gn/T/avelune_m3_story_CfHrET/assets/atelier.png
[runtime_loader] bundle load ok mapId=jardin projectRoot=/private/var/folders/b5/7gsfwzyd449_54n8l40h40gc0000gn/T/avelune_m3_story_CfHrET tilesets=1
[runtime_game] tileset image load start map=jardin
[runtime_game] tileset cache resolve requested=1
[runtime_game] tileset cache resolve ok result=1
[runtime_game] onLoad start map=jardin projectFilePath=/private/var/folders/b5/7gsfwzyd449_54n8l40h40gc0000gn/T/avelune_m3_story_CfHrET/project.json tilesets=1
[runtime] New game created from project contract on jardin at (8, 9)
[runtime_game] tileset image load ok count=1 map=jardin
[runtime_game] mount root map start map=jardin
[step_studio_trace] npc_mount_added map=jardin entity=chief
[step_studio_trace] npc_mount_added map=jardin entity=traveller
[step_studio_trace] npc_mount_added map=jardin entity=combat-guide
[step_studio_trace] npc_presence_applied map=jardin entity=chief present=true
[step_studio_trace] npc_presence_applied map=jardin entity=traveller present=true
[step_studio_trace] npc_presence_applied map=jardin entity=combat-guide present=true
[runtime_game] mount root map ok map=jardin
[npc_patrol] read movement entity=chief pos=(8,10) size=1x1 mode=idle waypoints= loop=true pauseMs=0 stepMs=200
[npc_patrol] read movement entity=traveller pos=(10,10) size=1x1 mode=idle waypoints= loop=true pauseMs=0 stepMs=200
[npc_patrol] read movement entity=combat-guide pos=(7,9) size=1x1 mode=idle waypoints= loop=true pauseMs=0 stepMs=200
[runtime_game] onLoad completed activeMapId=jardin
[runtime_loader] map file lookup path=/private/var/folders/b5/7gsfwzyd449_54n8l40h40gc0000gn/T/avelune_m3_story_CfHrET/maps/clairiere.json
[runtime_loader] map file read ok bytes=17376
[runtime_loader] map validated id=clairiere size=24x16 layers=3 entities=1 placedElements=3 warps=0 triggers=0
[perf][battle][real] imageLoad path=/private/var/folders/b5/7gsfwzyd449_54n8l40h40gc0000gn/T/avelune_m3_story_CfHrET/assets/pokemon/sprites/bulbasaur/front.png total=2ms
[perf][battle][real] prewarmActiveMapDataFailed map=jardin error=Image not found: /private/var/folders/b5/7gsfwzyd449_54n8l40h40gc0000gn/T/avelune_m3_story_CfHrET/assets/pokemon/sprites/bulbasaur/front.png
#0      loadImageFromFilePath (package:map_runtime/src/infrastructure/tile_image_loader.dart:249:5)
<asynchronous suspension>
#1      BattleVisualAssetCache.loadImage.load (package:map_runtime/src/presentation/flame/battle_visual_asset_cache.dart:57:16)
<asynchronous suspension>
#2      BattleVisualAssetCache.loadImage (package:map_runtime/src/presentation/flame/battle_visual_asset_cache.dart:74:14)
<asynchronous suspension>
#3      BattleVisualAssetCache.prewarmSprite (package:map_runtime/src/presentation/flame/battle_visual_asset_cache.dart:136:19)
<asynchronous suspension>
#4      PlayableMapGame._prewarmBattleSpriteAssetsForSpecies (package:map_runtime/src/presentation/flame/playable_map_game.dart:14355:7)
<asynchronous suspension>
#5      PlayableMapGame._prewarmActiveMapBattleData.<anonymous closure> (package:map_runtime/src/presentation/flame/playable_map_game.dart:14174:11)
<asynchronous suspension>

[step_studio_trace] npc_presence_applied map=jardin entity=chief present=true
[step_studio_trace] npc_presence_applied map=jardin entity=traveller present=true
[step_studio_trace] npc_presence_applied map=jardin entity=combat-guide present=true
[npc_patrol] read movement entity=chief pos=(8,10) size=1x1 mode=idle waypoints= loop=true pauseMs=0 stepMs=200
[npc_patrol] read movement entity=traveller pos=(10,10) size=1x1 mode=idle waypoints= loop=true pauseMs=0 stepMs=200
[npc_patrol] read movement entity=combat-guide pos=(7,9) size=1x1 mode=idle waypoints= loop=true pauseMs=0 stepMs=200
[step_studio_trace] npc_presence_applied map=jardin entity=chief present=true
[step_studio_trace] npc_presence_applied map=jardin entity=traveller present=true
[step_studio_trace] npc_presence_applied map=jardin entity=combat-guide present=true
[npc_patrol] read movement entity=chief pos=(8,10) size=1x1 mode=idle waypoints= loop=true pauseMs=0 stepMs=200
[npc_patrol] read movement entity=traveller pos=(10,10) size=1x1 mode=idle waypoints= loop=true pauseMs=0 stepMs=200
[npc_patrol] read movement entity=combat-guide pos=(7,9) size=1x1 mode=idle waypoints= loop=true pauseMs=0 stepMs=200
[step_studio_trace] npc_presence_applied map=jardin entity=chief present=true
[step_studio_trace] npc_presence_applied map=jardin entity=traveller present=true
[step_studio_trace] npc_presence_applied map=jardin entity=combat-guide present=true
[npc_patrol] read movement entity=chief pos=(8,10) size=1x1 mode=idle waypoints= loop=true pauseMs=0 stepMs=200
[npc_patrol] read movement entity=traveller pos=(10,10) size=1x1 mode=idle waypoints= loop=true pauseMs=0 stepMs=200
[npc_patrol] read movement entity=combat-guide pos=(7,9) size=1x1 mode=idle waypoints= loop=true pauseMs=0 stepMs=200
[event_v2] mapEnter activation=mapact_1790882038450928_1 map=jardin reason=initialBoot result=MapEnterProductionDispatchLegacyFallback
[encounter] matched source=zone-1790882035384276-0 table=jardin_wild
[encounter] triggered species=bulbasaur level=5 kind=walk
[battle] battle request created kind=wild source=wildEncounter requestId=wild:jardin:zone-1790882035384276-0:bulbasaur:1790882038557
[battle] wild payload species=bulbasaur level=5 map=jardin source=zone-1790882035384276-0
[battle] transition started requestId=wild:jardin:zone-1790882035384276-0:bulbasaur:1790882038557 kind=wild
[perf][battle] generateWildPokemon=6ms
[perf][battle] selectPlayerBattleLineup=0ms
[perf][battle] toPsdkBattleSetup=31ms
[perf][battle] markSpeciesSeen=0ms
[perf][battle] createPsdkSession=20ms
[perf][battle] backgroundResolver=0ms
[perf][battle] musicResolver=0ms
[perf][battle] genderResolver=1ms
[perf][battle] experienceProgress=0ms
[perf][battle] overlay=2ms
[perf][battle][real] overlay.backdrop=0ms
[perf][battle][real] overlay.enemyCombatant=3ms
[perf][battle][real] overlay.playerCombatant=0ms
[perf][battle][real] overlay.enemyHud=5ms
[perf][battle][real] overlay.playerHud=0ms
[perf][battle][real] overlay.commandPanel=15ms
[step_studio_trace] npc_presence_applied map=jardin entity=chief present=true
[step_studio_trace] npc_presence_applied map=jardin entity=traveller present=true
[step_studio_trace] npc_presence_applied map=jardin entity=combat-guide present=true
[npc_patrol] read movement entity=chief pos=(8,10) size=1x1 mode=idle waypoints= loop=true pauseMs=0 stepMs=200
[npc_patrol] read movement entity=traveller pos=(10,10) size=1x1 mode=idle waypoints= loop=true pauseMs=0 stepMs=200
[npc_patrol] read movement entity=combat-guide pos=(7,9) size=1x1 mode=idle waypoints= loop=true pauseMs=0 stepMs=200
[interact] NPC: combat-guide
[trainer] battle triggered trainer=chef_gare entity=combat-guide
[perf][battle][real] imageLoad path=/private/var/folders/b5/7gsfwzyd449_54n8l40h40gc0000gn/T/avelune_m3_story_CfHrET/assets/pokemon/sprites/bulbasaur/front.png total=11ms
[battle] transition started requestId=trainer:jardin:combat-guide:chef_gare:1790882038710 kind=trainer
[perf][battle] selectPlayerBattleLineup=0ms
[perf][battle] toPsdkBattleSetup=1ms
[perf][battle] markSpeciesSeen=0ms
[perf][battle] createPsdkSession=0ms
[perf][battle] backgroundResolver=0ms
[perf][battle] musicResolver=0ms
[perf][battle] genderResolver=0ms
[perf][battle] experienceProgress=0ms
[perf][battle] overlay=0ms
[perf][battle][real] overlay.backdrop=0ms
[perf][battle][real] overlay.enemyCombatant=0ms
[perf][battle][real] overlay.playerCombatant=0ms
[perf][battle][real] overlay.enemyHud=0ms
[perf][battle][real] overlay.playerHud=0ms
[perf][battle][real] overlay.commandPanel=1ms
[perf][battle][real] imageLoad path=/private/var/folders/b5/7gsfwzyd449_54n8l40h40gc0000gn/T/avelune_m3_story_CfHrET/assets/pokemon/sprites/bulbasaur/back.png total=11ms
[perf][battle][real] overlay.initialVisualSync=26ms
[perf][battle][real] overlay.total=73ms
[perf][battle][real] imageLoad path=/private/var/folders/b5/7gsfwzyd449_54n8l40h40gc0000gn/T/avelune_m3_story_CfHrET/assets/pokemon/sprites/bulbasaur/front.png total=32ms
[perf][battle][real] imageLoad path=/private/var/folders/b5/7gsfwzyd449_54n8l40h40gc0000gn/T/avelune_m3_story_CfHrET/assets/pokemon/sprites/bulbasaur/back.png total=1ms
[perf][battle][real] overlay.initialVisualSync=35ms
[perf][battle][real] overlay.total=39ms
03:07 +239 -10: /Users/karim/Project/pokemonProject/apps/avelune_studio/test/pokemon/pokemon_media_animation_host_test.dart: animation references and custom local PNG reopen from disk
03:09 +240 -10: /Users/karim/Project/pokemonProject/apps/avelune_studio/test/pokemon/pokemon_border_notice_host_test.dart: border preview notice belongs to Map while diagnostics remain
03:13 +241 -10: /Users/karim/Project/pokemonProject/apps/avelune_studio/test/pokemon/pokemon_external_dependency_host_test.dart: kept species changing during import prevents orphan companion
03:14 +242 -10: /Users/karim/Project/pokemonProject/apps/avelune_studio/test/pokemon/pokemon_project_switch_host_test.dart: read-only search can leave A and cannot update project B
03:18 +243 -10: /Users/karim/Project/pokemonProject/apps/avelune_studio/test/pokemon/pokemon_project_switch_host_test.dart: read-only search can leave A and cannot update project B
03:19 +244 -10: /Users/karim/Project/pokemonProject/apps/avelune_studio/test/pokemon/pokemon_external_dependency_host_test.dart: transaction precondition rejects a kept species edited after snapshot
03:19 +245 -10: /Users/karim/Project/pokemonProject/apps/avelune_studio/test/pokemon/pokemon_external_dependency_host_test.dart: transaction precondition rejects a kept species edited after snapshot
03:19 +246 -10: /Users/karim/Project/pokemonProject/apps/avelune_studio/test/pokemon/pokemon_external_dependency_host_test.dart: transaction precondition rejects a kept species edited after snapshot
03:19 +247 -10: /Users/karim/Project/pokemonProject/apps/avelune_studio/test/pokemon/pokemon_external_dependency_host_test.dart: transaction precondition rejects a kept species edited after snapshot
03:21 +248 -10: /Users/karim/Project/pokemonProject/apps/avelune_studio/test/pokemon/pokemon_custom_refs_host_test.dart: save follows manifest and companion refs, not species id
03:22 +249 -10: /Users/karim/Project/pokemonProject/apps/avelune_studio/test/pokemon/pokemon_custom_refs_host_test.dart: save follows manifest and companion refs, not species id
03:22 +250 -10: /Users/karim/Project/pokemonProject/apps/avelune_studio/test/pokemon/pokemon_custom_refs_host_test.dart: save follows manifest and companion refs, not species id
03:22 +251 -10: /Users/karim/Project/pokemonProject/apps/avelune_studio/test/pokemon/pokemon_custom_refs_host_test.dart: save follows manifest and companion refs, not species id
03:26 +252 -10: /Users/karim/Project/pokemonProject/apps/avelune_studio/test/pokemon/pokemon_save_conflict_host_test.dart: disk revision conflict keeps the focused species draft
03:27 +253 -10: /Users/karim/Project/pokemonProject/apps/avelune_studio/test/pokemon/pokemon_commerce_creation_host_test.dart: commerce actions remain reachable in a compact window
03:30 +254 -10: /Users/karim/Project/pokemonProject/apps/avelune_studio/test/pokemon/pokemon_commerce_guard_host_test.dart: item draft stays intact when changing view is refused
03:32 +255 -10: /Users/karim/Project/pokemonProject/apps/avelune_studio/test/pokemon/pokemon_commerce_creation_host_test.dart: creates an item with a battle effect and a shop through Studio
03:35 +256 -10: /Users/karim/Project/pokemonProject/apps/avelune_studio/test/pokemon/pokemon_commerce_creation_host_test.dart: creates an item with a battle effect and a shop through Studio
03:38 +257 -10: /Users/karim/Project/pokemonProject/apps/avelune_studio/test/pokemon/pokemon_commerce_guard_host_test.dart: save writes item and independent reopen sees it
03:38 +258 -10: /Users/karim/Project/pokemonProject/apps/avelune_studio/test/pokemon/pokemon_commerce_guard_host_test.dart: species draft cannot be hidden by Objets
03:41 +259 -10: /Users/karim/Project/pokemonProject/apps/avelune_studio/test/pokemon/pokemon_workspace_host_test.dart: Pokémon is a real workspace destination
03:41 +260 -10: /Users/karim/Project/pokemonProject/apps/avelune_studio/test/pokemon/pokemon_commerce_guard_host_test.dart: shop draft cannot be hidden by Attaques
03:44 +261 -10: /Users/karim/Project/pokemonProject/apps/avelune_studio/test/pokemon/pokemon_workspace_host_test.dart: focused species and learnset edits survive independent reopen
03:46 +262 -10: /Users/karim/Project/pokemonProject/apps/avelune_studio/test/pokemon/pokemon_commerce_guard_host_test.dart: revision conflict blocks view change and preserves draft
03:47 +263 -10: /Users/karim/Project/pokemonProject/apps/avelune_studio/test/pokemon/pokemon_workspace_host_test.dart: JSON preview does not write and apply reopens imported identity
03:48 +264 -10: /Users/karim/Project/pokemonProject/apps/avelune_studio/test/pokemon/pokemon_corrections_visual_host_test.dart: 1145 species and 754 moves fill and scroll their own viewports
03:51 +265 -10: /Users/karim/Project/pokemonProject/apps/avelune_studio/test/pokemon/pokemon_corrections_visual_host_test.dart: 1145 species and 754 moves fill and scroll their own viewports
03:55 +266 -10: /Users/karim/Project/pokemonProject/apps/avelune_studio/test/pokemon/pokemon_corrections_visual_host_test.dart: 1145 species and 754 moves fill and scroll their own viewports
04:00 +267 -10: /Users/karim/Project/pokemonProject/apps/avelune_studio/test/pokemon/pokemon_commerce_host_test.dart: objects and shops persist through the real workspace
04:01 +268 -10: /Users/karim/Project/pokemonProject/apps/avelune_studio/test/pokemon/pokemon_commerce_host_test.dart: objects and shops persist through the real workspace
04:02 +269 -10: /Users/karim/Project/pokemonProject/apps/avelune_studio/test/pokemon/pokemon_commerce_host_test.dart: objects and shops persist through the real workspace
04:04 +270 -10: /Users/karim/Project/pokemonProject/apps/avelune_studio/test/pokemon/pokemon_commerce_host_test.dart: objects and shops persist through the real workspace
04:04 +271 -10: /Users/karim/Project/pokemonProject/apps/avelune_studio/test/pokemon/pokemon_commerce_host_test.dart: catalog revision conflict preserves focused draft
04:07 +272 -10: /Users/karim/Project/pokemonProject/apps/avelune_studio/test/dialogues_ui09_navigation_test.dart: scene opens exact dialogue and returns without losing dirty graph or text
04:10 +273 -10: /Users/karim/Project/pokemonProject/apps/avelune_studio/test/dialogues_ui09_navigation_test.dart: scene opens exact dialogue and returns without losing dirty graph or text
04:11 +274 -10: /Users/karim/Project/pokemonProject/apps/avelune_studio/test/pokemon/pokemon_commerce_host_test.dart: invalid focused price blocks save and leaving keeps the draft
04:11 +275 -10: /Users/karim/Project/pokemonProject/apps/avelune_studio/test/pokemon/pokemon_commerce_host_test.dart: invalid focused price blocks save and leaving keeps the draft
04:12 +276 -10: /Users/karim/Project/pokemonProject/apps/avelune_studio/test/pokemon/pokemon_commerce_host_test.dart: invalid focused price blocks save and leaving keeps the draft
04:12 +277 -10: /Users/karim/Project/pokemonProject/apps/avelune_studio/test/pokemon/pokemon_commerce_host_test.dart: invalid focused price blocks save and leaving keeps the draft
04:12 +277 -10: /Users/karim/Project/pokemonProject/apps/avelune_studio/test/project_session/scoped_project_session_adapter_test.dart: opens a valid project when the native bridge is unavailable
Studio project access activateProjectDirectory failed: MissingPluginException
Studio project access rememberProjectDirectory failed: MissingPluginException
Studio project access activateProjectDirectory failed: MissingPluginException
04:12 +278 -10: /Users/karim/Project/pokemonProject/apps/avelune_studio/test/pokemon/pokemon_commerce_host_test.dart: invalid focused price blocks save and leaving keeps the draft
04:13 +279 -10: /Users/karim/Project/pokemonProject/apps/avelune_studio/test/pokemon/pokemon_commerce_host_test.dart: invalid focused price blocks save and leaving keeps the draft
04:13 +280 -10: /Users/karim/Project/pokemonProject/apps/avelune_studio/test/pokemon/pokemon_commerce_host_test.dart: invalid focused price blocks save and leaving keeps the draft
04:13 +281 -10: /Users/karim/Project/pokemonProject/apps/avelune_studio/test/pokemon/pokemon_commerce_host_test.dart: invalid focused price blocks save and leaving keeps the draft
04:13 +282 -10: /Users/karim/Project/pokemonProject/apps/avelune_studio/test/pokemon/pokemon_commerce_host_test.dart: invalid focused price blocks save and leaving keeps the draft
04:15 +283 -10: /Users/karim/Project/pokemonProject/apps/avelune_studio/test/ui13_verification_navigation_test.dart: a rule opened from the report comes back to that report
04:17 +284 -10: /Users/karim/Project/pokemonProject/apps/avelune_studio/test/ui13_verification_navigation_test.dart: a rule opened from the report comes back to that report
04:18 +285 -10: /Users/karim/Project/pokemonProject/apps/avelune_studio/test/events_ui08_conditions_simulation_test.dart: simulation names the competing event instead of selecting target
04:18 +286 -10: /Users/karim/Project/pokemonProject/apps/avelune_studio/test/ui13_verification_navigation_test.dart: a story diagnostic opens its own step and comes back
04:18 +287 -10: /Users/karim/Project/pokemonProject/apps/avelune_studio/test/ui13_verification_navigation_test.dart: a story diagnostic opens its own step and comes back
04:18 +288 -10: /Users/karim/Project/pokemonProject/apps/avelune_studio/test/ui13_verification_navigation_test.dart: a story diagnostic opens its own step and comes back
04:19 +289 -10: /Users/karim/Project/pokemonProject/apps/avelune_studio/test/ui13_verification_navigation_test.dart: a story diagnostic opens its own step and comes back
04:20 +290 -10: /Users/karim/Project/pokemonProject/apps/avelune_studio/test/ui13_verification_navigation_test.dart: a story diagnostic opens its own step and comes back
04:20 +291 -10: /Users/karim/Project/pokemonProject/apps/avelune_studio/test/ui13_verification_controller_test.dart: the report matches the canonical function on the same input
04:20 +292 -10: /Users/karim/Project/pokemonProject/apps/avelune_studio/test/ui13_verification_navigation_test.dart: verification, scene, dialogue, scene and back again
04:20 +293 -10: /Users/karim/Project/pokemonProject/apps/avelune_studio/test/ui13_verification_navigation_test.dart: verification, scene, dialogue, scene and back again
04:21 +294 -10: /Users/karim/Project/pokemonProject/apps/avelune_studio/test/ui13_verification_navigation_test.dart: verification, scene, dialogue, scene and back again
04:21 +295 -10: /Users/karim/Project/pokemonProject/apps/avelune_studio/test/ui13_verification_navigation_test.dart: verification, scene, dialogue, scene and back again
04:21 +296 -10: /Users/karim/Project/pokemonProject/apps/avelune_studio/test/ui13_verification_navigation_test.dart: verification, scene, dialogue, scene and back again
04:21 +297 -10: /Users/karim/Project/pokemonProject/apps/avelune_studio/test/ui13_verification_navigation_test.dart: verification, scene, dialogue, scene and back again
04:21 +298 -10: /Users/karim/Project/pokemonProject/apps/avelune_studio/test/ui13_verification_navigation_test.dart: verification, scene, dialogue, scene and back again
04:21 +299 -10: /Users/karim/Project/pokemonProject/apps/avelune_studio/test/ui13_verification_navigation_test.dart: verification, scene, dialogue, scene and back again
04:22 +300 -10: /Users/karim/Project/pokemonProject/apps/avelune_studio/test/ui13_verification_navigation_test.dart: verification, scene, dialogue, scene and back again
04:22 +301 -10: /Users/karim/Project/pokemonProject/apps/avelune_studio/test/ui13_verification_navigation_test.dart: verification, scene, dialogue, scene and back again
04:22 +302 -10: /Users/karim/Project/pokemonProject/apps/avelune_studio/test/ui13_verification_navigation_test.dart: verification, scene, dialogue, scene and back again
04:23 +303 -10: /Users/karim/Project/pokemonProject/apps/avelune_studio/test/presentations_ui11_scenario_test.dart: published presentation holds on real cue then continues the real scene
04:25 +304 -10: /Users/karim/Project/pokemonProject/apps/avelune_studio/test/presentations_ui11_scenario_test.dart: published presentation holds on real cue then continues the real scene
04:26 +305 -10: /Users/karim/Project/pokemonProject/apps/avelune_studio/test/ui06_scene_volume_test.dart: 200 canonical nodes retain document identity during eight viewport updates
04:27 +306 -10: /Users/karim/Project/pokemonProject/apps/avelune_studio/test/ui06_scene_volume_test.dart: 200 canonical nodes retain document identity during eight viewport updates
04:27 +307 -10: /Users/karim/Project/pokemonProject/apps/avelune_studio/test/ui06_scene_volume_test.dart: 200 canonical nodes retain document identity during eight viewport updates
04:27 +308 -10: /Users/karim/Project/pokemonProject/apps/avelune_studio/test/ui06_scene_volume_test.dart: 200 canonical nodes retain document identity during eight viewport updates
04:27 +309 -10: /Users/karim/Project/pokemonProject/apps/avelune_studio/test/ui06_scene_volume_test.dart: 200 canonical nodes retain document identity during eight viewport updates
04:27 +310 -10: /Users/karim/Project/pokemonProject/apps/avelune_studio/test/ui06_scene_volume_test.dart: 200 canonical nodes retain document identity during eight viewport updates
04:27 +311 -10: /Users/karim/Project/pokemonProject/apps/avelune_studio/test/ui06_scene_volume_test.dart: 200 canonical nodes retain document identity during eight viewport updates
04:27 +312 -10: /Users/karim/Project/pokemonProject/apps/avelune_studio/test/ui06_scene_volume_test.dart: 200 canonical nodes retain document identity during eight viewport updates
04:27 +313 -10: /Users/karim/Project/pokemonProject/apps/avelune_studio/test/ui06_scene_volume_test.dart: 200 canonical nodes retain document identity during eight viewport updates
04:27 +314 -10: /Users/karim/Project/pokemonProject/apps/avelune_studio/test/ui06_scene_volume_test.dart: 200 canonical nodes retain document identity during eight viewport updates
04:27 +315 -10: /Users/karim/Project/pokemonProject/apps/avelune_studio/test/ui06_scene_volume_test.dart: 200 canonical nodes retain document identity during eight viewport updates
UI06 volume: nodes=200 edges=265 viewportUpdates=8 documentMutations=0 firstFrameUs=1003407 gesturesUs=1316008; no I/O adapter instantiated
04:28 +316 -10: /Users/karim/Project/pokemonProject/apps/avelune_studio/test/narrative/narrative_story_navigation_test.dart: advanced record never opens previous interaction
04:29 +317 -10: /Users/karim/Project/pokemonProject/apps/avelune_studio/test/narrative/narrative_story_navigation_test.dart: advanced record never opens previous interaction
04:29 +318 -10: /Users/karim/Project/pokemonProject/apps/avelune_studio/test/narrative/narrative_story_navigation_test.dart: advanced record never opens previous interaction
04:29 +319 -10: /Users/karim/Project/pokemonProject/apps/avelune_studio/test/narrative/narrative_story_navigation_test.dart: story selection is read only and explicit action opens linked draft
04:29 +320 -10: /Users/karim/Project/pokemonProject/apps/avelune_studio/test/narrative/narrative_story_navigation_test.dart: long stories only mount visible step rows
04:30 +321 -10: /Users/karim/Project/pokemonProject/apps/avelune_studio/test/narrative/narrative_story_navigation_test.dart: long stories only mount visible step rows
04:31 +322 -10: /Users/karim/Project/pokemonProject/apps/avelune_studio/test/narrative/narrative_story_navigation_test.dart: long stories only mount visible step rows
04:31 +323 -10: /Users/karim/Project/pokemonProject/apps/avelune_studio/test/narrative/narrative_story_navigation_test.dart: long stories only mount visible step rows
04:31 +324 -10: /Users/karim/Project/pokemonProject/apps/avelune_studio/test/narrative/narrative_story_navigation_test.dart: 1000 interactions mount only visible rows without extra source reads
04:31 +325 -10: /Users/karim/Project/pokemonProject/apps/avelune_studio/test/narrative/narrative_story_navigation_test.dart: 1000 interactions mount only visible rows without extra source reads
04:31 +326 -10: /Users/karim/Project/pokemonProject/apps/avelune_studio/test/narrative/narrative_story_navigation_test.dart: 1000 interactions mount only visible rows without extra source reads
04:31 +327 -10: /Users/karim/Project/pokemonProject/apps/avelune_studio/test/narrative/narrative_story_navigation_test.dart: 1000 interactions mount only visible rows without extra source reads
04:31 +328 -10: /Users/karim/Project/pokemonProject/apps/avelune_studio/test/narrative/narrative_story_navigation_test.dart: 1000 interactions mount only visible rows without extra source reads
04:31 +329 -10: /Users/karim/Project/pokemonProject/apps/avelune_studio/test/narrative/narrative_story_navigation_test.dart: 1000 interactions mount only visible rows without extra source reads
04:32 +330 -10: /Users/karim/Project/pokemonProject/apps/avelune_studio/test/narrative/narrative_story_navigation_test.dart: new source variant ranks above existing conditional and fallback drafts
04:32 +331 -10: /Users/karim/Project/pokemonProject/apps/avelune_studio/test/narrative/narrative_source_location_ui05_test.dart: source without known position cannot invent a location: Instance of '_MapEnterSourceRef'
04:32 +332 -10: /Users/karim/Project/pokemonProject/apps/avelune_studio/test/narrative/narrative_source_location_ui05_test.dart: source without known position cannot invent a location: Instance of '_OutcomeReceivedSourceRef'
04:32 +333 -10: /Users/karim/Project/pokemonProject/apps/avelune_studio/test/narrative/narrative_source_location_ui05_test.dart: source without known position cannot invent a location: Instance of '_EntityInteractSourceRef'
04:32 +334 -10: /Users/karim/Project/pokemonProject/apps/avelune_studio/test/narrative/narrative_source_location_ui05_test.dart: advanced canonical draft remains locatable without conversion: Instance of '_EntityInteractSourceRef'
04:32 +335 -10: /Users/karim/Project/pokemonProject/apps/avelune_studio/test/narrative/narrative_source_location_ui05_test.dart: advanced canonical draft remains locatable without conversion: Instance of '_TriggerEnterSourceRef'
04:32 +336 -10: /Users/karim/Project/pokemonProject/apps/avelune_studio/test/narrative/narrative_source_location_ui05_test.dart: explicit recenter keeps zoom and does not affect another map view
04:33 +337 -10: /Users/karim/Project/pokemonProject/apps/avelune_studio/test/narrative/interaction_event_publication_ui08_test.dart: stale record-only write rejected inside mutation queue with unchanged scene
04:33 +338 -10: /Users/karim/Project/pokemonProject/apps/avelune_studio/test/narrative/interaction_event_publication_ui08_test.dart: stale record-only write rejected inside mutation queue with unchanged scene
04:34 +339 -10: /Users/karim/Project/pokemonProject/apps/avelune_studio/test/narrative/interaction_event_publication_ui08_test.dart: stale record-only write rejected inside mutation queue with unchanged scene
04:34 +340 -10: /Users/karim/Project/pokemonProject/apps/avelune_studio/test/narrative/interaction_event_publication_ui08_test.dart: stale record-only write rejected inside mutation queue with unchanged scene
04:34 +341 -10: /Users/karim/Project/pokemonProject/apps/avelune_studio/test/narrative/interaction_event_publication_ui08_test.dart: stale record-only write rejected inside mutation queue with unchanged scene
04:34 +342 -10: /Users/karim/Project/pokemonProject/apps/avelune_studio/test/narrative/interaction_event_publication_ui08_test.dart: stale record-only write rejected inside mutation queue with unchanged scene
04:34 +343 -10: /Users/karim/Project/pokemonProject/apps/avelune_studio/test/narrative/interaction_event_publication_ui08_test.dart: independent event remains publishable after another record changed
04:34 +344 -10: /Users/karim/Project/pokemonProject/apps/avelune_studio/test/narrative/interaction_event_publication_ui08_test.dart: scene baseline is protected even when record stays identical
04:35 +345 -10: /Users/karim/Project/pokemonProject/apps/avelune_studio/test/narrative/interaction_event_roundtrip_ui08_test.dart: UI08 priority publication refreshes clean simplified record with scene unchanged
04:35 +346 -10: /Users/karim/Project/pokemonProject/apps/avelune_studio/test/narrative/interaction_event_roundtrip_ui08_test.dart: UI08 priority publication refreshes clean simplified record with scene unchanged
04:36 +347 -10: /Users/karim/Project/pokemonProject/apps/avelune_studio/test/narrative/interaction_event_roundtrip_ui08_test.dart: UI08 dirty record blocks simplified changes until explicit discard
04:36 +348 -10: /Users/karim/Project/pokemonProject/apps/avelune_studio/test/narrative/interaction_event_roundtrip_ui08_test.dart: UI08 dirty record blocks simplified changes until explicit discard
04:36 +349 -10: /Users/karim/Project/pokemonProject/apps/avelune_studio/test/narrative/interaction_event_roundtrip_ui08_test.dart: UI08 dirty record blocks simplified changes until explicit discard
04:36 +350 -10: /Users/karim/Project/pokemonProject/apps/avelune_studio/test/narrative/interaction_event_roundtrip_ui08_test.dart: UI08 dirty record blocks simplified changes until explicit discard
04:36 +351 -10: /Users/karim/Project/pokemonProject/apps/avelune_studio/test/narrative/interaction_event_roundtrip_ui08_test.dart: UI08 dirty record blocks simplified changes until explicit discard
04:36 +352 -10: /Users/karim/Project/pokemonProject/apps/avelune_studio/test/narrative/interaction_event_roundtrip_ui08_test.dart: UI08 dirty record blocks simplified changes until explicit discard
04:36 +353 -10: /Users/karim/Project/pokemonProject/apps/avelune_studio/test/narrative/interaction_event_roundtrip_ui08_test.dart: UI08 dirty record blocks simplified changes until explicit discard
04:36 +354 -10: /Users/karim/Project/pokemonProject/apps/avelune_studio/test/narrative/interaction_event_roundtrip_ui08_test.dart: UI08 dirty record blocks simplified changes until explicit discard
04:36 +355 -10: /Users/karim/Project/pokemonProject/apps/avelune_studio/test/narrative/interaction_event_roundtrip_ui08_test.dart: UI08 dirty record blocks simplified changes until explicit discard
04:36 +356 -10: /Users/karim/Project/pokemonProject/apps/avelune_studio/test/narrative/interaction_event_roundtrip_ui08_test.dart: UI08 dirty record blocks simplified changes until explicit discard
04:36 +357 -10: /Users/karim/Project/pokemonProject/apps/avelune_studio/test/narrative/interaction_event_roundtrip_ui08_test.dart: UI08 dirty record blocks simplified changes until explicit discard
04:37 +358 -10: /Users/karim/Project/pokemonProject/apps/avelune_studio/test/events_ui08_source_loading_test.dart: switch A to delayed B removes all stale clickable targets until B loads
04:38 +359 -10: /Users/karim/Project/pokemonProject/apps/avelune_studio/test/events_ui08_source_loading_test.dart: switch A to delayed B removes all stale clickable targets until B loads
04:38 +360 -10: /Users/karim/Project/pokemonProject/apps/avelune_studio/test/events_ui08_source_loading_test.dart: switch A to delayed B removes all stale clickable targets until B loads
04:38 +361 -10: /Users/karim/Project/pokemonProject/apps/avelune_studio/test/events_ui08_source_loading_test.dart: source identity does not show homonymous A while B is loading
04:39 +362 -10: /Users/karim/Project/pokemonProject/apps/avelune_studio/test/ui11_presentation_field_guard_test.dart: UI11 invalid focused duration blocks save and switching until corrected
04:39 +363 -10: /Users/karim/Project/pokemonProject/apps/avelune_studio/test/ui11_presentation_field_guard_test.dart: UI11 invalid focused duration blocks save and switching until corrected
04:39 +364 -10: /Users/karim/Project/pokemonProject/apps/avelune_studio/test/ui11_presentation_field_guard_test.dart: UI11 invalid focused duration blocks save and switching until corrected
04:39 +365 -10: /Users/karim/Project/pokemonProject/apps/avelune_studio/test/ui11_presentation_field_guard_test.dart: UI11 invalid focused duration blocks save and switching until corrected
04:39 +366 -10: /Users/karim/Project/pokemonProject/apps/avelune_studio/test/ui11_presentation_field_guard_test.dart: UI11 invalid focused duration blocks save and switching until corrected
04:39 +367 -10: /Users/karim/Project/pokemonProject/apps/avelune_studio/test/ui11_presentation_field_guard_test.dart: UI11 invalid focused duration blocks save and switching until corrected
04:39 +368 -10: /Users/karim/Project/pokemonProject/apps/avelune_studio/test/ui11_presentation_field_guard_test.dart: UI11 invalid focused duration blocks save and switching until corrected
04:40 +369 -10: /Users/karim/Project/pokemonProject/apps/avelune_studio/test/ui11_presentation_field_guard_test.dart: UI11 invalid focused duration blocks save and switching until corrected
04:40 +370 -10: /Users/karim/Project/pokemonProject/apps/avelune_studio/test/ui11_presentation_field_guard_test.dart: UI11 invalid focused duration blocks save and switching until corrected
04:40 +371 -10: /Users/karim/Project/pokemonProject/apps/avelune_studio/test/ui11_presentation_field_guard_test.dart: UI11 invalid focused duration blocks save and switching until corrected
04:40 +372 -10: /Users/karim/Project/pokemonProject/apps/avelune_studio/test/ui11_presentation_field_guard_test.dart: UI11 invalid focused duration blocks save and switching until corrected
04:44 +373 -10: /Users/karim/Project/pokemonProject/apps/avelune_studio/test/ui11_presentation_widget_test.dart: UI11 real shared renderer early composition
04:44 +374 -10: /Users/karim/Project/pokemonProject/apps/avelune_studio/test/ui11_presentation_widget_test.dart: UI11 blank to image text canvas timeline save and reopen via controls
04:46 +375 -10: /Users/karim/Project/pokemonProject/apps/avelune_studio/test/ui11_presentation_widget_test.dart: UI11 blank to image text canvas timeline save and reopen via controls
04:49 +375 -10: /Users/karim/Project/pokemonProject/apps/avelune_studio/test/ui07_story_graph_volume_test.dart: 200 steps and 100 semantic links retain projection during viewport gestures
UI07 volume stories=10 chapters=20 steps=200 semanticLinks=100 gestures=8 viewportUpdates=12 projectionRebuilt=false documentMutations=0 firstFrameUs=799139 gesturesUs=919161; no I/O adapter instantiated
04:49 +376 -10: /Users/karim/Project/pokemonProject/apps/avelune_studio/test/ui11_presentation_widget_test.dart: UI11 blank to image text canvas timeline save and reopen via controls
04:51 +377 -10: /Users/karim/Project/pokemonProject/apps/avelune_studio/test/ui11_presentation_canvas_gesture_test.dart: UI11 real scale handle preview cancel and one undo
04:54 +378 -10: /Users/karim/Project/pokemonProject/apps/avelune_studio/test/ui12_world_page_test.dart: a state and its rule are composed from the page controls
04:56 +379 -10: /Users/karim/Project/pokemonProject/apps/avelune_studio/test/ui12_world_page_test.dart: a state and its rule are composed from the page controls
04:57 +380 -10: /Users/karim/Project/pokemonProject/apps/avelune_studio/test/ui12_world_page_test.dart: a rule refuses to outrun the state it reads, and offers it
04:58 +380 -10: /Users/karim/Project/pokemonProject/apps/avelune_studio/test/events_runtime_ui09_dialogue_test.dart: UI09 published conversation choice 0 drives its real Scene branch
[runtime_loader] bundle load start projectFilePath=/private/var/folders/b5/7gsfwzyd449_54n8l40h40gc0000gn/T/avelune_ui06_szEXPi/project.json mapId=jardin
[runtime_loader] project manifest lookup path=/private/var/folders/b5/7gsfwzyd449_54n8l40h40gc0000gn/T/avelune_ui06_szEXPi/project.json
[runtime_loader] project manifest read ok bytes=14470
[runtime_loader] project manifest validated maps=2 tilesets=1 scenarios=0
[runtime_loader] bundle map resolved mapId=jardin relativePath=maps/jardin.json mapPath=/private/var/folders/b5/7gsfwzyd449_54n8l40h40gc0000gn/T/avelune_ui06_szEXPi/maps/jardin.json
[runtime_loader] map file lookup path=/private/var/folders/b5/7gsfwzyd449_54n8l40h40gc0000gn/T/avelune_ui06_szEXPi/maps/jardin.json
[runtime_loader] map file read ok bytes=17371
[runtime_loader] map validated id=jardin size=24x16 layers=3 entities=1 placedElements=3 warps=0 triggers=0
[runtime_loader] bundle tilesets collected ids=atelier
[runtime_loader] bundle tileset path id=atelier path=/private/var/folders/b5/7gsfwzyd449_54n8l40h40gc0000gn/T/avelune_ui06_szEXPi/assets/atelier.png
[runtime_loader] bundle load ok mapId=jardin projectRoot=/private/var/folders/b5/7gsfwzyd449_54n8l40h40gc0000gn/T/avelune_ui06_szEXPi tilesets=1
[runtime_game] tileset image load start map=jardin
[runtime_game] tileset cache resolve requested=1
[runtime_game] tileset cache resolve ok result=1
[runtime_game] onLoad start map=jardin projectFilePath=/private/var/folders/b5/7gsfwzyd449_54n8l40h40gc0000gn/T/avelune_ui06_szEXPi/project.json tilesets=1
[runtime_game] world build start map=jardin
[runtime] Map loaded: jardin, spawn at (8, 9)
[runtime_game] tileset image load ok count=1 map=jardin
[runtime_game] mount root map start map=jardin
[runtime_game] mount root map ok map=jardin
[runtime_game] onLoad completed activeMapId=jardin
[runtime_loader] map file lookup path=/private/var/folders/b5/7gsfwzyd449_54n8l40h40gc0000gn/T/avelune_ui06_szEXPi/maps/clairiere.json
[runtime_loader] map file read ok bytes=17376
[runtime_loader] map validated id=clairiere size=24x16 layers=3 entities=1 placedElements=3 warps=0 triggers=0
[dialogue] interaction entity=event-v2:evt_019abcde-9000-7000-8000-000000000106:evx_01a0f8e4-f6c1-7001-8000-ff6c7066d472:ui09_guichet:1790882150087
[dialogue] resolved dialogueId=ui09_guichet
[dialogue] resolved file=dialogues/ui09_guichet.yarn
[dialogue] requested startNode=Accueil
[scenario_lock] accepted source=event-v2:evt_019abcde-9000-7000-8000-000000000106:evx_01a0f8e4-f6c1-7001-8000-ff6c7066d472:ui09_guichet:1790882150087 phase=dialogueLoading serial=1
[dialogue] parsed 1 node(s) from /private/var/folders/b5/7gsfwzyd449_54n8l40h40gc0000gn/T/avelune_ui06_szEXPi/dialogues/ui09_guichet.yarn
[dialogue] starting at node "Accueil"
[scene_runtime] dialogue content loaded request=event-v2:evt_019abcde-9000-7000-8000-000000000106:evx_01a0f8e4-f6c1-7001-8000-ff6c7066d472:ui09_guichet:1790882150087 elapsedMs=3
[scenario_lock] cleared source=event-v2:evt_019abcde-9000-7000-8000-000000000106:evx_01a0f8e4-f6c1-7001-8000-ff6c7066d472:ui09_guichet:1790882150087 reason=dialogueOpened serial=1
[dialogue] opened node=Accueil text="Chef: Bonjour ! Souhaitez-vous préparer votre départ ?"
[dialogue] choice opened count=2 selected=0
[dialogue] choice confirmed index=0 text="Je pars maintenant"
[dialogue] line text="Chef: Votre train vous attend sur le quai."
[dialogue] dialogue closed
[scene_runtime] dialogue completed request=event-v2:evt_019abcde-9000-7000-8000-000000000106:evx_01a0f8e4-f6c1-7001-8000-ff6c7066d472:ui09_guichet:1790882150087 status=completed port=depart
[dialogue] finished
[event_v2] mapEnter activation=mapact_1790882150001906_1 map=jardin reason=initialBoot result=MapEnterProductionDispatchV2Handled
04:58 +381 -10: /Users/karim/Project/pokemonProject/apps/avelune_studio/test/ui12_world_page_test.dart: a rule refuses to outrun the state it reads, and offers it
04:58 +381 -10: /Users/karim/Project/pokemonProject/apps/avelune_studio/test/events_runtime_ui09_dialogue_test.dart: UI09 published conversation choice 1 drives its real Scene branch
[runtime_loader] bundle load start projectFilePath=/private/var/folders/b5/7gsfwzyd449_54n8l40h40gc0000gn/T/avelune_ui06_fFPRSz/project.json mapId=jardin
[runtime_loader] project manifest lookup path=/private/var/folders/b5/7gsfwzyd449_54n8l40h40gc0000gn/T/avelune_ui06_fFPRSz/project.json
[runtime_loader] project manifest read ok bytes=14470
[runtime_loader] project manifest validated maps=2 tilesets=1 scenarios=0
[runtime_loader] bundle map resolved mapId=jardin relativePath=maps/jardin.json mapPath=/private/var/folders/b5/7gsfwzyd449_54n8l40h40gc0000gn/T/avelune_ui06_fFPRSz/maps/jardin.json
[runtime_loader] map file lookup path=/private/var/folders/b5/7gsfwzyd449_54n8l40h40gc0000gn/T/avelune_ui06_fFPRSz/maps/jardin.json
[runtime_loader] map file read ok bytes=17371
[runtime_loader] map validated id=jardin size=24x16 layers=3 entities=1 placedElements=3 warps=0 triggers=0
[runtime_loader] bundle tilesets collected ids=atelier
[runtime_loader] bundle tileset path id=atelier path=/private/var/folders/b5/7gsfwzyd449_54n8l40h40gc0000gn/T/avelune_ui06_fFPRSz/assets/atelier.png
[runtime_loader] bundle load ok mapId=jardin projectRoot=/private/var/folders/b5/7gsfwzyd449_54n8l40h40gc0000gn/T/avelune_ui06_fFPRSz tilesets=1
[runtime_game] tileset image load start map=jardin
[runtime_game] tileset cache resolve requested=1
[runtime_game] tileset cache resolve ok result=1
[runtime_game] onLoad start map=jardin projectFilePath=/private/var/folders/b5/7gsfwzyd449_54n8l40h40gc0000gn/T/avelune_ui06_fFPRSz/project.json tilesets=1
[runtime_game] world build start map=jardin
[runtime] Map loaded: jardin, spawn at (8, 9)
[runtime_game] tileset image load ok count=1 map=jardin
[runtime_game] mount root map start map=jardin
[runtime_game] mount root map ok map=jardin
[runtime_game] onLoad completed activeMapId=jardin
[runtime_loader] map file lookup path=/private/var/folders/b5/7gsfwzyd449_54n8l40h40gc0000gn/T/avelune_ui06_fFPRSz/maps/clairiere.json
[runtime_loader] map file read ok bytes=17376
[runtime_loader] map validated id=clairiere size=24x16 layers=3 entities=1 placedElements=3 warps=0 triggers=0
[dialogue] interaction entity=event-v2:evt_019abcde-9000-7000-8000-000000000106:evx_01a0f8e4-f81e-7001-8000-00442207babf:ui09_guichet:1790882150430
[dialogue] resolved dialogueId=ui09_guichet
[dialogue] resolved file=dialogues/ui09_guichet.yarn
[dialogue] requested startNode=Accueil
[scenario_lock] accepted source=event-v2:evt_019abcde-9000-7000-8000-000000000106:evx_01a0f8e4-f81e-7001-8000-00442207babf:ui09_guichet:1790882150430 phase=dialogueLoading serial=1
[dialogue] parsed 1 node(s) from /private/var/folders/b5/7gsfwzyd449_54n8l40h40gc0000gn/T/avelune_ui06_fFPRSz/dialogues/ui09_guichet.yarn
[dialogue] starting at node "Accueil"
[scene_runtime] dialogue content loaded request=event-v2:evt_019abcde-9000-7000-8000-000000000106:evx_01a0f8e4-f81e-7001-8000-00442207babf:ui09_guichet:1790882150430 elapsedMs=0
[scenario_lock] cleared source=event-v2:evt_019abcde-9000-7000-8000-000000000106:evx_01a0f8e4-f81e-7001-8000-00442207babf:ui09_guichet:1790882150430 reason=dialogueOpened serial=1
[dialogue] opened node=Accueil text="Chef: Bonjour ! Souhaitez-vous préparer votre départ ?"
[dialogue] choice opened count=2 selected=0
[dialogue] choice confirmed index=1 text="Je préfère attendre"
[dialogue] line text="Chef: Prenez votre temps dans la salle d’attente."
[dialogue] dialogue closed
[scene_runtime] dialogue completed request=event-v2:evt_019abcde-9000-7000-8000-000000000106:evx_01a0f8e4-f81e-7001-8000-00442207babf:ui09_guichet:1790882150430 status=completed port=attente
[dialogue] finished
[event_v2] mapEnter activation=mapact_1790882150422314_1 map=jardin reason=initialBoot result=MapEnterProductionDispatchV2Handled
04:58 +382 -10: /Users/karim/Project/pokemonProject/apps/avelune_studio/test/events_runtime_ui09_dialogue_test.dart: UI09 published conversation choice 1 drives its real Scene branch
04:58 +383 -10: loading /Users/karim/Project/pokemonProject/apps/avelune_studio/test/m3_story_runtime_test.dart
04:59 +383 -10: /Users/karim/Project/pokemonProject/apps/avelune_studio/test/m3_story_runtime_test.dart: published story plays choices, conditions, one-shot and isolated save/load
04:59 +384 -10: /Users/karim/Project/pokemonProject/apps/avelune_studio/test/m3_story_runtime_test.dart: published story plays choices, conditions, one-shot and isolated save/load
04:59 +385 -10: /Users/karim/Project/pokemonProject/apps/avelune_studio/test/m3_story_runtime_test.dart: published story plays choices, conditions, one-shot and isolated save/load
04:59 +386 -10: /Users/karim/Project/pokemonProject/apps/avelune_studio/test/m3_story_runtime_test.dart: published story plays choices, conditions, one-shot and isolated save/load
04:59 +387 -10: /Users/karim/Project/pokemonProject/apps/avelune_studio/test/m3_story_runtime_test.dart: published story plays choices, conditions, one-shot and isolated save/load
05:02 +387 -10: /Users/karim/Project/pokemonProject/apps/avelune_studio/test/cinematics_ui10_widget_test.dart: UI10 full Studio frame early composition with isolated real project
══╡ EXCEPTION CAUGHT BY FLUTTER TEST FRAMEWORK ╞════════════════════════════════════════════════════
The following MapWorkspaceFailure was thrown while running async test code:
Cette carte est absente, invalide ou utilise un format non pris en charge.

When the exception was thrown, this was the stack:
#0      LocalMapWorkspaceAdapter.loadMap (package:avelune_studio/features/map_workspace/data/local_map_workspace_adapter.dart:163:7)
<asynchronous suspension>
#1      seedUi10Visuals (file:///Users/karim/Project/pokemonProject/apps/avelune_studio/test/support/ui10_fixture_visuals.dart:124:18)
<asynchronous suspension>
#2      createUi10Fixture (file:///Users/karim/Project/pokemonProject/apps/avelune_studio/test/support/ui10_cinematic_fixture.dart:18:5)
<asynchronous suspension>
#3      Ui10WorkspaceHarness.create (file:///Users/karim/Project/pokemonProject/apps/avelune_studio/test/support/ui10_workspace_harness.dart:20:21)
<asynchronous suspension>
<asynchronous suspension>
#5      main.<anonymous closure> (file:///Users/karim/Project/pokemonProject/apps/avelune_studio/test/cinematics_ui10_widget_test.dart:15:24)
<asynchronous suspension>
#6      testWidgets.<anonymous closure>.<anonymous closure> (package:flutter_test/src/widget_tester.dart:192:15)
<asynchronous suspension>
#7      TestWidgetsFlutterBinding._runTestBody (package:flutter_test/src/binding.dart:1953:5)
<asynchronous suspension>
<asynchronous suspension>
(elided 2 frames from dart:async and package:stack_trace)

The exception was caught asynchronously.
════════════════════════════════════════════════════════════════════════════════════════════════════
══╡ EXCEPTION CAUGHT BY FLUTTER TEST FRAMEWORK ╞════════════════════════════════════════════════════
The following _TypeError was thrown running a test:
Null check operator used on a null value

When the exception was thrown, this was the stack:
#0      main.<anonymous closure> (file:///Users/karim/Project/pokemonProject/apps/avelune_studio/test/cinematics_ui10_widget_test.dart:17:9)
<asynchronous suspension>
#1      testWidgets.<anonymous closure>.<anonymous closure> (package:flutter_test/src/widget_tester.dart:192:15)
<asynchronous suspension>
#2      TestWidgetsFlutterBinding._runTestBody (package:flutter_test/src/binding.dart:1953:5)
<asynchronous suspension>
<asynchronous suspension>
(elided one frame from package:stack_trace)

The test description was:
  UI10 full Studio frame early composition with isolated real project
════════════════════════════════════════════════════════════════════════════════════════════════════
══╡ EXCEPTION CAUGHT BY FLUTTER TEST FRAMEWORK ╞════════════════════════════════════════════════════
The following message was thrown:
Multiple exceptions (2) were detected during the running of the current test, and at least one was
unexpected.
════════════════════════════════════════════════════════════════════════════════════════════════════
05:02 +387 -11: /Users/karim/Project/pokemonProject/apps/avelune_studio/test/m3_story_runtime_test.dart: published story plays choices, conditions, one-shot and isolated save/load
05:02 +387 -11: /Users/karim/Project/pokemonProject/apps/avelune_studio/test/cinematics_ui10_widget_test.dart: UI10 full Studio frame early composition with isolated real project [E]
  Test failed. See exception logs above.
  The test description was: UI10 full Studio frame early composition with isolated real project
  
05:03 +387 -11: /Users/karim/Project/pokemonProject/apps/avelune_studio/test/m3_story_runtime_test.dart: published story plays choices, conditions, one-shot and isolated save/load
[runtime_loader] bundle load start projectFilePath=/private/var/folders/b5/7gsfwzyd449_54n8l40h40gc0000gn/T/avelune_m3_story_jqlyB4/project.json mapId=jardin
[runtime_loader] project manifest lookup path=/private/var/folders/b5/7gsfwzyd449_54n8l40h40gc0000gn/T/avelune_m3_story_jqlyB4/project.json
[runtime_loader] project manifest read ok bytes=34071
[runtime_loader] project manifest validated maps=2 tilesets=1 scenarios=0
[runtime_loader] bundle map resolved mapId=jardin relativePath=maps/jardin.json mapPath=/private/var/folders/b5/7gsfwzyd449_54n8l40h40gc0000gn/T/avelune_m3_story_jqlyB4/maps/jardin.json
[runtime_loader] map file lookup path=/private/var/folders/b5/7gsfwzyd449_54n8l40h40gc0000gn/T/avelune_m3_story_jqlyB4/maps/jardin.json
[runtime_loader] map file read ok bytes=19335
[runtime_loader] map validated id=jardin size=24x16 layers=3 entities=3 placedElements=3 warps=0 triggers=1
[runtime_loader] bundle tilesets collected ids=atelier
[runtime_loader] bundle tileset path id=atelier path=/private/var/folders/b5/7gsfwzyd449_54n8l40h40gc0000gn/T/avelune_m3_story_jqlyB4/assets/atelier.png
[runtime_loader] bundle load ok mapId=jardin projectRoot=/private/var/folders/b5/7gsfwzyd449_54n8l40h40gc0000gn/T/avelune_m3_story_jqlyB4 tilesets=1
[runtime_game] tileset image load start map=jardin
[runtime_game] tileset cache resolve requested=1
[runtime_game] tileset cache resolve ok result=1
[runtime_game] onLoad start map=jardin projectFilePath=/private/var/folders/b5/7gsfwzyd449_54n8l40h40gc0000gn/T/avelune_m3_story_jqlyB4/project.json tilesets=1
[runtime_game] world build start map=jardin
[runtime] Map loaded: jardin, spawn at (8, 9)
[runtime_game] tileset image load ok count=1 map=jardin
[runtime_game] mount root map start map=jardin
[step_studio_trace] npc_mount_added map=jardin entity=chief
[step_studio_trace] npc_mount_added map=jardin entity=traveller
[step_studio_trace] npc_presence_applied map=jardin entity=chief present=true
[step_studio_trace] npc_presence_applied map=jardin entity=traveller present=true
[runtime_game] mount root map ok map=jardin
[npc_patrol] read movement entity=chief pos=(8,10) size=1x1 mode=idle waypoints= loop=true pauseMs=0 stepMs=200
[npc_patrol] read movement entity=traveller pos=(10,10) size=1x1 mode=idle waypoints= loop=true pauseMs=0 stepMs=200
[runtime_game] onLoad completed activeMapId=jardin
[runtime_loader] map file lookup path=/private/var/folders/b5/7gsfwzyd449_54n8l40h40gc0000gn/T/avelune_m3_story_jqlyB4/maps/clairiere.json
05:03 +388 -11: /Users/karim/Project/pokemonProject/apps/avelune_studio/test/m3_story_runtime_test.dart: published story plays choices, conditions, one-shot and isolated save/load
[runtime_loader] map file read ok bytes=17376
[runtime_loader] map validated id=clairiere size=24x16 layers=3 entities=1 placedElements=3 warps=0 triggers=0
[step_studio_trace] npc_presence_applied map=jardin entity=chief present=true
[step_studio_trace] npc_presence_applied map=jardin entity=traveller present=true
[npc_patrol] read movement entity=chief pos=(8,10) size=1x1 mode=idle waypoints= loop=true pauseMs=0 stepMs=200
[npc_patrol] read movement entity=traveller pos=(10,10) size=1x1 mode=idle waypoints= loop=true pauseMs=0 stepMs=200
[step_studio_trace] npc_presence_applied map=jardin entity=chief present=true
[step_studio_trace] npc_presence_applied map=jardin entity=traveller present=true
[npc_patrol] read movement entity=chief pos=(8,10) size=1x1 mode=idle waypoints= loop=true pauseMs=0 stepMs=200
[npc_patrol] read movement entity=traveller pos=(10,10) size=1x1 mode=idle waypoints= loop=true pauseMs=0 stepMs=200
[step_studio_trace] npc_presence_applied map=jardin entity=chief present=true
[step_studio_trace] npc_presence_applied map=jardin entity=traveller present=true
[npc_patrol] read movement entity=chief pos=(8,10) size=1x1 mode=idle waypoints= loop=true pauseMs=0 stepMs=200
[npc_patrol] read movement entity=traveller pos=(10,10) size=1x1 mode=idle waypoints= loop=true pauseMs=0 stepMs=200
[event_v2] mapEnter activation=mapact_1790882155099990_1 map=jardin reason=initialBoot result=MapEnterProductionDispatchLegacyFallback
[dialogue] interaction entity=event-v2:evt_019abcde-9000-7000-8000-000000000002:evx_01a0f8e5-0b73-7004-8000-0c36c87b4587:before:1790882155385
[dialogue] resolved dialogueId=before
[dialogue] resolved file=dialogues/before.yarn
[dialogue] requested startNode=Start
[scenario_lock] accepted source=event-v2:evt_019abcde-9000-7000-8000-000000000002:evx_01a0f8e5-0b73-7004-8000-0c36c87b4587:before:1790882155385 phase=dialogueLoading serial=1
[dialogue] parsed 1 node(s) from /private/var/folders/b5/7gsfwzyd449_54n8l40h40gc0000gn/T/avelune_m3_story_jqlyB4/dialogues/before.yarn
[dialogue] starting at node "Start"
[scene_runtime] dialogue content loaded request=event-v2:evt_019abcde-9000-7000-8000-000000000002:evx_01a0f8e5-0b73-7004-8000-0c36c87b4587:before:1790882155385 elapsedMs=45
[scenario_lock] cleared source=event-v2:evt_019abcde-9000-7000-8000-000000000002:evx_01a0f8e5-0b73-7004-8000-0c36c87b4587:before:1790882155385 reason=dialogueOpened serial=1
[dialogue] opened node=Start text="Je patiente avant le départ."
[dialogue] dialogue closed
[scene_runtime] dialogue completed request=event-v2:evt_019abcde-9000-7000-8000-000000000002:evx_01a0f8e5-0b73-7004-8000-0c36c87b4587:before:1790882155385 status=completed port=completed
[dialogue] finished
[step_studio_trace] npc_presence_applied map=jardin entity=chief present=true
[step_studio_trace] npc_presence_applied map=jardin entity=traveller present=true
[npc_patrol] read movement entity=chief pos=(8,10) size=1x1 mode=idle waypoints= loop=true pauseMs=0 stepMs=200
[npc_patrol] read movement entity=traveller pos=(10,10) size=1x1 mode=idle waypoints= loop=true pauseMs=0 stepMs=200
[step_studio_trace] npc_presence_applied map=jardin entity=chief present=true
[step_studio_trace] npc_presence_applied map=jardin entity=traveller present=true
[npc_patrol] read movement entity=chief pos=(8,10) size=1x1 mode=idle waypoints= loop=true pauseMs=0 stepMs=200
[npc_patrol] read movement entity=traveller pos=(10,10) size=1x1 mode=idle waypoints= loop=true pauseMs=0 stepMs=200
[dialogue] interaction entity=event-v2:evt_019abcde-9000-7000-8000-000000000001:evx_01a0f8e5-0beb-7007-8000-0c80f27c5082:offer:1790882155499
[dialogue] resolved dialogueId=offer
[dialogue] resolved file=dialogues/offer.yarn
[dialogue] requested startNode=Start
[scenario_lock] accepted source=event-v2:evt_019abcde-9000-7000-8000-000000000001:evx_01a0f8e5-0beb-7007-8000-0c80f27c5082:offer:1790882155499 phase=dialogueLoading serial=2
[dialogue] parsed 3 node(s) from /private/var/folders/b5/7gsfwzyd449_54n8l40h40gc0000gn/T/avelune_m3_story_jqlyB4/dialogues/offer.yarn
[dialogue] starting at node "Start"
[scene_runtime] dialogue content loaded request=event-v2:evt_019abcde-9000-7000-8000-000000000001:evx_01a0f8e5-0beb-7007-8000-0c80f27c5082:offer:1790882155499 elapsedMs=45
[scenario_lock] cleared source=event-v2:evt_019abcde-9000-7000-8000-000000000001:evx_01a0f8e5-0beb-7007-8000-0c80f27c5082:offer:1790882155499 reason=dialogueOpened serial=2
[dialogue] opened node=Start text="Voulez-vous aider au départ ?"
[dialogue] choice opened count=2 selected=0
[dialogue] choice moved selected=1
[dialogue] choice confirmed index=1 text="Pas maintenant"
[dialogue] jump to=Refuse
[dialogue] line text="Revenez quand vous voulez."
[dialogue] dialogue closed
[scene_runtime] dialogue completed request=event-v2:evt_019abcde-9000-7000-8000-000000000001:evx_01a0f8e5-0beb-7007-8000-0c80f27c5082:offer:1790882155499 status=completed port=refused
[dialogue] finished
[step_studio_trace] npc_presence_applied map=jardin entity=chief present=true
[step_studio_trace] npc_presence_applied map=jardin entity=traveller present=true
[npc_patrol] read movement entity=chief pos=(8,10) size=1x1 mode=idle waypoints= loop=true pauseMs=0 stepMs=200
[npc_patrol] read movement entity=traveller pos=(10,10) size=1x1 mode=idle waypoints= loop=true pauseMs=0 stepMs=200
[step_studio_trace] npc_presence_applied map=jardin entity=chief present=true
[step_studio_trace] npc_presence_applied map=jardin entity=traveller present=true
[npc_patrol] read movement entity=chief pos=(8,10) size=1x1 mode=idle waypoints= loop=true pauseMs=0 stepMs=200
[npc_patrol] read movement entity=traveller pos=(10,10) size=1x1 mode=idle waypoints= loop=true pauseMs=0 stepMs=200
[dialogue] interaction entity=event-v2:evt_019abcde-9000-7000-8000-000000000001:evx_01a0f8e5-0c3b-700a-8000-0cb263d257d5:offer:1790882155579
[dialogue] resolved dialogueId=offer
[dialogue] resolved file=dialogues/offer.yarn
[dialogue] requested startNode=Start
[scenario_lock] accepted source=event-v2:evt_019abcde-9000-7000-8000-000000000001:evx_01a0f8e5-0c3b-700a-8000-0cb263d257d5:offer:1790882155579 phase=dialogueLoading serial=3
[dialogue] parsed 3 node(s) from /private/var/folders/b5/7gsfwzyd449_54n8l40h40gc0000gn/T/avelune_m3_story_jqlyB4/dialogues/offer.yarn
[dialogue] starting at node "Start"
[scene_runtime] dialogue content loaded request=event-v2:evt_019abcde-9000-7000-8000-000000000001:evx_01a0f8e5-0c3b-700a-8000-0cb263d257d5:offer:1790882155579 elapsedMs=6
[scenario_lock] cleared source=event-v2:evt_019abcde-9000-7000-8000-000000000001:evx_01a0f8e5-0c3b-700a-8000-0cb263d257d5:offer:1790882155579 reason=dialogueOpened serial=3
[dialogue] opened node=Start text="Voulez-vous aider au départ ?"
[dialogue] choice opened count=2 selected=0
[dialogue] choice confirmed index=0 text="Je vous aide"
[dialogue] jump to=Accept
[dialogue] line text="Très bien, retrouvez la voyageuse."
[dialogue] dialogue closed
[scene_runtime] dialogue completed request=event-v2:evt_019abcde-9000-7000-8000-000000000001:evx_01a0f8e5-0c3b-700a-8000-0cb263d257d5:offer:1790882155579 status=completed port=accepted
[dialogue] finished
[step_studio_trace] npc_presence_applied map=jardin entity=chief present=true
[step_studio_trace] npc_presence_applied map=jardin entity=traveller present=true
[npc_patrol] read movement entity=chief pos=(8,10) size=1x1 mode=idle waypoints= loop=true pauseMs=0 stepMs=200
[npc_patrol] read movement entity=traveller pos=(10,10) size=1x1 mode=idle waypoints= loop=true pauseMs=0 stepMs=200
[step_studio_trace] npc_presence_applied map=jardin entity=chief present=true
[step_studio_trace] npc_presence_applied map=jardin entity=traveller present=true
[npc_patrol] read movement entity=chief pos=(8,10) size=1x1 mode=idle waypoints= loop=true pauseMs=0 stepMs=200
[npc_patrol] read movement entity=traveller pos=(10,10) size=1x1 mode=idle waypoints= loop=true pauseMs=0 stepMs=200
[dialogue] interaction entity=event-v2:evt_019abcde-9000-7000-8000-000000000003:evx_01a0f8e5-0c91-700d-8000-0ce78a75394e:traveller:1790882155666
[dialogue] resolved dialogueId=traveller
[dialogue] resolved file=dialogues/traveller.yarn
[dialogue] requested startNode=Start
[scenario_lock] accepted source=event-v2:evt_019abcde-9000-7000-8000-000000000003:evx_01a0f8e5-0c91-700d-8000-0ce78a75394e:traveller:1790882155666 phase=dialogueLoading serial=4
[dialogue] parsed 1 node(s) from /private/var/folders/b5/7gsfwzyd449_54n8l40h40gc0000gn/T/avelune_m3_story_jqlyB4/dialogues/traveller.yarn
[dialogue] starting at node "Start"
[scene_runtime] dialogue content loaded request=event-v2:evt_019abcde-9000-7000-8000-000000000003:evx_01a0f8e5-0c91-700d-8000-0ce78a75394e:traveller:1790882155666 elapsedMs=41
[scenario_lock] cleared source=event-v2:evt_019abcde-9000-7000-8000-000000000003:evx_01a0f8e5-0c91-700d-8000-0ce78a75394e:traveller:1790882155666 reason=dialogueOpened serial=4
[dialogue] opened node=Start text="Merci, ma place est prête !"
[dialogue] dialogue closed
[scene_runtime] dialogue completed request=event-v2:evt_019abcde-9000-7000-8000-000000000003:evx_01a0f8e5-0c91-700d-8000-0ce78a75394e:traveller:1790882155666 status=completed port=completed
[dialogue] finished
05:04 +389 -11: /Users/karim/Project/pokemonProject/apps/avelune_studio/test/m3_story_runtime_test.dart: published story plays choices, conditions, one-shot and isolated save/load
[step_studio_trace] npc_presence_applied map=jardin entity=chief present=true
[step_studio_trace] npc_presence_applied map=jardin entity=traveller present=true
[npc_patrol] read movement entity=chief pos=(8,10) size=1x1 mode=idle waypoints= loop=true pauseMs=0 stepMs=200
[npc_patrol] read movement entity=traveller pos=(10,10) size=1x1 mode=idle waypoints= loop=true pauseMs=0 stepMs=200
[step_studio_trace] npc_presence_applied map=jardin entity=chief present=true
[step_studio_trace] npc_presence_applied map=jardin entity=traveller present=true
[npc_patrol] read movement entity=chief pos=(8,10) size=1x1 mode=idle waypoints= loop=true pauseMs=0 stepMs=200
[npc_patrol] read movement entity=traveller pos=(10,10) size=1x1 mode=idle waypoints= loop=true pauseMs=0 stepMs=200
[dialogue] interaction entity=event-v2:evt_019abcde-9000-7000-8000-000000000005:evx_01a0f8e5-0cf5-7010-8000-0d255820c275:finish:1790882155765
[dialogue] resolved dialogueId=finish
[dialogue] resolved file=dialogues/finish.yarn
[dialogue] requested startNode=Start
[scenario_lock] accepted source=event-v2:evt_019abcde-9000-7000-8000-000000000005:evx_01a0f8e5-0cf5-7010-8000-0d255820c275:finish:1790882155765 phase=dialogueLoading serial=5
05:04 +390 -11: /Users/karim/Project/pokemonProject/apps/avelune_studio/test/m3_story_runtime_test.dart: published story plays choices, conditions, one-shot and isolated save/load
[dialogue] parsed 1 node(s) from /private/var/folders/b5/7gsfwzyd449_54n8l40h40gc0000gn/T/avelune_m3_story_jqlyB4/dialogues/finish.yarn
[dialogue] starting at node "Start"
[scene_runtime] dialogue content loaded request=event-v2:evt_019abcde-9000-7000-8000-000000000005:evx_01a0f8e5-0cf5-7010-8000-0d255820c275:finish:1790882155765 elapsedMs=42
[scenario_lock] cleared source=event-v2:evt_019abcde-9000-7000-8000-000000000005:evx_01a0f8e5-0cf5-7010-8000-0d255820c275:finish:1790882155765 reason=dialogueOpened serial=5
[dialogue] opened node=Start text="Tout est prêt, départ autorisé !"
[dialogue] dialogue closed
[scene_runtime] dialogue completed request=event-v2:evt_019abcde-9000-7000-8000-000000000005:evx_01a0f8e5-0cf5-7010-8000-0d255820c275:finish:1790882155765 status=completed port=completed
[dialogue] finished
[step_studio_trace] npc_presence_applied map=jardin entity=chief present=true
[step_studio_trace] npc_presence_applied map=jardin entity=traveller present=true
[npc_patrol] read movement entity=chief pos=(8,10) size=1x1 mode=idle waypoints= loop=true pauseMs=0 stepMs=200
[npc_patrol] read movement entity=traveller pos=(10,10) size=1x1 mode=idle waypoints= loop=true pauseMs=0 stepMs=200
[step_studio_trace] npc_presence_applied map=jardin entity=chief present=true
[step_studio_trace] npc_presence_applied map=jardin entity=traveller present=true
[npc_patrol] read movement entity=chief pos=(8,10) size=1x1 mode=idle waypoints= loop=true pauseMs=0 stepMs=200
[npc_patrol] read movement entity=traveller pos=(10,10) size=1x1 mode=idle waypoints= loop=true pauseMs=0 stepMs=200
[dialogue] interaction entity=event-v2:evt_019abcde-9000-7000-8000-000000000006:evx_01a0f8e5-0d34-7013-8000-0d4c47c7b507:conclusion:1790882155829
[dialogue] resolved dialogueId=conclusion
[dialogue] resolved file=dialogues/conclusion.yarn
[dialogue] requested startNode=Start
[scenario_lock] accepted source=event-v2:evt_019abcde-9000-7000-8000-000000000006:evx_01a0f8e5-0d34-7013-8000-0d4c47c7b507:conclusion:1790882155829 phase=dialogueLoading serial=6
[dialogue] parsed 1 node(s) from /private/var/folders/b5/7gsfwzyd449_54n8l40h40gc0000gn/T/avelune_m3_story_jqlyB4/dialogues/conclusion.yarn
[dialogue] starting at node "Start"
[scene_runtime] dialogue content loaded request=event-v2:evt_019abcde-9000-7000-8000-000000000006:evx_01a0f8e5-0d34-7013-8000-0d4c47c7b507:conclusion:1790882155829 elapsedMs=43
[scenario_lock] cleared source=event-v2:evt_019abcde-9000-7000-8000-000000000006:evx_01a0f8e5-0d34-7013-8000-0d4c47c7b507:conclusion:1790882155829 reason=dialogueOpened serial=6
[dialogue] opened node=Start text="Merci encore pour votre aide."
[dialogue] dialogue closed
[scene_runtime] dialogue completed request=event-v2:evt_019abcde-9000-7000-8000-000000000006:evx_01a0f8e5-0d34-7013-8000-0d4c47c7b507:conclusion:1790882155829 status=completed port=completed
[dialogue] finished
[step_studio_trace] npc_presence_applied map=jardin entity=chief present=true
[step_studio_trace] npc_presence_applied map=jardin entity=traveller present=true
[npc_patrol] read movement entity=chief pos=(8,10) size=1x1 mode=idle waypoints= loop=true pauseMs=0 stepMs=200
[npc_patrol] read movement entity=traveller pos=(10,10) size=1x1 mode=idle waypoints= loop=true pauseMs=0 stepMs=200
[step_studio_trace] npc_presence_applied map=jardin entity=chief present=true
[step_studio_trace] npc_presence_applied map=jardin entity=traveller present=true
[npc_patrol] read movement entity=chief pos=(8,10) size=1x1 mode=idle waypoints= loop=true pauseMs=0 stepMs=200
[npc_patrol] read movement entity=traveller pos=(10,10) size=1x1 mode=idle waypoints= loop=true pauseMs=0 stepMs=200
[dialogue] interaction entity=event-v2:evt_019abcde-9000-7000-8000-000000000007:evx_01a0f8e5-0d8d-7016-8000-0d8349110393:zone:1790882155918
[dialogue] resolved dialogueId=zone
[dialogue] resolved file=dialogues/zone.yarn
[dialogue] requested startNode=Start
[scenario_lock] accepted source=event-v2:evt_019abcde-9000-7000-8000-000000000007:evx_01a0f8e5-0d8d-7016-8000-0d8349110393:zone:1790882155918 phase=dialogueLoading serial=7
[dialogue] parsed 1 node(s) from /private/var/folders/b5/7gsfwzyd449_54n8l40h40gc0000gn/T/avelune_m3_story_jqlyB4/dialogues/zone.yarn
[dialogue] starting at node "Start"
[scene_runtime] dialogue content loaded request=event-v2:evt_019abcde-9000-7000-8000-000000000007:evx_01a0f8e5-0d8d-7016-8000-0d8349110393:zone:1790882155918 elapsedMs=47
[scenario_lock] cleared source=event-v2:evt_019abcde-9000-7000-8000-000000000007:evx_01a0f8e5-0d8d-7016-8000-0d8349110393:zone:1790882155918 reason=dialogueOpened serial=7
[dialogue] opened node=Start text="Bienvenue sur le quai."
[dialogue] dialogue closed
[scene_runtime] dialogue completed request=event-v2:evt_019abcde-9000-7000-8000-000000000007:evx_01a0f8e5-0d8d-7016-8000-0d8349110393:zone:1790882155918 status=completed port=completed
[dialogue] finished
[step_studio_trace] npc_presence_applied map=jardin entity=chief present=true
[step_studio_trace] npc_presence_applied map=jardin entity=traveller present=true
[npc_patrol] read movement entity=chief pos=(8,10) size=1x1 mode=idle waypoints= loop=true pauseMs=0 stepMs=200
[npc_patrol] read movement entity=traveller pos=(10,10) size=1x1 mode=idle waypoints= loop=true pauseMs=0 stepMs=200
[step_studio_trace] npc_presence_applied map=jardin entity=chief present=true
[step_studio_trace] npc_presence_applied map=jardin entity=traveller present=true
[npc_patrol] read movement entity=chief pos=(8,10) size=1x1 mode=idle waypoints= loop=true pauseMs=0 stepMs=200
[npc_patrol] read movement entity=traveller pos=(10,10) size=1x1 mode=idle waypoints= loop=true pauseMs=0 stepMs=200
[step_studio_trace] runtime_save_requested map=jardin completedStepIds=[prepare, help, finish] completedCutsceneIds=[]
[runtime_game] tileset cache resolve requested=1
[runtime_game] tileset cache resolve ok result=1
[step_studio_trace] npc_mount_added map=jardin entity=chief
[step_studio_trace] npc_mount_added map=jardin entity=traveller
[step_studio_trace] npc_presence_applied map=jardin entity=chief present=true
[step_studio_trace] npc_presence_applied map=jardin entity=traveller present=true
[npc_patrol] read movement entity=chief pos=(8,10) size=1x1 mode=idle waypoints= loop=true pauseMs=0 stepMs=200
[npc_patrol] read movement entity=traveller pos=(10,10) size=1x1 mode=idle waypoints= loop=true pauseMs=0 stepMs=200
[step_studio_trace] npc_presence_applied map=jardin entity=chief present=true
[step_studio_trace] npc_presence_applied map=jardin entity=traveller present=true
[npc_patrol] read movement entity=chief pos=(8,10) size=1x1 mode=idle waypoints= loop=true pauseMs=0 stepMs=200
[npc_patrol] read movement entity=traveller pos=(10,10) size=1x1 mode=idle waypoints= loop=true pauseMs=0 stepMs=200
[step_studio_trace] npc_presence_applied map=jardin entity=chief present=true
[step_studio_trace] npc_presence_applied map=jardin entity=traveller present=true
[npc_patrol] read movement entity=chief pos=(8,10) size=1x1 mode=idle waypoints= loop=true pauseMs=0 stepMs=200
[npc_patrol] read movement entity=traveller pos=(10,10) size=1x1 mode=idle waypoints= loop=true pauseMs=0 stepMs=200
[step_studio_trace] npc_presence_applied map=jardin entity=chief present=true
[step_studio_trace] npc_presence_applied map=jardin entity=traveller present=true
[npc_patrol] read movement entity=chief pos=(8,10) size=1x1 mode=idle waypoints= loop=true pauseMs=0 stepMs=200
[npc_patrol] read movement entity=traveller pos=(10,10) size=1x1 mode=idle waypoints= loop=true pauseMs=0 stepMs=200
[step_studio_trace] npc_presence_applied map=jardin entity=chief present=true
[step_studio_trace] npc_presence_applied map=jardin entity=traveller present=true
[npc_patrol] read movement entity=chief pos=(8,10) size=1x1 mode=idle waypoints= loop=true pauseMs=0 stepMs=200
[npc_patrol] read movement entity=traveller pos=(10,10) size=1x1 mode=idle waypoints= loop=true pauseMs=0 stepMs=200
[step_studio_trace] npc_presence_applied map=jardin entity=chief present=true
[step_studio_trace] npc_presence_applied map=jardin entity=traveller present=true
[npc_patrol] read movement entity=chief pos=(8,10) size=1x1 mode=idle waypoints= loop=true pauseMs=0 stepMs=200
[npc_patrol] read movement entity=traveller pos=(10,10) size=1x1 mode=idle waypoints= loop=true pauseMs=0 stepMs=200
[step_studio_trace] npc_presence_applied map=jardin entity=chief present=true
[step_studio_trace] npc_presence_applied map=jardin entity=traveller present=true
[npc_patrol] read movement entity=chief pos=(8,10) size=1x1 mode=idle waypoints= loop=true pauseMs=0 stepMs=200
[npc_patrol] read movement entity=traveller pos=(10,10) size=1x1 mode=idle waypoints= loop=true pauseMs=0 stepMs=200
[event_v2] mapEnter activation=mapact_1790882156016375_2 map=jardin reason=saveRestore result=MapEnterProductionDispatchLegacyFallback
[load] game loaded from saveId=default
05:05 +391 -11: /Users/karim/Project/pokemonProject/apps/avelune_studio/test/m3_story_runtime_test.dart: published story plays choices, conditions, one-shot and isolated save/load
05:05 +392 -11: /Users/karim/Project/pokemonProject/apps/avelune_studio/test/m3_story_runtime_test.dart: published story plays choices, conditions, one-shot and isolated save/load
05:05 +393 -11: /Users/karim/Project/pokemonProject/apps/avelune_studio/test/m3_story_runtime_test.dart: published story plays choices, conditions, one-shot and isolated save/load
[runtime_loader] bundle load start projectFilePath=/private/var/folders/b5/7gsfwzyd449_54n8l40h40gc0000gn/T/avelune_m3_story_jqlyB4/project.json mapId=jardin
[runtime_loader] project manifest lookup path=/private/var/folders/b5/7gsfwzyd449_54n8l40h40gc0000gn/T/avelune_m3_story_jqlyB4/project.json
[runtime_loader] project manifest read ok bytes=34071
[runtime_loader] project manifest validated maps=2 tilesets=1 scenarios=0
[runtime_loader] bundle map resolved mapId=jardin relativePath=maps/jardin.json mapPath=/private/var/folders/b5/7gsfwzyd449_54n8l40h40gc0000gn/T/avelune_m3_story_jqlyB4/maps/jardin.json
[runtime_loader] map file lookup path=/private/var/folders/b5/7gsfwzyd449_54n8l40h40gc0000gn/T/avelune_m3_story_jqlyB4/maps/jardin.json
[runtime_loader] map file read ok bytes=19335
[runtime_loader] map validated id=jardin size=24x16 layers=3 entities=3 placedElements=3 warps=0 triggers=1
[runtime_loader] bundle tilesets collected ids=atelier
[runtime_loader] bundle tileset path id=atelier path=/private/var/folders/b5/7gsfwzyd449_54n8l40h40gc0000gn/T/avelune_m3_story_jqlyB4/assets/atelier.png
[runtime_loader] bundle load ok mapId=jardin projectRoot=/private/var/folders/b5/7gsfwzyd449_54n8l40h40gc0000gn/T/avelune_m3_story_jqlyB4 tilesets=1
[runtime_game] tileset image load start map=jardin
[runtime_game] tileset cache resolve requested=1
[runtime_game] tileset cache resolve ok result=1
[runtime_game] onLoad start map=jardin projectFilePath=/private/var/folders/b5/7gsfwzyd449_54n8l40h40gc0000gn/T/avelune_m3_story_jqlyB4/project.json tilesets=1
[runtime_game] world build start map=jardin
[runtime] Map loaded: jardin, spawn at (8, 9)
[runtime_game] tileset image load ok count=1 map=jardin
[runtime_game] mount root map start map=jardin
[step_studio_trace] npc_mount_added map=jardin entity=chief
[step_studio_trace] npc_mount_added map=jardin entity=traveller
[step_studio_trace] npc_presence_applied map=jardin entity=chief present=true
[step_studio_trace] npc_presence_applied map=jardin entity=traveller present=true
[runtime_game] mount root map ok map=jardin
[npc_patrol] read movement entity=chief pos=(8,10) size=1x1 mode=idle waypoints= loop=true pauseMs=0 stepMs=200
[npc_patrol] read movement entity=traveller pos=(10,10) size=1x1 mode=idle waypoints= loop=true pauseMs=0 stepMs=200
[runtime_game] onLoad completed activeMapId=jardin
[runtime_loader] map file lookup path=/private/var/folders/b5/7gsfwzyd449_54n8l40h40gc0000gn/T/avelune_m3_story_jqlyB4/maps/clairiere.json
[runtime_loader] map file read ok bytes=17376
[runtime_loader] map validated id=clairiere size=24x16 layers=3 entities=1 placedElements=3 warps=0 triggers=0
[step_studio_trace] npc_presence_applied map=jardin entity=chief present=true
[step_studio_trace] npc_presence_applied map=jardin entity=traveller present=true
[npc_patrol] read movement entity=chief pos=(8,10) size=1x1 mode=idle waypoints= loop=true pauseMs=0 stepMs=200
[npc_patrol] read movement entity=traveller pos=(10,10) size=1x1 mode=idle waypoints= loop=true pauseMs=0 stepMs=200
[step_studio_trace] npc_presence_applied map=jardin entity=chief present=true
[step_studio_trace] npc_presence_applied map=jardin entity=traveller present=true
[npc_patrol] read movement entity=chief pos=(8,10) size=1x1 mode=idle waypoints= loop=true pauseMs=0 stepMs=200
[npc_patrol] read movement entity=traveller pos=(10,10) size=1x1 mode=idle waypoints= loop=true pauseMs=0 stepMs=200
[step_studio_trace] npc_presence_applied map=jardin entity=chief present=true
[step_studio_trace] npc_presence_applied map=jardin entity=traveller present=true
[npc_patrol] read movement entity=chief pos=(8,10) size=1x1 mode=idle waypoints= loop=true pauseMs=0 stepMs=200
[npc_patrol] read movement entity=traveller pos=(10,10) size=1x1 mode=idle waypoints= loop=true pauseMs=0 stepMs=200
[event_v2] mapEnter activation=mapact_1790882158358682_1 map=jardin reason=initialBoot result=MapEnterProductionDispatchLegacyFallback
[step_studio_trace] runtime_save_requested map=jardin completedStepIds=[] completedCutsceneIds=[]
05:06 +394 -11: /Users/karim/Project/pokemonProject/apps/avelune_studio/test/ui13_verification_runtime_test.dart: a receipt of another version is stale, never a success
05:07 +395 -11: /Users/karim/Project/pokemonProject/apps/avelune_studio/test/ui13_verification_runtime_test.dart: a receipt of another profile is refused with its provenance
05:07 +396 -11: /Users/karim/Project/pokemonProject/apps/avelune_studio/test/ui13_verification_runtime_test.dart: a receipt missing a required suite stays inconclusive
05:07 +397 -11: /Users/karim/Project/pokemonProject/apps/avelune_studio/test/ui13_verification_runtime_test.dart: an unreadable receipt is reported, not ignored
05:07 +398 -11: /Users/karim/Project/pokemonProject/apps/avelune_studio/test/ui13_verification_runtime_test.dart: a matching receipt is the only one that verifies runtime
05:07 +399 -11: /Users/karim/Project/pokemonProject/apps/avelune_studio/test/ui13_verification_executor_test.dart: the real analysis runs outside the interface isolate
05:07 +400 -11: /Users/karim/Project/pokemonProject/apps/avelune_studio/test/ui13_verification_executor_test.dart: the real analysis runs outside the interface isolate
05:08 +401 -11: /Users/karim/Project/pokemonProject/apps/avelune_studio/test/ui13_verification_executor_test.dart: abandoning stops the work and adopts nothing
05:08 +402 -11: /Users/karim/Project/pokemonProject/apps/avelune_studio/test/ui13_verification_executor_test.dart: a late reply never takes the place of the current state
05:08 +403 -11: /Users/karim/Project/pokemonProject/apps/avelune_studio/test/ui13_verification_executor_test.dart: a replacing request keeps only its own answer
05:08 +404 -11: /Users/karim/Project/pokemonProject/apps/avelune_studio/test/stories/story_publication_ui07_test.dart: story action preserves concurrent image import and every map byte
05:08 +405 -11: /Users/karim/Project/pokemonProject/apps/avelune_studio/test/stories/story_publication_ui07_test.dart: story action preserves concurrent image import and every map byte
05:09 +406 -11: /Users/karim/Project/pokemonProject/apps/avelune_studio/test/stories/story_publication_ui07_test.dart: story action preserves concurrent image import and every map byte
05:09 +407 -11: /Users/karim/Project/pokemonProject/apps/avelune_studio/test/stories/story_publication_ui07_test.dart: story action preserves concurrent image import and every map byte
05:09 +408 -11: /Users/karim/Project/pokemonProject/apps/avelune_studio/test/stories/story_publication_ui07_test.dart: same aggregate conflict and vanished target are refused without overwrite
05:09 +409 -11: /Users/karim/Project/pokemonProject/apps/avelune_studio/test/stories/story_publication_ui07_test.dart: interrupted promotion recovers; external journal conflict keeps draft and file
05:09 +410 -11: /Users/karim/Project/pokemonProject/apps/avelune_studio/test/stories/ui07_story_fixture_test.dart: rich fixture publishes real outcomes, owner relationship and modern scene link
05:10 +411 -11: /Users/karim/Project/pokemonProject/apps/avelune_studio/test/stories/story_sessions_ui07_test.dart: UI05 and UI07 share drafts, facts and publication without any map
05:10 +412 -11: /Users/karim/Project/pokemonProject/apps/avelune_studio/test/stories/ui07_story_fixture_test.dart: construction fixture provides prerequisites but no authored stories
05:11 +413 -11: /Users/karim/Project/pokemonProject/apps/avelune_studio/test/stories/story_sessions_ui07_test.dart: secondary owner is edited, undone and saved from primary context
05:11 +414 -11: /Users/karim/Project/pokemonProject/apps/avelune_studio/test/stories/story_sessions_ui07_test.dart: rejected duplicate and reciprocal cycle add no history entry
05:11 +415 -11: /Users/karim/Project/pokemonProject/apps/avelune_studio/test/stories/story_sessions_ui07_test.dart: clean refresh invalidates stale history; dirty base survives catalog change
05:11 +416 -11: /Users/karim/Project/pokemonProject/apps/avelune_studio/test/stories/story_sessions_ui07_test.dart: history is bounded and repeated consultation uses the same projection source
05:11 +417 -11: /Users/karim/Project/pokemonProject/apps/avelune_studio/test/stories/story_sessions_ui07_test.dart: first declared outcome connection is one reversible aggregate delta
05:11 +418 -11: /Users/karim/Project/pokemonProject/apps/avelune_studio/test/stories/story_publication_races_ui07_test.dart: edit during publication stays dirty, revertToBase=false
05:12 +419 -11: /Users/karim/Project/pokemonProject/apps/avelune_studio/test/stories/story_publication_races_ui07_test.dart: edit during publication stays dirty, revertToBase=false
05:12 +420 -11: /Users/karim/Project/pokemonProject/apps/avelune_studio/test/stories/story_publication_races_ui07_test.dart: edit during publication stays dirty, revertToBase=false
05:12 +421 -11: /Users/karim/Project/pokemonProject/apps/avelune_studio/test/stories/story_publication_races_ui07_test.dart: edit during publication stays dirty, revertToBase=false
05:12 +422 -11: /Users/karim/Project/pokemonProject/apps/avelune_studio/test/stories/story_publication_races_ui07_test.dart: edit during publication stays dirty, revertToBase=true
05:12 +423 -11: /Users/karim/Project/pokemonProject/apps/avelune_studio/test/stories/story_publication_races_ui07_test.dart: late response after close does not replace the workspace catalog
05:12 +424 -11: /Users/karim/Project/pokemonProject/apps/avelune_studio/test/stories/story_publication_races_ui07_test.dart: partial multi-owner failure reports written scope and keeps remaining draft
05:13 +425 -11: /Users/karim/Project/pokemonProject/apps/avelune_studio/test/stories/story_reconciliation_ui07_test.dart: explicit reload reconciles target and preserves every unrelated dirty draft
05:13 +426 -11: /Users/karim/Project/pokemonProject/apps/avelune_studio/test/stories/story_reconciliation_ui07_test.dart: explicit reload reconciles target and preserves every unrelated dirty draft
05:13 +427 -11: /Users/karim/Project/pokemonProject/apps/avelune_studio/test/stories/story_reconciliation_ui07_test.dart: explicit reload reconciles target and preserves every unrelated dirty draft
05:13 +428 -11: /Users/karim/Project/pokemonProject/apps/avelune_studio/test/stories/story_reconciliation_ui07_test.dart: explicit reload reconciles target and preserves every unrelated dirty draft
05:13 +429 -11: /Users/karim/Project/pokemonProject/apps/avelune_studio/test/stories/story_reconciliation_ui07_test.dart: explicit reload reconciles target and preserves every unrelated dirty draft
05:13 +430 -11: /Users/karim/Project/pokemonProject/apps/avelune_studio/test/stories/story_reconciliation_ui07_test.dart: explicit reload reconciles target and preserves every unrelated dirty draft
05:13 +431 -11: /Users/karim/Project/pokemonProject/apps/avelune_studio/test/architecture/architecture_boundaries_test.dart: application et domaine restent purs dans leur graphe transitif
05:13 +432 -11: /Users/karim/Project/pokemonProject/apps/avelune_studio/test/architecture/architecture_boundaries_test.dart: application et domaine restent purs dans leur graphe transitif
05:13 +433 -11: /Users/karim/Project/pokemonProject/apps/avelune_studio/test/architecture/architecture_boundaries_test.dart: application et domaine restent purs dans leur graphe transitif
05:13 +434 -11: /Users/karim/Project/pokemonProject/apps/avelune_studio/test/architecture/architecture_boundaries_test.dart: presentation sans acces aux adaptateurs ou au filesystem
05:14 +435 -11: /Users/karim/Project/pokemonProject/apps/avelune_studio/test/architecture/architecture_boundaries_test.dart: theme et widgets partages independants des features et de la DI
05:14 +436 -11: /Users/karim/Project/pokemonProject/apps/avelune_studio/test/architecture/architecture_boundaries_test.dart: presentation centralisee et barrel DI limite aux exports
05:14 +437 -11: /Users/karim/Project/pokemonProject/apps/avelune_studio/test/architecture/architecture_boundaries_test.dart: aucun import prive inter-package dans les sources Studio
05:14 +438 -11: /Users/karim/Project/pokemonProject/apps/avelune_studio/test/architecture/architecture_boundaries_test.dart: aucune dependance vers ancien editeur
05:15 +439 -11: /Users/karim/Project/pokemonProject/apps/avelune_studio/test/dialogues_ui09_nested_navigation_test.dart: nested events → scene → dialogue returns to exact owner
05:15 +439 -12: /Users/karim/Project/pokemonProject/apps/avelune_studio/test/dialogues_ui09_nested_navigation_test.dart: nested events → scene → dialogue returns to exact owner
05:15 +439 -12: /Users/karim/Project/pokemonProject/apps/avelune_studio/test/architecture/architecture_boundaries_test.dart: fichiers Dart manuels limites a 300 lignes [E]
  Expected: empty
    Actual: [
              '/Users/karim/Project/pokemonProject/apps/avelune_studio/lib/features/game_export/data/studio_game_export_controller.dart: 318 lignes',
              '/Users/karim/Project/pokemonProject/apps/avelune_studio/lib/features/map_workspace/application/map_editing_commands.dart: 310 lignes',
              '/Users/karim/Project/pokemonProject/apps/avelune_studio/lib/presentation/features/pokemon/pokemon_commerce_page.dart: 303 lignes',
              '/Users/karim/Project/pokemonProject/apps/avelune_studio/lib/presentation/features/map_workspace/map_workspace_canvas.dart: 474 lignes',
              '/Users/karim/Project/pokemonProject/apps/avelune_studio/lib/presentation/features/map_workspace/map_workspace_tool_strip.dart: 306 lignes',
              '/Users/karim/Project/pokemonProject/apps/avelune_studio/test/home/home_visual_test.dart: 312 lignes',
              '/Users/karim/Project/pokemonProject/apps/avelune_studio/test/pokemon/pokemon_capture_sprite_test.dart: 362 lignes',
              '/Users/karim/Project/pokemonProject/apps/avelune_studio/test/game_export/studio_project_item_icons_export_test.dart: 321 lignes',
              '/Users/karim/Project/pokemonProject/apps/avelune_studio/test/map_workspace/decor_transform_host_test.dart: 389 lignes'
            ]
  
  package:matcher                                            expect
  package:flutter_test/src/widget_tester.dart 473:18         expect
  test/architecture/architecture_boundaries_test.dart 169:5  main.<fn>
  
05:16 +440 -12: /Users/karim/Project/pokemonProject/apps/avelune_studio/test/dialogues_ui09_nested_navigation_test.dart: nested events → scene → dialogue returns to exact owner
05:16 +441 -12: /Users/karim/Project/pokemonProject/apps/avelune_studio/test/dialogues_ui09_nested_navigation_test.dart: nested events → scene → dialogue returns to exact owner
05:16 +442 -12: /Users/karim/Project/pokemonProject/apps/avelune_studio/test/dialogues_ui09_nested_navigation_test.dart: nested events → scene → dialogue returns to exact owner
05:16 +443 -12: /Users/karim/Project/pokemonProject/apps/avelune_studio/test/dialogues_ui09_nested_navigation_test.dart: nested events → scene → dialogue returns to exact owner
05:17 +444 -12: /Users/karim/Project/pokemonProject/apps/avelune_studio/test/dialogues_ui09_nested_navigation_test.dart: nested events → scene → dialogue returns to exact owner
05:17 +445 -12: /Users/karim/Project/pokemonProject/apps/avelune_studio/test/dialogues_ui09_nested_navigation_test.dart: nested events → scene → dialogue returns to exact owner
05:18 +446 -12: /Users/karim/Project/pokemonProject/apps/avelune_studio/test/dialogues_ui09_nested_navigation_test.dart: nested events → scene → dialogue returns to exact owner
05:18 +447 -12: /Users/karim/Project/pokemonProject/apps/avelune_studio/test/dialogues_ui09_nested_navigation_test.dart: nested events → scene → dialogue returns to exact owner
05:19 +448 -12: /Users/karim/Project/pokemonProject/apps/avelune_studio/test/dialogues_ui09_nested_navigation_test.dart: nested events → scene → dialogue returns to exact owner
05:20 +449 -12: /Users/karim/Project/pokemonProject/apps/avelune_studio/test/dialogues_ui09_nested_navigation_test.dart: nested events → scene → dialogue returns to exact owner
05:20 +450 -12: /Users/karim/Project/pokemonProject/apps/avelune_studio/test/dialogues_ui09_nested_navigation_test.dart: nested events → scene → dialogue returns to exact owner
05:20 +451 -12: /Users/karim/Project/pokemonProject/apps/avelune_studio/test/dialogues_ui09_nested_navigation_test.dart: nested stories → scene → dialogue returns to exact owner
05:21 +452 -12: /Users/karim/Project/pokemonProject/apps/avelune_studio/test/dialogues_ui09_nested_navigation_test.dart: nested stories → scene → dialogue returns to exact owner
05:21 +453 -12: /Users/karim/Project/pokemonProject/apps/avelune_studio/test/dialogues_ui09_nested_navigation_test.dart: nested stories → scene → dialogue returns to exact owner
05:21 +454 -12: /Users/karim/Project/pokemonProject/apps/avelune_studio/test/dialogues_ui09_nested_navigation_test.dart: nested stories → scene → dialogue returns to exact owner
05:21 +455 -12: /Users/karim/Project/pokemonProject/apps/avelune_studio/test/dialogues_ui09_nested_navigation_test.dart: nested stories → scene → dialogue returns to exact owner
05:21 +456 -12: /Users/karim/Project/pokemonProject/apps/avelune_studio/test/dialogues_ui09_nested_navigation_test.dart: nested stories → scene → dialogue returns to exact owner
05:21 +457 -12: /Users/karim/Project/pokemonProject/apps/avelune_studio/test/dialogues_ui09_nested_navigation_test.dart: nested stories → scene → dialogue returns to exact owner
05:22 +458 -12: /Users/karim/Project/pokemonProject/apps/avelune_studio/test/dialogues_ui09_nested_navigation_test.dart: nested stories → scene → dialogue returns to exact owner
05:22 +459 -12: /Users/karim/Project/pokemonProject/apps/avelune_studio/test/dialogues_ui09_nested_navigation_test.dart: nested stories → scene → dialogue returns to exact owner
05:23 +460 -12: /Users/karim/Project/pokemonProject/apps/avelune_studio/test/dialogues_ui09_nested_navigation_test.dart: nested stories → scene → dialogue returns to exact owner
05:24 +461 -12: /Users/karim/Project/pokemonProject/apps/avelune_studio/test/resource_io/border_publication_retry_test.dart: failed publication keeps one resumable border draft
05:25 +462 -12: /Users/karim/Project/pokemonProject/apps/avelune_studio/test/resource_io/decor_resource_io_test.dart: PNG selection, collision, variant, repeated placement, undo and disk reopen
05:25 +463 -12: /Users/karim/Project/pokemonProject/apps/avelune_studio/test/resource_io/terrain_navigation_ui04_test.dart: same image creates distinct drafts and reopening retains canonical identity
05:26 +464 -12: /Users/karim/Project/pokemonProject/apps/avelune_studio/test/resource_io/terrain_resource_io_test.dart: outer corner publishes and resolves after independent reopen
05:26 +465 -12: /Users/karim/Project/pokemonProject/apps/avelune_studio/test/resource_io/terrain_resource_io_test.dart: outer corner publishes and resolves after independent reopen
05:27 +466 -12: /Users/karim/Project/pokemonProject/apps/avelune_studio/test/resource_io/terrain_resource_io_test.dart: draft, publish, paint, erase, save and fresh reopen use canonical resources
05:27 +467 -12: /Users/karim/Project/pokemonProject/apps/avelune_studio/test/resource_io/terrain_resource_io_test.dart: draft, publish, paint, erase, save and fresh reopen use canonical resources
05:28 +468 -12: /Users/karim/Project/pokemonProject/apps/avelune_studio/test/resource_io/terrain_resource_io_test.dart: draft, publish, paint, erase, save and fresh reopen use canonical resources
05:28 +469 -12: /Users/karim/Project/pokemonProject/apps/avelune_studio/test/resource_io/local_resource_adapter_test.dart: dirty map survives import and saves against accepted receipt
05:28 +470 -12: /Users/karim/Project/pokemonProject/apps/avelune_studio/test/resource_io/local_resource_adapter_test.dart: creates and publishes a drawable border from project elements
05:28 +471 -12: /Users/karim/Project/pokemonProject/apps/avelune_studio/test/resource_io/local_resource_adapter_test.dart: missing border image leaves no draft behind
05:28 +472 -12: /Users/karim/Project/pokemonProject/apps/avelune_studio/test/resource_io/local_resource_adapter_test.dart: missing border image leaves no draft behind
05:28 +473 -12: /Users/karim/Project/pokemonProject/apps/avelune_studio/test/resource_io/local_resource_adapter_test.dart: missing border image leaves no draft behind
05:28 +474 -12: /Users/karim/Project/pokemonProject/apps/avelune_studio/test/resource_io/local_resource_adapter_test.dart: missing border image leaves no draft behind
05:28 +475 -12: /Users/karim/Project/pokemonProject/apps/avelune_studio/test/resource_io/local_resource_adapter_test.dart: missing border image leaves no draft behind
05:29 +476 -12: /Users/karim/Project/pokemonProject/apps/avelune_studio/test/resource_io/local_resource_adapter_test.dart: first decor category and definition commit together; variant preserves original
05:29 +477 -12: /Users/karim/Project/pokemonProject/apps/avelune_studio/test/resource_io/local_resource_adapter_test.dart: invalid grid leaves manifest, source and resource catalogue unpublished
05:29 +478 -12: /Users/karim/Project/pokemonProject/apps/avelune_studio/test/resource_io/local_resource_adapter_test.dart: external manifest edit blocks import without accepting foreign revision
05:29 +479 -12: /Users/karim/Project/pokemonProject/apps/avelune_studio/test/resource_io/local_resource_adapter_test.dart: external map edit stays protected by map CAS after own import
05:29 +480 -12: /Users/karim/Project/pokemonProject/apps/avelune_studio/test/resource_io/local_resource_adapter_test.dart: resource API rejects map mutation and preserves map bytes
05:29 +481 -12: /Users/karim/Project/pokemonProject/apps/avelune_studio/test/resource_io/local_resource_adapter_test.dart: folder organization uses canonical mutation and preserves open maps
05:29 +482 -12: /Users/karim/Project/pokemonProject/apps/avelune_studio/test/resource_io/local_resource_adapter_test.dart: invalid folder move leaves manifest and map unchanged
05:29 +483 -12: /Users/karim/Project/pokemonProject/apps/avelune_studio/test/resource_io/local_resource_adapter_test.dart: unchanged definition can be used without a mutation or lost conflict guard
05:29 +484 -12: /Users/karim/Project/pokemonProject/apps/avelune_studio/test/ui13_verification_identity_test.dart: two entities sharing an identifier stay two documents
05:30 +485 -12: /Users/karim/Project/pokemonProject/apps/avelune_studio/test/ui13_verification_identity_test.dart: an identifier answered by several documents is not guessed
05:30 +486 -12: /Users/karim/Project/pokemonProject/apps/avelune_studio/test/ui13_verification_identity_test.dart: a fact never resolves to an entity of the same name
05:30 +487 -12: /Users/karim/Project/pokemonProject/apps/avelune_studio/test/cinematics_ui10_parity_viewport_test.dart: preview camera zoom shake fade uses playback transform and Stop restores author view
05:30 +488 -12: /Users/karim/Project/pokemonProject/apps/avelune_studio/test/cinematics_ui10_parity_viewport_test.dart: preview camera zoom shake fade uses playback transform and Stop restores author view
05:30 +489 -12: /Users/karim/Project/pokemonProject/apps/avelune_studio/test/cinematics_ui10_parity_viewport_test.dart: preview camera zoom shake fade uses playback transform and Stop restores author view
══╡ EXCEPTION CAUGHT BY FLUTTER TEST FRAMEWORK ╞════════════════════════════════════════════════════
The following MapWorkspaceFailure was thrown while running async test code:
Cette carte est absente, invalide ou utilise un format non pris en charge.

When the exception was thrown, this was the stack:
#0      LocalMapWorkspaceAdapter.loadMap (package:avelune_studio/features/map_workspace/data/local_map_workspace_adapter.dart:163:7)
<asynchronous suspension>
#1      seedUi10Visuals (file:///Users/karim/Project/pokemonProject/apps/avelune_studio/test/support/ui10_fixture_visuals.dart:124:18)
<asynchronous suspension>
#2      createUi10Fixture (file:///Users/karim/Project/pokemonProject/apps/avelune_studio/test/support/ui10_cinematic_fixture.dart:18:5)
<asynchronous suspension>
#3      createUi10ParityFixture (file:///Users/karim/Project/pokemonProject/apps/avelune_studio/test/support/ui10_parity_fixture.dart:38:19)
<asynchronous suspension>
#4      main.<anonymous closure>.<anonymous closure> (file:///Users/karim/Project/pokemonProject/apps/avelune_studio/test/cinematics_ui10_parity_viewport_test.dart:22:25)
<asynchronous suspension>
<asynchronous suspension>
#6      main.<anonymous closure> (file:///Users/karim/Project/pokemonProject/apps/avelune_studio/test/cinematics_ui10_parity_viewport_test.dart:21:24)
<asynchronous suspension>
#7      testWidgets.<anonymous closure>.<anonymous closure> (package:flutter_test/src/widget_tester.dart:192:15)
<asynchronous suspension>
#8      TestWidgetsFlutterBinding._runTestBody (package:flutter_test/src/binding.dart:1953:5)
<asynchronous suspension>
<asynchronous suspension>
(elided 2 frames from dart:async and package:stack_trace)

The exception was caught asynchronously.
════════════════════════════════════════════════════════════════════════════════════════════════════
══╡ EXCEPTION CAUGHT BY FLUTTER TEST FRAMEWORK ╞════════════════════════════════════════════════════
The following _TypeError was thrown running a test:
Null check operator used on a null value

When the exception was thrown, this was the stack:
#0      main.<anonymous closure> (file:///Users/karim/Project/pokemonProject/apps/avelune_studio/test/cinematics_ui10_parity_viewport_test.dart:43:10)
<asynchronous suspension>
#1      testWidgets.<anonymous closure>.<anonymous closure> (package:flutter_test/src/widget_tester.dart:192:15)
<asynchronous suspension>
#2      TestWidgetsFlutterBinding._runTestBody (package:flutter_test/src/binding.dart:1953:5)
<asynchronous suspension>
<asynchronous suspension>
(elided one frame from package:stack_trace)

The test description was:
  preview camera zoom shake fade uses playback transform and Stop restores author view
════════════════════════════════════════════════════════════════════════════════════════════════════
══╡ EXCEPTION CAUGHT BY FLUTTER TEST FRAMEWORK ╞════════════════════════════════════════════════════
The following message was thrown:
Multiple exceptions (2) were detected during the running of the current test, and at least one was
unexpected.
════════════════════════════════════════════════════════════════════════════════════════════════════
05:32 +489 -13: /Users/karim/Project/pokemonProject/apps/avelune_studio/test/cinematics_ui10_nested_navigation_test.dart: UI10 nested events → scene → cinematic → dialogue returns to dirty owners
05:32 +489 -13: /Users/karim/Project/pokemonProject/apps/avelune_studio/test/cinematics_ui10_parity_viewport_test.dart: preview camera zoom shake fade uses playback transform and Stop restores author view [E]
  Test failed. See exception logs above.
  The test description was: preview camera zoom shake fade uses playback transform and Stop restores author view
  
05:33 +489 -13: /Users/karim/Project/pokemonProject/apps/avelune_studio/test/cinematics_ui10_nested_navigation_test.dart: UI10 nested events → scene → cinematic → dialogue returns to dirty owners
══╡ EXCEPTION CAUGHT BY FLUTTER TEST FRAMEWORK ╞════════════════════════════════════════════════════
The following MapWorkspaceFailure was thrown while running async test code:
Cette carte est absente, invalide ou utilise un format non pris en charge.

When the exception was thrown, this was the stack:
#0      LocalMapWorkspaceAdapter.loadMap (package:avelune_studio/features/map_workspace/data/local_map_workspace_adapter.dart:163:7)
<asynchronous suspension>
#1      seedUi10Visuals (file:///Users/karim/Project/pokemonProject/apps/avelune_studio/test/support/ui10_fixture_visuals.dart:124:18)
<asynchronous suspension>
#2      createUi10Fixture (file:///Users/karim/Project/pokemonProject/apps/avelune_studio/test/support/ui10_cinematic_fixture.dart:18:5)
<asynchronous suspension>
#3      Ui10WorkspaceHarness.create (file:///Users/karim/Project/pokemonProject/apps/avelune_studio/test/support/ui10_workspace_harness.dart:20:21)
<asynchronous suspension>
<asynchronous suspension>
#5      main.<anonymous closure> (file:///Users/karim/Project/pokemonProject/apps/avelune_studio/test/cinematics_ui10_nested_navigation_test.dart:28:26)
<asynchronous suspension>
#6      testWidgets.<anonymous closure>.<anonymous closure> (package:flutter_test/src/widget_tester.dart:192:15)
<asynchronous suspension>
#7      TestWidgetsFlutterBinding._runTestBody (package:flutter_test/src/binding.dart:1953:5)
<asynchronous suspension>
<asynchronous suspension>
(elided 2 frames from dart:async and package:stack_trace)

The exception was caught asynchronously.
════════════════════════════════════════════════════════════════════════════════════════════════════
══╡ EXCEPTION CAUGHT BY FLUTTER TEST FRAMEWORK ╞════════════════════════════════════════════════════
The following _TypeError was thrown running a test:
Null check operator used on a null value

When the exception was thrown, this was the stack:
#0      main.<anonymous closure> (file:///Users/karim/Project/pokemonProject/apps/avelune_studio/test/cinematics_ui10_nested_navigation_test.dart:30:11)
<asynchronous suspension>
#1      testWidgets.<anonymous closure>.<anonymous closure> (package:flutter_test/src/widget_tester.dart:192:15)
<asynchronous suspension>
#2      TestWidgetsFlutterBinding._runTestBody (package:flutter_test/src/binding.dart:1953:5)
<asynchronous suspension>
<asynchronous suspension>
(elided one frame from package:stack_trace)

The test description was:
  UI10 nested events → scene → cinematic → dialogue returns to dirty owners
════════════════════════════════════════════════════════════════════════════════════════════════════
══╡ EXCEPTION CAUGHT BY FLUTTER TEST FRAMEWORK ╞════════════════════════════════════════════════════
The following message was thrown:
Multiple exceptions (2) were detected during the running of the current test, and at least one was
unexpected.
════════════════════════════════════════════════════════════════════════════════════════════════════
05:33 +489 -14: /Users/karim/Project/pokemonProject/apps/avelune_studio/test/ui13_verification_late_evidence_test.dart: an abandoned control never replaces the report that followed
05:33 +489 -14: /Users/karim/Project/pokemonProject/apps/avelune_studio/test/cinematics_ui10_nested_navigation_test.dart: UI10 nested events → scene → cinematic → dialogue returns to dirty owners [E]
  Test failed. See exception logs above.
  The test description was: UI10 nested events → scene → cinematic → dialogue returns to dirty owners
  
05:33 +490 -14: /Users/karim/Project/pokemonProject/apps/avelune_studio/test/cinematics_ui10_nested_navigation_test.dart: UI10 nested stories → scene → cinematic → dialogue returns to dirty owners
05:33 +491 -14: /Users/karim/Project/pokemonProject/apps/avelune_studio/test/cinematics_ui10_nested_navigation_test.dart: UI10 nested stories → scene → cinematic → dialogue returns to dirty owners
05:33 +492 -14: /Users/karim/Project/pokemonProject/apps/avelune_studio/test/cinematics_ui10_nested_navigation_test.dart: UI10 nested stories → scene → cinematic → dialogue returns to dirty owners
05:34 +493 -14: /Users/karim/Project/pokemonProject/apps/avelune_studio/test/cinematics_ui10_nested_navigation_test.dart: UI10 nested stories → scene → cinematic → dialogue returns to dirty owners
05:34 +494 -14: /Users/karim/Project/pokemonProject/apps/avelune_studio/test/cinematics_ui10_nested_navigation_test.dart: UI10 nested stories → scene → cinematic → dialogue returns to dirty owners
══╡ EXCEPTION CAUGHT BY FLUTTER TEST FRAMEWORK ╞════════════════════════════════════════════════════
The following MapWorkspaceFailure was thrown while running async test code:
Cette carte est absente, invalide ou utilise un format non pris en charge.

When the exception was thrown, this was the stack:
#0      LocalMapWorkspaceAdapter.loadMap (package:avelune_studio/features/map_workspace/data/local_map_workspace_adapter.dart:163:7)
<asynchronous suspension>
#1      seedUi10Visuals (file:///Users/karim/Project/pokemonProject/apps/avelune_studio/test/support/ui10_fixture_visuals.dart:124:18)
<asynchronous suspension>
#2      createUi10Fixture (file:///Users/karim/Project/pokemonProject/apps/avelune_studio/test/support/ui10_cinematic_fixture.dart:18:5)
<asynchronous suspension>
#3      Ui10WorkspaceHarness.create (file:///Users/karim/Project/pokemonProject/apps/avelune_studio/test/support/ui10_workspace_harness.dart:20:21)
<asynchronous suspension>
<asynchronous suspension>
#5      main.<anonymous closure> (file:///Users/karim/Project/pokemonProject/apps/avelune_studio/test/cinematics_ui10_nested_navigation_test.dart:28:26)
<asynchronous suspension>
#6      testWidgets.<anonymous closure>.<anonymous closure> (package:flutter_test/src/widget_tester.dart:192:15)
<asynchronous suspension>
#7      TestWidgetsFlutterBinding._runTestBody (package:flutter_test/src/binding.dart:1953:5)
<asynchronous suspension>
<asynchronous suspension>
(elided 2 frames from dart:async and package:stack_trace)

The exception was caught asynchronously.
════════════════════════════════════════════════════════════════════════════════════════════════════
══╡ EXCEPTION CAUGHT BY FLUTTER TEST FRAMEWORK ╞════════════════════════════════════════════════════
The following _TypeError was thrown running a test:
Null check operator used on a null value

When the exception was thrown, this was the stack:
#0      main.<anonymous closure> (file:///Users/karim/Project/pokemonProject/apps/avelune_studio/test/cinematics_ui10_nested_navigation_test.dart:30:11)
<asynchronous suspension>
#1      testWidgets.<anonymous closure>.<anonymous closure> (package:flutter_test/src/widget_tester.dart:192:15)
<asynchronous suspension>
#2      TestWidgetsFlutterBinding._runTestBody (package:flutter_test/src/binding.dart:1953:5)
<asynchronous suspension>
<asynchronous suspension>
(elided one frame from package:stack_trace)

The test description was:
  UI10 nested stories → scene → cinematic → dialogue returns to dirty owners
════════════════════════════════════════════════════════════════════════════════════════════════════
══╡ EXCEPTION CAUGHT BY FLUTTER TEST FRAMEWORK ╞════════════════════════════════════════════════════
The following message was thrown:
Multiple exceptions (2) were detected during the running of the current test, and at least one was
unexpected.
════════════════════════════════════════════════════════════════════════════════════════════════════
05:34 +494 -15: /Users/karim/Project/pokemonProject/apps/avelune_studio/test/cinematics_ui10_nested_navigation_test.dart: UI10 nested stories → scene → cinematic → dialogue returns to dirty owners [E]
  Test failed. See exception logs above.
  The test description was: UI10 nested stories → scene → cinematic → dialogue returns to dirty owners
  
05:34 +494 -15: /Users/karim/Project/pokemonProject/apps/avelune_studio/test/ui11_fixture_test.dart: UI11 isolated presentation fixture publishes real image and text
05:35 +495 -15: /Users/karim/Project/pokemonProject/apps/avelune_studio/test/ui11_fixture_test.dart: UI11 isolated presentation fixture publishes real image and text
05:35 +496 -15: /Users/karim/Project/pokemonProject/apps/avelune_studio/test/ui11_fixture_test.dart: UI11 isolated presentation fixture publishes real image and text
05:36 +497 -15: /Users/karim/Project/pokemonProject/apps/avelune_studio/test/terrain_outer_corner_test.dart: outer corner uses its own source and survives a published draft
05:37 +498 -15: /Users/karim/Project/pokemonProject/apps/avelune_studio/test/ui12_world_responsive_test.dart: UI12 stays usable at 1536
05:38 +499 -15: /Users/karim/Project/pokemonProject/apps/avelune_studio/test/ui12_world_responsive_test.dart: UI12 stays usable at 1536
05:39 +500 -15: /Users/karim/Project/pokemonProject/apps/avelune_studio/test/events_ui09_dialogue_fixture_test.dart: UI09 fixture opens editable canonical conversation, portrait and dirty consumer
05:39 +501 -15: /Users/karim/Project/pokemonProject/apps/avelune_studio/test/ui12_world_responsive_test.dart: UI12 stays usable at 1440
05:40 +502 -15: /Users/karim/Project/pokemonProject/apps/avelune_studio/test/ui12_world_responsive_test.dart: UI12 stays usable at 1280
05:40 +503 -15: /Users/karim/Project/pokemonProject/apps/avelune_studio/test/ui12_world_responsive_test.dart: UI12 stays usable at 1280
05:41 +504 -15: /Users/karim/Project/pokemonProject/apps/avelune_studio/test/ui12_world_responsive_test.dart: UI12 stays usable at 1280
05:41 +505 -15: /Users/karim/Project/pokemonProject/apps/avelune_studio/test/ui12_world_responsive_test.dart: UI12 stays usable at 1280
05:41 +506 -15: /Users/karim/Project/pokemonProject/apps/avelune_studio/test/ui12_world_responsive_test.dart: UI12 stays usable at 1024
05:42 +507 -15: /Users/karim/Project/pokemonProject/apps/avelune_studio/test/ui11_presentation_library_test.dart: UI11 library visual ordering archives and restores the real asset
05:44 +508 -15: /Users/karim/Project/pokemonProject/apps/avelune_studio/test/ui11_presentation_library_test.dart: UI11 library visual ordering archives and restores the real asset
05:44 +509 -15: /Users/karim/Project/pokemonProject/apps/avelune_studio/test/ui11_presentation_library_test.dart: UI11 library visual ordering archives and restores the real asset
05:44 +510 -15: /Users/karim/Project/pokemonProject/apps/avelune_studio/test/ui11_presentation_library_test.dart: UI11 library visual ordering archives and restores the real asset
05:44 +511 -15: /Users/karim/Project/pokemonProject/apps/avelune_studio/test/ui11_presentation_library_test.dart: UI11 library visual ordering archives and restores the real asset
05:44 +512 -15: /Users/karim/Project/pokemonProject/apps/avelune_studio/test/ui11_presentation_library_test.dart: UI11 library visual ordering archives and restores the real asset
05:45 +513 -15: /Users/karim/Project/pokemonProject/apps/avelune_studio/test/ui11_presentation_library_test.dart: UI11 library visual ordering archives and restores the real asset
05:45 +514 -15: /Users/karim/Project/pokemonProject/apps/avelune_studio/test/ui11_presentation_library_test.dart: UI11 library visual ordering archives and restores the real asset
05:45 +515 -15: /Users/karim/Project/pokemonProject/apps/avelune_studio/test/ui11_presentation_library_test.dart: UI11 library visual ordering archives and restores the real asset
05:45 +516 -15: /Users/karim/Project/pokemonProject/apps/avelune_studio/test/ui11_presentation_library_test.dart: UI11 library visual ordering archives and restores the real asset
05:49 +517 -15: /Users/karim/Project/pokemonProject/apps/avelune_studio/test/ui12_workspace_return_test.dart: a detour through a second consumer still returns to scene A
05:51 +517 -15: /Users/karim/Project/pokemonProject/apps/avelune_studio/test/cinematics_ui10_renderer_test.dart: UI10 real map paints inside a new RepaintBoundary with unbounded recording clip
══╡ EXCEPTION CAUGHT BY FLUTTER TEST FRAMEWORK ╞════════════════════════════════════════════════════
The following MapWorkspaceFailure was thrown while running async test code:
Cette carte est absente, invalide ou utilise un format non pris en charge.

When the exception was thrown, this was the stack:
#0      LocalMapWorkspaceAdapter.loadMap (package:avelune_studio/features/map_workspace/data/local_map_workspace_adapter.dart:163:7)
<asynchronous suspension>
#1      seedUi10Visuals (file:///Users/karim/Project/pokemonProject/apps/avelune_studio/test/support/ui10_fixture_visuals.dart:124:18)
<asynchronous suspension>
#2      createUi10Fixture (file:///Users/karim/Project/pokemonProject/apps/avelune_studio/test/support/ui10_cinematic_fixture.dart:18:5)
<asynchronous suspension>
<asynchronous suspension>
#4      main.<anonymous closure> (file:///Users/karim/Project/pokemonProject/apps/avelune_studio/test/cinematics_ui10_renderer_test.dart:18:24)
<asynchronous suspension>
#5      testWidgets.<anonymous closure>.<anonymous closure> (package:flutter_test/src/widget_tester.dart:192:15)
<asynchronous suspension>
#6      TestWidgetsFlutterBinding._runTestBody (package:flutter_test/src/binding.dart:1953:5)
<asynchronous suspension>
<asynchronous suspension>
(elided 2 frames from dart:async and package:stack_trace)

The exception was caught asynchronously.
════════════════════════════════════════════════════════════════════════════════════════════════════
══╡ EXCEPTION CAUGHT BY FLUTTER TEST FRAMEWORK ╞════════════════════════════════════════════════════
The following _TypeError was thrown running a test:
Null check operator used on a null value

When the exception was thrown, this was the stack:
#0      main.<anonymous closure> (file:///Users/karim/Project/pokemonProject/apps/avelune_studio/test/cinematics_ui10_renderer_test.dart:18:73)
<asynchronous suspension>
#1      testWidgets.<anonymous closure>.<anonymous closure> (package:flutter_test/src/widget_tester.dart:192:15)
<asynchronous suspension>
#2      TestWidgetsFlutterBinding._runTestBody (package:flutter_test/src/binding.dart:1953:5)
<asynchronous suspension>
<asynchronous suspension>
(elided one frame from package:stack_trace)

The test description was:
  UI10 real map paints inside a new RepaintBoundary with unbounded recording clip
════════════════════════════════════════════════════════════════════════════════════════════════════
══╡ EXCEPTION CAUGHT BY FLUTTER TEST FRAMEWORK ╞════════════════════════════════════════════════════
The following message was thrown:
Multiple exceptions (2) were detected during the running of the current test, and at least one was
unexpected.
════════════════════════════════════════════════════════════════════════════════════════════════════
05:51 +517 -16: /Users/karim/Project/pokemonProject/apps/avelune_studio/test/ui12_workspace_return_test.dart: a detour through a second consumer still returns to scene A
05:51 +517 -16: /Users/karim/Project/pokemonProject/apps/avelune_studio/test/cinematics_ui10_renderer_test.dart: UI10 real map paints inside a new RepaintBoundary with unbounded recording clip [E]
  Test failed. See exception logs above.
  The test description was: UI10 real map paints inside a new RepaintBoundary with unbounded recording clip
  
05:52 +518 -16: /Users/karim/Project/pokemonProject/apps/avelune_studio/test/cinematics_ui10_renderer_test.dart: UI10 canonical actor renderer selects walk frames at absolute time and rewinds exactly
05:53 +518 -17: /Users/karim/Project/pokemonProject/apps/avelune_studio/test/cinematics_ui10_renderer_test.dart: UI10 canonical actor renderer selects walk frames at absolute time and rewinds exactly [E]
  Cette carte est absente, invalide ou utilise un format non pris en charge.
  package:avelune_studio/features/map_workspace/data/local_map_workspace_adapter.dart 163:7  LocalMapWorkspaceAdapter.loadMap
  
05:53 +518 -17: /Users/karim/Project/pokemonProject/apps/avelune_studio/test/story_graph_canvas_test.dart: pending outcome identity avoids another result and preserves source names
05:53 +519 -17: /Users/karim/Project/pokemonProject/apps/avelune_studio/test/story_graph_canvas_test.dart: first declared outcome connects without a fabricated effect
05:53 +520 -17: /Users/karim/Project/pokemonProject/apps/avelune_studio/test/story_graph_canvas_test.dart: first declared outcome connects without a fabricated effect
05:53 +521 -17: /Users/karim/Project/pokemonProject/apps/avelune_studio/test/story_graph_canvas_test.dart: first declared outcome connects without a fabricated effect
05:53 +522 -17: /Users/karim/Project/pokemonProject/apps/avelune_studio/test/story_graph_canvas_test.dart: first declared outcome connects without a fabricated effect
05:53 +523 -17: /Users/karim/Project/pokemonProject/apps/avelune_studio/test/story_graph_canvas_test.dart: first declared outcome connects without a fabricated effect
05:53 +524 -17: /Users/karim/Project/pokemonProject/apps/avelune_studio/test/story_graph_canvas_test.dart: first declared outcome connects without a fabricated effect
05:53 +525 -17: /Users/karim/Project/pokemonProject/apps/avelune_studio/test/story_graph_canvas_test.dart: first declared outcome connects without a fabricated effect
05:53 +526 -17: /Users/karim/Project/pokemonProject/apps/avelune_studio/test/story_graph_canvas_test.dart: first declared outcome connects without a fabricated effect
05:54 +527 -17: /Users/karim/Project/pokemonProject/apps/avelune_studio/test/story_graph_canvas_test.dart: outcome pointer uses exact second step after pan and zoom
05:54 +528 -17: /Users/karim/Project/pokemonProject/apps/avelune_studio/test/story_graph_canvas_test.dart: fact pointer chooses exact completion slot and false value
05:54 +529 -17: /Users/karim/Project/pokemonProject/apps/avelune_studio/test/story_graph_canvas_test.dart: secondary relationship keeps canonical owner outside displayed story
05:54 +530 -17: /Users/karim/Project/pokemonProject/apps/avelune_studio/test/story_graph_canvas_test.dart: pointer cancellation and empty drop have zero mutations
05:54 +531 -17: /Users/karim/Project/pokemonProject/apps/avelune_studio/test/story_graph_canvas_test.dart: pointer cancellation and empty drop have zero mutations
05:54 +532 -17: /Users/karim/Project/pokemonProject/apps/avelune_studio/test/story_graph_canvas_test.dart: pointer cancellation and empty drop have zero mutations
05:54 +533 -17: /Users/karim/Project/pokemonProject/apps/avelune_studio/test/story_graph_canvas_test.dart: pointer cancellation and empty drop have zero mutations
05:54 +534 -17: /Users/karim/Project/pokemonProject/apps/avelune_studio/test/story_graph_canvas_test.dart: pointer cancellation and empty drop have zero mutations
05:54 +535 -17: /Users/karim/Project/pokemonProject/apps/avelune_studio/test/story_graph_canvas_test.dart: pointer cancellation and empty drop have zero mutations
05:54 +536 -17: /Users/karim/Project/pokemonProject/apps/avelune_studio/test/story_graph_canvas_test.dart: pointer cancellation and empty drop have zero mutations
05:54 +537 -17: /Users/karim/Project/pokemonProject/apps/avelune_studio/test/story_graph_canvas_test.dart: pointer cancellation and empty drop have zero mutations
05:54 +538 -17: /Users/karim/Project/pokemonProject/apps/avelune_studio/test/story_graph_canvas_test.dart: pointer cancellation and empty drop have zero mutations
05:54 +539 -17: /Users/karim/Project/pokemonProject/apps/avelune_studio/test/story_graph_canvas_test.dart: pointer cancellation and empty drop have zero mutations
05:54 +540 -17: /Users/karim/Project/pokemonProject/apps/avelune_studio/test/story_graph_canvas_test.dart: pointer cancellation and empty drop have zero mutations
05:54 +541 -17: /Users/karim/Project/pokemonProject/apps/avelune_studio/test/story_graph_canvas_test.dart: pointer cancellation and empty drop have zero mutations
05:54 +542 -17: /Users/karim/Project/pokemonProject/apps/avelune_studio/test/story_graph_canvas_test.dart: pointer cancellation and empty drop have zero mutations
05:54 +543 -17: /Users/karim/Project/pokemonProject/apps/avelune_studio/test/story_graph_canvas_test.dart: pointer cancellation and empty drop have zero mutations
05:54 +544 -17: /Users/karim/Project/pokemonProject/apps/avelune_studio/test/story_graph_canvas_test.dart: pointer cancellation and empty drop have zero mutations
05:54 +545 -17: /Users/karim/Project/pokemonProject/apps/avelune_studio/test/story_graph_canvas_test.dart: group drag and view undo preserve canonical order and document
05:54 +546 -17: /Users/karim/Project/pokemonProject/apps/avelune_studio/test/story_graph_canvas_test.dart: trackpad over chapter and text shortcuts never mutate story
05:55 +547 -17: /Users/karim/Project/pokemonProject/apps/avelune_studio/test/story_graph_canvas_test.dart: curve hit testing resolves semantic edge away from its label
05:55 +548 -17: /Users/karim/Project/pokemonProject/apps/avelune_studio/test/story_graph_canvas_test.dart: curve hit testing resolves semantic edge away from its label
05:55 +549 -17: /Users/karim/Project/pokemonProject/apps/avelune_studio/test/story_graph_canvas_test.dart: curve hit testing resolves semantic edge away from its label
05:55 +550 -17: /Users/karim/Project/pokemonProject/apps/avelune_studio/test/story_graph_canvas_test.dart: curve hit testing resolves semantic edge away from its label
05:55 +551 -17: /Users/karim/Project/pokemonProject/apps/avelune_studio/test/story_graph_canvas_test.dart: curve hit testing resolves semantic edge away from its label
05:55 +552 -17: /Users/karim/Project/pokemonProject/apps/avelune_studio/test/story_graph_canvas_test.dart: curve hit testing resolves semantic edge away from its label
05:55 +553 -17: /Users/karim/Project/pokemonProject/apps/avelune_studio/test/story_graph_canvas_test.dart: curve hit testing resolves semantic edge away from its label
05:55 +554 -17: /Users/karim/Project/pokemonProject/apps/avelune_studio/test/story_graph_canvas_test.dart: curve hit testing resolves semantic edge away from its label
05:55 +555 -17: /Users/karim/Project/pokemonProject/apps/avelune_studio/test/story_graph_canvas_test.dart: curve hit testing resolves semantic edge away from its label
05:55 +556 -17: /Users/karim/Project/pokemonProject/apps/avelune_studio/test/story_graph_canvas_test.dart: curve hit testing resolves semantic edge away from its label
05:55 +557 -17: /Users/karim/Project/pokemonProject/apps/avelune_studio/test/story_graph_canvas_test.dart: curve hit testing resolves semantic edge away from its label
05:55 +558 -17: /Users/karim/Project/pokemonProject/apps/avelune_studio/test/story_graph_canvas_test.dart: curve hit testing resolves semantic edge away from its label
05:55 +559 -17: /Users/karim/Project/pokemonProject/apps/avelune_studio/test/story_graph_canvas_test.dart: curve hit testing resolves semantic edge away from its label
05:55 +560 -17: /Users/karim/Project/pokemonProject/apps/avelune_studio/test/story_graph_canvas_test.dart: curve hit testing resolves semantic edge away from its label
05:55 +561 -17: /Users/karim/Project/pokemonProject/apps/avelune_studio/test/story_graph_canvas_test.dart: curve hit testing resolves semantic edge away from its label
05:55 +562 -17: /Users/karim/Project/pokemonProject/apps/avelune_studio/test/story_graph_canvas_test.dart: curve hit testing resolves semantic edge away from its label
05:55 +563 -17: /Users/karim/Project/pokemonProject/apps/avelune_studio/test/story_graph_canvas_test.dart: curve hit testing resolves semantic edge away from its label
05:56 +564 -17: /Users/karim/Project/pokemonProject/apps/avelune_studio/test/application/decor_draft_test.dart: decor conversion permits matching non-square grid and precisely rejects unsupported geometry
05:56 +565 -17: /Users/karim/Project/pokemonProject/apps/avelune_studio/test/application/decor_draft_test.dart: variant creates independent identity and preserves animation, categories and advanced collision data
05:56 +566 -17: /Users/karim/Project/pokemonProject/apps/avelune_studio/test/application/decor_draft_test.dart: new rectangle decor blocks selected cells and rejects blank name
05:56 +567 -17: /Users/karim/Project/pokemonProject/apps/avelune_studio/test/application/project_session_races_test.dart: late A is released without replacing or closing ready B
05:56 +568 -17: /Users/karim/Project/pokemonProject/apps/avelune_studio/test/application/project_session_races_test.dart: late A failure leaves ready B unchanged
05:56 +569 -17: /Users/karim/Project/pokemonProject/apps/avelune_studio/test/application/project_session_races_test.dart: close during a read releases its late success and stays idle
05:56 +570 -17: /Users/karim/Project/pokemonProject/apps/avelune_studio/test/application/project_session_races_test.dart: close during a read ignores its late failure
05:56 +571 -17: /Users/karim/Project/pokemonProject/apps/avelune_studio/test/application/project_session_races_test.dart: dispose rejects late success without notifying detached views
05:56 +572 -17: /Users/karim/Project/pokemonProject/apps/avelune_studio/test/application/project_session_races_test.dart: opening B retains A and a failed replacement leaves A available
05:56 +573 -17: /Users/karim/Project/pokemonProject/apps/avelune_studio/test/application/project_session_races_test.dart: close while replacing releases previous and late candidate once each
05:56 +574 -17: /Users/karim/Project/pokemonProject/apps/avelune_studio/test/application/project_session_races_test.dart: successful replacement publishes B before releasing A
05:56 +575 -17: /Users/karim/Project/pokemonProject/apps/avelune_studio/test/application/project_session_races_test.dart: cancel keeps A ready and closes late B
05:56 +576 -17: /Users/karim/Project/pokemonProject/apps/avelune_studio/test/application/project_session_races_test.dart: cancel without previous project stays idle after late failure
05:56 +577 -17: /Users/karim/Project/pokemonProject/apps/avelune_studio/test/application/project_session_races_test.dart: dispose while replacing releases previous and late candidate
05:56 +578 -17: /Users/karim/Project/pokemonProject/apps/avelune_studio/test/application/project_session_races_test.dart: latest replacement failure retains A despite older success
05:56 +579 -17: /Users/karim/Project/pokemonProject/apps/avelune_studio/test/terrain_runtime_test.dart: new imported and published terrain renders its pixels in real runtime and walks
05:58 +579 -17: /Users/karim/Project/pokemonProject/apps/avelune_studio/test/cinematics_ui10_runtime_test.dart: UI10 real Flame cinematic animates before Scene continuation and restores authoring bytes
══╡ EXCEPTION CAUGHT BY FLUTTER TEST FRAMEWORK ╞════════════════════════════════════════════════════
The following MapWorkspaceFailure was thrown while running async test code:
Cette carte est absente, invalide ou utilise un format non pris en charge.

When the exception was thrown, this was the stack:
#0      LocalMapWorkspaceAdapter.loadMap (package:avelune_studio/features/map_workspace/data/local_map_workspace_adapter.dart:163:7)
<asynchronous suspension>
#1      seedUi10Visuals (file:///Users/karim/Project/pokemonProject/apps/avelune_studio/test/support/ui10_fixture_visuals.dart:124:18)
<asynchronous suspension>
#2      createUi10Fixture (file:///Users/karim/Project/pokemonProject/apps/avelune_studio/test/support/ui10_cinematic_fixture.dart:18:5)
<asynchronous suspension>
<asynchronous suspension>
#4      main.<anonymous closure> (file:///Users/karim/Project/pokemonProject/apps/avelune_studio/test/cinematics_ui10_runtime_test.dart:21:24)
<asynchronous suspension>
#5      testWidgets.<anonymous closure>.<anonymous closure> (package:flutter_test/src/widget_tester.dart:192:15)
<asynchronous suspension>
#6      TestWidgetsFlutterBinding._runTestBody (package:flutter_test/src/binding.dart:1953:5)
<asynchronous suspension>
<asynchronous suspension>
(elided 2 frames from dart:async and package:stack_trace)

The exception was caught asynchronously.
════════════════════════════════════════════════════════════════════════════════════════════════════
══╡ EXCEPTION CAUGHT BY FLUTTER TEST FRAMEWORK ╞════════════════════════════════════════════════════
The following _TypeError was thrown running a test:
Null check operator used on a null value

When the exception was thrown, this was the stack:
#0      main.<anonymous closure> (file:///Users/karim/Project/pokemonProject/apps/avelune_studio/test/cinematics_ui10_runtime_test.dart:23:9)
<asynchronous suspension>
#1      testWidgets.<anonymous closure>.<anonymous closure> (package:flutter_test/src/widget_tester.dart:192:15)
<asynchronous suspension>
#2      TestWidgetsFlutterBinding._runTestBody (package:flutter_test/src/binding.dart:1953:5)
<asynchronous suspension>
<asynchronous suspension>
(elided one frame from package:stack_trace)

The test description was:
  UI10 real Flame cinematic animates before Scene continuation and restores authoring bytes
════════════════════════════════════════════════════════════════════════════════════════════════════
══╡ EXCEPTION CAUGHT BY FLUTTER TEST FRAMEWORK ╞════════════════════════════════════════════════════
The following message was thrown:
Multiple exceptions (2) were detected during the running of the current test, and at least one was
unexpected.
════════════════════════════════════════════════════════════════════════════════════════════════════
05:58 +579 -18: /Users/karim/Project/pokemonProject/apps/avelune_studio/test/terrain_runtime_test.dart: new imported and published terrain renders its pixels in real runtime and walks
05:58 +579 -18: /Users/karim/Project/pokemonProject/apps/avelune_studio/test/cinematics_ui10_runtime_test.dart: UI10 real Flame cinematic animates before Scene continuation and restores authoring bytes [E]
  Test failed. See exception logs above.
  The test description was: UI10 real Flame cinematic animates before Scene continuation and restores authoring bytes
  
05:59 +579 -18: /Users/karim/Project/pokemonProject/apps/avelune_studio/test/cinematics_ui10_runtime_test.dart: UI10 leaving real runtime cancels cinematic without continuation or event consumption
══╡ EXCEPTION CAUGHT BY FLUTTER TEST FRAMEWORK ╞════════════════════════════════════════════════════
The following MapWorkspaceFailure was thrown while running async test code:
Cette carte est absente, invalide ou utilise un format non pris en charge.

When the exception was thrown, this was the stack:
#0      LocalMapWorkspaceAdapter.loadMap (package:avelune_studio/features/map_workspace/data/local_map_workspace_adapter.dart:163:7)
<asynchronous suspension>
#1      seedUi10Visuals (file:///Users/karim/Project/pokemonProject/apps/avelune_studio/test/support/ui10_fixture_visuals.dart:124:18)
<asynchronous suspension>
#2      createUi10Fixture (file:///Users/karim/Project/pokemonProject/apps/avelune_studio/test/support/ui10_cinematic_fixture.dart:18:5)
<asynchronous suspension>
<asynchronous suspension>
#4      main.<anonymous closure> (file:///Users/karim/Project/pokemonProject/apps/avelune_studio/test/cinematics_ui10_runtime_test.dart:120:24)
<asynchronous suspension>
#5      testWidgets.<anonymous closure>.<anonymous closure> (package:flutter_test/src/widget_tester.dart:192:15)
<asynchronous suspension>
#6      TestWidgetsFlutterBinding._runTestBody (package:flutter_test/src/binding.dart:1953:5)
<asynchronous suspension>
<asynchronous suspension>
(elided 2 frames from dart:async and package:stack_trace)

The exception was caught asynchronously.
════════════════════════════════════════════════════════════════════════════════════════════════════
══╡ EXCEPTION CAUGHT BY FLUTTER TEST FRAMEWORK ╞════════════════════════════════════════════════════
The following _TypeError was thrown running a test:
Null check operator used on a null value

When the exception was thrown, this was the stack:
#0      main.<anonymous closure> (file:///Users/karim/Project/pokemonProject/apps/avelune_studio/test/cinematics_ui10_runtime_test.dart:122:9)
<asynchronous suspension>
#1      testWidgets.<anonymous closure>.<anonymous closure> (package:flutter_test/src/widget_tester.dart:192:15)
<asynchronous suspension>
#2      TestWidgetsFlutterBinding._runTestBody (package:flutter_test/src/binding.dart:1953:5)
<asynchronous suspension>
<asynchronous suspension>
(elided one frame from package:stack_trace)

The test description was:
  UI10 leaving real runtime cancels cinematic without continuation or event consumption
════════════════════════════════════════════════════════════════════════════════════════════════════
══╡ EXCEPTION CAUGHT BY FLUTTER TEST FRAMEWORK ╞════════════════════════════════════════════════════
The following message was thrown:
Multiple exceptions (2) were detected during the running of the current test, and at least one was
unexpected.
════════════════════════════════════════════════════════════════════════════════════════════════════
05:59 +579 -19: /Users/karim/Project/pokemonProject/apps/avelune_studio/test/terrain_runtime_test.dart: new imported and published terrain renders its pixels in real runtime and walks
05:59 +579 -19: /Users/karim/Project/pokemonProject/apps/avelune_studio/test/cinematics_ui10_runtime_test.dart: UI10 leaving real runtime cancels cinematic without continuation or event consumption [E]
  Test failed. See exception logs above.
  The test description was: UI10 leaving real runtime cancels cinematic without continuation or event consumption
  
06:00 +579 -19: /Users/karim/Project/pokemonProject/apps/avelune_studio/test/terrain_runtime_test.dart: new imported and published terrain renders its pixels in real runtime and walks
[runtime_loader] bundle load start projectFilePath=/private/var/folders/b5/7gsfwzyd449_54n8l40h40gc0000gn/T/studio_terrain_runtime_Y8SI5g/project.json mapId=jardin
[runtime_loader] project manifest lookup path=/private/var/folders/b5/7gsfwzyd449_54n8l40h40gc0000gn/T/studio_terrain_runtime_Y8SI5g/project.json
[runtime_loader] project manifest read ok bytes=43142
[runtime_loader] project manifest validated maps=2 tilesets=2 scenarios=0
[runtime_loader] bundle map resolved mapId=jardin relativePath=maps/jardin.json mapPath=/private/var/folders/b5/7gsfwzyd449_54n8l40h40gc0000gn/T/studio_terrain_runtime_Y8SI5g/maps/jardin.json
[runtime_loader] map file lookup path=/private/var/folders/b5/7gsfwzyd449_54n8l40h40gc0000gn/T/studio_terrain_runtime_Y8SI5g/maps/jardin.json
[runtime_loader] map file read ok bytes=22871
[runtime_loader] map validated id=jardin size=24x16 layers=4 entities=1 placedElements=3 warps=0 triggers=0
[runtime_loader] bundle tilesets collected ids=atelier,source_1790882208664519_1668582304
[runtime_loader] bundle tileset path id=atelier path=/private/var/folders/b5/7gsfwzyd449_54n8l40h40gc0000gn/T/studio_terrain_runtime_Y8SI5g/assets/atelier.png
[runtime_loader] bundle tileset path id=source_1790882208664519_1668582304 path=/private/var/folders/b5/7gsfwzyd449_54n8l40h40gc0000gn/T/studio_terrain_runtime_Y8SI5g/assets/.pokemap-store/9417e071d7b249ab91d1e45db390e4a3b5b332ee420f1ae0f5acd110df673697.blob
[runtime_loader] bundle load ok mapId=jardin projectRoot=/private/var/folders/b5/7gsfwzyd449_54n8l40h40gc0000gn/T/studio_terrain_runtime_Y8SI5g tilesets=2
[runtime_game] tileset image load start map=jardin
[runtime_game] tileset cache resolve requested=2
[runtime_game] tileset cache resolve ok result=2
[runtime_game] onLoad start map=jardin projectFilePath=/private/var/folders/b5/7gsfwzyd449_54n8l40h40gc0000gn/T/studio_terrain_runtime_Y8SI5g/project.json tilesets=2
[runtime_game] world build start map=jardin
[runtime] Map loaded: jardin, spawn at (8, 9)
[runtime_game] tileset image load ok count=2 map=jardin
[runtime_game] mount root map start map=jardin
[runtime_game] mount root map ok map=jardin
[runtime_game] onLoad completed activeMapId=jardin
[event_v2] mapEnter activation=mapact_1790882212771088_1 map=jardin reason=initialBoot result=MapEnterProductionDispatchLegacyFallback
06:01 +580 -19: /Users/karim/Project/pokemonProject/apps/avelune_studio/test/ui13_verification_scale_test.dart: UI13 stays usable at 1536
06:02 +581 -19: /Users/karim/Project/pokemonProject/apps/avelune_studio/test/dialogues_ui09_safety_test.dart: CmdS and CtrlS publish text while inspector keeps keyboard focus
06:03 +582 -19: /Users/karim/Project/pokemonProject/apps/avelune_studio/test/dialogues_ui09_safety_test.dart: CmdS and CtrlS publish text while inspector keeps keyboard focus
06:03 +583 -19: /Users/karim/Project/pokemonProject/apps/avelune_studio/test/dialogues_ui09_safety_test.dart: CmdS and CtrlS publish text while inspector keeps keyboard focus
06:04 +584 -19: /Users/karim/Project/pokemonProject/apps/avelune_studio/test/dialogues_ui09_safety_test.dart: CmdS and CtrlS publish text while inspector keeps keyboard focus
06:05 +585 -19: /Users/karim/Project/pokemonProject/apps/avelune_studio/test/dialogues_ui09_safety_test.dart: CmdS and CtrlS publish text while inspector keeps keyboard focus
06:06 +586 -19: /Users/karim/Project/pokemonProject/apps/avelune_studio/test/cinematics_ui10_preview_runtime_parity_test.dart: preview matches real Flame actors camera shake fade at 16x16 reset=false
══╡ EXCEPTION CAUGHT BY FLUTTER TEST FRAMEWORK ╞════════════════════════════════════════════════════
The following MapWorkspaceFailure was thrown while running async test code:
Cette carte est absente, invalide ou utilise un format non pris en charge.

When the exception was thrown, this was the stack:
#0      LocalMapWorkspaceAdapter.loadMap (package:avelune_studio/features/map_workspace/data/local_map_workspace_adapter.dart:163:7)
<asynchronous suspension>
#1      seedUi10Visuals (file:///Users/karim/Project/pokemonProject/apps/avelune_studio/test/support/ui10_fixture_visuals.dart:124:18)
<asynchronous suspension>
#2      createUi10Fixture (file:///Users/karim/Project/pokemonProject/apps/avelune_studio/test/support/ui10_cinematic_fixture.dart:18:5)
<asynchronous suspension>
#3      createUi10ParityFixture (file:///Users/karim/Project/pokemonProject/apps/avelune_studio/test/support/ui10_parity_fixture.dart:38:19)
<asynchronous suspension>
<asynchronous suspension>
#5      main.<anonymous closure> (file:///Users/karim/Project/pokemonProject/apps/avelune_studio/test/cinematics_ui10_preview_runtime_parity_test.dart:22:26)
<asynchronous suspension>
#6      testWidgets.<anonymous closure>.<anonymous closure> (package:flutter_test/src/widget_tester.dart:192:15)
<asynchronous suspension>
#7      TestWidgetsFlutterBinding._runTestBody (package:flutter_test/src/binding.dart:1953:5)
<asynchronous suspension>
<asynchronous suspension>
(elided 2 frames from dart:async and package:stack_trace)

The exception was caught asynchronously.
════════════════════════════════════════════════════════════════════════════════════════════════════
══╡ EXCEPTION CAUGHT BY FLUTTER TEST FRAMEWORK ╞════════════════════════════════════════════════════
The following _TypeError was thrown running a test:
Null check operator used on a null value

When the exception was thrown, this was the stack:
#0      main.<anonymous closure> (file:///Users/karim/Project/pokemonProject/apps/avelune_studio/test/cinematics_ui10_preview_runtime_parity_test.dart:28:11)
<asynchronous suspension>
#1      testWidgets.<anonymous closure>.<anonymous closure> (package:flutter_test/src/widget_tester.dart:192:15)
<asynchronous suspension>
#2      TestWidgetsFlutterBinding._runTestBody (package:flutter_test/src/binding.dart:1953:5)
<asynchronous suspension>
<asynchronous suspension>
(elided one frame from package:stack_trace)

The test description was:
  preview matches real Flame actors camera shake fade at 16x16 reset=false
════════════════════════════════════════════════════════════════════════════════════════════════════
══╡ EXCEPTION CAUGHT BY FLUTTER TEST FRAMEWORK ╞════════════════════════════════════════════════════
The following message was thrown:
Multiple exceptions (2) were detected during the running of the current test, and at least one was
unexpected.
════════════════════════════════════════════════════════════════════════════════════════════════════
06:08 +586 -20: /Users/karim/Project/pokemonProject/apps/avelune_studio/test/dialogues_ui09_safety_test.dart: invalid suite name on save stays visible without publishing
06:08 +586 -20: /Users/karim/Project/pokemonProject/apps/avelune_studio/test/cinematics_ui10_preview_runtime_parity_test.dart: preview matches real Flame actors camera shake fade at 16x16 reset=false [E]
  Test failed. See exception logs above.
  The test description was: preview matches real Flame actors camera shake fade at 16x16 reset=false
  
06:08 +587 -20: /Users/karim/Project/pokemonProject/apps/avelune_studio/test/cinematics_ui10_preview_runtime_parity_test.dart: preview matches real Flame actors camera shake fade at 32x24 reset=false
══╡ EXCEPTION CAUGHT BY FLUTTER TEST FRAMEWORK ╞════════════════════════════════════════════════════
The following MapWorkspaceFailure was thrown while running async test code:
Cette carte est absente, invalide ou utilise un format non pris en charge.

When the exception was thrown, this was the stack:
#0      LocalMapWorkspaceAdapter.loadMap (package:avelune_studio/features/map_workspace/data/local_map_workspace_adapter.dart:163:7)
<asynchronous suspension>
#1      seedUi10Visuals (file:///Users/karim/Project/pokemonProject/apps/avelune_studio/test/support/ui10_fixture_visuals.dart:124:18)
<asynchronous suspension>
#2      createUi10Fixture (file:///Users/karim/Project/pokemonProject/apps/avelune_studio/test/support/ui10_cinematic_fixture.dart:18:5)
<asynchronous suspension>
#3      createUi10ParityFixture (file:///Users/karim/Project/pokemonProject/apps/avelune_studio/test/support/ui10_parity_fixture.dart:38:19)
<asynchronous suspension>
<asynchronous suspension>
#5      main.<anonymous closure> (file:///Users/karim/Project/pokemonProject/apps/avelune_studio/test/cinematics_ui10_preview_runtime_parity_test.dart:22:26)
<asynchronous suspension>
#6      testWidgets.<anonymous closure>.<anonymous closure> (package:flutter_test/src/widget_tester.dart:192:15)
<asynchronous suspension>
#7      TestWidgetsFlutterBinding._runTestBody (package:flutter_test/src/binding.dart:1953:5)
<asynchronous suspension>
<asynchronous suspension>
(elided 2 frames from dart:async and package:stack_trace)

The exception was caught asynchronously.
════════════════════════════════════════════════════════════════════════════════════════════════════
══╡ EXCEPTION CAUGHT BY FLUTTER TEST FRAMEWORK ╞════════════════════════════════════════════════════
The following _TypeError was thrown running a test:
Null check operator used on a null value

When the exception was thrown, this was the stack:
#0      main.<anonymous closure> (file:///Users/karim/Project/pokemonProject/apps/avelune_studio/test/cinematics_ui10_preview_runtime_parity_test.dart:28:11)
<asynchronous suspension>
#1      testWidgets.<anonymous closure>.<anonymous closure> (package:flutter_test/src/widget_tester.dart:192:15)
<asynchronous suspension>
#2      TestWidgetsFlutterBinding._runTestBody (package:flutter_test/src/binding.dart:1953:5)
<asynchronous suspension>
<asynchronous suspension>
(elided one frame from package:stack_trace)

The test description was:
  preview matches real Flame actors camera shake fade at 32x24 reset=false
════════════════════════════════════════════════════════════════════════════════════════════════════
══╡ EXCEPTION CAUGHT BY FLUTTER TEST FRAMEWORK ╞════════════════════════════════════════════════════
The following message was thrown:
Multiple exceptions (2) were detected during the running of the current test, and at least one was
unexpected.
════════════════════════════════════════════════════════════════════════════════════════════════════
06:09 +587 -21: /Users/karim/Project/pokemonProject/apps/avelune_studio/test/dialogues_ui09_safety_test.dart: undo commits pending focused edit then restores exactly once
06:09 +587 -21: /Users/karim/Project/pokemonProject/apps/avelune_studio/test/cinematics_ui10_preview_runtime_parity_test.dart: preview matches real Flame actors camera shake fade at 32x24 reset=false [E]
  Test failed. See exception logs above.
  The test description was: preview matches real Flame actors camera shake fade at 32x24 reset=false
  
06:10 +588 -21: /Users/karim/Project/pokemonProject/apps/avelune_studio/test/cinematics_ui10_preview_runtime_parity_test.dart: preview matches real Flame actors camera shake fade at 32x32 reset=true
══╡ EXCEPTION CAUGHT BY FLUTTER TEST FRAMEWORK ╞════════════════════════════════════════════════════
The following MapWorkspaceFailure was thrown while running async test code:
Cette carte est absente, invalide ou utilise un format non pris en charge.

When the exception was thrown, this was the stack:
#0      LocalMapWorkspaceAdapter.loadMap (package:avelune_studio/features/map_workspace/data/local_map_workspace_adapter.dart:163:7)
<asynchronous suspension>
#1      seedUi10Visuals (file:///Users/karim/Project/pokemonProject/apps/avelune_studio/test/support/ui10_fixture_visuals.dart:124:18)
<asynchronous suspension>
#2      createUi10Fixture (file:///Users/karim/Project/pokemonProject/apps/avelune_studio/test/support/ui10_cinematic_fixture.dart:18:5)
<asynchronous suspension>
#3      createUi10ParityFixture (file:///Users/karim/Project/pokemonProject/apps/avelune_studio/test/support/ui10_parity_fixture.dart:38:19)
<asynchronous suspension>
<asynchronous suspension>
#5      main.<anonymous closure> (file:///Users/karim/Project/pokemonProject/apps/avelune_studio/test/cinematics_ui10_preview_runtime_parity_test.dart:22:26)
<asynchronous suspension>
#6      testWidgets.<anonymous closure>.<anonymous closure> (package:flutter_test/src/widget_tester.dart:192:15)
<asynchronous suspension>
#7      TestWidgetsFlutterBinding._runTestBody (package:flutter_test/src/binding.dart:1953:5)
<asynchronous suspension>
<asynchronous suspension>
(elided 2 frames from dart:async and package:stack_trace)

The exception was caught asynchronously.
════════════════════════════════════════════════════════════════════════════════════════════════════
══╡ EXCEPTION CAUGHT BY FLUTTER TEST FRAMEWORK ╞════════════════════════════════════════════════════
The following _TypeError was thrown running a test:
Null check operator used on a null value

When the exception was thrown, this was the stack:
#0      main.<anonymous closure> (file:///Users/karim/Project/pokemonProject/apps/avelune_studio/test/cinematics_ui10_preview_runtime_parity_test.dart:28:11)
<asynchronous suspension>
#1      testWidgets.<anonymous closure>.<anonymous closure> (package:flutter_test/src/widget_tester.dart:192:15)
<asynchronous suspension>
#2      TestWidgetsFlutterBinding._runTestBody (package:flutter_test/src/binding.dart:1953:5)
<asynchronous suspension>
<asynchronous suspension>
(elided one frame from package:stack_trace)

The test description was:
  preview matches real Flame actors camera shake fade at 32x32 reset=true
════════════════════════════════════════════════════════════════════════════════════════════════════
══╡ EXCEPTION CAUGHT BY FLUTTER TEST FRAMEWORK ╞════════════════════════════════════════════════════
The following message was thrown:
Multiple exceptions (2) were detected during the running of the current test, and at least one was
unexpected.
════════════════════════════════════════════════════════════════════════════════════════════════════
06:10 +588 -22: /Users/karim/Project/pokemonProject/apps/avelune_studio/test/dialogues_ui09_safety_test.dart: wire replacement confirms and semantic edit cancels pending wire
06:10 +588 -22: /Users/karim/Project/pokemonProject/apps/avelune_studio/test/cinematics_ui10_preview_runtime_parity_test.dart: preview matches real Flame actors camera shake fade at 32x32 reset=true [E]
  Test failed. See exception logs above.
  The test description was: preview matches real Flame actors camera shake fade at 32x32 reset=true
  
06:11 +589 -22: /Users/karim/Project/pokemonProject/apps/avelune_studio/test/dialogues_ui09_safety_test.dart: wire replacement confirms and semantic edit cancels pending wire
06:11 +590 -22: /Users/karim/Project/pokemonProject/apps/avelune_studio/test/dialogues_ui09_safety_test.dart: wire replacement confirms and semantic edit cancels pending wire
06:11 +591 -22: /Users/karim/Project/pokemonProject/apps/avelune_studio/test/dialogues_ui09_safety_test.dart: wire replacement confirms and semantic edit cancels pending wire
06:11 +592 -22: /Users/karim/Project/pokemonProject/apps/avelune_studio/test/dialogues_ui09_safety_test.dart: wire replacement confirms and semantic edit cancels pending wire
06:11 +593 -22: /Users/karim/Project/pokemonProject/apps/avelune_studio/test/dialogues_ui09_safety_test.dart: wire replacement confirms and semantic edit cancels pending wire
06:11 +594 -22: /Users/karim/Project/pokemonProject/apps/avelune_studio/test/dialogues_ui09_safety_test.dart: wire replacement confirms and semantic edit cancels pending wire
06:11 +595 -22: /Users/karim/Project/pokemonProject/apps/avelune_studio/test/dialogues_ui09_safety_test.dart: wire replacement confirms and semantic edit cancels pending wire
06:11 +596 -22: /Users/karim/Project/pokemonProject/apps/avelune_studio/test/dialogues_ui09_safety_test.dart: wire replacement confirms and semantic edit cancels pending wire
06:12 +597 -22: /Users/karim/Project/pokemonProject/apps/avelune_studio/test/dialogues_ui09_safety_test.dart: wire replacement confirms and semantic edit cancels pending wire
06:12 +598 -22: /Users/karim/Project/pokemonProject/apps/avelune_studio/test/events/event_rename_ui09_test.dart: UI09 metadata rename preserves activation=false through history and publication
06:13 +599 -22: /Users/karim/Project/pokemonProject/apps/avelune_studio/test/events/event_rename_ui09_test.dart: UI09 unchanged name is a true no-op and behavior edits still deactivate
06:13 +600 -22: /Users/karim/Project/pokemonProject/apps/avelune_studio/test/events/event_catalog_ui08_test.dart: library performs no map scan, explicit preparation caches unchanged catalogue
06:14 +601 -22: /Users/karim/Project/pokemonProject/apps/avelune_studio/test/events/event_sources_ui08_test.dart: four canonical sources publish exact identity and leave existing maps and scenes alone
06:14 +602 -22: /Users/karim/Project/pokemonProject/apps/avelune_studio/test/events/event_sources_ui08_test.dart: four canonical sources publish exact identity and leave existing maps and scenes alone
06:15 +603 -22: /Users/karim/Project/pokemonProject/apps/avelune_studio/test/events/event_recovery_ui08_test.dart: interrupted event promotion recovers verified record
06:15 +604 -22: /Users/karim/Project/pokemonProject/apps/avelune_studio/test/events/event_recovery_ui08_test.dart: interrupted event promotion recovers verified record
06:15 +605 -22: /Users/karim/Project/pokemonProject/apps/avelune_studio/test/events/event_recovery_ui08_test.dart: interrupted event promotion recovers verified record
06:15 +606 -22: /Users/karim/Project/pokemonProject/apps/avelune_studio/test/events/event_recovery_ui08_test.dart: partial publication preserves failed event and reports already saved scope
06:16 +607 -22: /Users/karim/Project/pokemonProject/apps/avelune_studio/test/events/event_recovery_ui08_test.dart: clean reconciliation invalidates obsolete undo; dirty external change stays editable
06:16 +608 -22: /Users/karim/Project/pokemonProject/apps/avelune_studio/test/events/event_publication_ui08_test.dart: external event-only edit conflicts without losing scene or draft; reload is targeted
06:17 +609 -22: /Users/karim/Project/pokemonProject/apps/avelune_studio/test/events/event_flush_ui08_test.dart: registry mode flushes pending text and refuses dirty record without writing
06:17 +610 -22: /Users/karim/Project/pokemonProject/apps/avelune_studio/test/events/event_flush_ui08_test.dart: registry mode flushes pending text and refuses dirty record without writing
06:17 +611 -22: /Users/karim/Project/pokemonProject/apps/avelune_studio/test/events/event_publication_ui08_test.dart: close during write never installs an obsolete receipt
06:17 +612 -22: /Users/karim/Project/pokemonProject/apps/avelune_studio/test/events/event_flush_ui08_test.dart: saveAll awaits focused edit before capturing publication snapshot
06:17 +613 -22: /Users/karim/Project/pokemonProject/apps/avelune_studio/test/events/event_publication_ui08_test.dart: unrelated fact publication survives targeted event save
06:18 +614 -22: /Users/karim/Project/pokemonProject/apps/avelune_studio/test/events/event_publication_ui08_test.dart: unrelated fact publication survives targeted event save
06:18 +615 -22: /Users/karim/Project/pokemonProject/apps/avelune_studio/test/events/event_flush_ui08_test.dart: failed focused edit flush reports error without publishing other drafts
06:18 +616 -22: /Users/karim/Project/pokemonProject/apps/avelune_studio/test/events/event_publication_ui08_test.dart: registry mode change is explicit and refuses active author drafts
06:18 +617 -22: /Users/karim/Project/pokemonProject/apps/avelune_studio/test/events/event_workspace_ui08_test.dart: draft creation save reopens without inventing scene or changing registry mode
06:19 +618 -22: /Users/karim/Project/pokemonProject/apps/avelune_studio/test/characters/dialogue_portrait_choice_test.dart: portrait names select canonical state without rewriting the line or speaker
06:19 +619 -22: /Users/karim/Project/pokemonProject/apps/avelune_studio/test/events/event_workspace_ui08_test.dart: renaming activated record preserves activation and history restores name
06:20 +620 -22: /Users/karim/Project/pokemonProject/apps/avelune_studio/test/events/event_workspace_ui08_test.dart: duplicate is distinct draft and deletion uses canonical confirmation
06:20 +621 -22: /Users/karim/Project/pokemonProject/apps/avelune_studio/test/events/event_workspace_ui08_test.dart: nested expression retained, incompatible reset rejected atomically
06:20 +622 -22: /Users/karim/Project/pokemonProject/apps/avelune_studio/test/characters/character_editing_test.dart: place, move, duplicate, properties, deletion and undo use map history
06:20 +623 -22: /Users/karim/Project/pokemonProject/apps/avelune_studio/test/events/event_workspace_ui08_test.dart: canonical simulation handles disabled configured and consumed states without writes
06:20 +624 -22: /Users/karim/Project/pokemonProject/apps/avelune_studio/test/events/event_workspace_ui08_test.dart: canonical simulation handles disabled configured and consumed states without writes
06:20 +625 -22: /Users/karim/Project/pokemonProject/apps/avelune_studio/test/events/event_workspace_ui08_test.dart: canonical simulation handles disabled configured and consumed states without writes
06:20 +626 -22: /Users/karim/Project/pokemonProject/apps/avelune_studio/test/events/event_workspace_ui08_test.dart: canonical simulation handles disabled configured and consumed states without writes
06:20 +627 -22: /Users/karim/Project/pokemonProject/apps/avelune_studio/test/events/event_workspace_ui08_test.dart: canonical simulation handles disabled configured and consumed states without writes
06:21 +628 -22: /Users/karim/Project/pokemonProject/apps/avelune_studio/test/characters/character_render_io_test.dart: dedicated Character Studio asset uses canonical pixel source and shared image budget
06:21 +629 -22: /Users/karim/Project/pokemonProject/apps/avelune_studio/test/characters/character_render_io_test.dart: dedicated Character Studio asset uses canonical pixel source and shared image budget
06:21 +630 -22: /Users/karim/Project/pokemonProject/apps/avelune_studio/test/characters/character_render_io_test.dart: dedicated Character Studio asset uses canonical pixel source and shared image budget
06:21 +631 -22: /Users/karim/Project/pokemonProject/apps/avelune_studio/test/characters/character_render_io_test.dart: dedicated Character Studio asset uses canonical pixel source and shared image budget
06:21 +632 -22: /Users/karim/Project/pokemonProject/apps/avelune_studio/test/characters/character_render_io_test.dart: dedicated Character Studio asset uses canonical pixel source and shared image budget
06:21 +633 -22: /Users/karim/Project/pokemonProject/apps/avelune_studio/test/characters/character_render_io_test.dart: dedicated Character Studio asset uses canonical pixel source and shared image budget
06:21 +634 -22: /Users/karim/Project/pokemonProject/apps/avelune_studio/test/characters/character_render_io_test.dart: dedicated Character Studio asset uses canonical pixel source and shared image budget
06:21 +635 -22: /Users/karim/Project/pokemonProject/apps/avelune_studio/test/characters/character_render_io_test.dart: dedicated Character Studio asset uses canonical pixel source and shared image budget
06:21 +636 -22: /Users/karim/Project/pokemonProject/apps/avelune_studio/test/characters/character_render_io_test.dart: existing sprite pixels render on map and instance survives canonical save/reopen
06:23 +637 -22: /Users/karim/Project/pokemonProject/apps/avelune_studio/test/characters/character_canvas_test.dart: selection distinguishes covered character and decor without moving either
06:23 +638 -22: /Users/karim/Project/pokemonProject/apps/avelune_studio/test/characters/character_canvas_test.dart: canvas places, drags once, cancels and draws a bounded story zone
06:24 +639 -22: /Users/karim/Project/pokemonProject/apps/avelune_studio/test/characters/character_widgets_test.dart: palette and inspector support real instance edits at enlarged text
06:27 +640 -22: /Users/karim/Project/pokemonProject/apps/avelune_studio/test/characters/character_compact_workspace_test.dart: enlarged text keeps palette and character inspector reachable over the map
06:27 +641 -22: /Users/karim/Project/pokemonProject/apps/avelune_studio/test/characters/character_compact_workspace_test.dart: enlarged text keeps palette and character inspector reachable over the map
06:27 +642 -22: /Users/karim/Project/pokemonProject/apps/avelune_studio/test/characters/character_compact_workspace_test.dart: enlarged text keeps palette and character inspector reachable over the map
06:27 +643 -22: /Users/karim/Project/pokemonProject/apps/avelune_studio/test/characters/character_compact_workspace_test.dart: enlarged text keeps palette and character inspector reachable over the map
06:28 +644 -22: /Users/karim/Project/pokemonProject/apps/avelune_studio/test/characters/character_compact_workspace_test.dart: keyboard deletion guards pending stories and duplication keeps independent instances
06:28 +645 -22: /Users/karim/Project/pokemonProject/apps/avelune_studio/test/ui11_presentation_responsive_test.dart: UI11 responsive 1536 portrait and compare
06:30 +646 -22: /Users/karim/Project/pokemonProject/apps/avelune_studio/test/ui11_presentation_responsive_test.dart: UI11 responsive 1536 portrait and compare
06:30 +647 -22: /Users/karim/Project/pokemonProject/apps/avelune_studio/test/ui11_presentation_responsive_test.dart: UI11 responsive 1536 portrait and compare
06:31 +648 -22: /Users/karim/Project/pokemonProject/apps/avelune_studio/test/ui11_presentation_responsive_test.dart: UI11 responsive 1536 portrait and compare
06:31 +649 -22: /Users/karim/Project/pokemonProject/apps/avelune_studio/test/ui11_presentation_responsive_test.dart: UI11 responsive 1536 portrait and compare
06:31 +650 -22: /Users/karim/Project/pokemonProject/apps/avelune_studio/test/ui11_presentation_responsive_test.dart: UI11 responsive 1536 portrait and compare
06:32 +651 -22: /Users/karim/Project/pokemonProject/apps/avelune_studio/test/ui11_presentation_responsive_test.dart: UI11 responsive 1536 portrait and compare
06:32 +652 -22: /Users/karim/Project/pokemonProject/apps/avelune_studio/test/ui11_presentation_responsive_test.dart: UI11 responsive 1536 portrait and compare
06:32 +653 -22: /Users/karim/Project/pokemonProject/apps/avelune_studio/test/ui11_presentation_responsive_test.dart: UI11 responsive 1536 portrait and compare
06:32 +654 -22: /Users/karim/Project/pokemonProject/apps/avelune_studio/test/ui11_presentation_responsive_test.dart: UI11 responsive 1536 portrait and compare
06:32 +655 -22: /Users/karim/Project/pokemonProject/apps/avelune_studio/test/ui11_presentation_responsive_test.dart: UI11 responsive 1536 portrait and compare
06:32 +656 -22: /Users/karim/Project/pokemonProject/apps/avelune_studio/test/ui11_presentation_responsive_test.dart: UI11 responsive 1536 portrait and compare
06:33 +657 -22: /Users/karim/Project/pokemonProject/apps/avelune_studio/test/ui11_presentation_responsive_test.dart: UI11 responsive 1536 portrait and compare
06:33 +658 -22: /Users/karim/Project/pokemonProject/apps/avelune_studio/test/ui11_presentation_responsive_test.dart: UI11 responsive 1536 portrait and compare
06:33 +659 -22: /Users/karim/Project/pokemonProject/apps/avelune_studio/test/ui11_presentation_responsive_test.dart: UI11 responsive 1536 portrait and compare
06:33 +660 -22: /Users/karim/Project/pokemonProject/apps/avelune_studio/test/ui11_presentation_responsive_test.dart: UI11 responsive 1536 portrait and compare
06:33 +661 -22: /Users/karim/Project/pokemonProject/apps/avelune_studio/test/ui11_presentation_responsive_test.dart: UI11 responsive 1536 portrait and compare
06:33 +662 -22: /Users/karim/Project/pokemonProject/apps/avelune_studio/test/ui11_presentation_responsive_test.dart: UI11 responsive 1536 portrait and compare
06:33 +663 -22: /Users/karim/Project/pokemonProject/apps/avelune_studio/test/ui11_presentation_responsive_test.dart: UI11 responsive 1536 portrait and compare
06:33 +664 -22: /Users/karim/Project/pokemonProject/apps/avelune_studio/test/ui11_presentation_responsive_test.dart: UI11 responsive 1536 portrait and compare
06:33 +665 -22: /Users/karim/Project/pokemonProject/apps/avelune_studio/test/ui11_presentation_responsive_test.dart: UI11 responsive 1536 portrait and compare
06:33 +666 -22: /Users/karim/Project/pokemonProject/apps/avelune_studio/test/ui11_presentation_responsive_test.dart: UI11 responsive 1536 portrait and compare
06:33 +667 -22: /Users/karim/Project/pokemonProject/apps/avelune_studio/test/ui11_presentation_responsive_test.dart: UI11 responsive 1536 portrait and compare
06:33 +668 -22: /Users/karim/Project/pokemonProject/apps/avelune_studio/test/ui11_presentation_responsive_test.dart: UI11 responsive 1536 portrait and compare
06:33 +669 -22: /Users/karim/Project/pokemonProject/apps/avelune_studio/test/ui11_presentation_responsive_test.dart: UI11 responsive 1440 portrait and compare
06:34 +669 -22: /Users/karim/Project/pokemonProject/apps/avelune_studio/test/infrastructure/studio_large_atlas_test.dart: isolated Train building atlas renders a real decor without loading its 329 atlas catalogue
  Skip: AVELUNE_PROJECT_COPY non fourni
06:34 +669 ~1 -22: /Users/karim/Project/pokemonProject/apps/avelune_studio/test/ui11_presentation_responsive_test.dart: UI11 responsive 1440 portrait and compare
06:34 +670 ~1 -22: /Users/karim/Project/pokemonProject/apps/avelune_studio/test/ui11_presentation_responsive_test.dart: UI11 responsive 1440 portrait and compare
06:34 +671 ~1 -22: /Users/karim/Project/pokemonProject/apps/avelune_studio/test/ui11_presentation_responsive_test.dart: UI11 responsive 1440 portrait and compare
06:34 +672 ~1 -22: /Users/karim/Project/pokemonProject/apps/avelune_studio/test/ui11_presentation_responsive_test.dart: UI11 responsive 1440 portrait and compare
06:35 +672 ~1 -22: /Users/karim/Project/pokemonProject/apps/avelune_studio/test/infrastructure/studio_real_project_memory_test.dart: large project map visits stay within resource and process budgets
  Skip: Set AVELUNE_RESOURCE_PROJECT
06:35 +672 ~2 -22: /Users/karim/Project/pokemonProject/apps/avelune_studio/test/ui11_presentation_responsive_test.dart: UI11 responsive 1440 portrait and compare
06:36 +673 ~2 -22: /Users/karim/Project/pokemonProject/apps/avelune_studio/test/infrastructure/studio_map_resources_test.dart: canvas preview paints transformed decor and collisions like committed geometry
06:37 +674 ~2 -22: /Users/karim/Project/pokemonProject/apps/avelune_studio/test/ui11_presentation_responsive_test.dart: UI11 responsive 1280 portrait and compare
06:37 +675 ~2 -22: /Users/karim/Project/pokemonProject/apps/avelune_studio/test/ui11_presentation_responsive_test.dart: UI11 responsive 1280 portrait and compare
06:37 +676 ~2 -22: /Users/karim/Project/pokemonProject/apps/avelune_studio/test/ui11_presentation_responsive_test.dart: UI11 responsive 1280 portrait and compare
06:37 +677 ~2 -22: /Users/karim/Project/pokemonProject/apps/avelune_studio/test/ui11_presentation_responsive_test.dart: UI11 responsive 1280 portrait and compare
06:37 +678 ~2 -22: /Users/karim/Project/pokemonProject/apps/avelune_studio/test/ui11_presentation_responsive_test.dart: UI11 responsive 1280 portrait and compare
06:37 +679 ~2 -22: /Users/karim/Project/pokemonProject/apps/avelune_studio/test/ui11_presentation_responsive_test.dart: UI11 responsive 1280 portrait and compare
06:37 +680 ~2 -22: /Users/karim/Project/pokemonProject/apps/avelune_studio/test/ui11_presentation_responsive_test.dart: UI11 responsive 1280 portrait and compare
06:38 +681 ~2 -22: /Users/karim/Project/pokemonProject/apps/avelune_studio/test/ui11_presentation_responsive_test.dart: UI11 responsive 1280 portrait and compare
06:38 +682 ~2 -22: /Users/karim/Project/pokemonProject/apps/avelune_studio/test/ui11_presentation_responsive_test.dart: UI11 responsive 1280 portrait and compare
06:38 +683 ~2 -22: /Users/karim/Project/pokemonProject/apps/avelune_studio/test/ui11_presentation_responsive_test.dart: UI11 responsive 1280 portrait and compare
06:38 +684 ~2 -22: /Users/karim/Project/pokemonProject/apps/avelune_studio/test/ui11_presentation_responsive_test.dart: UI11 responsive 1280 portrait and compare
06:38 +685 ~2 -22: /Users/karim/Project/pokemonProject/apps/avelune_studio/test/ui11_presentation_responsive_test.dart: UI11 responsive 1280 portrait and compare
06:38 +686 ~2 -22: /Users/karim/Project/pokemonProject/apps/avelune_studio/test/ui11_presentation_responsive_test.dart: UI11 responsive 1280 portrait and compare
06:38 +687 ~2 -22: /Users/karim/Project/pokemonProject/apps/avelune_studio/test/ui11_presentation_responsive_test.dart: UI11 responsive 1280 portrait and compare
06:38 +688 ~2 -22: /Users/karim/Project/pokemonProject/apps/avelune_studio/test/ui11_presentation_responsive_test.dart: UI11 responsive 1280 portrait and compare
06:38 +689 ~2 -22: /Users/karim/Project/pokemonProject/apps/avelune_studio/test/ui11_presentation_responsive_test.dart: UI11 responsive 1280 portrait and compare
06:38 +690 ~2 -22: /Users/karim/Project/pokemonProject/apps/avelune_studio/test/ui11_presentation_responsive_test.dart: UI11 responsive 1280 portrait and compare
06:38 +691 ~2 -22: /Users/karim/Project/pokemonProject/apps/avelune_studio/test/ui11_presentation_responsive_test.dart: UI11 responsive 1280 portrait and compare
06:38 +692 ~2 -22: /Users/karim/Project/pokemonProject/apps/avelune_studio/test/ui11_presentation_responsive_test.dart: UI11 responsive 1280 portrait and compare
06:38 +693 ~2 -22: /Users/karim/Project/pokemonProject/apps/avelune_studio/test/ui11_presentation_responsive_test.dart: UI11 responsive 1280 portrait and compare
06:38 +694 ~2 -22: /Users/karim/Project/pokemonProject/apps/avelune_studio/test/ui11_presentation_responsive_test.dart: UI11 responsive 1280 portrait and compare
06:38 +695 ~2 -22: /Users/karim/Project/pokemonProject/apps/avelune_studio/test/ui11_presentation_responsive_test.dart: UI11 responsive 1280 portrait and compare
06:38 +696 ~2 -22: /Users/karim/Project/pokemonProject/apps/avelune_studio/test/ui11_presentation_responsive_test.dart: UI11 responsive 1280 portrait and compare
06:39 +697 ~2 -22: /Users/karim/Project/pokemonProject/apps/avelune_studio/test/ui11_presentation_responsive_test.dart: UI11 responsive 1280 portrait and compare
06:39 +698 ~2 -22: /Users/karim/Project/pokemonProject/apps/avelune_studio/test/ui11_presentation_responsive_test.dart: UI11 responsive 1280 portrait and compare
06:39 +699 ~2 -22: /Users/karim/Project/pokemonProject/apps/avelune_studio/test/ui11_presentation_responsive_test.dart: UI11 responsive 1280 portrait and compare
06:39 +700 ~2 -22: /Users/karim/Project/pokemonProject/apps/avelune_studio/test/ui11_presentation_responsive_test.dart: UI11 responsive 1024 portrait and compare
06:39 +701 ~2 -22: /Users/karim/Project/pokemonProject/apps/avelune_studio/test/ui11_presentation_responsive_test.dart: UI11 responsive 1024 portrait and compare
06:39 +702 ~2 -22: /Users/karim/Project/pokemonProject/apps/avelune_studio/test/ui11_presentation_responsive_test.dart: UI11 responsive 1024 portrait and compare
06:40 +703 ~2 -22: /Users/karim/Project/pokemonProject/apps/avelune_studio/test/ui11_presentation_responsive_test.dart: UI11 responsive 1024 portrait and compare
06:42 +704 ~2 -22: /Users/karim/Project/pokemonProject/apps/avelune_studio/test/infrastructure/studio_playtest_test.dart: saved example mounts real runtime, walks, and returns
[runtime_loader] bundle load start projectFilePath=/private/var/folders/b5/7gsfwzyd449_54n8l40h40gc0000gn/T/studio_playtest_06WV9l/project.json mapId=jardin
[runtime_loader] project manifest lookup path=/private/var/folders/b5/7gsfwzyd449_54n8l40h40gc0000gn/T/studio_playtest_06WV9l/project.json
[runtime_loader] project manifest read ok bytes=8480
[runtime_loader] project manifest validated maps=2 tilesets=1 scenarios=0
[runtime_loader] bundle map resolved mapId=jardin relativePath=maps/jardin.json mapPath=/private/var/folders/b5/7gsfwzyd449_54n8l40h40gc0000gn/T/studio_playtest_06WV9l/maps/jardin.json
[runtime_loader] map file lookup path=/private/var/folders/b5/7gsfwzyd449_54n8l40h40gc0000gn/T/studio_playtest_06WV9l/maps/jardin.json
[runtime_loader] map file read ok bytes=17371
[runtime_loader] map validated id=jardin size=24x16 layers=3 entities=1 placedElements=3 warps=0 triggers=0
[runtime_loader] bundle tilesets collected ids=atelier
[runtime_loader] bundle tileset path id=atelier path=/private/var/folders/b5/7gsfwzyd449_54n8l40h40gc0000gn/T/studio_playtest_06WV9l/assets/atelier.png
[runtime_loader] bundle load ok mapId=jardin projectRoot=/private/var/folders/b5/7gsfwzyd449_54n8l40h40gc0000gn/T/studio_playtest_06WV9l tilesets=1
[runtime_game] tileset image load start map=jardin
[runtime_game] tileset cache resolve requested=1
[runtime_game] tileset cache resolve ok result=1
[runtime_game] onLoad start map=jardin projectFilePath=/private/var/folders/b5/7gsfwzyd449_54n8l40h40gc0000gn/T/studio_playtest_06WV9l/project.json tilesets=1
[runtime_game] world build start map=jardin
[runtime] Map loaded: jardin, spawn at (8, 9)
[runtime_game] tileset image load ok count=1 map=jardin
[runtime_game] mount root map start map=jardin
[runtime_game] mount root map ok map=jardin
[runtime_game] onLoad completed activeMapId=jardin
[event_v2] mapEnter activation=mapact_1790882254685133_1 map=jardin reason=initialBoot result=MapEnterProductionDispatchLegacyFallback
06:43 +705 ~2 -22: /Users/karim/Project/pokemonProject/apps/avelune_studio/test/infrastructure/studio_terrain_brush_resources_test.dart: terrain brush loads only its shared resolver dependencies before any map stroke
06:43 +706 ~2 -22: /Users/karim/Project/pokemonProject/apps/avelune_studio/test/infrastructure/studio_playtest_test.dart: selected map without a spawn starts an isolated test game
06:44 +707 ~2 -22: /Users/karim/Project/pokemonProject/apps/avelune_studio/test/infrastructure/studio_playtest_test.dart: selected map without a spawn starts an isolated test game
06:44 +708 ~2 -22: /Users/karim/Project/pokemonProject/apps/avelune_studio/test/infrastructure/studio_playtest_test.dart: selected map without a spawn starts an isolated test game
06:44 +709 ~2 -22: /Users/karim/Project/pokemonProject/apps/avelune_studio/test/infrastructure/studio_playtest_test.dart: selected map without a spawn starts an isolated test game
06:45 +710 ~2 -22: /Users/karim/Project/pokemonProject/apps/avelune_studio/test/infrastructure/studio_playtest_test.dart: selected map without a spawn starts an isolated test game
[runtime_loader] bundle load start projectFilePath=/private/var/folders/b5/7gsfwzyd449_54n8l40h40gc0000gn/T/studio_other_map_xr76u8/project.json mapId=clairiere
[runtime_loader] project manifest lookup path=/private/var/folders/b5/7gsfwzyd449_54n8l40h40gc0000gn/T/studio_other_map_xr76u8/project.json
[runtime_loader] project manifest read ok bytes=4973
[runtime_loader] project manifest validated maps=2 tilesets=1 scenarios=0
[runtime_loader] bundle map resolved mapId=clairiere relativePath=maps/clairiere.json mapPath=/private/var/folders/b5/7gsfwzyd449_54n8l40h40gc0000gn/T/studio_other_map_xr76u8/maps/clairiere.json
[runtime_loader] map file lookup path=/private/var/folders/b5/7gsfwzyd449_54n8l40h40gc0000gn/T/studio_other_map_xr76u8/maps/clairiere.json
[runtime_loader] map file read ok bytes=5465
[runtime_loader] map validated id=clairiere size=24x16 layers=3 entities=0 placedElements=3 warps=0 triggers=0
[runtime_loader] bundle tilesets collected ids=atelier
[runtime_loader] bundle tileset path id=atelier path=/private/var/folders/b5/7gsfwzyd449_54n8l40h40gc0000gn/T/studio_other_map_xr76u8/assets/atelier.png
[runtime_loader] bundle load ok mapId=clairiere projectRoot=/private/var/folders/b5/7gsfwzyd449_54n8l40h40gc0000gn/T/studio_other_map_xr76u8 tilesets=1
[runtime_loader] bundle load start projectFilePath=/private/var/folders/b5/7gsfwzyd449_54n8l40h40gc0000gn/T/studio_other_map_xr76u8/project.json mapId=jardin
[runtime_loader] project manifest lookup path=/private/var/folders/b5/7gsfwzyd449_54n8l40h40gc0000gn/T/studio_other_map_xr76u8/project.json
06:45 +711 ~2 -22: /Users/karim/Project/pokemonProject/apps/avelune_studio/test/infrastructure/studio_playtest_test.dart: selected map without a spawn starts an isolated test game
06:45 +712 ~2 -22: /Users/karim/Project/pokemonProject/apps/avelune_studio/test/infrastructure/studio_playtest_test.dart: selected map without a spawn starts an isolated test game
06:45 +713 ~2 -22: /Users/karim/Project/pokemonProject/apps/avelune_studio/test/infrastructure/studio_playtest_test.dart: selected map without a spawn starts an isolated test game
[runtime_loader] project manifest read ok bytes=4973
[runtime_loader] project manifest validated maps=2 tilesets=1 scenarios=0
[runtime_loader] bundle map resolved mapId=jardin relativePath=maps/jardin.json mapPath=/private/var/folders/b5/7gsfwzyd449_54n8l40h40gc0000gn/T/studio_other_map_xr76u8/maps/jardin.json
[runtime_loader] map file lookup path=/private/var/folders/b5/7gsfwzyd449_54n8l40h40gc0000gn/T/studio_other_map_xr76u8/maps/jardin.json
[runtime_loader] map file read ok bytes=17371
[runtime_loader] map validated id=jardin size=24x16 layers=3 entities=1 placedElements=3 warps=0 triggers=0
[runtime_loader] bundle tilesets collected ids=atelier
[runtime_loader] bundle tileset path id=atelier path=/private/var/folders/b5/7gsfwzyd449_54n8l40h40gc0000gn/T/studio_other_map_xr76u8/assets/atelier.png
[runtime_loader] bundle load ok mapId=jardin projectRoot=/private/var/folders/b5/7gsfwzyd449_54n8l40h40gc0000gn/T/studio_other_map_xr76u8 tilesets=1
[runtime_game] tileset image load start map=clairiere
[runtime_game] tileset cache resolve requested=1
[runtime_game] tileset cache resolve ok result=1
[runtime_game] onLoad start map=clairiere projectFilePath=/private/var/folders/b5/7gsfwzyd449_54n8l40h40gc0000gn/T/studio_other_map_xr76u8/project.json tilesets=1
[runtime] New game created from project contract on clairiere at (12, 8)
[runtime_game] tileset image load ok count=1 map=clairiere
[runtime_game] mount root map start map=clairiere
[runtime_game] mount root map ok map=clairiere
[runtime_game] onLoad completed activeMapId=clairiere
[event_v2] mapEnter activation=mapact_1790882257533033_1 map=clairiere reason=initialBoot result=MapEnterProductionDispatchLegacyFallback
06:46 +714 ~2 -22: /Users/karim/Project/pokemonProject/apps/avelune_studio/test/infrastructure/m1_manifest_revision_test.dart: clean playtest recheck rejects changed manifest before map read and preserves saved work
06:46 +715 ~2 -22: /Users/karim/Project/pokemonProject/apps/avelune_studio/test/infrastructure/studio_playtest_project_item_icons_test.dart: prepares project item icons before loading the playtest bundle
06:49 +715 ~2 -22: /Users/karim/Project/pokemonProject/apps/avelune_studio/test/cinematics_ui10_timeline_gesture_test.dart: UI10 timeline drag reorders and duration handle commits once with undo redo
══╡ EXCEPTION CAUGHT BY FLUTTER TEST FRAMEWORK ╞════════════════════════════════════════════════════
The following MapWorkspaceFailure was thrown while running async test code:
Cette carte est absente, invalide ou utilise un format non pris en charge.

When the exception was thrown, this was the stack:
#0      LocalMapWorkspaceAdapter.loadMap (package:avelune_studio/features/map_workspace/data/local_map_workspace_adapter.dart:163:7)
<asynchronous suspension>
#1      seedUi10Visuals (file:///Users/karim/Project/pokemonProject/apps/avelune_studio/test/support/ui10_fixture_visuals.dart:124:18)
<asynchronous suspension>
#2      createUi10Fixture (file:///Users/karim/Project/pokemonProject/apps/avelune_studio/test/support/ui10_cinematic_fixture.dart:18:5)
<asynchronous suspension>
#3      Ui10WorkspaceHarness.create (file:///Users/karim/Project/pokemonProject/apps/avelune_studio/test/support/ui10_workspace_harness.dart:20:21)
<asynchronous suspension>
<asynchronous suspension>
#5      main.<anonymous closure> (file:///Users/karim/Project/pokemonProject/apps/avelune_studio/test/cinematics_ui10_timeline_gesture_test.dart:16:24)
<asynchronous suspension>
#6      testWidgets.<anonymous closure>.<anonymous closure> (package:flutter_test/src/widget_tester.dart:192:15)
<asynchronous suspension>
#7      TestWidgetsFlutterBinding._runTestBody (package:flutter_test/src/binding.dart:1953:5)
<asynchronous suspension>
<asynchronous suspension>
(elided 2 frames from dart:async and package:stack_trace)

The exception was caught asynchronously.
════════════════════════════════════════════════════════════════════════════════════════════════════
══╡ EXCEPTION CAUGHT BY FLUTTER TEST FRAMEWORK ╞════════════════════════════════════════════════════
The following _TypeError was thrown running a test:
Null check operator used on a null value

When the exception was thrown, this was the stack:
#0      main.<anonymous closure> (file:///Users/karim/Project/pokemonProject/apps/avelune_studio/test/cinematics_ui10_timeline_gesture_test.dart:18:9)
<asynchronous suspension>
#1      testWidgets.<anonymous closure>.<anonymous closure> (package:flutter_test/src/widget_tester.dart:192:15)
<asynchronous suspension>
#2      TestWidgetsFlutterBinding._runTestBody (package:flutter_test/src/binding.dart:1953:5)
<asynchronous suspension>
<asynchronous suspension>
(elided one frame from package:stack_trace)

The test description was:
  UI10 timeline drag reorders and duration handle commits once with undo redo
════════════════════════════════════════════════════════════════════════════════════════════════════
══╡ EXCEPTION CAUGHT BY FLUTTER TEST FRAMEWORK ╞════════════════════════════════════════════════════
The following message was thrown:
Multiple exceptions (2) were detected during the running of the current test, and at least one was
unexpected.
════════════════════════════════════════════════════════════════════════════════════════════════════
06:49 +715 ~2 -23: /Users/karim/Project/pokemonProject/apps/avelune_studio/test/infrastructure/studio_playtest_project_item_icons_test.dart: prepares project item icons before loading the playtest bundle
06:49 +715 ~2 -23: /Users/karim/Project/pokemonProject/apps/avelune_studio/test/cinematics_ui10_timeline_gesture_test.dart: UI10 timeline drag reorders and duration handle commits once with undo redo [E]
  Test failed. See exception logs above.
  The test description was: UI10 timeline drag reorders and duration handle commits once with undo redo
  
06:54 +715 ~2 -23: /Users/karim/Project/pokemonProject/apps/avelune_studio/test/ui06_scene_construction_test.dart: build both branches through palette, properties and wires then publish and reopen
UI06 construction: 8 blocs et 7 fils construits, publication
UI06 construction: publication terminée, relecture indépendante
06:54 +716 ~2 -23: /Users/karim/Project/pokemonProject/apps/avelune_studio/test/infrastructure/studio_playtest_project_item_icons_test.dart: prepares project item icons before loading the playtest bundle
06:59 +717 ~2 -23: /Users/karim/Project/pokemonProject/apps/avelune_studio/test/infrastructure/studio_playtest_project_item_icons_test.dart: prepares project item icons before loading the playtest bundle
07:00 +718 ~2 -23: /Users/karim/Project/pokemonProject/apps/avelune_studio/test/infrastructure/studio_playtest_project_item_icons_test.dart: prepares project item icons before loading the playtest bundle
07:03 +719 ~2 -23: /Users/karim/Project/pokemonProject/apps/avelune_studio/test/infrastructure/studio_playtest_project_item_icons_test.dart: prepares project item icons before loading the playtest bundle
07:09 +720 ~2 -23: /Users/karim/Project/pokemonProject/apps/avelune_studio/test/infrastructure/studio_playtest_project_item_icons_test.dart: prepares project item icons before loading the playtest bundle
[runtime_loader] bundle load start projectFilePath=/private/var/folders/b5/7gsfwzyd449_54n8l40h40gc0000gn/T/studio_icon_playtest_NrJMVD/project.json mapId=jardin
[runtime_loader] project manifest lookup path=/private/var/folders/b5/7gsfwzyd449_54n8l40h40gc0000gn/T/studio_icon_playtest_NrJMVD/project.json
[runtime_loader] project manifest read ok bytes=4934
[runtime_loader] project manifest validated maps=2 tilesets=1 scenarios=0
[runtime_loader] bundle map resolved mapId=jardin relativePath=maps/jardin.json mapPath=/private/var/folders/b5/7gsfwzyd449_54n8l40h40gc0000gn/T/studio_icon_playtest_NrJMVD/maps/jardin.json
[runtime_loader] map file lookup path=/private/var/folders/b5/7gsfwzyd449_54n8l40h40gc0000gn/T/studio_icon_playtest_NrJMVD/maps/jardin.json
[runtime_loader] map file read ok bytes=17371
[runtime_loader] map validated id=jardin size=24x16 layers=3 entities=1 placedElements=3 warps=0 triggers=0
[runtime_loader] bundle tilesets collected ids=atelier
[runtime_loader] bundle tileset path id=atelier path=/private/var/folders/b5/7gsfwzyd449_54n8l40h40gc0000gn/T/studio_icon_playtest_NrJMVD/assets/atelier.png
[runtime_loader] bundle load ok mapId=jardin projectRoot=/private/var/folders/b5/7gsfwzyd449_54n8l40h40gc0000gn/T/studio_icon_playtest_NrJMVD tilesets=1
[runtime_game] tileset image load start map=jardin
[runtime_game] tileset cache resolve requested=1
[runtime_game] tileset cache resolve ok result=1
[runtime_game] onLoad start map=jardin projectFilePath=/private/var/folders/b5/7gsfwzyd449_54n8l40h40gc0000gn/T/studio_icon_playtest_NrJMVD/project.json tilesets=1
[runtime_game] world build start map=jardin
[runtime] Map loaded: jardin, spawn at (8, 9)
[runtime_game] tileset image load ok count=1 map=jardin
[runtime_game] mount root map start map=jardin
[runtime_game] mount root map ok map=jardin
[runtime_game] onLoad completed activeMapId=jardin
[event_v2] mapEnter activation=mapact_1790882282612421_1 map=jardin reason=initialBoot result=MapEnterProductionDispatchLegacyFallback
07:11 +721 ~2 -23: /Users/karim/Project/pokemonProject/apps/avelune_studio/test/ui12_world_close_test.dart: an incomplete rule is never silently dropped
07:11 +722 ~2 -23: /Users/karim/Project/pokemonProject/apps/avelune_studio/test/ui12_world_close_test.dart: an incomplete rule is never silently dropped
07:11 +723 ~2 -23: /Users/karim/Project/pokemonProject/apps/avelune_studio/test/ui12_world_close_test.dart: an incomplete rule is never silently dropped
07:11 +724 ~2 -23: /Users/karim/Project/pokemonProject/apps/avelune_studio/test/ui12_world_close_test.dart: a close asked during a publication is refused
07:13 +725 ~2 -23: /Users/karim/Project/pokemonProject/apps/avelune_studio/test/dialogues_ui09_visual_test.dart: UI09 early real widget capture and compact layout
07:16 +726 ~2 -23: /Users/karim/Project/pokemonProject/apps/avelune_studio/test/dialogues_ui09_visual_test.dart: UI09 early real widget capture and compact layout
07:17 +727 ~2 -23: /Users/karim/Project/pokemonProject/apps/avelune_studio/test/presentation/ui08_event_focus_test.dart: UI08 focused name commits original owner on selection save and undo
07:18 +728 ~2 -23: /Users/karim/Project/pokemonProject/apps/avelune_studio/test/presentation/ui08_event_focus_test.dart: UI08 focused name commits original owner on selection save and undo
07:20 +729 ~2 -23: /Users/karim/Project/pokemonProject/apps/avelune_studio/test/presentation/ui08_event_focus_test.dart: UI08 focused name commits original owner on selection save and undo
07:20 +730 ~2 -23: /Users/karim/Project/pokemonProject/apps/avelune_studio/test/presentation/ui08_event_focus_test.dart: UI08 focused name commits original owner on selection save and undo
07:20 +731 ~2 -23: /Users/karim/Project/pokemonProject/apps/avelune_studio/test/presentation/ui08_event_focus_test.dart: UI08 focused name commits original owner on selection save and undo
07:20 +732 ~2 -23: /Users/karim/Project/pokemonProject/apps/avelune_studio/test/presentation/ui08_event_focus_test.dart: UI08 focused name commits original owner on selection save and undo
07:21 +733 ~2 -23: /Users/karim/Project/pokemonProject/apps/avelune_studio/test/presentation/ui08_event_focus_test.dart: UI08 focused name commits original owner on selection save and undo
07:21 +734 ~2 -23: /Users/karim/Project/pokemonProject/apps/avelune_studio/test/presentation/ui08_event_focus_test.dart: UI08 focused name commits original owner on selection save and undo
07:21 +735 ~2 -23: /Users/karim/Project/pokemonProject/apps/avelune_studio/test/presentation/ui08_event_focus_test.dart: UI08 focused name commits original owner on selection save and undo
07:21 +736 ~2 -23: /Users/karim/Project/pokemonProject/apps/avelune_studio/test/presentation/ui08_event_focus_test.dart: UI08 focused name commits original owner on selection save and undo
07:21 +737 ~2 -23: /Users/karim/Project/pokemonProject/apps/avelune_studio/test/presentation/ui08_event_focus_test.dart: UI08 focused name commits original owner on selection save and undo
07:22 +738 ~2 -23: /Users/karim/Project/pokemonProject/apps/avelune_studio/test/presentation/ui08_event_focus_test.dart: UI08 focused name commits original owner on selection save and undo
07:22 +739 ~2 -23: /Users/karim/Project/pokemonProject/apps/avelune_studio/test/presentation/ui08_event_focus_test.dart: UI08 focused name commits original owner on selection save and undo
07:23 +740 ~2 -23: /Users/karim/Project/pokemonProject/apps/avelune_studio/test/presentation/ui08_event_focus_test.dart: UI08 focused name commits original owner on selection save and undo
07:23 +741 ~2 -23: /Users/karim/Project/pokemonProject/apps/avelune_studio/test/presentation/ui08_event_focus_test.dart: UI08 focused name commits original owner on selection save and undo
07:24 +742 ~2 -23: /Users/karim/Project/pokemonProject/apps/avelune_studio/test/presentation/ui08_event_focus_test.dart: UI08 focused name commits original owner on selection save and undo
07:25 +743 ~2 -23: /Users/karim/Project/pokemonProject/apps/avelune_studio/test/presentation/ui04_terrain_journey_test.dart: UI04 source rules trial publication and map preserve the current session
07:30 +744 ~2 -23: /Users/karim/Project/pokemonProject/apps/avelune_studio/test/presentation/ui04_terrain_journey_test.dart: UI04 source rules trial publication and map preserve the current session
07:39 +745 ~2 -23: /Users/karim/Project/pokemonProject/apps/avelune_studio/test/presentation/character_studio_workspace_test.dart: Character Studio edits a clip through the real workspace and reopens it
07:40 +746 ~2 -23: /Users/karim/Project/pokemonProject/apps/avelune_studio/test/presentation/ui07_story_journey_test.dart: UI07 real workspace preserves drafts and canonical owner through graph structure scene and save
07:45 +747 ~2 -23: /Users/karim/Project/pokemonProject/apps/avelune_studio/test/presentation/ui07_story_journey_test.dart: UI07 real workspace preserves drafts and canonical owner through graph structure scene and save
07:46 +748 ~2 -23: /Users/karim/Project/pokemonProject/apps/avelune_studio/test/presentation/map_library_navigation_test.dart: folder creation and map move survive independent reopening
07:51 +749 ~2 -23: /Users/karim/Project/pokemonProject/apps/avelune_studio/test/presentation/ui03_resource_journey_test.dart: UI03 real previews selection search return and compact detail
07:53 +750 ~2 -23: /Users/karim/Project/pokemonProject/apps/avelune_studio/test/presentation/ui03_resource_journey_test.dart: UI03 real previews selection search return and compact detail
07:53 +751 ~2 -23: /Users/karim/Project/pokemonProject/apps/avelune_studio/test/presentation/ui03_resource_journey_test.dart: UI03 real previews selection search return and compact detail
07:54 +752 ~2 -23: /Users/karim/Project/pokemonProject/apps/avelune_studio/test/presentation/ui03_resource_journey_test.dart: UI03 real previews selection search return and compact detail
07:55 +753 ~2 -23: /Users/karim/Project/pokemonProject/apps/avelune_studio/test/presentation/ui03_resource_journey_test.dart: UI03 real previews selection search return and compact detail
07:55 +754 ~2 -23: /Users/karim/Project/pokemonProject/apps/avelune_studio/test/presentation/ui03_resource_journey_test.dart: UI03 real previews selection search return and compact detail
07:55 +755 ~2 -23: /Users/karim/Project/pokemonProject/apps/avelune_studio/test/presentation/ui03_resource_journey_test.dart: UI03 real previews selection search return and compact detail
07:55 +756 ~2 -23: /Users/karim/Project/pokemonProject/apps/avelune_studio/test/presentation/ui03_resource_journey_test.dart: UI03 real previews selection search return and compact detail
08:01 +757 ~2 -23: /Users/karim/Project/pokemonProject/apps/avelune_studio/test/presentation/ui05_story_creation_test.dart: UI05 cancelled creation is inert and explicit save survives fresh reopen
08:03 +758 ~2 -23: /Users/karim/Project/pokemonProject/apps/avelune_studio/test/presentation/ui05_story_creation_test.dart: UI05 cancelled creation is inert and explicit save survives fresh reopen
08:03 +759 ~2 -23: /Users/karim/Project/pokemonProject/apps/avelune_studio/test/presentation/ui05_story_creation_test.dart: UI05 cancelled creation is inert and explicit save survives fresh reopen
08:03 +760 ~2 -23: /Users/karim/Project/pokemonProject/apps/avelune_studio/test/presentation/ui05_story_creation_test.dart: UI05 cancelled creation is inert and explicit save survives fresh reopen
08:03 +761 ~2 -23: /Users/karim/Project/pokemonProject/apps/avelune_studio/test/presentation/ui05_story_creation_test.dart: UI05 cancelled creation is inert and explicit save survives fresh reopen
08:03 +762 ~2 -23: /Users/karim/Project/pokemonProject/apps/avelune_studio/test/presentation/ui05_story_creation_test.dart: UI05 cancelled creation is inert and explicit save survives fresh reopen
08:05 +763 ~2 -23: /Users/karim/Project/pokemonProject/apps/avelune_studio/test/presentation/map_catalogue_row_actions_test.dart: inactive map exposes actions without activating its document
08:05 +764 ~2 -23: /Users/karim/Project/pokemonProject/apps/avelune_studio/test/presentation/ui02_map_journey_test.dart: UI02 real map, overlap, shared home and responsive viewport
08:07 +765 ~2 -23: /Users/karim/Project/pokemonProject/apps/avelune_studio/test/presentation/ui02_map_journey_test.dart: UI02 real map, overlap, shared home and responsive viewport
08:09 +766 ~2 -23: /Users/karim/Project/pokemonProject/apps/avelune_studio/test/presentation/ui02_map_journey_test.dart: UI02 real map, overlap, shared home and responsive viewport
08:09 +766 ~2 -23: /Users/karim/Project/pokemonProject/apps/avelune_studio/test/presentation/map_inspector_ui02_test.dart: local stack selects a hidden instance and respects order command limits
══╡ EXCEPTION CAUGHT BY FLUTTER TEST FRAMEWORK ╞════════════════════════════════════════════════════
The following assertion was thrown running a test:
The finder "Found 0 widgets with text "Position 3 / 3": []" (used in a call to "tap()") could not
find any matching widgets.

When the exception was thrown, this was the stack:
#0      WidgetController._getElementPoint (package:flutter_test/src/controller.dart:2095:7)
#1      WidgetController.getCenter (package:flutter_test/src/controller.dart:1947:12)
#2      WidgetController.tap (package:flutter_test/src/controller.dart:1080:7)
#3      main.<anonymous closure> (file:///Users/karim/Project/pokemonProject/apps/avelune_studio/test/presentation/map_inspector_ui02_test.dart:83:20)
<asynchronous suspension>
#4      testWidgets.<anonymous closure>.<anonymous closure> (package:flutter_test/src/widget_tester.dart:192:15)
<asynchronous suspension>
#5      TestWidgetsFlutterBinding._runTestBody (package:flutter_test/src/binding.dart:1953:5)
<asynchronous suspension>
<asynchronous suspension>
(elided one frame from package:stack_trace)

The test description was:
  local stack selects a hidden instance and respects order command limits
════════════════════════════════════════════════════════════════════════════════════════════════════
08:09 +766 ~2 -24: /Users/karim/Project/pokemonProject/apps/avelune_studio/test/presentation/ui02_map_journey_test.dart: UI02 real map, overlap, shared home and responsive viewport
08:09 +766 ~2 -24: /Users/karim/Project/pokemonProject/apps/avelune_studio/test/presentation/map_inspector_ui02_test.dart: local stack selects a hidden instance and respects order command limits [E]
  Test failed. See exception logs above.
  The test description was: local stack selects a hidden instance and respects order command limits
  
08:18 +767 ~2 -24: /Users/karim/Project/pokemonProject/apps/avelune_studio/test/presentation/ui02_map_journey_test.dart: UI02 real map, overlap, shared home and responsive viewport
08:19 +768 ~2 -24: /Users/karim/Project/pokemonProject/apps/avelune_studio/test/presentation/character_studio_dedicated_workspace_test.dart: a dedicated three-pose strip imports and its timing reopens
08:24 +769 ~2 -24: /Users/karim/Project/pokemonProject/apps/avelune_studio/test/presentation/character_studio_dedicated_workspace_test.dart: a dedicated three-pose strip imports and its timing reopens
08:28 +770 ~2 -24: /Users/karim/Project/pokemonProject/apps/avelune_studio/test/presentation/character_studio_dedicated_workspace_test.dart: a dedicated three-pose strip imports and its timing reopens
08:28 +771 ~2 -24: /Users/karim/Project/pokemonProject/apps/avelune_studio/test/presentation/ui05_narrative_overview_links_test.dart: search opens exact dialogue and event documents
08:30 +772 ~2 -24: /Users/karim/Project/pokemonProject/apps/avelune_studio/test/presentation/ui05_narrative_overview_links_test.dart: search opens exact dialogue and event documents
08:31 +773 ~2 -24: /Users/karim/Project/pokemonProject/apps/avelune_studio/test/presentation/desktop_workspace_layout_test.dart: real stress workspace stays usable across desktop sizes and diagnostics
08:32 +774 ~2 -24: /Users/karim/Project/pokemonProject/apps/avelune_studio/test/presentation/desktop_workspace_layout_test.dart: real stress workspace stays usable across desktop sizes and diagnostics
08:34 +775 ~2 -24: /Users/karim/Project/pokemonProject/apps/avelune_studio/test/presentation/desktop_workspace_layout_test.dart: real stress workspace stays usable across desktop sizes and diagnostics
08:34 +776 ~2 -24: /Users/karim/Project/pokemonProject/apps/avelune_studio/test/presentation/desktop_workspace_layout_test.dart: real stress workspace stays usable across desktop sizes and diagnostics
08:36 +777 ~2 -24: /Users/karim/Project/pokemonProject/apps/avelune_studio/test/presentation/studio_app_test.dart: releases the path field while the native picker owns input
08:36 +778 ~2 -24: /Users/karim/Project/pokemonProject/apps/avelune_studio/test/presentation/studio_app_test.dart: shows the real opening action without loading at startup
08:36 +779 ~2 -24: /Users/karim/Project/pokemonProject/apps/avelune_studio/test/presentation/studio_app_test.dart: opens from the native selection, displays identity and closes
08:37 +780 ~2 -24: /Users/karim/Project/pokemonProject/apps/avelune_studio/test/presentation/decor_collision_mask_test.dart: six cells remain visible and compact; last cell can toggle
08:37 +781 ~2 -24: /Users/karim/Project/pokemonProject/apps/avelune_studio/test/presentation/decor_collision_mask_test.dart: six cells remain visible and compact; last cell can toggle
08:37 +782 ~2 -24: /Users/karim/Project/pokemonProject/apps/avelune_studio/test/presentation/studio_app_test.dart: rebuilds and resizes without recreating or reloading a session
08:37 +783 ~2 -24: /Users/karim/Project/pokemonProject/apps/avelune_studio/test/presentation/decor_collision_mask_test.dart: narrow tall mask fits every row within 200 pixels
08:37 +784 ~2 -24: /Users/karim/Project/pokemonProject/apps/avelune_studio/test/presentation/studio_app_test.dart: supports keyboard submission and focus traversal
08:37 +785 ~2 -24: /Users/karim/Project/pokemonProject/apps/avelune_studio/test/presentation/studio_app_test.dart: cancels a pending read and disposes its late result
08:38 +786 ~2 -24: /Users/karim/Project/pokemonProject/apps/avelune_studio/test/presentation/studio_app_test.dart: does not open a directory picker result after disposal
08:38 +787 ~2 -24: /Users/karim/Project/pokemonProject/apps/avelune_studio/test/presentation/ui05_narrative_overview_navigation_test.dart: overview opens the exact story and step without publishing
08:40 +788 ~2 -24: /Users/karim/Project/pokemonProject/apps/avelune_studio/test/presentation/ui05_narrative_overview_navigation_test.dart: overview opens the exact story and step without publishing
08:41 +788 ~2 -24: /Users/karim/Project/pokemonProject/apps/avelune_studio/test/presentation/map_workspace_journey_test.dart: place move stack undo redo save and runtime return preserve document
══╡ EXCEPTION CAUGHT BY FLUTTER TEST FRAMEWORK ╞════════════════════════════════════════════════════
The following TestFailure was thrown running a test:
Expected: 'studio-1790882372425811-1'
  Actual: 'studio-1790882372508706-2'
   Which: is different.
          Expected: ... 1790882372425811-1
            Actual: ... 1790882372508706-2
                                  ^
           Differ at offset 17

When the exception was thrown, this was the stack:
#4      main.<anonymous closure> (file:///Users/karim/Project/pokemonProject/apps/avelune_studio/test/presentation/map_workspace_journey_test.dart:122:7)
<asynchronous suspension>
#5      testWidgets.<anonymous closure>.<anonymous closure> (package:flutter_test/src/widget_tester.dart:192:15)
<asynchronous suspension>
#6      TestWidgetsFlutterBinding._runTestBody (package:flutter_test/src/binding.dart:1953:5)
<asynchronous suspension>
<asynchronous suspension>
(elided one frame from package:stack_trace)

This was caught by the test expectation on the following line:
  file:///Users/karim/Project/pokemonProject/apps/avelune_studio/test/presentation/map_workspace_journey_test.dart line 122
The test description was:
  place move stack undo redo save and runtime return preserve document
════════════════════════════════════════════════════════════════════════════════════════════════════
08:41 +788 ~2 -25: /Users/karim/Project/pokemonProject/apps/avelune_studio/test/presentation/ui05_narrative_overview_navigation_test.dart: overview opens the exact story and step without publishing
08:41 +788 ~2 -25: /Users/karim/Project/pokemonProject/apps/avelune_studio/test/presentation/map_workspace_journey_test.dart: place move stack undo redo save and runtime return preserve document [E]
  Test failed. See exception logs above.
  The test description was: place move stack undo redo save and runtime return preserve document
  
08:42 +789 ~2 -25: /Users/karim/Project/pokemonProject/apps/avelune_studio/test/presentation/ui05_narrative_overview_navigation_test.dart: overview opens the exact story and step without publishing
08:43 +790 ~2 -25: /Users/karim/Project/pokemonProject/apps/avelune_studio/test/presentation/ui05_narrative_overview_navigation_test.dart: overview opens the exact story and step without publishing
08:43 +791 ~2 -25: /Users/karim/Project/pokemonProject/apps/avelune_studio/test/presentation/ui05_narrative_overview_navigation_test.dart: overview opens the exact story and step without publishing
08:44 +792 ~2 -25: /Users/karim/Project/pokemonProject/apps/avelune_studio/test/presentation/ui05_narrative_overview_navigation_test.dart: overview opens the exact story and step without publishing
08:44 +793 ~2 -25: /Users/karim/Project/pokemonProject/apps/avelune_studio/test/presentation/ui05_narrative_overview_navigation_test.dart: search and map shortcut preserve the author project
08:44 +793 ~3 -25: /Users/karim/Project/pokemonProject/apps/avelune_studio/test/presentation/ui05_narrative_overview_navigation_test.dart: search and map shortcut preserve the author project
08:45 +794 ~3 -25: /Users/karim/Project/pokemonProject/apps/avelune_studio/test/presentation/ui05_narrative_overview_navigation_test.dart: search and map shortcut preserve the author project
08:45 +795 ~3 -25: /Users/karim/Project/pokemonProject/apps/avelune_studio/test/presentation/ui05_narrative_overview_navigation_test.dart: search and map shortcut preserve the author project
08:45 +796 ~3 -25: /Users/karim/Project/pokemonProject/apps/avelune_studio/test/presentation/ui05_narrative_overview_navigation_test.dart: search and map shortcut preserve the author project
08:46 +797 ~3 -25: /Users/karim/Project/pokemonProject/apps/avelune_studio/test/presentation/ui05_narrative_overview_navigation_test.dart: search and map shortcut preserve the author project
08:46 +798 ~3 -25: /Users/karim/Project/pokemonProject/apps/avelune_studio/test/presentation/ui05_narrative_overview_navigation_test.dart: search and map shortcut preserve the author project
08:46 +799 ~3 -25: /Users/karim/Project/pokemonProject/apps/avelune_studio/test/presentation/ui05_narrative_overview_navigation_test.dart: search and map shortcut preserve the author project
08:46 +800 ~3 -25: /Users/karim/Project/pokemonProject/apps/avelune_studio/test/presentation/ui05_narrative_overview_navigation_test.dart: search and map shortcut preserve the author project
08:46 +801 ~3 -25: /Users/karim/Project/pokemonProject/apps/avelune_studio/test/presentation/ui05_narrative_overview_navigation_test.dart: search and map shortcut preserve the author project
08:46 +802 ~3 -25: /Users/karim/Project/pokemonProject/apps/avelune_studio/test/presentation/ui05_narrative_overview_navigation_test.dart: search and map shortcut preserve the author project
08:46 +803 ~3 -25: /Users/karim/Project/pokemonProject/apps/avelune_studio/test/presentation/ui05_narrative_overview_navigation_test.dart: search and map shortcut preserve the author project
08:46 +804 ~3 -25: /Users/karim/Project/pokemonProject/apps/avelune_studio/test/presentation/ui05_narrative_overview_navigation_test.dart: search and map shortcut preserve the author project
08:48 +805 ~3 -25: /Users/karim/Project/pokemonProject/apps/avelune_studio/test/presentation/ui05_narrative_overview_navigation_test.dart: search and map shortcut preserve the author project
08:50 +806 ~3 -25: /Users/karim/Project/pokemonProject/apps/avelune_studio/test/presentation/ui05_narrative_overview_navigation_test.dart: search and map shortcut preserve the author project
08:50 +807 ~3 -25: /Users/karim/Project/pokemonProject/apps/avelune_studio/test/presentation/ui05_narrative_overview_navigation_test.dart: search and map shortcut preserve the author project
08:50 +808 ~3 -25: /Users/karim/Project/pokemonProject/apps/avelune_studio/test/presentation/ui05_narrative_overview_navigation_test.dart: search and map shortcut preserve the author project
08:50 +809 ~3 -25: /Users/karim/Project/pokemonProject/apps/avelune_studio/test/presentation/ui05_narrative_overview_navigation_test.dart: search and map shortcut preserve the author project
08:50 +810 ~3 -25: /Users/karim/Project/pokemonProject/apps/avelune_studio/test/presentation/ui05_narrative_overview_navigation_test.dart: search and map shortcut preserve the author project
08:50 +811 ~3 -25: /Users/karim/Project/pokemonProject/apps/avelune_studio/test/presentation/ui05_narrative_overview_navigation_test.dart: search and map shortcut preserve the author project
08:50 +812 ~3 -25: /Users/karim/Project/pokemonProject/apps/avelune_studio/test/presentation/ui05_narrative_overview_navigation_test.dart: search and map shortcut preserve the author project
08:50 +813 ~3 -25: /Users/karim/Project/pokemonProject/apps/avelune_studio/test/presentation/ui05_narrative_overview_navigation_test.dart: search and map shortcut preserve the author project
08:50 +814 ~3 -25: /Users/karim/Project/pokemonProject/apps/avelune_studio/test/presentation/ui08_event_playtest_test.dart: published event opens runtime using revalidated map and returns
08:52 +815 ~3 -25: /Users/karim/Project/pokemonProject/apps/avelune_studio/test/presentation/ui11_scene_presentation_binding_test.dart: typed linked callbacks retain scene draft, selection and viewport
08:52 +816 ~3 -25: /Users/karim/Project/pokemonProject/apps/avelune_studio/test/presentation/ui11_scene_presentation_binding_test.dart: typed linked callbacks retain scene draft, selection and viewport
08:52 +817 ~3 -25: /Users/karim/Project/pokemonProject/apps/avelune_studio/test/presentation/ui11_scene_presentation_binding_test.dart: typed linked callbacks retain scene draft, selection and viewport
08:52 +818 ~3 -25: /Users/karim/Project/pokemonProject/apps/avelune_studio/test/presentation/ui08_event_playtest_test.dart: published draft refuses runtime launch
08:52 +819 ~3 -25: /Users/karim/Project/pokemonProject/apps/avelune_studio/test/presentation/ui08_event_playtest_test.dart: published draft refuses runtime launch
08:52 +820 ~3 -25: /Users/karim/Project/pokemonProject/apps/avelune_studio/test/presentation/ui08_event_playtest_test.dart: launch refuses selection changing during asynchronous read
08:53 +821 ~3 -25: /Users/karim/Project/pokemonProject/apps/avelune_studio/test/presentation/ui08_event_playtest_test.dart: launch refuses record changing during asynchronous read
08:53 +822 ~3 -25: /Users/karim/Project/pokemonProject/apps/avelune_studio/test/presentation/ui08_event_playtest_test.dart: launch refuses map changing during asynchronous read
08:53 +823 ~3 -25: /Users/karim/Project/pokemonProject/apps/avelune_studio/test/presentation/ui08_event_playtest_test.dart: launch refuses project changing during asynchronous read
08:53 +824 ~3 -25: /Users/karim/Project/pokemonProject/apps/avelune_studio/test/presentation/border_creation_journey_test.dart: Studio publishes a border and offers it to the map tool
08:53 +825 ~3 -25: /Users/karim/Project/pokemonProject/apps/avelune_studio/test/presentation/border_creation_journey_test.dart: Studio publishes a border and offers it to the map tool
09:02 +826 ~3 -25: /Users/karim/Project/pokemonProject/apps/avelune_studio/test/presentation/border_creation_journey_test.dart: Studio publishes a border and offers it to the map tool
09:03 +827 ~3 -25: /Users/karim/Project/pokemonProject/apps/avelune_studio/test/presentation/ui05_verification_summary_test.dart: overview summarizes the last real verification report
09:07 +828 ~3 -25: /Users/karim/Project/pokemonProject/apps/avelune_studio/test/presentation/ui05_verification_summary_test.dart: overview summarizes the last real verification report
09:09 +829 ~3 -25: /Users/karim/Project/pokemonProject/apps/avelune_studio/test/presentation/ui07_story_selection_test.dart: UI07 homonym story IDs and filtering retain the exact active dirty document
09:09 +830 ~3 -25: /Users/karim/Project/pokemonProject/apps/avelune_studio/test/presentation/ui07_story_selection_test.dart: UI07 coherence reveals the actual missing reference from structure without publishing
09:10 +831 ~3 -25: /Users/karim/Project/pokemonProject/apps/avelune_studio/test/presentation/ui06_scene_navigation_test.dart: UI06 advanced interaction opens exact scene and draft survives navigation and refused close
09:12 +832 ~3 -25: /Users/karim/Project/pokemonProject/apps/avelune_studio/test/presentation/ui06_scene_navigation_test.dart: UI06 advanced interaction opens exact scene and draft survives navigation and refused close
09:14 +833 ~3 -25: /Users/karim/Project/pokemonProject/apps/avelune_studio/test/presentation/ui06_scene_navigation_test.dart: UI06 advanced interaction opens exact scene and draft survives navigation and refused close
09:14 +834 ~3 -25: /Users/karim/Project/pokemonProject/apps/avelune_studio/test/presentation/ui06_scene_navigation_test.dart: UI06 advanced interaction opens exact scene and draft survives navigation and refused close
09:14 +835 ~3 -25: /Users/karim/Project/pokemonProject/apps/avelune_studio/test/presentation/ui06_scene_navigation_test.dart: UI06 advanced interaction opens exact scene and draft survives navigation and refused close
09:15 +836 ~3 -25: /Users/karim/Project/pokemonProject/apps/avelune_studio/test/presentation/m2_end_to_end_test.dart: real import decor terrain save reload and runtime journey
09:27 +837 ~3 -25: /Users/karim/Project/pokemonProject/apps/avelune_studio/test/presentation/m2_end_to_end_test.dart: real import decor terrain save reload and runtime journey
09:29 +838 ~3 -25: /Users/karim/Project/pokemonProject/apps/avelune_studio/test/presentation/m2_end_to_end_test.dart: real import decor terrain save reload and runtime journey
[runtime_loader] bundle load start projectFilePath=/private/var/folders/b5/7gsfwzyd449_54n8l40h40gc0000gn/T/avelune_m2_ui_LElzF8/project.json mapId=jardin
[runtime_loader] project manifest lookup path=/private/var/folders/b5/7gsfwzyd449_54n8l40h40gc0000gn/T/avelune_m2_ui_LElzF8/project.json
[runtime_loader] project manifest read ok bytes=45398
[runtime_loader] project manifest validated maps=2 tilesets=2 scenarios=0
[runtime_loader] bundle map resolved mapId=jardin relativePath=maps/jardin.json mapPath=/private/var/folders/b5/7gsfwzyd449_54n8l40h40gc0000gn/T/avelune_m2_ui_LElzF8/maps/jardin.json
[runtime_loader] map file lookup path=/private/var/folders/b5/7gsfwzyd449_54n8l40h40gc0000gn/T/avelune_m2_ui_LElzF8/maps/jardin.json
[runtime_loader] map file read ok bytes=24375
09:29 +839 ~3 -25: /Users/karim/Project/pokemonProject/apps/avelune_studio/test/presentation/m2_end_to_end_test.dart: real import decor terrain save reload and runtime journey
[runtime_loader] map validated id=jardin size=24x16 layers=4 entities=1 placedElements=6 warps=0 triggers=0
[runtime_loader] bundle tilesets collected ids=atelier,source_1790882409847680_2421484959
[runtime_loader] bundle tileset path id=atelier path=/private/var/folders/b5/7gsfwzyd449_54n8l40h40gc0000gn/T/avelune_m2_ui_LElzF8/assets/atelier.png
[runtime_loader] bundle tileset path id=source_1790882409847680_2421484959 path=/private/var/folders/b5/7gsfwzyd449_54n8l40h40gc0000gn/T/avelune_m2_ui_LElzF8/assets/.pokemap-store/410a5c9667c98ac02aab06b022caa817b619b07228972c838d3c023576cff8a8.blob
[runtime_loader] bundle load ok mapId=jardin projectRoot=/private/var/folders/b5/7gsfwzyd449_54n8l40h40gc0000gn/T/avelune_m2_ui_LElzF8 tilesets=2
[runtime_game] tileset image load start map=jardin
[runtime_game] tileset cache resolve requested=2
[runtime_game] tileset cache resolve ok result=2
[runtime_game] onLoad start map=jardin projectFilePath=/private/var/folders/b5/7gsfwzyd449_54n8l40h40gc0000gn/T/avelune_m2_ui_LElzF8/project.json tilesets=2
[runtime_game] world build start map=jardin
[runtime] Map loaded: jardin, spawn at (8, 9)
[runtime_game] tileset image load ok count=2 map=jardin
[runtime_game] mount root map start map=jardin
[runtime_game] mount root map ok map=jardin
[runtime_game] onLoad completed activeMapId=jardin
[event_v2] mapEnter activation=mapact_1790882421576383_1 map=jardin reason=initialBoot result=MapEnterProductionDispatchLegacyFallback
09:30 +840 ~3 -25: /Users/karim/Project/pokemonProject/apps/avelune_studio/test/presentation/ui02_palette_test.dart: lazy decor grid retains scroll and activates actual brush
09:31 +841 ~3 -25: /Users/karim/Project/pokemonProject/apps/avelune_studio/test/presentation/m2_end_to_end_test.dart: large resource library remains usable at narrow enlarged text
09:31 +842 ~3 -25: /Users/karim/Project/pokemonProject/apps/avelune_studio/test/presentation/m2_end_to_end_test.dart: large resource library remains usable at narrow enlarged text
09:32 +843 ~3 -25: /Users/karim/Project/pokemonProject/apps/avelune_studio/test/presentation/brush_retention_transition_test.dart: tool integration retains one brush with hidden palette and small budget
09:33 +844 ~3 -25: /Users/karim/Project/pokemonProject/apps/avelune_studio/test/presentation/brush_retention_transition_test.dart: tool integration retains one brush with hidden palette and small budget
09:34 +845 ~3 -25: /Users/karim/Project/pokemonProject/apps/avelune_studio/test/presentation/brush_retention_transition_test.dart: tool integration retains one brush with hidden palette and small budget
09:35 +846 ~3 -25: /Users/karim/Project/pokemonProject/apps/avelune_studio/test/presentation/brush_retention_transition_test.dart: tool integration retains one brush with hidden palette and small budget
09:35 +847 ~3 -25: /Users/karim/Project/pokemonProject/apps/avelune_studio/test/presentation/brush_retention_transition_test.dart: tool integration retains one brush with hidden palette and small budget
09:36 +848 ~3 -25: /Users/karim/Project/pokemonProject/apps/avelune_studio/test/presentation/brush_retention_transition_test.dart: tool integration retains one brush with hidden palette and small budget
09:39 +849 ~3 -25: /Users/karim/Project/pokemonProject/apps/avelune_studio/test/presentation/ui05_narrative_overview_collection_test.dart: large story collections keep the overview bounded and searchable
09:40 +850 ~3 -25: /Users/karim/Project/pokemonProject/apps/avelune_studio/test/presentation/ui06_scene_action_form_test.dart: action edits preserve opaque metadata until explicit apply
09:40 +851 ~3 -25: /Users/karim/Project/pokemonProject/apps/avelune_studio/test/presentation/ui05_narrative_overview_collection_test.dart: filter leaves a neutral detail until a visible story is selected
09:40 +852 ~3 -25: /Users/karim/Project/pokemonProject/apps/avelune_studio/test/presentation/ui05_narrative_overview_collection_test.dart: filter leaves a neutral detail until a visible story is selected
09:41 +853 ~3 -25: /Users/karim/Project/pokemonProject/apps/avelune_studio/test/presentation/ui05_narrative_overview_collection_test.dart: filter leaves a neutral detail until a visible story is selected
09:42 +854 ~3 -25: /Users/karim/Project/pokemonProject/apps/avelune_studio/test/presentation/ui05_story_journey_test.dart: UI05 story overview reads canonical fixture without mutations
09:45 +855 ~3 -25: /Users/karim/Project/pokemonProject/apps/avelune_studio/test/presentation/ui05_story_journey_test.dart: UI05 story overview reads canonical fixture without mutations
09:46 +856 ~3 -25: /Users/karim/Project/pokemonProject/apps/avelune_studio/test/presentation/ui05_story_journey_test.dart: UI05 story overview reads canonical fixture without mutations
09:49 +857 ~3 -25: /Users/karim/Project/pokemonProject/apps/avelune_studio/test/presentation/ui05_narrative_artwork_test.dart: overview uses project artwork for hero, story, and scene
09:49 +858 ~3 -25: /Users/karim/Project/pokemonProject/apps/avelune_studio/test/presentation/ui05_narrative_artwork_test.dart: a project without storylines features its real scenes
09:50 +859 ~3 -25: /Users/karim/Project/pokemonProject/apps/avelune_studio/test/presentation/ui08_event_sources_test.dart: UI08 four real sources preserve exact targets and Escape cancels without writes
09:55 +860 ~3 -25: /Users/karim/Project/pokemonProject/apps/avelune_studio/test/presentation/ui08_event_sources_test.dart: UI08 four real sources preserve exact targets and Escape cancels without writes
09:57 +861 ~3 -25: /Users/karim/Project/pokemonProject/apps/avelune_studio/test/presentation/ui05_narrative_overview_landing_test.dart: history map shortcut disarms placement and eraser before canvas input
09:58 +862 ~3 -25: /Users/karim/Project/pokemonProject/apps/avelune_studio/test/presentation/resource_detail_ui03_test.dart: terrain category is canonical and missing maps are explained
09:59 +863 ~3 -25: /Users/karim/Project/pokemonProject/apps/avelune_studio/test/presentation/resource_detail_ui03_test.dart: terrain category is canonical and missing maps are explained
09:59 +864 ~3 -25: /Users/karim/Project/pokemonProject/apps/avelune_studio/test/presentation/resource_detail_ui03_test.dart: terrain category is canonical and missing maps are explained
09:59 +865 ~3 -25: /Users/karim/Project/pokemonProject/apps/avelune_studio/test/presentation/resource_detail_ui03_test.dart: terrain category is canonical and missing maps are explained
09:59 +866 ~3 -25: /Users/karim/Project/pokemonProject/apps/avelune_studio/test/presentation/resource_detail_ui03_test.dart: terrain category is canonical and missing maps are explained
09:59 +867 ~3 -25: /Users/karim/Project/pokemonProject/apps/avelune_studio/test/presentation/resource_detail_ui03_test.dart: terrain category is canonical and missing maps are explained
09:59 +868 ~3 -25: /Users/karim/Project/pokemonProject/apps/avelune_studio/test/presentation/resource_detail_ui03_test.dart: terrain category is canonical and missing maps are explained
09:59 +869 ~3 -25: /Users/karim/Project/pokemonProject/apps/avelune_studio/test/presentation/resource_detail_ui03_test.dart: use action stays visible while detail scrolls at 150 percent
09:59 +870 ~3 -25: /Users/karim/Project/pokemonProject/apps/avelune_studio/test/presentation/resource_detail_ui03_test.dart: unprepared image retains an honest tile-use destination
09:59 +871 ~3 -25: /Users/karim/Project/pokemonProject/apps/avelune_studio/test/presentation/resource_detail_ui03_test.dart: terrain example resolves distinct edges using real tile IDs
10:00 +872 ~3 -25: /Users/karim/Project/pokemonProject/apps/avelune_studio/test/ui13_verification_host_recovery_test.dart: saving from an editor during a control frees the page
10:02 +873 ~3 -25: /Users/karim/Project/pokemonProject/apps/avelune_studio/test/ui13_verification_host_recovery_test.dart: saving from an editor during a control frees the page
10:03 +874 ~3 -25: /Users/karim/Project/pokemonProject/apps/avelune_studio/test/game_export/studio_game_export_cancel_test.dart: cancel before confirmed replacement preserves existing bytes
10:04 +875 ~3 -25: /Users/karim/Project/pokemonProject/apps/avelune_studio/test/game_export/studio_game_export_cancel_test.dart: cancel during destination existence check prevents writing
10:04 +876 ~3 -25: /Users/karim/Project/pokemonProject/apps/avelune_studio/test/game_export/studio_game_export_cancel_test.dart: project invalidation before writing produces no late success
10:04 +877 ~3 -25: /Users/karim/Project/pokemonProject/apps/avelune_studio/test/game_export/studio_game_export_cancel_test.dart: late post-write source read cannot publish success for another project
10:05 +878 ~3 -25: /Users/karim/Project/pokemonProject/apps/avelune_studio/test/game_export/studio_project_item_icons_export_test.dart: Studio provisions saved item icons before building the game package
10:05 +879 ~3 -25: /Users/karim/Project/pokemonProject/apps/avelune_studio/test/game_export/studio_project_item_icons_export_test.dart: Studio provisions saved item icons before building the game package
10:08 +880 ~3 -25: /Users/karim/Project/pokemonProject/apps/avelune_studio/test/game_export/studio_project_item_icons_export_test.dart: Studio provisions saved item icons before building the game package
10:10 +881 ~3 -25: /Users/karim/Project/pokemonProject/apps/avelune_studio/test/game_export/studio_game_export_service_test.dart: small desktop page keeps fields and actions reachable
10:10 +882 ~3 -25: /Users/karim/Project/pokemonProject/apps/avelune_studio/test/game_export/studio_project_item_icons_export_test.dart: Studio preserves custom item pixels in the project and game package
10:10 +883 ~3 -25: /Users/karim/Project/pokemonProject/apps/avelune_studio/test/game_export/studio_game_export_service_test.dart: native destination failure is shown without losing the page
10:11 +884 ~3 -25: /Users/karim/Project/pokemonProject/apps/avelune_studio/test/game_export/studio_game_export_service_test.dart: native destination failure is shown without losing the page
10:11 +885 ~3 -25: /Users/karim/Project/pokemonProject/apps/avelune_studio/test/game_export/studio_game_export_service_test.dart: native destination failure is shown without losing the page
10:11 +886 ~3 -25: /Users/karim/Project/pokemonProject/apps/avelune_studio/test/game_export/studio_game_export_service_test.dart: a rejected owner save keeps the interaction draft and blocks export
10:12 +887 ~3 -25: /Users/karim/Project/pokemonProject/apps/avelune_studio/test/game_export/studio_game_export_service_test.dart: a rejected owner save keeps the interaction draft and blocks export
10:13 +888 ~3 -25: /Users/karim/Project/pokemonProject/apps/avelune_studio/test/game_export/studio_game_export_service_test.dart: a rejected owner save keeps the interaction draft and blocks export
10:15 +889 ~3 -25: /Users/karim/Project/pokemonProject/apps/avelune_studio/test/game_export/studio_game_export_control_test.dart: missing source resource prevents the package
10:16 +890 ~3 -25: /Users/karim/Project/pokemonProject/apps/avelune_studio/test/game_export/studio_game_export_service_test.dart: declining replacement preserves an existing package
10:16 +891 ~3 -25: /Users/karim/Project/pokemonProject/apps/avelune_studio/test/game_export/studio_game_export_service_test.dart: declining replacement preserves an existing package
10:16 +892 ~3 -25: /Users/karim/Project/pokemonProject/apps/avelune_studio/test/game_export/studio_game_export_control_test.dart: source change during construction refuses a mixed package
10:16 +893 ~3 -25: /Users/karim/Project/pokemonProject/apps/avelune_studio/test/game_export/studio_game_export_service_test.dart: Studio exports the saved two-map story through its own page
10:17 +894 ~3 -25: /Users/karim/Project/pokemonProject/apps/avelune_studio/test/game_export/studio_game_export_service_test.dart: Studio exports the saved two-map story through its own page
10:17 +895 ~3 -25: /Users/karim/Project/pokemonProject/apps/avelune_studio/test/game_export/studio_game_export_service_test.dart: Studio exports the saved two-map story through its own page
10:17 +896 ~3 -25: /Users/karim/Project/pokemonProject/apps/avelune_studio/test/game_export/studio_game_export_service_test.dart: Studio exports the saved two-map story through its own page
10:17 +897 ~3 -25: /Users/karim/Project/pokemonProject/apps/avelune_studio/test/game_export/studio_game_export_service_test.dart: Studio exports the saved two-map story through its own page
10:21 +898 ~3 -25: /Users/karim/Project/pokemonProject/apps/avelune_studio/test/game_export/studio_game_export_service_test.dart: Studio exports the saved two-map story through its own page
══╡ EXCEPTION CAUGHT BY FLUTTER TEST FRAMEWORK ╞════════════════════════════════════════════════════
The following TestFailure was thrown running a test:
Expected: exactly one matching candidate
  Actual: _TextWidgetFinder:<Found 0 widgets with text "Paquet produit": []>
   Which: means none were found but one was expected
stage=StudioExportStage.building error=null

When the exception was thrown, this was the stack:
#4      main.<anonymous closure> (file:///Users/karim/Project/pokemonProject/apps/avelune_studio/test/game_export/studio_game_export_service_test.dart:205:7)
<asynchronous suspension>
#5      testWidgets.<anonymous closure>.<anonymous closure> (package:flutter_test/src/widget_tester.dart:192:15)
<asynchronous suspension>
#6      TestWidgetsFlutterBinding._runTestBody (package:flutter_test/src/binding.dart:1953:5)
<asynchronous suspension>
<asynchronous suspension>
(elided one frame from package:stack_trace)

This was caught by the test expectation on the following line:
  file:///Users/karim/Project/pokemonProject/apps/avelune_studio/test/game_export/studio_game_export_service_test.dart line 205
The test description was:
  Studio exports the saved two-map story through its own page
════════════════════════════════════════════════════════════════════════════════════════════════════
10:22 +898 ~3 -26: /Users/karim/Project/pokemonProject/apps/avelune_studio/test/game_export/studio_game_export_close_test.dart: unreadable profile retains the normal draft confirmation
10:22 +898 ~3 -26: /Users/karim/Project/pokemonProject/apps/avelune_studio/test/game_export/studio_game_export_service_test.dart: Studio exports the saved two-map story through its own page [E]
  Test failed. See exception logs above.
  The test description was: Studio exports the saved two-map story through its own page
  
10:23 +899 ~3 -26: /Users/karim/Project/pokemonProject/apps/avelune_studio/test/game_export/studio_game_export_close_test.dart: unreadable profile retains the normal draft confirmation
10:23 +900 ~3 -26: /Users/karim/Project/pokemonProject/apps/avelune_studio/test/game_export/studio_game_export_close_test.dart: cancelled export keeps every exit guard until cleanup finishes
══╡ EXCEPTION CAUGHT BY FLUTTER TEST FRAMEWORK ╞════════════════════════════════════════════════════
The following TestFailure was thrown running a test:
Expected: true
  Actual: <false>
stage=StudioExportStage.preparing error=null reads=0

When the exception was thrown, this was the stack:
#4      main.<anonymous closure> (file:///Users/karim/Project/pokemonProject/apps/avelune_studio/test/game_export/studio_game_export_close_test.dart:181:5)
<asynchronous suspension>
#5      testWidgets.<anonymous closure>.<anonymous closure> (package:flutter_test/src/widget_tester.dart:192:15)
<asynchronous suspension>
#6      TestWidgetsFlutterBinding._runTestBody (package:flutter_test/src/binding.dart:1953:5)
<asynchronous suspension>
<asynchronous suspension>
(elided one frame from package:stack_trace)

This was caught by the test expectation on the following line:
  file:///Users/karim/Project/pokemonProject/apps/avelune_studio/test/game_export/studio_game_export_close_test.dart line 181
The test description was:
  cancelled export keeps every exit guard until cleanup finishes
════════════════════════════════════════════════════════════════════════════════════════════════════
10:28 +900 ~3 -27: /Users/karim/Project/pokemonProject/apps/avelune_studio/test/game_export/studio_game_export_project_switch_test.dart: home opens the export page on its mounted project and exports a package
10:28 +900 ~3 -27: /Users/karim/Project/pokemonProject/apps/avelune_studio/test/game_export/studio_game_export_close_test.dart: cancelled export keeps every exit guard until cleanup finishes [E]
  Test failed. See exception logs above.
  The test description was: cancelled export keeps every exit guard until cleanup finishes
  
10:32 +900 ~3 -27: /Users/karim/Project/pokemonProject/apps/avelune_studio/test/game_export/studio_game_export_project_switch_test.dart: home opens the export page on its mounted project and exports a package
══╡ EXCEPTION CAUGHT BY FLUTTER TEST FRAMEWORK ╞════════════════════════════════════════════════════
The following TestFailure was thrown running a test:
Expected: '/var/folders/b5/7gsfwzyd449_54n8l40h40gc0000gn/T/as-exp-home-eyVuCo/home.avelunegame'
  Actual: <null>
   Which: not an <Instance of 'String'>

When the exception was thrown, this was the stack:
#4      main.<anonymous closure> (file:///Users/karim/Project/pokemonProject/apps/avelune_studio/test/game_export/studio_game_export_project_switch_test.dart:145:7)
<asynchronous suspension>
#5      testWidgets.<anonymous closure>.<anonymous closure> (package:flutter_test/src/widget_tester.dart:192:15)
<asynchronous suspension>
#6      TestWidgetsFlutterBinding._runTestBody (package:flutter_test/src/binding.dart:1953:5)
<asynchronous suspension>
<asynchronous suspension>
(elided one frame from package:stack_trace)

This was caught by the test expectation on the following line:
  file:///Users/karim/Project/pokemonProject/apps/avelune_studio/test/game_export/studio_game_export_project_switch_test.dart line 145
The test description was:
  home opens the export page on its mounted project and exports a package
════════════════════════════════════════════════════════════════════════════════════════════════════
10:32 +900 ~3 -28: /Users/karim/Project/pokemonProject/apps/avelune_studio/test/ui12_world_global_close_test.dart: global close saves new world states with Stories connected
10:32 +900 ~3 -28: /Users/karim/Project/pokemonProject/apps/avelune_studio/test/game_export/studio_game_export_project_switch_test.dart: home opens the export page on its mounted project and exports a package [E]
  Test failed. See exception logs above.
  The test description was: home opens the export page on its mounted project and exports a package
  
10:33 +901 ~3 -28: /Users/karim/Project/pokemonProject/apps/avelune_studio/test/game_export/studio_game_export_project_switch_test.dart: home switches a real workspace despite its unreadable profile
10:34 +902 ~3 -28: /Users/karim/Project/pokemonProject/apps/avelune_studio/test/ui12_world_global_close_test.dart: invalid input on a clean rule still requires an explicit choice
10:35 +903 ~3 -28: /Users/karim/Project/pokemonProject/apps/avelune_studio/test/ui12_world_global_close_test.dart: invalid input on a clean rule still requires an explicit choice
10:36 +904 ~3 -28: /Users/karim/Project/pokemonProject/apps/avelune_studio/test/ui12_world_global_close_test.dart: invalid input on a clean rule still requires an explicit choice
10:36 +905 ~3 -28: /Users/karim/Project/pokemonProject/apps/avelune_studio/test/ui13_verification_dialogue_source_test.dart: an unsaved source is compiled, not published
10:36 +906 ~3 -28: /Users/karim/Project/pokemonProject/apps/avelune_studio/test/ui12_world_global_close_test.dart: a failed rule keeps close blocked after its new state is saved
10:36 +907 ~3 -28: /Users/karim/Project/pokemonProject/apps/avelune_studio/test/ui12_world_global_close_test.dart: a failed rule keeps close blocked after its new state is saved
10:37 +908 ~3 -28: /Users/karim/Project/pokemonProject/apps/avelune_studio/test/ui12_world_global_close_test.dart: a failed rule keeps close blocked after its new state is saved
10:38 +909 ~3 -28: /Users/karim/Project/pokemonProject/apps/avelune_studio/test/ui12_world_global_close_test.dart: a failed rule keeps close blocked after its new state is saved
10:38 +910 ~3 -28: /Users/karim/Project/pokemonProject/apps/avelune_studio/test/ui12_world_global_close_test.dart: a failed rule keeps close blocked after its new state is saved
10:39 +911 ~3 -28: /Users/karim/Project/pokemonProject/apps/avelune_studio/test/map_workspace/map_catalog_transaction_guard_test.dart: transaction rechecks dispose after acquiring the writer lock
10:39 +912 ~3 -28: /Users/karim/Project/pokemonProject/apps/avelune_studio/test/map_workspace/context_keyboard_test.dart: the menu takes the focus and gives it back on Escape
10:39 +913 ~3 -28: /Users/karim/Project/pokemonProject/apps/avelune_studio/test/map_workspace/context_keyboard_test.dart: the menu takes the focus and gives it back on Escape
10:39 +914 ~3 -28: /Users/karim/Project/pokemonProject/apps/avelune_studio/test/map_workspace/context_keyboard_test.dart: the menu takes the focus and gives it back on Escape
10:40 +915 ~3 -28: /Users/karim/Project/pokemonProject/apps/avelune_studio/test/map_workspace/context_keyboard_test.dart: the menu takes the focus and gives it back on Escape
10:40 +916 ~3 -28: /Users/karim/Project/pokemonProject/apps/avelune_studio/test/map_workspace/context_keyboard_test.dart: an action is activated with the keyboard alone
10:40 +917 ~3 -28: /Users/karim/Project/pokemonProject/apps/avelune_studio/test/map_workspace/context_keyboard_test.dart: a blocked action cannot be run from the keyboard
10:40 +918 ~3 -28: /Users/karim/Project/pokemonProject/apps/avelune_studio/test/map_workspace/trigger_visual_test.dart: the story zone inspector holds the charter
10:40 +919 ~3 -28: /Users/karim/Project/pokemonProject/apps/avelune_studio/test/map_workspace/trigger_visual_test.dart: the story zone inspector holds the charter
10:41 +920 ~3 -28: /Users/karim/Project/pokemonProject/apps/avelune_studio/test/map_workspace/uwu2_resize_runtime_host_test.dart: workspace growth persists and the reloaded runtime walks beyond old bounds
10:46 +921 ~3 -28: /Users/karim/Project/pokemonProject/apps/avelune_studio/test/map_workspace/uwu2_resize_runtime_host_test.dart: workspace growth persists and the reloaded runtime walks beyond old bounds
10:48 +922 ~3 -28: /Users/karim/Project/pokemonProject/apps/avelune_studio/test/map_workspace/uwu2_resize_runtime_host_test.dart: workspace growth persists and the reloaded runtime walks beyond old bounds
10:50 +923 ~3 -28: /Users/karim/Project/pokemonProject/apps/avelune_studio/test/map_workspace/uwu2_resize_runtime_host_test.dart: workspace growth persists and the reloaded runtime walks beyond old bounds
[runtime_loader] bundle load start projectFilePath=/private/var/folders/b5/7gsfwzyd449_54n8l40h40gc0000gn/T/uwu-map-catalogue-8Ik1y7/clairbois-uwu/project.json mapId=studio_map_1790882498642432
[runtime_loader] project manifest lookup path=/private/var/folders/b5/7gsfwzyd449_54n8l40h40gc0000gn/T/uwu-map-catalogue-8Ik1y7/clairbois-uwu/project.json
[runtime_loader] project manifest read ok bytes=150579
[runtime_loader] project manifest validated maps=3 tilesets=30 scenarios=0
[runtime_loader] bundle map resolved mapId=studio_map_1790882498642432 relativePath=maps/studio_map_1790882498642432.json mapPath=/private/var/folders/b5/7gsfwzyd449_54n8l40h40gc0000gn/T/uwu-map-catalogue-8Ik1y7/clairbois-uwu/maps/studio_map_1790882498642432.json
[runtime_loader] map file lookup path=/private/var/folders/b5/7gsfwzyd449_54n8l40h40gc0000gn/T/uwu-map-catalogue-8Ik1y7/clairbois-uwu/maps/studio_map_1790882498642432.json
[runtime_loader] map file read ok bytes=1145
[runtime_loader] map validated id=studio_map_1790882498642432 size=36x29 layers=0 entities=1 placedElements=0 warps=0 triggers=0
[runtime_loader] bundle tilesets collected ids=arbre-feuillu,voyageur
[runtime_loader] bundle tileset path id=arbre-feuillu path=/private/var/folders/b5/7gsfwzyd449_54n8l40h40gc0000gn/T/uwu-map-catalogue-8Ik1y7/clairbois-uwu/assets/.pokemap-store/6982936038a243fb1045ceeed2800deb4df602ca940771d38d946465ef456b60.blob
[runtime_loader] bundle tileset path id=voyageur path=/private/var/folders/b5/7gsfwzyd449_54n8l40h40gc0000gn/T/uwu-map-catalogue-8Ik1y7/clairbois-uwu/assets/.pokemap-store/42c316b5f8904623f2aafa57bb0314c362b4f4162ec61bcc70348b0e44354721.blob
[runtime_loader] bundle load ok mapId=studio_map_1790882498642432 projectRoot=/private/var/folders/b5/7gsfwzyd449_54n8l40h40gc0000gn/T/uwu-map-catalogue-8Ik1y7/clairbois-uwu tilesets=2
[runtime_loader] bundle load start projectFilePath=/private/var/folders/b5/7gsfwzyd449_54n8l40h40gc0000gn/T/uwu-map-catalogue-8Ik1y7/clairbois-uwu/project.json mapId=first-map
[runtime_loader] project manifest lookup path=/private/var/folders/b5/7gsfwzyd449_54n8l40h40gc0000gn/T/uwu-map-catalogue-8Ik1y7/clairbois-uwu/project.json
[runtime_loader] project manifest read ok bytes=150579
[runtime_loader] project manifest validated maps=3 tilesets=30 scenarios=0
[runtime_loader] bundle map resolved mapId=first-map relativePath=maps/first-map.json mapPath=/private/var/folders/b5/7gsfwzyd449_54n8l40h40gc0000gn/T/uwu-map-catalogue-8Ik1y7/clairbois-uwu/maps/first-map.json
[runtime_loader] map file lookup path=/private/var/folders/b5/7gsfwzyd449_54n8l40h40gc0000gn/T/uwu-map-catalogue-8Ik1y7/clairbois-uwu/maps/first-map.json
[runtime_loader] map file read ok bytes=150888
[runtime_loader] map validated id=first-map size=32x26 layers=10 entities=3 placedElements=49 warps=1 triggers=0
[runtime_loader] bundle tilesets collected ids=starter,nature-atlas,herbe-claire,berges-douces,relief-psdk,couronne-relief,voyageur,emile,maison-menthe,maison-violette,maison-bleue,sapin,arbre-feuillu,banc-gris,jardiniere,fleurs-orange,fleurs-blanches,buisson,panneau
[runtime_loader] bundle tileset path id=starter path=/private/var/folders/b5/7gsfwzyd449_54n8l40h40gc0000gn/T/uwu-map-catalogue-8Ik1y7/clairbois-uwu/assets/.pokemap-store/49c8ee49425cdf3715743c1cfbe67a3b02ec7778734a91d68b2fc0cc30e88248.blob
[runtime_loader] bundle tileset path id=nature-atlas path=/private/var/folders/b5/7gsfwzyd449_54n8l40h40gc0000gn/T/uwu-map-catalogue-8Ik1y7/clairbois-uwu/assets/.pokemap-store/1674b8fb427f111e193f7a51d55e80709b0fa9d6d3c9ffa1fa04462cddc4cae1.blob
[runtime_loader] bundle tileset path id=herbe-claire path=/private/var/folders/b5/7gsfwzyd449_54n8l40h40gc0000gn/T/uwu-map-catalogue-8Ik1y7/clairbois-uwu/assets/.pokemap-store/5da313795e47a5de78e81adb0f35b4eb9e25f23240a4c16240603c118e95207d.blob
[runtime_loader] bundle tileset path id=berges-douces path=/private/var/folders/b5/7gsfwzyd449_54n8l40h40gc0000gn/T/uwu-map-catalogue-8Ik1y7/clairbois-uwu/assets/.pokemap-store/3850c0a92900911feb48c7c7a928dd2d2067c69dc47136a33ee1b186f11b375a.blob
[runtime_loader] bundle tileset path id=relief-psdk path=/private/var/folders/b5/7gsfwzyd449_54n8l40h40gc0000gn/T/uwu-map-catalogue-8Ik1y7/clairbois-uwu/assets/.pokemap-store/f4e9485f66e6149941ae3ec01814b485f72782de2fd62502d831e8503e46679d.blob
[runtime_loader] bundle tileset path id=couronne-relief path=/private/var/folders/b5/7gsfwzyd449_54n8l40h40gc0000gn/T/uwu-map-catalogue-8Ik1y7/clairbois-uwu/assets/.pokemap-store/05c7090aa7ce74a305f719defff0133843bb751d5a5abcbaa72e1fce6b461923.blob
[runtime_loader] bundle tileset path id=voyageur path=/private/var/folders/b5/7gsfwzyd449_54n8l40h40gc0000gn/T/uwu-map-catalogue-8Ik1y7/clairbois-uwu/assets/.pokemap-store/42c316b5f8904623f2aafa57bb0314c362b4f4162ec61bcc70348b0e44354721.blob
[runtime_loader] bundle tileset path id=emile path=/private/var/folders/b5/7gsfwzyd449_54n8l40h40gc0000gn/T/uwu-map-catalogue-8Ik1y7/clairbois-uwu/assets/.pokemap-store/9ddfec20f9a302dc1dc47735aa7802e03ce6cd8801755b260b8f287c3f3b1ea0.blob
[runtime_loader] bundle tileset path id=maison-menthe path=/private/var/folders/b5/7gsfwzyd449_54n8l40h40gc0000gn/T/uwu-map-catalogue-8Ik1y7/clairbois-uwu/assets/.pokemap-store/42469be8de62fb4db20a5c4bae25fb476326442c1717db0a8e1859d774cd1a4b.blob
[runtime_loader] bundle tileset path id=maison-violette path=/private/var/folders/b5/7gsfwzyd449_54n8l40h40gc0000gn/T/uwu-map-catalogue-8Ik1y7/clairbois-uwu/assets/.pokemap-store/e25b9335c71dec78ff71dd0a69a1e163153fe5832344eb7fe1bfffc85e26e000.blob
[runtime_loader] bundle tileset path id=maison-bleue path=/private/var/folders/b5/7gsfwzyd449_54n8l40h40gc0000gn/T/uwu-map-catalogue-8Ik1y7/clairbois-uwu/assets/.pokemap-store/10f048b025b4c0caea7b3d1279ec7879a35e8ad2863e52731cd81e69cb58d651.blob
[runtime_loader] bundle tileset path id=sapin path=/private/var/folders/b5/7gsfwzyd449_54n8l40h40gc0000gn/T/uwu-map-catalogue-8Ik1y7/clairbois-uwu/assets/.pokemap-store/fa9611e9ef0462baa5804b7155e59c7733cc5905eccc4f84d93e99a14ff9f067.blob
[runtime_loader] bundle tileset path id=arbre-feuillu path=/private/var/folders/b5/7gsfwzyd449_54n8l40h40gc0000gn/T/uwu-map-catalogue-8Ik1y7/clairbois-uwu/assets/.pokemap-store/6982936038a243fb1045ceeed2800deb4df602ca940771d38d946465ef456b60.blob
[runtime_loader] bundle tileset path id=banc-gris path=/private/var/folders/b5/7gsfwzyd449_54n8l40h40gc0000gn/T/uwu-map-catalogue-8Ik1y7/clairbois-uwu/assets/.pokemap-store/3b281d0c6dddf83015534e4444d3f8acde47f9e36b9c37310d227120800f7cf1.blob
[runtime_loader] bundle tileset path id=jardiniere path=/private/var/folders/b5/7gsfwzyd449_54n8l40h40gc0000gn/T/uwu-map-catalogue-8Ik1y7/clairbois-uwu/assets/.pokemap-store/042e11db7825b693846824a20a02da53fbb8ca25276ee2863ef6903e1a64ad84.blob
[runtime_loader] bundle tileset path id=fleurs-orange path=/private/var/folders/b5/7gsfwzyd449_54n8l40h40gc0000gn/T/uwu-map-catalogue-8Ik1y7/clairbois-uwu/assets/.pokemap-store/569d7509ca9770420fdeaaa4e3a122416d1ac3b900381edd1a7ba405afdcf9a2.blob
[runtime_loader] bundle tileset path id=fleurs-blanches path=/private/var/folders/b5/7gsfwzyd449_54n8l40h40gc0000gn/T/uwu-map-catalogue-8Ik1y7/clairbois-uwu/assets/.pokemap-store/a8460b601a3a68916a6b25b61e3eb98ba097d0f803418c4ce99570261322dd4a.blob
[runtime_loader] bundle tileset path id=buisson path=/private/var/folders/b5/7gsfwzyd449_54n8l40h40gc0000gn/T/uwu-map-catalogue-8Ik1y7/clairbois-uwu/assets/.pokemap-store/15d5eb2784a42103b57cec659ee354f82beff2af75e5ce9047dc4bba7429349d.blob
[runtime_loader] bundle tileset path id=panneau path=/private/var/folders/b5/7gsfwzyd449_54n8l40h40gc0000gn/T/uwu-map-catalogue-8Ik1y7/clairbois-uwu/assets/.pokemap-store/9c481e488b42fba589960f6a1ba1a5c3bb8626c1ba7d665bc26b8e44e8414ec0.blob
[runtime_loader] bundle load ok mapId=first-map projectRoot=/private/var/folders/b5/7gsfwzyd449_54n8l40h40gc0000gn/T/uwu-map-catalogue-8Ik1y7/clairbois-uwu tilesets=19
[runtime_game] tileset image load start map=studio_map_1790882498642432
[runtime_game] tileset cache resolve requested=4
[runtime_game] tileset cache resolve ok result=4
[runtime_game] onLoad start map=studio_map_1790882498642432 projectFilePath=/private/var/folders/b5/7gsfwzyd449_54n8l40h40gc0000gn/T/uwu-map-catalogue-8Ik1y7/clairbois-uwu/project.json tilesets=2
[runtime] New game created from project contract on studio_map_1790882498642432 at (30, 1)
[runtime_game] tileset image load ok count=4 map=studio_map_1790882498642432
[runtime_game] mount root map start map=studio_map_1790882498642432
[runtime_game] mount root map ok map=studio_map_1790882498642432
[runtime_game] onLoad completed activeMapId=studio_map_1790882498642432
[event_v2] mapEnter activation=mapact_1790882503381018_1 map=studio_map_1790882498642432 reason=initialBoot result=MapEnterProductionDispatchLegacyFallback
10:52 +924 ~3 -28: /Users/karim/Project/pokemonProject/apps/avelune_studio/test/map_workspace/uwu2_resize_runtime_host_test.dart: workspace growth persists and the reloaded runtime walks beyond old bounds
[connection] no connection for direction=east map=studio_map_1790882498642432
[connection] no connection for direction=east map=studio_map_1790882498642432
[connection] no connection for direction=east map=studio_map_1790882498642432
[connection] no connection for direction=east map=studio_map_1790882498642432
[connection] no connection for direction=east map=studio_map_1790882498642432
[connection] no connection for direction=east map=studio_map_1790882498642432
[connection] no connection for direction=east map=studio_map_1790882498642432
[connection] no connection for direction=east map=studio_map_1790882498642432
[connection] no connection for direction=east map=studio_map_1790882498642432
[connection] no connection for direction=east map=studio_map_1790882498642432
[connection] no connection for direction=east map=studio_map_1790882498642432
[connection] no connection for direction=east map=studio_map_1790882498642432
[connection] no connection for direction=east map=studio_map_1790882498642432
[connection] no connection for direction=east map=studio_map_1790882498642432
[connection] no connection for direction=east map=studio_map_1790882498642432
[connection] no connection for direction=east map=studio_map_1790882498642432
[connection] no connection for direction=east map=studio_map_1790882498642432
[connection] no connection for direction=east map=studio_map_1790882498642432
[connection] no connection for direction=east map=studio_map_1790882498642432
[connection] no connection for direction=east map=studio_map_1790882498642432
[connection] no connection for direction=east map=studio_map_1790882498642432
[connection] no connection for direction=east map=studio_map_1790882498642432
[connection] no connection for direction=east map=studio_map_1790882498642432
[connection] no connection for direction=east map=studio_map_1790882498642432
[connection] no connection for direction=east map=studio_map_1790882498642432
[connection] no connection for direction=east map=studio_map_1790882498642432
[connection] no connection for direction=east map=studio_map_1790882498642432
[connection] no connection for direction=east map=studio_map_1790882498642432
[connection] no connection for direction=east map=studio_map_1790882498642432
[connection] no connection for direction=east map=studio_map_1790882498642432
[connection] no connection for direction=east map=studio_map_1790882498642432
[connection] no connection for direction=east map=studio_map_1790882498642432
[connection] no connection for direction=east map=studio_map_1790882498642432
[connection] no connection for direction=east map=studio_map_1790882498642432
[connection] no connection for direction=east map=studio_map_1790882498642432
[connection] no connection for direction=east map=studio_map_1790882498642432
[connection] no connection for direction=east map=studio_map_1790882498642432
[connection] no connection for direction=east map=studio_map_1790882498642432
[connection] no connection for direction=east map=studio_map_1790882498642432
[connection] no connection for direction=east map=studio_map_1790882498642432
[connection] no connection for direction=east map=studio_map_1790882498642432
[connection] no connection for direction=east map=studio_map_1790882498642432
[connection] no connection for direction=east map=studio_map_1790882498642432
[connection] no connection for direction=east map=studio_map_1790882498642432
[connection] no connection for direction=east map=studio_map_1790882498642432
[connection] no connection for direction=east map=studio_map_1790882498642432
[connection] no connection for direction=east map=studio_map_1790882498642432
[connection] no connection for direction=east map=studio_map_1790882498642432
[connection] no connection for direction=east map=studio_map_1790882498642432
[connection] no connection for direction=east map=studio_map_1790882498642432
[connection] no connection for direction=east map=studio_map_1790882498642432
[connection] no connection for direction=east map=studio_map_1790882498642432
[connection] no connection for direction=east map=studio_map_1790882498642432
[connection] no connection for direction=east map=studio_map_1790882498642432
10:52 +925 ~3 -28: /Users/karim/Project/pokemonProject/apps/avelune_studio/test/map_workspace/keyboard_delete_host_test.dart: a story zone whose interaction is being written refuses both paths
10:54 +926 ~3 -28: /Users/karim/Project/pokemonProject/apps/avelune_studio/test/map_workspace/keyboard_delete_host_test.dart: a story zone whose interaction is being written refuses both paths
10:54 +927 ~3 -28: /Users/karim/Project/pokemonProject/apps/avelune_studio/test/map_workspace/keyboard_delete_host_test.dart: a story zone whose interaction is being written refuses both paths
10:54 +928 ~3 -28: /Users/karim/Project/pokemonProject/apps/avelune_studio/test/map_workspace/keyboard_delete_host_test.dart: every family the menu deletes, the keyboard deletes and undoes
10:55 +929 ~3 -28: /Users/karim/Project/pokemonProject/apps/avelune_studio/test/map_workspace/keyboard_delete_host_test.dart: every family the menu deletes, the keyboard deletes and undoes
10:56 +930 ~3 -28: /Users/karim/Project/pokemonProject/apps/avelune_studio/test/map_workspace/keyboard_delete_host_test.dart: every family the menu deletes, the keyboard deletes and undoes
10:56 +931 ~3 -28: /Users/karim/Project/pokemonProject/apps/avelune_studio/test/map_workspace/keyboard_delete_host_test.dart: every family the menu deletes, the keyboard deletes and undoes
10:57 +932 ~3 -28: /Users/karim/Project/pokemonProject/apps/avelune_studio/test/map_workspace/map_decor_animation_panel_test.dart: animated decor configures runtime triggers and survives JSON
10:57 +933 ~3 -28: /Users/karim/Project/pokemonProject/apps/avelune_studio/test/map_workspace/map_catalog_async_reads_test.dart: moving a map retains an in-flight preview and its subsequent cache
10:58 +934 ~3 -28: /Users/karim/Project/pokemonProject/apps/avelune_studio/test/map_workspace/warp_disk_journey_test.dart: a warp saved on disk really carries the player to the other map
10:58 +935 ~3 -28: /Users/karim/Project/pokemonProject/apps/avelune_studio/test/map_workspace/warp_disk_journey_test.dart: a warp saved on disk really carries the player to the other map
[runtime_loader] bundle load start projectFilePath=/private/var/folders/b5/7gsfwzyd449_54n8l40h40gc0000gn/T/avelune_asmap_OR7H6N/project.json mapId=jardin
[runtime_loader] project manifest lookup path=/private/var/folders/b5/7gsfwzyd449_54n8l40h40gc0000gn/T/avelune_asmap_OR7H6N/project.json
[runtime_loader] project manifest read ok bytes=8480
[runtime_loader] project manifest validated maps=2 tilesets=1 scenarios=0
[runtime_loader] bundle map resolved mapId=jardin relativePath=maps/jardin.json mapPath=/private/var/folders/b5/7gsfwzyd449_54n8l40h40gc0000gn/T/avelune_asmap_OR7H6N/maps/jardin.json
[runtime_loader] map file lookup path=/private/var/folders/b5/7gsfwzyd449_54n8l40h40gc0000gn/T/avelune_asmap_OR7H6N/maps/jardin.json
[runtime_loader] map file read ok bytes=17755
[runtime_loader] map validated id=jardin size=24x16 layers=3 entities=1 placedElements=3 warps=1 triggers=0
[runtime_loader] bundle tilesets collected ids=atelier
[runtime_loader] bundle tileset path id=atelier path=/private/var/folders/b5/7gsfwzyd449_54n8l40h40gc0000gn/T/avelune_asmap_OR7H6N/assets/atelier.png
[runtime_loader] bundle load ok mapId=jardin projectRoot=/private/var/folders/b5/7gsfwzyd449_54n8l40h40gc0000gn/T/avelune_asmap_OR7H6N tilesets=1
10:58 +936 ~3 -28: /Users/karim/Project/pokemonProject/apps/avelune_studio/test/map_workspace/warp_disk_journey_test.dart: a warp saved on disk really carries the player to the other map
[runtime_loader] bundle load start projectFilePath=/private/var/folders/b5/7gsfwzyd449_54n8l40h40gc0000gn/T/avelune_asmap_OR7H6N/project.json mapId=clairiere
[runtime_loader] bundle map resolved mapId=clairiere relativePath=maps/clairiere.json mapPath=/private/var/folders/b5/7gsfwzyd449_54n8l40h40gc0000gn/T/avelune_asmap_OR7H6N/maps/clairiere.json
[runtime_loader] map file lookup path=/private/var/folders/b5/7gsfwzyd449_54n8l40h40gc0000gn/T/avelune_asmap_OR7H6N/maps/clairiere.json
[runtime_loader] map file read ok bytes=17376
[runtime_loader] map validated id=clairiere size=24x16 layers=3 entities=1 placedElements=3 warps=0 triggers=0
[runtime_loader] bundle tilesets collected ids=atelier
[runtime_loader] bundle tileset path id=atelier path=/private/var/folders/b5/7gsfwzyd449_54n8l40h40gc0000gn/T/avelune_asmap_OR7H6N/assets/atelier.png
[runtime_loader] bundle load ok mapId=clairiere projectRoot=/private/var/folders/b5/7gsfwzyd449_54n8l40h40gc0000gn/T/avelune_asmap_OR7H6N tilesets=1
10:58 +937 ~3 -28: /Users/karim/Project/pokemonProject/apps/avelune_studio/test/map_workspace/map_catalog_async_reads_test.dart: old preview cannot restore content after map.resize_apply
10:58 +937 ~3 -28: /Users/karim/Project/pokemonProject/apps/avelune_studio/test/map_workspace/warp_disk_journey_test.dart: a warp saved as bump does not fire on a plain step
[runtime_loader] bundle load start projectFilePath=/private/var/folders/b5/7gsfwzyd449_54n8l40h40gc0000gn/T/avelune_asmap_MsKBMz/project.json mapId=jardin
[runtime_loader] project manifest lookup path=/private/var/folders/b5/7gsfwzyd449_54n8l40h40gc0000gn/T/avelune_asmap_MsKBMz/project.json
[runtime_loader] project manifest read ok bytes=8480
[runtime_loader] project manifest validated maps=2 tilesets=1 scenarios=0
[runtime_loader] bundle map resolved mapId=jardin relativePath=maps/jardin.json mapPath=/private/var/folders/b5/7gsfwzyd449_54n8l40h40gc0000gn/T/avelune_asmap_MsKBMz/maps/jardin.json
[runtime_loader] map file lookup path=/private/var/folders/b5/7gsfwzyd449_54n8l40h40gc0000gn/T/avelune_asmap_MsKBMz/maps/jardin.json
[runtime_loader] map file read ok bytes=17754
[runtime_loader] map validated id=jardin size=24x16 layers=3 entities=1 placedElements=3 warps=1 triggers=0
[runtime_loader] bundle tilesets collected ids=atelier
[runtime_loader] bundle tileset path id=atelier path=/private/var/folders/b5/7gsfwzyd449_54n8l40h40gc0000gn/T/avelune_asmap_MsKBMz/assets/atelier.png
[runtime_loader] bundle load ok mapId=jardin projectRoot=/private/var/folders/b5/7gsfwzyd449_54n8l40h40gc0000gn/T/avelune_asmap_MsKBMz tilesets=1
10:58 +938 ~3 -28: /Users/karim/Project/pokemonProject/apps/avelune_studio/test/map_workspace/map_catalog_async_reads_test.dart: old preview cannot restore content after map.resize_apply
10:58 +939 ~3 -28: /Users/karim/Project/pokemonProject/apps/avelune_studio/test/map_workspace/map_catalog_async_reads_test.dart: old activation cannot restore content after map.resize_apply
10:58 +940 ~3 -28: /Users/karim/Project/pokemonProject/apps/avelune_studio/test/map_workspace/map_catalog_async_reads_test.dart: old preview cannot restore content after map.delete_apply
10:58 +941 ~3 -28: /Users/karim/Project/pokemonProject/apps/avelune_studio/test/map_workspace/map_catalog_async_reads_test.dart: old activation cannot restore content after map.delete_apply
10:59 +942 ~3 -28: /Users/karim/Project/pokemonProject/apps/avelune_studio/test/map_workspace/map_collision_stroke_test.dart: collision strokes paint and erase exact cells in one undo step
10:59 +943 ~3 -28: /Users/karim/Project/pokemonProject/apps/avelune_studio/test/map_workspace/map_collision_stroke_test.dart: ground eraser targets the occupied terrain, not the selected brush
10:59 +944 ~3 -28: /Users/karim/Project/pokemonProject/apps/avelune_studio/test/map_workspace/map_collision_stroke_test.dart: erasing an empty cell does not create a tile layer
10:59 +945 ~3 -28: /Users/karim/Project/pokemonProject/apps/avelune_studio/test/map_workspace/context_menu_visual_test.dart: context actions have distinct icons and destructive color
11:00 +946 ~3 -28: /Users/karim/Project/pokemonProject/apps/avelune_studio/test/map_workspace/context_menu_visual_test.dart: context actions have distinct icons and destructive color
11:00 +947 ~3 -28: /Users/karim/Project/pokemonProject/apps/avelune_studio/test/map_workspace/map_catalog_mutation_test.dart: creation integrates the manifest and permits immediate editing and saving
11:00 +948 ~3 -28: /Users/karim/Project/pokemonProject/apps/avelune_studio/test/map_workspace/context_menu_visual_test.dart: the context menu holds the charter on a crowded cell
11:00 +949 ~3 -28: /Users/karim/Project/pokemonProject/apps/avelune_studio/test/map_workspace/map_catalog_mutation_test.dart: title mutation preserves identity, dirty neighbour and prior geometry history
11:00 +950 ~3 -28: /Users/karim/Project/pokemonProject/apps/avelune_studio/test/map_workspace/map_catalog_mutation_test.dart: title mutation preserves identity, dirty neighbour and prior geometry history
11:00 +951 ~3 -28: /Users/karim/Project/pokemonProject/apps/avelune_studio/test/map_workspace/map_catalog_mutation_test.dart: dirty target is refused without publishing other drafts
11:00 +952 ~3 -28: /Users/karim/Project/pokemonProject/apps/avelune_studio/test/map_workspace/map_catalog_mutation_test.dart: same normalized title performs no publication
11:00 +953 ~3 -28: /Users/karim/Project/pokemonProject/apps/avelune_studio/test/map_workspace/map_catalog_mutation_test.dart: canonical removal retires loaded maps and refuses stale saves
11:01 +954 ~3 -28: /Users/karim/Project/pokemonProject/apps/avelune_studio/test/map_workspace/map_catalog_mutation_test.dart: an externally changed target refuses title publication
11:01 +955 ~3 -28: /Users/karim/Project/pokemonProject/apps/avelune_studio/test/map_workspace/gameplay_zone_canvas_test.dart: drawing a rectangle creates the gameplay zone
11:02 +956 ~3 -28: /Users/karim/Project/pokemonProject/apps/avelune_studio/test/map_workspace/decor_transform_host_test.dart: pixel selection finds a tiny offset decor and text focus leaves it unchanged
11:02 +957 ~3 -28: /Users/karim/Project/pokemonProject/apps/avelune_studio/test/map_workspace/decor_transform_host_test.dart: pixel selection finds a tiny offset decor and text focus leaves it unchanged
11:02 +958 ~3 -28: /Users/karim/Project/pokemonProject/apps/avelune_studio/test/map_workspace/decor_transform_host_test.dart: pixel selection finds a tiny offset decor and text focus leaves it unchanged
11:02 +959 ~3 -28: /Users/karim/Project/pokemonProject/apps/avelune_studio/test/map_workspace/decor_transform_host_test.dart: pixel selection finds a tiny offset decor and text focus leaves it unchanged
11:02 +960 ~3 -28: /Users/karim/Project/pokemonProject/apps/avelune_studio/test/map_workspace/decor_transform_host_test.dart: pixel selection finds a tiny offset decor and text focus leaves it unchanged
11:02 +961 ~3 -28: /Users/karim/Project/pokemonProject/apps/avelune_studio/test/map_workspace/decor_transform_host_test.dart: pixel selection finds a tiny offset decor and text focus leaves it unchanged
11:02 +962 ~3 -28: /Users/karim/Project/pokemonProject/apps/avelune_studio/test/map_workspace/decor_transform_host_test.dart: pixel selection finds a tiny offset decor and text focus leaves it unchanged
11:02 +963 ~3 -28: /Users/karim/Project/pokemonProject/apps/avelune_studio/test/map_workspace/decor_transform_host_test.dart: pixel selection finds a tiny offset decor and text focus leaves it unchanged
11:02 +964 ~3 -28: /Users/karim/Project/pokemonProject/apps/avelune_studio/test/map_workspace/decor_transform_host_test.dart: pixel selection finds a tiny offset decor and text focus leaves it unchanged
11:03 +965 ~3 -28: /Users/karim/Project/pokemonProject/apps/avelune_studio/test/map_workspace/decor_transform_host_test.dart: inspector transform saves and reloads through the real workspace adapter
11:03 +966 ~3 -28: /Users/karim/Project/pokemonProject/apps/avelune_studio/test/map_workspace/decor_transform_host_test.dart: inspector transform saves and reloads through the real workspace adapter
11:04 +967 ~3 -28: /Users/karim/Project/pokemonProject/apps/avelune_studio/test/map_workspace/decor_transform_host_test.dart: inspector transform saves and reloads through the real workspace adapter
11:06 +967 ~3 -28: /Users/karim/Project/pokemonProject/apps/avelune_studio/test/map_workspace/map_connection_host_test.dart: the real map workspace links and unlinks both borders

Warning: A call to tap() with finder "Found 1 widget with key [<'connection-create'>]: [
  StudioButton-[<'connection-create'>](dependencies: [InheritedCupertinoTheme, _InheritedTheme, _LocalizationsScope-[GlobalKey#927d1]]),
]" derived an Offset (Offset(1330.0, 684.0)) that would not hit test on the specified widget.
Maybe the widget is actually off-screen, or another widget is obscuring it, or the widget cannot receive pointer events.
The finder corresponds to this RenderBox: RenderSemanticsAnnotations#d53f0 relayoutBoundary=up3
The hit test result at that offset is: HitTestResult(RenderPointerListener#f2363@Offset(191.0, 243.0), RenderSemanticsGestureHandler#8433f@Offset(191.0, 243.0), RenderPointerListener#92317@Offset(191.0, 243.0), _RenderScrollSemantics#0c484@Offset(191.0, 243.0), RenderClipRect#fb70f@Offset(191.0, 243.0), RenderFlex#6f565@Offset(191.0, 267.0), RenderFlex#1a31c@Offset(191.0, 411.0), RenderPadding#a8340@Offset(201.0, 421.0), RenderPadding#cbf2d@Offset(202.0, 421.0), RenderDecoratedBox#6ce46@Offset(202.0, 421.0), RenderConstrainedBox#6fd4b@Offset(202.0, 421.0), _RenderInkFeatures#455c6@Offset(202.0, 421.0), RenderPhysicalModel#78f81@Offset(202.0, 421.0), RenderFlex#7ccd4@Offset(202.0, 627.0), _RenderLayoutBuilder#142f6@Offset(202.0, 627.0), RenderConstrainedBox#1943e@Offset(202.0, 627.0), RenderFlex#86cec@Offset(202.0, 672.0), RenderConstrainedBox#ae226@Offset(202.0, 672.0), _RenderInkFeatures#a62c8@Offset(202.0, 672.0), RenderCustomPaint#419c5@Offset(202.0, 672.0), RenderPhysicalShape#5e843@Offset(202.0, 672.0), RenderConstrainedBox#7b691@Offset(202.0, 672.0), RenderPositionedBox#afb13@Offset(1318.0, 672.0), RenderPadding#d003d@Offset(1330.0, 684.0), RenderSemanticsAnnotations#6f376@Offset(1330.0, 684.0), RenderPadding#6b3e9@Offset(1330.0, 684.0), RenderSemanticsAnnotations#84053@Offset(1330.0, 684.0), RenderPadding#926f9@Offset(1330.0, 684.0), RenderSemanticsAnnotations#fea48@Offset(1330.0, 684.0), RenderRepaintBoundary#e0fca@Offset(1330.0, 684.0), RenderIgnorePointer#c2ba2@Offset(1330.0, 684.0), RenderAnimatedOpacity#87b44@Offset(1330.0, 684.0), RenderRepaintBoundary#11c84@Offset(1330.0, 684.0), RenderSemanticsAnnotations#af25b@Offset(1330.0, 684.0), RenderOffstage#558dd@Offset(1330.0, 684.0), RenderSemanticsAnnotations#2ce6c@Offset(1330.0, 684.0), _RenderTheater#8b94b@Offset(1330.0, 684.0), RenderAbsorbPointer#02923@Offset(1330.0, 684.0), RenderPointerListener#a206d@Offset(1330.0, 684.0), RenderSemanticsAnnotations#063f2@Offset(1330.0, 684.0), RenderCustomPaint#7b51f@Offset(1330.0, 684.0), RenderSemanticsAnnotations#d036a@Offset(1330.0, 684.0), RenderSemanticsAnnotations#9c7fd@Offset(1330.0, 684.0), RenderSemanticsAnnotations#1fa82@Offset(1330.0, 684.0), RenderTapRegionSurface#8a939@Offset(1330.0, 684.0), RenderSemanticsAnnotations#89d12@Offset(1330.0, 684.0), RenderSemanticsAnnotations#0f6f4@Offset(1330.0, 684.0), HitTestEntry<HitTestTarget>#c0380(_ReusableRenderView#b6124), HitTestEntry<HitTestTarget>#65cff(<AutomatedTestWidgetsFlutterBinding>))
#0      WidgetController._getElementPoint (package:flutter_test/src/controller.dart:2165:25)
#1      WidgetController.getCenter (package:flutter_test/src/controller.dart:1947:12)
#2      WidgetController.tap (package:flutter_test/src/controller.dart:1080:7)
#3      main.<anonymous closure> (file:///Users/karim/Project/pokemonProject/apps/avelune_studio/test/map_workspace/map_connection_host_test.dart:41:18)
<asynchronous suspension>
#4      testWidgets.<anonymous closure>.<anonymous closure> (package:flutter_test/src/widget_tester.dart:192:15)
<asynchronous suspension>
#5      TestWidgetsFlutterBinding._runTestBody (package:flutter_test/src/binding.dart:1953:5)
<asynchronous suspension>
#6      StackZoneSpecification._registerCallback.<anonymous closure> (package:stack_trace/src/stack_zone_specification.dart:114:42)
<asynchronous suspension>
To silence this warning, pass "warnIfMissed: false" to "tap()".
To make this warning fatal, set WidgetController.hitTestWarningShouldBeFatal to true.

11:06 +968 ~3 -28: /Users/karim/Project/pokemonProject/apps/avelune_studio/test/map_workspace/map_connection_host_test.dart: the real map workspace links and unlinks both borders
11:06 +969 ~3 -28: /Users/karim/Project/pokemonProject/apps/avelune_studio/test/map_workspace/map_connection_host_test.dart: the real map workspace links and unlinks both borders
11:06 +970 ~3 -28: /Users/karim/Project/pokemonProject/apps/avelune_studio/test/map_workspace/map_connection_host_test.dart: the real map workspace links and unlinks both borders
══╡ EXCEPTION CAUGHT BY FLUTTER TEST FRAMEWORK ╞════════════════════════════════════════════════════
The following TestFailure was thrown running a test:
Expected: <1>
  Actual: <0>

When the exception was thrown, this was the stack:
#4      main.<anonymous closure> (file:///Users/karim/Project/pokemonProject/apps/avelune_studio/test/map_workspace/map_connection_host_test.dart:43:5)
<asynchronous suspension>
#5      testWidgets.<anonymous closure>.<anonymous closure> (package:flutter_test/src/widget_tester.dart:192:15)
<asynchronous suspension>
#6      TestWidgetsFlutterBinding._runTestBody (package:flutter_test/src/binding.dart:1953:5)
<asynchronous suspension>
<asynchronous suspension>
(elided one frame from package:stack_trace)

This was caught by the test expectation on the following line:
  file:///Users/karim/Project/pokemonProject/apps/avelune_studio/test/map_workspace/map_connection_host_test.dart line 43
The test description was:
  the real map workspace links and unlinks both borders
════════════════════════════════════════════════════════════════════════════════════════════════════
11:06 +970 ~3 -29: /Users/karim/Project/pokemonProject/apps/avelune_studio/test/map_workspace/decor_transform_host_test.dart: inspector accepts integer instance geometry and resets natural size
11:06 +970 ~3 -29: /Users/karim/Project/pokemonProject/apps/avelune_studio/test/map_workspace/map_connection_host_test.dart: the real map workspace links and unlinks both borders [E]
  Test failed. See exception logs above.
  The test description was: the real map workspace links and unlinks both borders
  
11:06 +971 ~3 -29: /Users/karim/Project/pokemonProject/apps/avelune_studio/test/map_workspace/map_connection_host_test.dart: a draft blocks the link without losing its changes
11:06 +972 ~3 -29: /Users/karim/Project/pokemonProject/apps/avelune_studio/test/map_workspace/map_connection_host_test.dart: a draft blocks the link without losing its changes
11:07 +973 ~3 -29: /Users/karim/Project/pokemonProject/apps/avelune_studio/test/map_workspace/map_connection_host_test.dart: a draft blocks the link without losing its changes

Warning: A call to tap() with finder "Found 1 widget with key [<'connection-create'>]: [
  StudioButton-[<'connection-create'>](dependencies: [InheritedCupertinoTheme, _InheritedTheme, _LocalizationsScope-[GlobalKey#b8200]]),
]" derived an Offset (Offset(1330.0, 684.0)) that would not hit test on the specified widget.
Maybe the widget is actually off-screen, or another widget is obscuring it, or the widget cannot receive pointer events.
The finder corresponds to this RenderBox: RenderSemanticsAnnotations#9bd19 relayoutBoundary=up3
The hit test result at that offset is: HitTestResult(RenderPointerListener#c6eac@Offset(191.0, 243.0), RenderSemanticsGestureHandler#72e97@Offset(191.0, 243.0), RenderPointerListener#e3b5d@Offset(191.0, 243.0), _RenderScrollSemantics#94980@Offset(191.0, 243.0), RenderClipRect#591cb@Offset(191.0, 243.0), RenderFlex#a0530@Offset(191.0, 267.0), RenderFlex#64cd7@Offset(191.0, 411.0), RenderPadding#1f43b@Offset(201.0, 421.0), RenderPadding#41dcd@Offset(202.0, 421.0), RenderDecoratedBox#f1dc5@Offset(202.0, 421.0), RenderConstrainedBox#53701@Offset(202.0, 421.0), _RenderInkFeatures#fcd0e@Offset(202.0, 421.0), RenderPhysicalModel#a3e5a@Offset(202.0, 421.0), RenderFlex#1e2ec@Offset(202.0, 627.0), _RenderLayoutBuilder#c7b07@Offset(202.0, 627.0), RenderConstrainedBox#225fd@Offset(202.0, 627.0), RenderFlex#9e76f@Offset(202.0, 672.0), RenderConstrainedBox#5cb3f@Offset(202.0, 672.0), _RenderInkFeatures#33fc2@Offset(202.0, 672.0), RenderCustomPaint#25a8e@Offset(202.0, 672.0), RenderPhysicalShape#a5eae@Offset(202.0, 672.0), RenderConstrainedBox#e641c@Offset(202.0, 672.0), RenderPositionedBox#23499@Offset(1318.0, 672.0), RenderPadding#cbc3a@Offset(1330.0, 684.0), RenderSemanticsAnnotations#f9f25@Offset(1330.0, 684.0), RenderPadding#90856@Offset(1330.0, 684.0), RenderSemanticsAnnotations#2a5df@Offset(1330.0, 684.0), RenderPadding#2d856@Offset(1330.0, 684.0), RenderSemanticsAnnotations#6067f@Offset(1330.0, 684.0), RenderRepaintBoundary#f7860@Offset(1330.0, 684.0), RenderIgnorePointer#30217@Offset(1330.0, 684.0), RenderAnimatedOpacity#660c8@Offset(1330.0, 684.0), RenderRepaintBoundary#e52db@Offset(1330.0, 684.0), RenderSemanticsAnnotations#6dc65@Offset(1330.0, 684.0), RenderOffstage#aa482@Offset(1330.0, 684.0), RenderSemanticsAnnotations#b97cf@Offset(1330.0, 684.0), _RenderTheater#3adbf@Offset(1330.0, 684.0), RenderAbsorbPointer#e410e@Offset(1330.0, 684.0), RenderPointerListener#9fe29@Offset(1330.0, 684.0), RenderSemanticsAnnotations#8b79d@Offset(1330.0, 684.0), RenderCustomPaint#a768a@Offset(1330.0, 684.0), RenderSemanticsAnnotations#0d990@Offset(1330.0, 684.0), RenderSemanticsAnnotations#59ecd@Offset(1330.0, 684.0), RenderSemanticsAnnotations#7920d@Offset(1330.0, 684.0), RenderTapRegionSurface#b25e0@Offset(1330.0, 684.0), RenderSemanticsAnnotations#53b9e@Offset(1330.0, 684.0), RenderSemanticsAnnotations#24cbc@Offset(1330.0, 684.0), HitTestEntry<HitTestTarget>#bfc5c(_ReusableRenderView#b6124), HitTestEntry<HitTestTarget>#2377f(<AutomatedTestWidgetsFlutterBinding>))
#0      WidgetController._getElementPoint (package:flutter_test/src/controller.dart:2165:25)
#1      WidgetController.getCenter (package:flutter_test/src/controller.dart:1947:12)
#2      WidgetController.tap (package:flutter_test/src/controller.dart:1080:7)
#3      main.<anonymous closure> (file:///Users/karim/Project/pokemonProject/apps/avelune_studio/test/map_workspace/map_connection_host_test.dart:87:18)
<asynchronous suspension>
#4      testWidgets.<anonymous closure>.<anonymous closure> (package:flutter_test/src/widget_tester.dart:192:15)
<asynchronous suspension>
#5      TestWidgetsFlutterBinding._runTestBody (package:flutter_test/src/binding.dart:1953:5)
<asynchronous suspension>
#6      StackZoneSpecification._registerCallback.<anonymous closure> (package:stack_trace/src/stack_zone_specification.dart:114:42)
<asynchronous suspension>
To silence this warning, pass "warnIfMissed: false" to "tap()".
To make this warning fatal, set WidgetController.hitTestWarningShouldBeFatal to true.

11:07 +974 ~3 -29: /Users/karim/Project/pokemonProject/apps/avelune_studio/test/map_workspace/map_connection_host_test.dart: a draft blocks the link without losing its changes
11:07 +975 ~3 -29: /Users/karim/Project/pokemonProject/apps/avelune_studio/test/map_workspace/map_connection_host_test.dart: a draft blocks the link without losing its changes
11:07 +976 ~3 -29: /Users/karim/Project/pokemonProject/apps/avelune_studio/test/map_workspace/map_connection_host_test.dart: a draft blocks the link without losing its changes
11:07 +977 ~3 -29: /Users/karim/Project/pokemonProject/apps/avelune_studio/test/map_workspace/map_connection_host_test.dart: a draft blocks the link without losing its changes
══╡ EXCEPTION CAUGHT BY FLUTTER TEST FRAMEWORK ╞════════════════════════════════════════════════════
The following TestFailure was thrown running a test:
Expected: exactly one matching candidate
  Actual: _TextContainingWidgetFinder:<Found 0 widgets with text containing Enregistrez les
brouillons: []>
   Which: means none were found but one was expected

When the exception was thrown, this was the stack:
#4      main.<anonymous closure> (file:///Users/karim/Project/pokemonProject/apps/avelune_studio/test/map_workspace/map_connection_host_test.dart:92:5)
<asynchronous suspension>
#5      testWidgets.<anonymous closure>.<anonymous closure> (package:flutter_test/src/widget_tester.dart:192:15)
<asynchronous suspension>
#6      TestWidgetsFlutterBinding._runTestBody (package:flutter_test/src/binding.dart:1953:5)
<asynchronous suspension>
<asynchronous suspension>
(elided one frame from package:stack_trace)

This was caught by the test expectation on the following line:
  file:///Users/karim/Project/pokemonProject/apps/avelune_studio/test/map_workspace/map_connection_host_test.dart line 92
The test description was:
  a draft blocks the link without losing its changes
════════════════════════════════════════════════════════════════════════════════════════════════════
11:07 +977 ~3 -30: /Users/karim/Project/pokemonProject/apps/avelune_studio/test/map_workspace/decor_transform_host_test.dart: Escape, tool change, source change and focus loss cancel without history
11:07 +977 ~3 -30: /Users/karim/Project/pokemonProject/apps/avelune_studio/test/map_workspace/map_connection_host_test.dart: a draft blocks the link without losing its changes [E]
  Test failed. See exception logs above.
  The test description was: a draft blocks the link without losing its changes
  
11:07 +978 ~3 -30: /Users/karim/Project/pokemonProject/apps/avelune_studio/test/map_workspace/map_connection_host_test.dart: collapsed map library leaves the selection button accessible
11:07 +979 ~3 -30: /Users/karim/Project/pokemonProject/apps/avelune_studio/test/map_workspace/decor_transform_host_test.dart: invalid inspector dimensions preserve state and snap preserves custom size
11:07 +980 ~3 -30: /Users/karim/Project/pokemonProject/apps/avelune_studio/test/map_workspace/decor_transform_host_test.dart: guided detach is undoable and Environment ownership disables transforms
11:08 +981 ~3 -30: /Users/karim/Project/pokemonProject/apps/avelune_studio/test/map_workspace/map_catalog_external_groups_test.dart: catalogue revision checking refuses externally changed map folders
11:08 +982 ~3 -30: /Users/karim/Project/pokemonProject/apps/avelune_studio/test/map_workspace/map_catalog_external_groups_test.dart: another session owner cannot refresh a baseline then overwrite old UI groups
11:08 +983 ~3 -30: /Users/karim/Project/pokemonProject/apps/avelune_studio/test/map_workspace/context_menu_host_test.dart: the real screen opens the menu and deletes through it
11:09 +984 ~3 -30: /Users/karim/Project/pokemonProject/apps/avelune_studio/test/map_workspace/context_menu_host_test.dart: the real screen opens the menu and deletes through it
11:09 +985 ~3 -30: /Users/karim/Project/pokemonProject/apps/avelune_studio/test/map_workspace/context_menu_host_test.dart: the real screen opens the menu and deletes through it
11:09 +986 ~3 -30: /Users/karim/Project/pokemonProject/apps/avelune_studio/test/map_workspace/context_menu_host_test.dart: the real screen opens the menu and deletes through it
11:10 +987 ~3 -30: /Users/karim/Project/pokemonProject/apps/avelune_studio/test/map_workspace/context_menu_host_test.dart: the real screen opens the menu and deletes through it
11:10 +988 ~3 -30: /Users/karim/Project/pokemonProject/apps/avelune_studio/test/map_workspace/context_menu_host_test.dart: the real screen opens the menu and deletes through it
11:10 +989 ~3 -30: /Users/karim/Project/pokemonProject/apps/avelune_studio/test/map_workspace/context_menu_host_test.dart: the real screen opens the menu and deletes through it
11:10 +990 ~3 -30: /Users/karim/Project/pokemonProject/apps/avelune_studio/test/map_workspace/context_menu_host_test.dart: the real screen opens the menu and deletes through it
11:10 +991 ~3 -30: /Users/karim/Project/pokemonProject/apps/avelune_studio/test/map_workspace/context_menu_host_test.dart: the real screen opens the menu and deletes through it
11:10 +992 ~3 -30: /Users/karim/Project/pokemonProject/apps/avelune_studio/test/map_workspace/context_menu_host_test.dart: the real screen opens the menu and deletes through it
11:10 +993 ~3 -30: /Users/karim/Project/pokemonProject/apps/avelune_studio/test/map_workspace/context_menu_host_test.dart: opening and closing the menu writes nothing
11:11 +994 ~3 -30: /Users/karim/Project/pokemonProject/apps/avelune_studio/test/map_workspace/inspector_fields_undo_test.dart: an undone sign title is not re-applied when leaving the field
11:11 +995 ~3 -30: /Users/karim/Project/pokemonProject/apps/avelune_studio/test/map_workspace/inspector_fields_undo_test.dart: an undone sign title is not re-applied when leaving the field
11:11 +996 ~3 -30: /Users/karim/Project/pokemonProject/apps/avelune_studio/test/map_workspace/context_menu_host_test.dart: a story zone without interaction says so instead of opening
11:11 +997 ~3 -30: /Users/karim/Project/pokemonProject/apps/avelune_studio/test/map_workspace/context_menu_host_test.dart: a story zone without interaction says so instead of opening
11:11 +998 ~3 -30: /Users/karim/Project/pokemonProject/apps/avelune_studio/test/map_workspace/context_menu_host_test.dart: a story zone without interaction says so instead of opening
11:12 +999 ~3 -30: /Users/karim/Project/pokemonProject/apps/avelune_studio/test/map_workspace/context_menu_host_test.dart: a story zone without interaction says so instead of opening
11:12 +1000 ~3 -30: /Users/karim/Project/pokemonProject/apps/avelune_studio/test/map_workspace/context_menu_host_test.dart: a story zone without interaction says so instead of opening
11:12 +1001 ~3 -30: /Users/karim/Project/pokemonProject/apps/avelune_studio/test/map_workspace/inspector_fields_undo_test.dart: saving while a field still has focus keeps the entry
11:13 +1002 ~3 -30: /Users/karim/Project/pokemonProject/apps/avelune_studio/test/map_workspace/tile_paint_preview_test.dart: repeated pointer events in one cell do not rematerialize the map
11:13 +1003 ~3 -30: /Users/karim/Project/pokemonProject/apps/avelune_studio/test/map_workspace/tile_paint_preview_test.dart: tile stroke is visible while dragging and commits once on release
11:13 +1004 ~3 -30: /Users/karim/Project/pokemonProject/apps/avelune_studio/test/map_workspace/tile_paint_preview_test.dart: tile stroke is visible while dragging and commits once on release
11:13 +1005 ~3 -30: /Users/karim/Project/pokemonProject/apps/avelune_studio/test/map_workspace/map_canvas_navigation_test.dart: selection drags empty map space to pan without editing
11:14 +1006 ~3 -30: /Users/karim/Project/pokemonProject/apps/avelune_studio/test/map_workspace/uwu2_deleted_destination_history_test.dart: undo refuses a deleted decor destination and retains other history
11:14 +1007 ~3 -30: /Users/karim/Project/pokemonProject/apps/avelune_studio/test/map_workspace/uwu2_deleted_destination_history_test.dart: undo refuses a deleted decor destination and retains other history
11:14 +1008 ~3 -30: /Users/karim/Project/pokemonProject/apps/avelune_studio/test/map_workspace/uwu2_deleted_destination_history_test.dart: undo refuses a deleted decor destination and retains other history
11:14 +1009 ~3 -30: /Users/karim/Project/pokemonProject/apps/avelune_studio/test/map_workspace/uwu2_deleted_destination_history_test.dart: undo refuses a deleted decor destination and retains other history
11:14 +1010 ~3 -30: /Users/karim/Project/pokemonProject/apps/avelune_studio/test/map_workspace/uwu2_deleted_destination_history_test.dart: undo refuses a deleted decor destination and retains other history
11:15 +1011 ~3 -30: /Users/karim/Project/pokemonProject/apps/avelune_studio/test/map_workspace/map_catalog_lifecycle_races_test.dart: double launch is rejected while a preparation remains active
11:15 +1012 ~3 -30: /Users/karim/Project/pokemonProject/apps/avelune_studio/test/map_workspace/map_catalog_lifecycle_races_test.dart: double launch is rejected while a preparation remains active
11:15 +1013 ~3 -30: /Users/karim/Project/pokemonProject/apps/avelune_studio/test/map_workspace/map_catalog_lifecycle_races_test.dart: double launch is rejected while a preparation remains active
11:15 +1014 ~3 -30: /Users/karim/Project/pokemonProject/apps/avelune_studio/test/map_workspace/map_catalog_lifecycle_races_test.dart: double launch is rejected while a preparation remains active
11:15 +1015 ~3 -30: /Users/karim/Project/pokemonProject/apps/avelune_studio/test/map_workspace/map_catalog_lifecycle_races_test.dart: double launch is rejected while a preparation remains active
11:15 +1016 ~3 -30: /Users/karim/Project/pokemonProject/apps/avelune_studio/test/map_workspace/map_catalog_lifecycle_races_test.dart: double launch is rejected while a preparation remains active
11:15 +1017 ~3 -30: /Users/karim/Project/pokemonProject/apps/avelune_studio/test/map_workspace/map_catalog_lifecycle_races_test.dart: double launch is rejected while a preparation remains active
11:15 +1018 ~3 -30: /Users/karim/Project/pokemonProject/apps/avelune_studio/test/map_workspace/entity_deletion_guard_test.dart: the inspector blocks and explains instead of deleting
11:15 +1019 ~3 -30: /Users/karim/Project/pokemonProject/apps/avelune_studio/test/map_workspace/entity_deletion_guard_test.dart: the inspector blocks and explains instead of deleting
11:15 +1020 ~3 -30: /Users/karim/Project/pokemonProject/apps/avelune_studio/test/map_workspace/entity_deletion_guard_test.dart: the inspector blocks and explains instead of deleting
11:15 +1021 ~3 -30: /Users/karim/Project/pokemonProject/apps/avelune_studio/test/map_workspace/entity_deletion_guard_test.dart: the inspector blocks and explains instead of deleting
11:15 +1022 ~3 -30: /Users/karim/Project/pokemonProject/apps/avelune_studio/test/map_workspace/entity_deletion_guard_test.dart: the inspector blocks and explains instead of deleting
11:16 +1023 ~3 -30: /Users/karim/Project/pokemonProject/apps/avelune_studio/test/map_workspace/entity_deletion_guard_test.dart: the inspector blocks and explains instead of deleting
11:16 +1024 ~3 -30: /Users/karim/Project/pokemonProject/apps/avelune_studio/test/map_workspace/entity_deletion_guard_test.dart: an unsaved interaction draft also holds the sign
11:18 +1025 ~3 -30: /Users/karim/Project/pokemonProject/apps/avelune_studio/test/map_workspace/entity_editing_test.dart: a map without a player start cannot be played at all
11:18 +1026 ~3 -30: /Users/karim/Project/pokemonProject/apps/avelune_studio/test/map_workspace/entity_editing_test.dart: the player start follows the author when it is moved
11:18 +1027 ~3 -30: /Users/karim/Project/pokemonProject/apps/avelune_studio/test/map_workspace/entity_editing_test.dart: a spawn placed for something else is not a player start
11:18 +1028 ~3 -30: /Users/karim/Project/pokemonProject/apps/avelune_studio/test/map_workspace/entity_editing_test.dart: a sign carries its own text and blocks the way
11:18 +1029 ~3 -30: /Users/karim/Project/pokemonProject/apps/avelune_studio/test/map_workspace/entity_editing_test.dart: these families never answer for a character
11:18 +1030 ~3 -30: /Users/karim/Project/pokemonProject/apps/avelune_studio/test/map_workspace/entity_editing_test.dart: placing, editing and deleting are undoable step by step
11:18 +1031 ~3 -30: /Users/karim/Project/pokemonProject/apps/avelune_studio/test/map_workspace/map_lifecycle_layout_host_test.dart: lifecycle actions stay accessible in real workspace Size(1536.0, 1024.0) text 1.0
11:18 +1032 ~3 -30: /Users/karim/Project/pokemonProject/apps/avelune_studio/test/map_workspace/map_lifecycle_layout_host_test.dart: lifecycle actions stay accessible in real workspace Size(1536.0, 1024.0) text 1.0
11:18 +1033 ~3 -30: /Users/karim/Project/pokemonProject/apps/avelune_studio/test/map_workspace/map_lifecycle_layout_host_test.dart: lifecycle actions stay accessible in real workspace Size(1536.0, 1024.0) text 1.0
11:18 +1034 ~3 -30: /Users/karim/Project/pokemonProject/apps/avelune_studio/test/map_workspace/map_lifecycle_layout_host_test.dart: lifecycle actions stay accessible in real workspace Size(1536.0, 1024.0) text 1.0
11:20 +1035 ~3 -30: /Users/karim/Project/pokemonProject/apps/avelune_studio/test/map_workspace/map_lifecycle_layout_host_test.dart: lifecycle actions stay accessible in real workspace Size(1536.0, 1024.0) text 1.0
11:20 +1036 ~3 -30: /Users/karim/Project/pokemonProject/apps/avelune_studio/test/map_workspace/map_lifecycle_layout_host_test.dart: lifecycle actions stay accessible in real workspace Size(1536.0, 1024.0) text 1.0
11:20 +1037 ~3 -30: /Users/karim/Project/pokemonProject/apps/avelune_studio/test/map_workspace/map_lifecycle_layout_host_test.dart: lifecycle actions stay accessible in real workspace Size(1536.0, 1024.0) text 1.0
11:21 +1038 ~3 -30: /Users/karim/Project/pokemonProject/apps/avelune_studio/test/map_workspace/map_lifecycle_layout_host_test.dart: lifecycle actions stay accessible in real workspace Size(1536.0, 1024.0) text 1.0
11:21 +1039 ~3 -30: /Users/karim/Project/pokemonProject/apps/avelune_studio/test/map_workspace/map_lifecycle_layout_host_test.dart: lifecycle actions stay accessible in real workspace Size(1536.0, 1024.0) text 1.0
11:21 +1040 ~3 -30: /Users/karim/Project/pokemonProject/apps/avelune_studio/test/map_workspace/map_lifecycle_layout_host_test.dart: lifecycle actions stay accessible in real workspace Size(1536.0, 1024.0) text 1.0
11:21 +1041 ~3 -30: /Users/karim/Project/pokemonProject/apps/avelune_studio/test/map_workspace/map_lifecycle_layout_host_test.dart: lifecycle actions stay accessible in real workspace Size(1536.0, 1024.0) text 1.0
11:22 +1042 ~3 -30: /Users/karim/Project/pokemonProject/apps/avelune_studio/test/map_workspace/map_lifecycle_layout_host_test.dart: lifecycle actions stay accessible in real workspace Size(1536.0, 1024.0) text 1.0
11:30 +1043 ~3 -30: /Users/karim/Project/pokemonProject/apps/avelune_studio/test/map_workspace/map_catalogue_groups_host_test.dart: home refreshes an already mounted preview after a closed map title changes
11:32 +1044 ~3 -30: /Users/karim/Project/pokemonProject/apps/avelune_studio/test/map_workspace/map_lifecycle_layout_host_test.dart: lifecycle actions stay accessible in real workspace Size(1280.0, 800.0) text 1.0
11:37 +1045 ~3 -30: /Users/karim/Project/pokemonProject/apps/avelune_studio/test/map_workspace/map_catalogue_groups_host_test.dart: real workspace organizes nested folders and preserves referenced maps
11:45 +1046 ~3 -30: /Users/karim/Project/pokemonProject/apps/avelune_studio/test/map_workspace/map_catalogue_groups_host_test.dart: real workspace organizes nested folders and preserves referenced maps
11:46 +1047 ~3 -30: /Users/karim/Project/pokemonProject/apps/avelune_studio/test/map_workspace/map_lifecycle_layout_host_test.dart: dirty source cancellation keeps its owner and does not duplicate
11:50 +1048 ~3 -30: /Users/karim/Project/pokemonProject/apps/avelune_studio/test/map_workspace/map_catalogue_groups_host_test.dart: dirty rename saves only its target and cancellation preserves work
11:53 +1049 ~3 -30: /Users/karim/Project/pokemonProject/apps/avelune_studio/test/map_workspace/border_drawing_host_test.dart: Bordures explains when this project has no published model
11:53 +1050 ~3 -30: /Users/karim/Project/pokemonProject/apps/avelune_studio/test/map_workspace/border_drawing_host_test.dart: a previewed angled border finishes in one undoable save
11:56 +1051 ~3 -30: /Users/karim/Project/pokemonProject/apps/avelune_studio/test/map_workspace/story_zone_reopen_host_test.dart: an interaction never saved reopens from the map with its own draft
11:57 +1052 ~3 -30: /Users/karim/Project/pokemonProject/apps/avelune_studio/test/map_workspace/story_zone_reopen_host_test.dart: an interaction never saved reopens from the map with its own draft
11:59 +1053 ~3 -30: /Users/karim/Project/pokemonProject/apps/avelune_studio/test/map_workspace/border_drawing_host_test.dart: switching tools keeps the unfinished border draft
12:00 +1054 ~3 -30: /Users/karim/Project/pokemonProject/apps/avelune_studio/test/map_workspace/story_zone_reopen_host_test.dart: a saved interaction edited again reopens its current simplified draft
12:00 +1055 ~3 -30: /Users/karim/Project/pokemonProject/apps/avelune_studio/test/map_workspace/story_zone_reopen_host_test.dart: a saved interaction edited again reopens its current simplified draft
12:00 +1056 ~3 -30: /Users/karim/Project/pokemonProject/apps/avelune_studio/test/map_workspace/story_zone_reopen_host_test.dart: a saved interaction edited again reopens its current simplified draft
12:00 +1057 ~3 -30: /Users/karim/Project/pokemonProject/apps/avelune_studio/test/map_workspace/story_zone_reopen_host_test.dart: a saved interaction edited again reopens its current simplified draft
12:01 +1058 ~3 -30: /Users/karim/Project/pokemonProject/apps/avelune_studio/test/map_workspace/story_zone_reopen_host_test.dart: a saved interaction edited again reopens its current simplified draft
12:02 +1059 ~3 -30: /Users/karim/Project/pokemonProject/apps/avelune_studio/test/map_workspace/decor_move_host_test.dart: Déplacer moves the chosen decor by the offset it was grabbed at
12:04 +1060 ~3 -30: /Users/karim/Project/pokemonProject/apps/avelune_studio/test/map_workspace/decor_move_host_test.dart: Déplacer moves the chosen decor by the offset it was grabbed at
12:04 +1061 ~3 -30: /Users/karim/Project/pokemonProject/apps/avelune_studio/test/map_workspace/story_zone_reopen_host_test.dart: a late read never reopens the zone once the author went elsewhere
12:05 +1062 ~3 -30: /Users/karim/Project/pokemonProject/apps/avelune_studio/test/map_workspace/decor_move_host_test.dart: a move made through the menu is saved and read back independently
12:07 +1063 ~3 -30: /Users/karim/Project/pokemonProject/apps/avelune_studio/test/map_workspace/story_zone_reopen_host_test.dart: several interactions on one zone offer only those, then open the one
12:07 +1064 ~3 -30: /Users/karim/Project/pokemonProject/apps/avelune_studio/test/map_workspace/decor_move_host_test.dart: a decor chosen under another one is the one that moves
12:08 +1065 ~3 -30: /Users/karim/Project/pokemonProject/apps/avelune_studio/test/map_workspace/map_catalog_serialization_test.dart: canonical cache reuses unchanged documents after folder publication
12:08 +1066 ~3 -30: /Users/karim/Project/pokemonProject/apps/avelune_studio/test/map_workspace/decor_move_host_test.dart: the move still lands on the right cell after a zoom
12:08 +1067 ~3 -30: /Users/karim/Project/pokemonProject/apps/avelune_studio/test/map_workspace/decor_move_host_test.dart: the move still lands on the right cell after a zoom
12:09 +1068 ~3 -30: /Users/karim/Project/pokemonProject/apps/avelune_studio/test/map_workspace/decor_move_host_test.dart: the move still lands on the right cell after a zoom
12:09 +1069 ~3 -30: /Users/karim/Project/pokemonProject/apps/avelune_studio/test/map_workspace/decor_order_e2e_test.dart: mixed render contexts can be reordered from the inspector
12:10 +1070 ~3 -30: /Users/karim/Project/pokemonProject/apps/avelune_studio/test/map_workspace/decor_order_e2e_test.dart: mixed render contexts can be reordered from the inspector
12:12 +1071 ~3 -30: /Users/karim/Project/pokemonProject/apps/avelune_studio/test/map_workspace/decor_order_e2e_test.dart: mixed render contexts can be reordered from the inspector
12:12 +1072 ~3 -30: /Users/karim/Project/pokemonProject/apps/avelune_studio/test/map_workspace/decor_move_host_test.dart: Escape during the preview cancels the move without a mutation
12:13 +1073 ~3 -30: /Users/karim/Project/pokemonProject/apps/avelune_studio/test/map_workspace/decor_order_e2e_test.dart: a mixed decor stack moves one neighboring rank and saves it
12:15 +1074 ~3 -30: /Users/karim/Project/pokemonProject/apps/avelune_studio/test/map_workspace/decor_order_e2e_test.dart: a mixed decor stack moves one neighboring rank and saves it
12:15 +1075 ~3 -30: /Users/karim/Project/pokemonProject/apps/avelune_studio/test/map_workspace/decor_move_host_test.dart: choosing another tool releases the armed move and its instruction
12:16 +1076 ~3 -30: /Users/karim/Project/pokemonProject/apps/avelune_studio/test/map_workspace/decor_move_host_test.dart: choosing another tool releases the armed move and its instruction
12:16 +1077 ~3 -30: /Users/karim/Project/pokemonProject/apps/avelune_studio/test/map_workspace/decor_move_host_test.dart: choosing another tool releases the armed move and its instruction
12:16 +1078 ~3 -30: /Users/karim/Project/pokemonProject/apps/avelune_studio/test/map_workspace/map_catalog_recovery_test.dart: late publication remains on disk without updating a disposed owner
12:16 +1079 ~3 -30: /Users/karim/Project/pokemonProject/apps/avelune_studio/test/map_workspace/decor_move_host_test.dart: an armed move never comes back after a round trip to another map
12:17 +1079 ~3 -30: /Users/karim/Project/pokemonProject/apps/avelune_studio/test/map_workspace/warp_player_journey_test.dart: a warp authored in Studio moves the player to the other map
[runtime_loader] bundle load start projectFilePath=/private/var/folders/b5/7gsfwzyd449_54n8l40h40gc0000gn/T/avelune_player_yj6lPh/project.json mapId=jardin
[runtime_loader] project manifest lookup path=/private/var/folders/b5/7gsfwzyd449_54n8l40h40gc0000gn/T/avelune_player_yj6lPh/project.json
[runtime_loader] project manifest read ok bytes=8480
[runtime_loader] project manifest validated maps=2 tilesets=1 scenarios=0
[runtime_loader] bundle map resolved mapId=jardin relativePath=maps/jardin.json mapPath=/private/var/folders/b5/7gsfwzyd449_54n8l40h40gc0000gn/T/avelune_player_yj6lPh/maps/jardin.json
[runtime_loader] map file lookup path=/private/var/folders/b5/7gsfwzyd449_54n8l40h40gc0000gn/T/avelune_player_yj6lPh/maps/jardin.json
[runtime_loader] map file read ok bytes=17755
[runtime_loader] map validated id=jardin size=24x16 layers=3 entities=1 placedElements=3 warps=1 triggers=0
[runtime_loader] bundle tilesets collected ids=atelier
[runtime_loader] bundle tileset path id=atelier path=/private/var/folders/b5/7gsfwzyd449_54n8l40h40gc0000gn/T/avelune_player_yj6lPh/assets/atelier.png
[runtime_loader] bundle load ok mapId=jardin projectRoot=/private/var/folders/b5/7gsfwzyd449_54n8l40h40gc0000gn/T/avelune_player_yj6lPh tilesets=1
[runtime_game] tileset image load start map=jardin
[runtime_game] tileset cache resolve requested=1
[runtime_game] tileset cache resolve ok result=1
[runtime_game] onLoad start map=jardin projectFilePath=/private/var/folders/b5/7gsfwzyd449_54n8l40h40gc0000gn/T/avelune_player_yj6lPh/project.json tilesets=1
[runtime_game] world build start map=jardin
[runtime] Map loaded: jardin, spawn at (4, 4)
[runtime_game] tileset image load ok count=1 map=jardin
[runtime_game] mount root map start map=jardin
[runtime_game] mount root map ok map=jardin
[runtime_loader] bundle load start projectFilePath=/private/var/folders/b5/7gsfwzyd449_54n8l40h40gc0000gn/T/avelune_player_yj6lPh/project.json mapId=clairiere
[runtime_loader] project manifest lookup path=/private/var/folders/b5/7gsfwzyd449_54n8l40h40gc0000gn/T/avelune_player_yj6lPh/project.json
[runtime_game] onLoad completed activeMapId=jardin
[event_v2] mapEnter activation=mapact_1790882589547934_1 map=jardin reason=initialBoot result=MapEnterProductionDispatchLegacyFallback
[runtime_loader] project manifest read ok bytes=8480
[runtime_loader] project manifest validated maps=2 tilesets=1 scenarios=0
[runtime_loader] bundle map resolved mapId=clairiere relativePath=maps/clairiere.json mapPath=/private/var/folders/b5/7gsfwzyd449_54n8l40h40gc0000gn/T/avelune_player_yj6lPh/maps/clairiere.json
[runtime_loader] map file lookup path=/private/var/folders/b5/7gsfwzyd449_54n8l40h40gc0000gn/T/avelune_player_yj6lPh/maps/clairiere.json
[warp] Triggered warp warp-1790882589381358-0 mode=onEnter -> map=clairiere pos=(7, 3)
[runtime_loader] map file read ok bytes=17376
[runtime_loader] map validated id=clairiere size=24x16 layers=3 entities=1 placedElements=3 warps=0 triggers=0
[runtime_loader] bundle tilesets collected ids=atelier
[runtime_loader] bundle tileset path id=atelier path=/private/var/folders/b5/7gsfwzyd449_54n8l40h40gc0000gn/T/avelune_player_yj6lPh/assets/atelier.png
[runtime_loader] bundle load ok mapId=clairiere projectRoot=/private/var/folders/b5/7gsfwzyd449_54n8l40h40gc0000gn/T/avelune_player_yj6lPh tilesets=1
[runtime_game] tileset cache resolve requested=1
[runtime_game] tileset cache resolve ok result=1
[warp] start transition warp=warp-1790882589381358-0 map=jardin -> clairiere target=(7, 3)
[perf][warp] loadBundle=0ms
[warp] target map loaded id=clairiere
[warp] fade out durationMs=170
[perf][warp] worldInitial=0ms
[warp] loading target map visuals id=clairiere
[runtime_game] tileset cache resolve requested=1
[runtime_game] tileset cache resolve ok result=1
[perf][warp] loadTilesets=0ms
[perf][warp] loadBorderAssets=0ms
[perf][warp] revalidateBorderBeforeSwap=0ms
[perf][warp] mountMap=0ms
[warp] player placed at map=clairiere pos=(7, 3)
[perf][warp] configureCamera=0ms
[perf][warp] preloadConnectionsKickoff=0ms
[perf][warp] prewarmWarpsKickoff=0ms
[perf][warp] prewarmBattleKickoff=0ms
[perf][warp] pruneLoadedMaps=0ms
[perf][warp] refreshWorldNpcPresence=0ms
[warp] fade in durationMs=170
[perf][warp] total=12ms
[warp] transition completed
[warp] gameplay unlocked map=clairiere pos=(7, 3)
[event_v2] mapEnter activation=mapact_1790882589659173_2 map=clairiere reason=warp result=MapEnterProductionDispatchLegacyFallback
12:18 +1080 ~3 -30: /Users/karim/Project/pokemonProject/apps/avelune_studio/test/map_workspace/decor_move_host_test.dart: an armed move never comes back after a round trip to another map
12:18 +1080 ~3 -30: /Users/karim/Project/pokemonProject/apps/avelune_studio/test/map_workspace/warp_player_journey_test.dart: a warp saved as bump keeps the player on the departure map
[runtime_loader] bundle load start projectFilePath=/private/var/folders/b5/7gsfwzyd449_54n8l40h40gc0000gn/T/avelune_player_Gq2nlI/project.json mapId=jardin
[runtime_loader] project manifest lookup path=/private/var/folders/b5/7gsfwzyd449_54n8l40h40gc0000gn/T/avelune_player_Gq2nlI/project.json
[runtime_loader] project manifest read ok bytes=8480
[runtime_loader] project manifest validated maps=2 tilesets=1 scenarios=0
[runtime_loader] bundle map resolved mapId=jardin relativePath=maps/jardin.json mapPath=/private/var/folders/b5/7gsfwzyd449_54n8l40h40gc0000gn/T/avelune_player_Gq2nlI/maps/jardin.json
[runtime_loader] map file lookup path=/private/var/folders/b5/7gsfwzyd449_54n8l40h40gc0000gn/T/avelune_player_Gq2nlI/maps/jardin.json
[runtime_loader] map file read ok bytes=17754
[runtime_loader] map validated id=jardin size=24x16 layers=3 entities=1 placedElements=3 warps=1 triggers=0
[runtime_loader] bundle tilesets collected ids=atelier
[runtime_loader] bundle tileset path id=atelier path=/private/var/folders/b5/7gsfwzyd449_54n8l40h40gc0000gn/T/avelune_player_Gq2nlI/assets/atelier.png
[runtime_loader] bundle load ok mapId=jardin projectRoot=/private/var/folders/b5/7gsfwzyd449_54n8l40h40gc0000gn/T/avelune_player_Gq2nlI tilesets=1
[runtime_game] tileset image load start map=jardin
[runtime_game] tileset cache resolve requested=1
[runtime_game] tileset cache resolve ok result=1
[runtime_game] onLoad start map=jardin projectFilePath=/private/var/folders/b5/7gsfwzyd449_54n8l40h40gc0000gn/T/avelune_player_Gq2nlI/project.json tilesets=1
[runtime_game] world build start map=jardin
[runtime] Map loaded: jardin, spawn at (4, 4)
[runtime_game] tileset image load ok count=1 map=jardin
[runtime_game] mount root map start map=jardin
[runtime_game] mount root map ok map=jardin
[runtime_loader] bundle load start projectFilePath=/private/var/folders/b5/7gsfwzyd449_54n8l40h40gc0000gn/T/avelune_player_Gq2nlI/project.json mapId=clairiere
[runtime_loader] project manifest lookup path=/private/var/folders/b5/7gsfwzyd449_54n8l40h40gc0000gn/T/avelune_player_Gq2nlI/project.json
[runtime_game] onLoad completed activeMapId=jardin
[event_v2] mapEnter activation=mapact_1790882589724166_1 map=jardin reason=initialBoot result=MapEnterProductionDispatchLegacyFallback
[runtime_loader] project manifest read ok bytes=8480
[runtime_loader] project manifest validated maps=2 tilesets=1 scenarios=0
[runtime_loader] bundle map resolved mapId=clairiere relativePath=maps/clairiere.json mapPath=/private/var/folders/b5/7gsfwzyd449_54n8l40h40gc0000gn/T/avelune_player_Gq2nlI/maps/clairiere.json
[runtime_loader] map file lookup path=/private/var/folders/b5/7gsfwzyd449_54n8l40h40gc0000gn/T/avelune_player_Gq2nlI/maps/clairiere.json
[runtime_loader] map file read ok bytes=17376
[runtime_loader] map validated id=clairiere size=24x16 layers=3 entities=1 placedElements=3 warps=0 triggers=0
[runtime_loader] bundle tilesets collected ids=atelier
[runtime_loader] bundle tileset path id=atelier path=/private/var/folders/b5/7gsfwzyd449_54n8l40h40gc0000gn/T/avelune_player_Gq2nlI/assets/atelier.png
[runtime_loader] bundle load ok mapId=clairiere projectRoot=/private/var/folders/b5/7gsfwzyd449_54n8l40h40gc0000gn/T/avelune_player_Gq2nlI tilesets=1
[runtime_game] tileset cache resolve requested=1
[runtime_game] tileset cache resolve ok result=1
12:18 +1081 ~3 -30: /Users/karim/Project/pokemonProject/apps/avelune_studio/test/map_workspace/decor_move_host_test.dart: an armed move never comes back after a round trip to another map
12:19 +1082 ~3 -30: /Users/karim/Project/pokemonProject/apps/avelune_studio/test/map_workspace/context_identity_host_test.dart: twin ids in two families stay distinct rows of the real menu
12:22 +1083 ~3 -30: /Users/karim/Project/pokemonProject/apps/avelune_studio/test/map_workspace/decor_order_cross_context_repro_test.dart: overlapping decors can exchange their visible order
12:22 +1084 ~3 -30: /Users/karim/Project/pokemonProject/apps/avelune_studio/test/map_workspace/context_identity_host_test.dart: Shift+F10 reopens the menu on the target chosen in the stack
12:24 +1085 ~3 -30: /Users/karim/Project/pokemonProject/apps/avelune_studio/test/map_workspace/map_tool_strip_state_host_test.dart: Terrains tool reveals its hidden asset picker
12:25 +1086 ~3 -30: /Users/karim/Project/pokemonProject/apps/avelune_studio/test/map_workspace/map_tool_strip_state_host_test.dart: Terrains tool reveals its hidden asset picker
12:26 +1087 ~3 -30: /Users/karim/Project/pokemonProject/apps/avelune_studio/test/map_workspace/context_identity_host_test.dart: a map change really closes the menu, it does not only hide it
12:27 +1088 ~3 -30: /Users/karim/Project/pokemonProject/apps/avelune_studio/test/map_workspace/map_tool_strip_state_host_test.dart: Passages tool reveals its hidden asset picker
12:27 +1089 ~3 -30: /Users/karim/Project/pokemonProject/apps/avelune_studio/test/map_workspace/map_tool_strip_state_host_test.dart: character placement reveals the hidden character picker
12:28 +1090 ~3 -30: /Users/karim/Project/pokemonProject/apps/avelune_studio/test/map_workspace/map_tool_strip_state_host_test.dart: character placement reveals the hidden character picker
12:28 +1091 ~3 -30: /Users/karim/Project/pokemonProject/apps/avelune_studio/test/map_workspace/map_tool_strip_state_host_test.dart: character placement reveals the hidden character picker
12:28 +1092 ~3 -30: /Users/karim/Project/pokemonProject/apps/avelune_studio/test/map_workspace/map_tool_strip_state_host_test.dart: character placement reveals the hidden character picker
12:28 +1093 ~3 -30: /Users/karim/Project/pokemonProject/apps/avelune_studio/test/map_workspace/map_tool_strip_state_host_test.dart: visible palette remains inline when selecting the decor tool
12:29 +1094 ~3 -30: /Users/karim/Project/pokemonProject/apps/avelune_studio/test/map_workspace/map_tool_strip_state_host_test.dart: visible palette remains inline when selecting the decor tool
12:29 +1095 ~3 -30: /Users/karim/Project/pokemonProject/apps/avelune_studio/test/map_workspace/map_tool_strip_state_host_test.dart: visible palette remains inline when selecting the decor tool
12:29 +1096 ~3 -30: /Users/karim/Project/pokemonProject/apps/avelune_studio/test/map_workspace/map_tool_strip_state_host_test.dart: visible palette remains inline when selecting the decor tool
12:29 +1097 ~3 -30: /Users/karim/Project/pokemonProject/apps/avelune_studio/test/map_workspace/map_tool_strip_state_host_test.dart: visible palette remains inline when selecting the decor tool
12:30 +1098 ~3 -30: /Users/karim/Project/pokemonProject/apps/avelune_studio/test/map_workspace/map_tool_strip_state_host_test.dart: decor tool reveals a hidden palette and adds a chosen asset
12:32 +1099 ~3 -30: /Users/karim/Project/pokemonProject/apps/avelune_studio/test/map_workspace/decor_placement_preview_host_test.dart: the selected decor follows the mouse without editing the map
12:33 +1100 ~3 -30: /Users/karim/Project/pokemonProject/apps/avelune_studio/test/map_workspace/map_tool_strip_state_host_test.dart: a chosen eraser replaces the misleading selection highlight
12:33 +1101 ~3 -30: /Users/karim/Project/pokemonProject/apps/avelune_studio/test/map_workspace/decor_placement_preview_host_test.dart: the preview clears when the pointer leaves the map
12:34 +1102 ~3 -30: /Users/karim/Project/pokemonProject/apps/avelune_studio/test/map_workspace/decor_placement_preview_host_test.dart: the preview clears when the pointer leaves the map
12:34 +1103 ~3 -30: /Users/karim/Project/pokemonProject/apps/avelune_studio/test/map_workspace/map_catalog_preparation_test.dart: duplicate destination may change without replacing the captured revision
12:34 +1104 ~3 -30: /Users/karim/Project/pokemonProject/apps/avelune_studio/test/map_workspace/map_catalog_preparation_test.dart: a changed closed map invalidates a resize analysis before writing
12:34 +1105 ~3 -30: /Users/karim/Project/pokemonProject/apps/avelune_studio/test/map_workspace/map_catalog_preparation_test.dart: dirty source must be explicitly saved before duplicate preparation
12:34 +1106 ~3 -30: /Users/karim/Project/pokemonProject/apps/avelune_studio/test/map_workspace/map_catalog_preparation_test.dart: dirty incoming passage blocks deletion without saving its owner
12:34 +1107 ~3 -30: /Users/karim/Project/pokemonProject/apps/avelune_studio/test/map_workspace/map_catalog_preparation_test.dart: same size is a no-op that preserves source bytes and geometry history
12:34 +1108 ~3 -30: /Users/karim/Project/pokemonProject/apps/avelune_studio/test/map_workspace/map_catalog_preparation_test.dart: a stale no-op does not pretend to validate the previous snapshot
12:34 +1109 ~3 -30: /Users/karim/Project/pokemonProject/apps/avelune_studio/test/map_workspace/map_catalog_preparation_test.dart: missing required map does not produce an unreferenced deletion
12:35 +1110 ~3 -30: /Users/karim/Project/pokemonProject/apps/avelune_studio/test/map_workspace/draft_reference_guard_test.dart: an unsaved world rule draft protects the entity it targets
12:35 +1111 ~3 -30: /Users/karim/Project/pokemonProject/apps/avelune_studio/test/map_workspace/draft_reference_guard_test.dart: an unsaved event draft protects the entity it targets
12:35 +1112 ~3 -30: /Users/karim/Project/pokemonProject/apps/avelune_studio/test/map_workspace/draft_reference_guard_test.dart: a draft targeting a twin id on another map blocks nothing here
12:35 +1113 ~3 -30: /Users/karim/Project/pokemonProject/apps/avelune_studio/test/map_workspace/draft_reference_guard_test.dart: a dependency added after the first read is honoured
12:35 +1114 ~3 -30: /Users/karim/Project/pokemonProject/apps/avelune_studio/test/map_workspace/draft_reference_guard_test.dart: removing the draft frees the entity again
12:35 +1115 ~3 -30: /Users/karim/Project/pokemonProject/apps/avelune_studio/test/map_workspace/draft_reference_guard_test.dart: a configured record is read from its definition, not its draft
12:35 +1116 ~3 -30: /Users/karim/Project/pokemonProject/apps/avelune_studio/test/map_workspace/map_catalogue_host_test.dart: Clairbois creates edits saves and renames without changing existing identities
12:37 +1117 ~3 -30: /Users/karim/Project/pokemonProject/apps/avelune_studio/test/map_workspace/map_catalogue_host_test.dart: Clairbois creates edits saves and renames without changing existing identities
12:37 +1118 ~3 -30: /Users/karim/Project/pokemonProject/apps/avelune_studio/test/map_workspace/map_catalogue_host_test.dart: Clairbois creates edits saves and renames without changing existing identities
12:37 +1119 ~3 -30: /Users/karim/Project/pokemonProject/apps/avelune_studio/test/map_workspace/map_catalogue_host_test.dart: Clairbois creates edits saves and renames without changing existing identities
12:37 +1120 ~3 -30: /Users/karim/Project/pokemonProject/apps/avelune_studio/test/map_workspace/map_catalogue_host_test.dart: Clairbois creates edits saves and renames without changing existing identities
12:37 +1121 ~3 -30: /Users/karim/Project/pokemonProject/apps/avelune_studio/test/map_workspace/map_catalogue_host_test.dart: Clairbois creates edits saves and renames without changing existing identities
12:37 +1122 ~3 -30: /Users/karim/Project/pokemonProject/apps/avelune_studio/test/map_workspace/map_catalogue_host_test.dart: Clairbois creates edits saves and renames without changing existing identities
12:37 +1123 ~3 -30: /Users/karim/Project/pokemonProject/apps/avelune_studio/test/map_workspace/map_catalogue_host_test.dart: Clairbois creates edits saves and renames without changing existing identities
12:37 +1124 ~3 -30: /Users/karim/Project/pokemonProject/apps/avelune_studio/test/map_workspace/map_catalogue_host_test.dart: Clairbois creates edits saves and renames without changing existing identities
12:38 +1125 ~3 -30: /Users/karim/Project/pokemonProject/apps/avelune_studio/test/map_workspace/map_catalogue_host_test.dart: Clairbois creates edits saves and renames without changing existing identities
12:38 +1126 ~3 -30: /Users/karim/Project/pokemonProject/apps/avelune_studio/test/map_workspace/map_catalogue_host_test.dart: Clairbois creates edits saves and renames without changing existing identities
12:39 +1127 ~3 -30: /Users/karim/Project/pokemonProject/apps/avelune_studio/test/map_workspace/map_catalogue_host_test.dart: Clairbois creates edits saves and renames without changing existing identities
12:39 +1128 ~3 -30: /Users/karim/Project/pokemonProject/apps/avelune_studio/test/map_workspace/map_catalogue_host_test.dart: Clairbois creates edits saves and renames without changing existing identities
12:43 +1129 ~3 -30: /Users/karim/Project/pokemonProject/apps/avelune_studio/test/map_workspace/map_catalogue_host_test.dart: Clairbois creates edits saves and renames without changing existing identities
12:46 +1130 ~3 -30: /Users/karim/Project/pokemonProject/apps/avelune_studio/test/map_workspace/map_catalogue_host_test.dart: Clairbois creates edits saves and renames without changing existing identities
12:47 +1131 ~3 -30: /Users/karim/Project/pokemonProject/apps/avelune_studio/test/map_workspace/map_catalogue_host_test.dart: Clairbois creates edits saves and renames without changing existing identities
12:48 +1132 ~3 -30: /Users/karim/Project/pokemonProject/apps/avelune_studio/test/map_workspace/map_catalogue_host_test.dart: Clairbois creates edits saves and renames without changing existing identities
12:48 +1133 ~3 -30: /Users/karim/Project/pokemonProject/apps/avelune_studio/test/map_workspace/map_catalogue_host_test.dart: Clairbois creates edits saves and renames without changing existing identities
12:48 +1134 ~3 -30: /Users/karim/Project/pokemonProject/apps/avelune_studio/test/map_workspace/map_catalogue_host_test.dart: Clairbois creates edits saves and renames without changing existing identities
12:48 +1135 ~3 -30: /Users/karim/Project/pokemonProject/apps/avelune_studio/test/map_workspace/map_catalogue_host_test.dart: Clairbois creates edits saves and renames without changing existing identities
12:48 +1136 ~3 -30: /Users/karim/Project/pokemonProject/apps/avelune_studio/test/map_workspace/map_catalogue_host_test.dart: Clairbois creates edits saves and renames without changing existing identities
12:49 +1137 ~3 -30: /Users/karim/Project/pokemonProject/apps/avelune_studio/test/map_workspace/map_catalogue_host_test.dart: Clairbois creates edits saves and renames without changing existing identities
12:49 +1138 ~3 -30: /Users/karim/Project/pokemonProject/apps/avelune_studio/test/map_workspace/map_catalogue_host_test.dart: Clairbois creates edits saves and renames without changing existing identities
12:49 +1139 ~3 -30: /Users/karim/Project/pokemonProject/apps/avelune_studio/test/map_workspace/map_catalogue_host_test.dart: Clairbois creates edits saves and renames without changing existing identities
12:49 +1140 ~3 -30: /Users/karim/Project/pokemonProject/apps/avelune_studio/test/map_workspace/map_catalogue_host_test.dart: Clairbois creates edits saves and renames without changing existing identities
12:49 +1141 ~3 -30: /Users/karim/Project/pokemonProject/apps/avelune_studio/test/map_workspace/map_catalogue_host_test.dart: Clairbois creates edits saves and renames without changing existing identities
12:50 +1141 ~3 -30: /Users/karim/Project/pokemonProject/apps/avelune_studio/test/map_workspace/map_connection_journey_test.dart: a paired border link saves both maps and resolves the next cell
[runtime_loader] bundle load start projectFilePath=/private/var/folders/b5/7gsfwzyd449_54n8l40h40gc0000gn/T/avelune_connection_9QQogv/project.json mapId=jardin
[runtime_loader] project manifest lookup path=/private/var/folders/b5/7gsfwzyd449_54n8l40h40gc0000gn/T/avelune_connection_9QQogv/project.json
[runtime_loader] project manifest read ok bytes=8480
[runtime_loader] project manifest validated maps=2 tilesets=1 scenarios=0
[runtime_loader] bundle map resolved mapId=jardin relativePath=maps/jardin.json mapPath=/private/var/folders/b5/7gsfwzyd449_54n8l40h40gc0000gn/T/avelune_connection_9QQogv/maps/jardin.json
[runtime_loader] map file lookup path=/private/var/folders/b5/7gsfwzyd449_54n8l40h40gc0000gn/T/avelune_connection_9QQogv/maps/jardin.json
[runtime_loader] map file read ok bytes=17465
[runtime_loader] map validated id=jardin size=24x16 layers=3 entities=1 placedElements=3 warps=0 triggers=0
[runtime_loader] bundle tilesets collected ids=atelier
[runtime_loader] bundle tileset path id=atelier path=/private/var/folders/b5/7gsfwzyd449_54n8l40h40gc0000gn/T/avelune_connection_9QQogv/assets/atelier.png
[runtime_loader] bundle load ok mapId=jardin projectRoot=/private/var/folders/b5/7gsfwzyd449_54n8l40h40gc0000gn/T/avelune_connection_9QQogv tilesets=1
12:50 +1142 ~3 -30: /Users/karim/Project/pokemonProject/apps/avelune_studio/test/map_workspace/map_catalogue_host_test.dart: Clairbois creates edits saves and renames without changing existing identities
12:50 +1143 ~3 -30: /Users/karim/Project/pokemonProject/apps/avelune_studio/test/map_workspace/map_catalogue_host_test.dart: Clairbois creates edits saves and renames without changing existing identities
══╡ EXCEPTION CAUGHT BY FLUTTER TEST FRAMEWORK ╞════════════════════════════════════════════════════
The following TestFailure was thrown running a test:
Expected: true
  Actual: <false>

When the exception was thrown, this was the stack:
#4      playCreatedClairbois.waitUntil (file:///Users/karim/Project/pokemonProject/apps/avelune_studio/test/support/clairbois_player_recipe.dart:38:5)
<asynchronous suspension>
#5      playCreatedClairbois (file:///Users/karim/Project/pokemonProject/apps/avelune_studio/test/support/clairbois_player_recipe.dart:42:3)
<asynchronous suspension>
#6      main.<anonymous closure> (file:///Users/karim/Project/pokemonProject/apps/avelune_studio/test/map_workspace/map_catalogue_host_test.dart:90:7)
<asynchronous suspension>
#7      testWidgets.<anonymous closure>.<anonymous closure> (package:flutter_test/src/widget_tester.dart:192:15)
<asynchronous suspension>
#8      TestWidgetsFlutterBinding._runTestBody (package:flutter_test/src/binding.dart:1953:5)
<asynchronous suspension>
<asynchronous suspension>
(elided one frame from package:stack_trace)

This was caught by the test expectation on the following line:
  file:///Users/karim/Project/pokemonProject/apps/avelune_studio/test/support/clairbois_player_recipe.dart line 38
The test description was:
  Clairbois creates edits saves and renames without changing existing identities
════════════════════════════════════════════════════════════════════════════════════════════════════
12:56 +1143 ~3 -31: /Users/karim/Project/pokemonProject/apps/avelune_studio/test/map_workspace/map_lifecycle_host_test.dart: workspace duplicates the saved source into an independent map
12:56 +1143 ~3 -31: /Users/karim/Project/pokemonProject/apps/avelune_studio/test/map_workspace/map_catalogue_host_test.dart: Clairbois creates edits saves and renames without changing existing identities [E]
  Test failed. See exception logs above.
  The test description was: Clairbois creates edits saves and renames without changing existing identities
  
12:59 +1144 ~3 -31: /Users/karim/Project/pokemonProject/apps/avelune_studio/test/map_workspace/map_lifecycle_host_test.dart: workspace duplicates the saved source into an independent map
13:02 +1145 ~3 -31: /Users/karim/Project/pokemonProject/apps/avelune_studio/test/map_workspace/map_catalogue_host_test.dart: invalid dimensions and cancellation leave the project untouched
13:03 +1146 ~3 -31: /Users/karim/Project/pokemonProject/apps/avelune_studio/test/map_workspace/map_lifecycle_host_test.dart: workspace analyzes growth without writing then reloads new bounds
13:08 +1147 ~3 -31: /Users/karim/Project/pokemonProject/apps/avelune_studio/test/map_workspace/map_catalogue_home_entry_host_test.dart: all maps uses the same creation owner and reveals the new identity
13:15 +1148 ~3 -31: /Users/karim/Project/pokemonProject/apps/avelune_studio/test/map_workspace/map_catalogue_home_entry_host_test.dart: all maps uses the same creation owner and reveals the new identity
13:16 +1149 ~3 -31: /Users/karim/Project/pokemonProject/apps/avelune_studio/test/map_workspace/map_catalogue_home_entry_host_test.dart: all maps uses the same creation owner and reveals the new identity
13:16 +1150 ~3 -31: /Users/karim/Project/pokemonProject/apps/avelune_studio/test/map_workspace/map_catalogue_home_entry_host_test.dart: all maps uses the same creation owner and reveals the new identity
13:16 +1151 ~3 -31: /Users/karim/Project/pokemonProject/apps/avelune_studio/test/map_workspace/map_catalogue_home_entry_host_test.dart: all maps uses the same creation owner and reveals the new identity
13:16 +1152 ~3 -31: /Users/karim/Project/pokemonProject/apps/avelune_studio/test/map_workspace/map_catalogue_home_entry_host_test.dart: all maps uses the same creation owner and reveals the new identity
13:16 +1153 ~3 -31: /Users/karim/Project/pokemonProject/apps/avelune_studio/test/map_workspace/gameplay_zone_runtime_test.dart: a hazard zone drawn in Studio really hurts the player
13:16 +1154 ~3 -31: /Users/karim/Project/pokemonProject/apps/avelune_studio/test/map_workspace/gameplay_zone_runtime_test.dart: a hazard without damage stays inert instead of half working
13:16 +1155 ~3 -31: /Users/karim/Project/pokemonProject/apps/avelune_studio/test/map_workspace/gameplay_zone_runtime_test.dart: the priority the author set decides which zone wins
13:16 +1156 ~3 -31: /Users/karim/Project/pokemonProject/apps/avelune_studio/test/map_workspace/gameplay_zone_editing_test.dart: a drawn zone keeps the rectangle and gets its own payload
13:16 +1157 ~3 -31: /Users/karim/Project/pokemonProject/apps/avelune_studio/test/map_workspace/gameplay_zone_editing_test.dart: an encounter zone without a table says so instead of pretending
13:16 +1158 ~3 -31: /Users/karim/Project/pokemonProject/apps/avelune_studio/test/map_workspace/gameplay_zone_editing_test.dart: changing the kind moves the payload with it
13:16 +1159 ~3 -31: /Users/karim/Project/pokemonProject/apps/avelune_studio/test/map_workspace/gameplay_zone_editing_test.dart: each kind exposes its own properties
13:16 +1160 ~3 -31: /Users/karim/Project/pokemonProject/apps/avelune_studio/test/map_workspace/gameplay_zone_editing_test.dart: zones move, resize, overlap by priority and undo step by step
13:16 +1161 ~3 -31: /Users/karim/Project/pokemonProject/apps/avelune_studio/test/map_workspace/gameplay_zone_editing_test.dart: a zone never touches the tiles or the other families
13:17 +1162 ~3 -31: /Users/karim/Project/pokemonProject/apps/avelune_studio/test/map_workspace/draft_deletion_guard_test.dart: a story zone used by an unsaved event refuses to be deleted
13:17 +1163 ~3 -31: /Users/karim/Project/pokemonProject/apps/avelune_studio/test/map_workspace/draft_deletion_guard_test.dart: a character targeted by an unsaved rule refuses to be deleted
13:17 +1164 ~3 -31: Some tests failed.

Failing tests:
  /Users/karim/Project/pokemonProject/apps/avelune_studio/test/architecture/architecture_boundaries_test.dart: fichiers Dart manuels limites a 300 lignes
  /Users/karim/Project/pokemonProject/apps/avelune_studio/test/cinematics/cinematic_spatial_gestures_ui10_test.dart: map clicks and point drag respect pan zoom resize at 16 px
  /Users/karim/Project/pokemonProject/apps/avelune_studio/test/cinematics/cinematic_spatial_gestures_ui10_test.dart: map clicks and point drag respect pan zoom resize at 32 px
  /Users/karim/Project/pokemonProject/apps/avelune_studio/test/cinematics/cinematic_viewport_parity_ui10_test.dart: scrub applies camera and fade while stop restores the work view
  ... and 27 more
