00:00 +0: loading /Users/karim/Project/pokemonProject/apps/avelune_studio/test/cinematics/cinematic_preview_media_ui10_test.dart
00:00 +0: /Users/karim/Project/pokemonProject/apps/avelune_studio/test/cinematics/cinematic_preview_media_ui10_test.dart: camera preview advances with media configured and audio=false
00:00 +1: /Users/karim/Project/pokemonProject/apps/avelune_studio/test/cinematics/cinematic_preview_media_ui10_test.dart: camera preview advances with media configured and audio=true
00:00 +2: /Users/karim/Project/pokemonProject/apps/avelune_studio/test/cinematics/cinematic_preview_media_ui10_test.dart: camera coexistence does not suppress missing media diagnostics
00:00 +3: /Users/karim/Project/pokemonProject/apps/avelune_studio/test/cinematics/cinematic_preview_media_ui10_test.dart: explicit playback executes canonical audio once; seek is silent and pause restores
00:00 +4: /Users/karim/Project/pokemonProject/apps/avelune_studio/test/cinematics/cinematic_preview_media_ui10_test.dart: stop during a pending media start restores the late owned channel
00:00 +5: /Users/karim/Project/pokemonProject/apps/avelune_studio/test/cinematics/cinematic_preview_media_ui10_test.dart: replacement and disposal clean previous asynchronous media without late notifications
00:00 +6: /Users/karim/Project/pokemonProject/apps/avelune_studio/test/cinematics/cinematic_preview_media_ui10_test.dart: media failure pauses visual playback and exposes an honest diagnostic
00:02 +7: /Users/karim/Project/pokemonProject/apps/avelune_studio/test/cinematics/cinematic_viewport_parity_ui10_test.dart: scrub applies camera and fade while stop restores the work view
00:03 +8: /Users/karim/Project/pokemonProject/apps/avelune_studio/test/cinematics/cinematic_viewport_parity_ui10_test.dart: scrub applies camera and fade while stop restores the work view
00:04 +9: /Users/karim/Project/pokemonProject/apps/avelune_studio/test/cinematics/cinematic_viewport_parity_ui10_test.dart: scrub applies camera and fade while stop restores the work view
00:04 +10: /Users/karim/Project/pokemonProject/apps/avelune_studio/test/cinematics/cinematic_viewport_parity_ui10_test.dart: scrub applies camera and fade while stop restores the work view
00:04 +11: /Users/karim/Project/pokemonProject/apps/avelune_studio/test/cinematics/cinematic_viewport_parity_ui10_test.dart: scrub applies camera and fade while stop restores the work view
00:04 +12: /Users/karim/Project/pokemonProject/apps/avelune_studio/test/cinematics/cinematic_viewport_parity_ui10_test.dart: scrub applies camera and fade while stop restores the work view
00:05 +13: /Users/karim/Project/pokemonProject/apps/avelune_studio/test/cinematics/cinematic_independent_publication_ui10_test.dart: cinematic save preserves concurrent import, every map and linked sources
00:06 +14: /Users/karim/Project/pokemonProject/apps/avelune_studio/test/cinematics/cinematic_independent_publication_ui10_test.dart: cinematic save preserves concurrent import, every map and linked sources
00:07 +15: /Users/karim/Project/pokemonProject/apps/avelune_studio/test/cinematics/cinematic_adapter_ui10_test.dart: referenced deletion lists consumer and leaves shared documents intact
00:07 +16: /Users/karim/Project/pokemonProject/apps/avelune_studio/test/cinematics/cinematic_published_guard_ui10_test.dart: published cinematic test preserves dirty dependencies and focused invalid edit blocks close
00:07 +17: /Users/karim/Project/pokemonProject/apps/avelune_studio/test/cinematics/cinematic_adapter_ui10_test.dart: draft publication creates asset and library atomically without a map
00:07 +18: /Users/karim/Project/pokemonProject/apps/avelune_studio/test/cinematics/cinematic_adapter_ui10_test.dart: unclassified existing assets stay readable and are not reclassified by save
00:07 +19: /Users/karim/Project/pokemonProject/apps/avelune_studio/test/cinematics/cinematic_adapter_ui10_test.dart: new library entry refuses version six without migration or write
00:07 +20: /Users/karim/Project/pokemonProject/apps/avelune_studio/test/cinematics/cinematic_adapter_ui10_test.dart: same asset conflict preserves disk and the caller draft
00:07 +21: /Users/karim/Project/pokemonProject/apps/avelune_studio/test/cinematics/cinematic_adapter_ui10_test.dart: independent manifest edits and another cinematic survive targeted save
00:08 +22: /Users/karim/Project/pokemonProject/apps/avelune_studio/test/cinematics/cinematic_adapter_ui10_test.dart: classification conflict is detected before archive or delete
00:08 +23: /Users/karim/Project/pokemonProject/apps/avelune_studio/test/cinematics/cinematic_adapter_ui10_test.dart: interrupted promotion recovers both document and classification
00:08 +24: /Users/karim/Project/pokemonProject/apps/avelune_studio/test/cinematics/cinematic_preview_transport_ui10_test.dart: canonical intermediate movement, backwards scrub and stop never modify author asset
00:08 +25: /Users/karim/Project/pokemonProject/apps/avelune_studio/test/cinematics/cinematic_preview_transport_ui10_test.dart: canonical intermediate movement, backwards scrub and stop never modify author asset
00:08 +26: /Users/karim/Project/pokemonProject/apps/avelune_studio/test/cinematics/cinematic_preview_transport_ui10_test.dart: eighty sequential actions keep one plan for ticks, pause and scrub
00:11 +27: /Users/karim/Project/pokemonProject/apps/avelune_studio/test/cinematics/cinematic_animation_ui10_test.dart: animation uses canonical command, preserves unknown metadata and undoes repeat edit
00:11 +28: /Users/karim/Project/pokemonProject/apps/avelune_studio/test/cinematics/cinematic_animation_ui10_test.dart: typed animation inspector edits repeat count and retains invalid input diagnostic
00:11 +29: /Users/karim/Project/pokemonProject/apps/avelune_studio/test/cinematics/cinematic_animation_ui10_test.dart: typed animation inspector edits repeat count and retains invalid input diagnostic
00:11 +30: /Users/karim/Project/pokemonProject/apps/avelune_studio/test/cinematics/cinematic_animation_ui10_test.dart: typed animation inspector edits repeat count and retains invalid input diagnostic
00:11 +31: /Users/karim/Project/pokemonProject/apps/avelune_studio/test/cinematics/cinematic_animation_ui10_test.dart: typed animation inspector edits repeat count and retains invalid input diagnostic
00:12 +32: /Users/karim/Project/pokemonProject/apps/avelune_studio/test/cinematics/cinematic_coexistence_ui10_test.dart: full and simplified dirty ownership is reciprocal; publication invalidates only clean owners
00:12 +33: /Users/karim/Project/pokemonProject/apps/avelune_studio/test/cinematics/cinematic_coexistence_ui10_test.dart: full and simplified dirty ownership is reciprocal; publication invalidates only clean owners
00:12 +34: /Users/karim/Project/pokemonProject/apps/avelune_studio/test/cinematics/cinematic_coexistence_ui10_test.dart: full and simplified dirty ownership is reciprocal; publication invalidates only clean owners
00:13 +35: /Users/karim/Project/pokemonProject/apps/avelune_studio/test/cinematics/cinematic_coexistence_ui10_test.dart: full and simplified dirty ownership is reciprocal; publication invalidates only clean owners
00:13 +36: /Users/karim/Project/pokemonProject/apps/avelune_studio/test/cinematics/cinematic_coexistence_ui10_test.dart: changed cinematic base refuses stale simplified publication even when scene is unchanged
00:13 +37: /Users/karim/Project/pokemonProject/apps/avelune_studio/test/cinematics/dialogue_working_source_ui10_test.dart: C1 dirty simplified dialogue wins over old clean full snapshot without publication
00:14 +38: /Users/karim/Project/pokemonProject/apps/avelune_studio/test/cinematics/dialogue_working_source_ui10_test.dart: C1 dirty simplified dialogue wins over old clean full snapshot without publication
00:14 +39: /Users/karim/Project/pokemonProject/apps/avelune_studio/test/cinematics/dialogue_working_source_ui10_test.dart: C1 dirty simplified dialogue wins over old clean full snapshot without publication
00:14 +40: /Users/karim/Project/pokemonProject/apps/avelune_studio/test/cinematics/dialogue_working_source_ui10_test.dart: C1 dirty simplified dialogue wins over old clean full snapshot without publication
00:14 +41: /Users/karim/Project/pokemonProject/apps/avelune_studio/test/cinematics/dialogue_working_source_ui10_test.dart: C1 dirty simplified dialogue wins over old clean full snapshot without publication
00:14 +42: /Users/karim/Project/pokemonProject/apps/avelune_studio/test/cinematics/dialogue_working_source_ui10_test.dart: C1 dirty simplified dialogue wins over old clean full snapshot without publication
00:14 +43: /Users/karim/Project/pokemonProject/apps/avelune_studio/test/cinematics/dialogue_working_source_ui10_test.dart: C1 dirty simplified dialogue wins over old clean full snapshot without publication
00:15 +44: /Users/karim/Project/pokemonProject/apps/avelune_studio/test/cinematics/dialogue_working_source_ui10_test.dart: working source resolves publication, explicit discard, homonyms and project boundary
00:16 +45: /Users/karim/Project/pokemonProject/apps/avelune_studio/test/cinematics/cinematic_spatial_gestures_ui10_test.dart: map clicks and point drag respect pan zoom resize at 16 px
00:16 +46: /Users/karim/Project/pokemonProject/apps/avelune_studio/test/cinematics/cinematic_spatial_gestures_ui10_test.dart: map clicks and point drag respect pan zoom resize at 16 px
00:17 +47: /Users/karim/Project/pokemonProject/apps/avelune_studio/test/cinematics/cinematic_spatial_gestures_ui10_test.dart: map clicks and point drag respect pan zoom resize at 16 px
00:19 +48: /Users/karim/Project/pokemonProject/apps/avelune_studio/test/terrain_editor_test.dart: source assignment, scratch correction and publication activate the saved preset
00:20 +49: /Users/karim/Project/pokemonProject/apps/avelune_studio/test/cinematics/cinematic_spatial_gestures_ui10_test.dart: map clicks and point drag respect pan zoom resize at 32 px
00:20 +50: /Users/karim/Project/pokemonProject/apps/avelune_studio/test/cinematics/cinematic_spatial_gestures_ui10_test.dart: map clicks and point drag respect pan zoom resize at 32 px
00:23 +51: /Users/karim/Project/pokemonProject/apps/avelune_studio/test/dialogues_ui09_responsive_test.dart: responsive 1440x900 edits text and response then saves
00:27 +52: /Users/karim/Project/pokemonProject/apps/avelune_studio/test/dialogues_ui09_responsive_test.dart: responsive 1440x900 edits text and response then saves
00:30 +53: /Users/karim/Project/pokemonProject/apps/avelune_studio/test/dialogues_ui09_responsive_test.dart: responsive 1440x900 edits text and response then saves
00:31 +54: /Users/karim/Project/pokemonProject/apps/avelune_studio/test/ui11_presentation_transport_controls_test.dart: UI11 transport answers the keyboard without a focused panel
00:32 +55: /Users/karim/Project/pokemonProject/apps/avelune_studio/test/dialogues_ui09_responsive_test.dart: responsive 1280x800 edits text and response then saves
00:34 +56: /Users/karim/Project/pokemonProject/apps/avelune_studio/test/dialogues_ui09_responsive_test.dart: responsive 1280x800 edits text and response then saves
00:36 +57: /Users/karim/Project/pokemonProject/apps/avelune_studio/test/ui13_verification_working_version_test.dart: a scene renamed in its editor is analysed without saving
00:36 +58: /Users/karim/Project/pokemonProject/apps/avelune_studio/test/dialogues_ui09_responsive_test.dart: responsive 1024x640 edits text and response then saves
00:36 +59: /Users/karim/Project/pokemonProject/apps/avelune_studio/test/dialogues_ui09_responsive_test.dart: responsive 1024x640 edits text and response then saves
00:36 +60: /Users/karim/Project/pokemonProject/apps/avelune_studio/test/dialogues_ui09_responsive_test.dart: responsive 1024x640 edits text and response then saves
00:37 +61: /Users/karim/Project/pokemonProject/apps/avelune_studio/test/dialogues_ui09_responsive_test.dart: responsive 1024x640 edits text and response then saves
00:37 +62: /Users/karim/Project/pokemonProject/apps/avelune_studio/test/dialogues_ui09_responsive_test.dart: responsive 1024x640 edits text and response then saves
00:38 +63: /Users/karim/Project/pokemonProject/apps/avelune_studio/test/dialogues_ui09_responsive_test.dart: responsive 1024x640 edits text and response then saves
00:39 +64: /Users/karim/Project/pokemonProject/apps/avelune_studio/test/dialogues_ui09_responsive_test.dart: responsive 1024x640 edits text and response then saves
00:40 +65: /Users/karim/Project/pokemonProject/apps/avelune_studio/test/dialogues_ui09_responsive_test.dart: responsive 1024x640 edits text and response then saves
00:40 +66: /Users/karim/Project/pokemonProject/apps/avelune_studio/test/dialogues_ui09_responsive_test.dart: responsive 1024x640 edits text and response then saves
00:40 +67: /Users/karim/Project/pokemonProject/apps/avelune_studio/test/dialogues_ui09_responsive_test.dart: responsive 1024x640 edits text and response then saves
00:40 +68: /Users/karim/Project/pokemonProject/apps/avelune_studio/test/ui13_verification_recovery_test.dart: the end of a replaced request does not disturb the new one
00:41 +69: /Users/karim/Project/pokemonProject/apps/avelune_studio/test/home/recent_projects_test.dart: keeps five most recently opened projects and updates duplicates
00:41 +70: /Users/karim/Project/pokemonProject/apps/avelune_studio/test/home/recent_projects_test.dart: persists exact paths and removal never touches project directories
00:41 +71: /Users/karim/Project/pokemonProject/apps/avelune_studio/test/home/home_character_navigation_test.dart: home character placement preserves map and opens palette: compact=false
00:41 +72: /Users/karim/Project/pokemonProject/apps/avelune_studio/test/home/home_character_navigation_test.dart: home character placement preserves map and opens palette: compact=false
00:41 +73: /Users/karim/Project/pokemonProject/apps/avelune_studio/test/home/home_character_navigation_test.dart: home character placement preserves map and opens palette: compact=false
00:41 +74: /Users/karim/Project/pokemonProject/apps/avelune_studio/test/home/home_character_navigation_test.dart: home character placement preserves map and opens palette: compact=false
00:44 +75: /Users/karim/Project/pokemonProject/apps/avelune_studio/test/home/home_character_navigation_test.dart: home character placement preserves map and opens palette: compact=false
00:44 +76: /Users/karim/Project/pokemonProject/apps/avelune_studio/test/home/home_character_navigation_test.dart: home character placement preserves map and opens palette: compact=true
00:45 +77: /Users/karim/Project/pokemonProject/apps/avelune_studio/test/home/home_navigation_test.dart: home keeps mounted workspace, document, zoom and undo; cancelled switch preserves it
00:47 +78: /Users/karim/Project/pokemonProject/apps/avelune_studio/test/home/home_visual_test.dart: home fits Size(1536.0, 1024.0) with real layout and local search
00:47 +79: /Users/karim/Project/pokemonProject/apps/avelune_studio/test/home/home_visual_test.dart: home fits Size(1440.0, 900.0) with real layout and local search
00:48 +80: /Users/karim/Project/pokemonProject/apps/avelune_studio/test/home/home_visual_test.dart: home fits Size(1280.0, 800.0) with real layout and local search
00:48 +81: /Users/karim/Project/pokemonProject/apps/avelune_studio/test/home/home_real_project_test.dart: opens disposable on-disk project and captures the real active home
00:48 +82: /Users/karim/Project/pokemonProject/apps/avelune_studio/test/home/home_real_project_test.dart: opens disposable on-disk project and captures the real active home
00:49 +83: /Users/karim/Project/pokemonProject/apps/avelune_studio/test/home/home_real_project_test.dart: opens disposable on-disk project and captures the real active home
00:51 +84: /Users/karim/Project/pokemonProject/apps/avelune_studio/test/ui13_verification_page_test.dart: the page states that nothing was checked before a launch
00:52 +85: /Users/karim/Project/pokemonProject/apps/avelune_studio/test/ui13_verification_page_test.dart: a diagnostic shows its context, its target and its editor
00:53 +86: /Users/karim/Project/pokemonProject/apps/avelune_studio/test/presentations_ui11_renderer_parity_test.dart: shared montage equals actual runtime frames portrait=false
00:54 +87: /Users/karim/Project/pokemonProject/apps/avelune_studio/test/presentations_ui11_renderer_parity_test.dart: shared montage equals actual runtime frames portrait=false
00:55 +88: /Users/karim/Project/pokemonProject/apps/avelune_studio/test/presentations_ui11_renderer_parity_test.dart: shared montage equals actual runtime frames portrait=false
00:56 +89: /Users/karim/Project/pokemonProject/apps/avelune_studio/test/presentations_ui11_renderer_parity_test.dart: shared montage equals actual runtime frames portrait=true
00:59 +90: /Users/karim/Project/pokemonProject/apps/avelune_studio/test/cinematics_ui10_error_recovery_test.dart: UI10 recovers missing actor through real controls and preserves invalid fields
01:00 +91: /Users/karim/Project/pokemonProject/apps/avelune_studio/test/cinematics_ui10_error_recovery_test.dart: UI10 recovers missing actor through real controls and preserves invalid fields
01:00 +92: /Users/karim/Project/pokemonProject/apps/avelune_studio/test/cinematics_ui10_error_recovery_test.dart: UI10 recovers missing actor through real controls and preserves invalid fields
01:00 +93: /Users/karim/Project/pokemonProject/apps/avelune_studio/test/cinematics_ui10_error_recovery_test.dart: UI10 recovers missing actor through real controls and preserves invalid fields
01:00 +94: /Users/karim/Project/pokemonProject/apps/avelune_studio/test/cinematics_ui10_error_recovery_test.dart: UI10 recovers missing actor through real controls and preserves invalid fields
01:01 +95: /Users/karim/Project/pokemonProject/apps/avelune_studio/test/cinematics_ui10_error_recovery_test.dart: UI10 recovers missing actor through real controls and preserves invalid fields
01:02 +96: /Users/karim/Project/pokemonProject/apps/avelune_studio/test/cinematics_ui10_error_recovery_test.dart: UI10 recovers missing actor through real controls and preserves invalid fields
01:02 +97: /Users/karim/Project/pokemonProject/apps/avelune_studio/test/cinematics_ui10_error_recovery_test.dart: UI10 recovers missing actor through real controls and preserves invalid fields
01:02 +98: /Users/karim/Project/pokemonProject/apps/avelune_studio/test/cinematics_ui10_error_recovery_test.dart: UI10 recovers missing actor through real controls and preserves invalid fields
01:02 +99: /Users/karim/Project/pokemonProject/apps/avelune_studio/test/cinematics_ui10_error_recovery_test.dart: UI10 recovers missing actor through real controls and preserves invalid fields
01:02 +100: /Users/karim/Project/pokemonProject/apps/avelune_studio/test/cinematics_ui10_error_recovery_test.dart: UI10 recovers missing actor through real controls and preserves invalid fields
01:04 +101: /Users/karim/Project/pokemonProject/apps/avelune_studio/test/cinematics_ui10_error_recovery_test.dart: UI10 recovers missing actor through real controls and preserves invalid fields
01:04 +102: /Users/karim/Project/pokemonProject/apps/avelune_studio/test/cinematics_ui10_error_recovery_test.dart: UI10 recovers missing actor through real controls and preserves invalid fields
01:04 +103: /Users/karim/Project/pokemonProject/apps/avelune_studio/test/cinematics_ui10_error_recovery_test.dart: UI10 recovers missing actor through real controls and preserves invalid fields
01:05 +104: /Users/karim/Project/pokemonProject/apps/avelune_studio/test/cinematics_ui10_error_recovery_test.dart: UI10 recovers missing actor through real controls and preserves invalid fields
01:07 +105: /Users/karim/Project/pokemonProject/apps/avelune_studio/test/cinematics_ui10_error_recovery_test.dart: UI10 recovers missing actor through real controls and preserves invalid fields
01:07 +106: /Users/karim/Project/pokemonProject/apps/avelune_studio/test/cinematics_ui10_error_recovery_test.dart: UI10 recovers missing actor through real controls and preserves invalid fields
01:08 +107: /Users/karim/Project/pokemonProject/apps/avelune_studio/test/cinematics_ui10_error_recovery_test.dart: UI10 recovers missing actor through real controls and preserves invalid fields
01:09 +108: /Users/karim/Project/pokemonProject/apps/avelune_studio/test/dialogues/dialogue_concurrency_ui09_test.dart: late A read cannot replace B; cached selections perform no extra reads
01:09 +109: /Users/karim/Project/pokemonProject/apps/avelune_studio/test/dialogues/dialogue_concurrency_ui09_test.dart: publication snapshot stays dirty for later edits and new source can be resaved
01:10 +110: /Users/karim/Project/pokemonProject/apps/avelune_studio/test/dialogues/dialogue_publication_guards_ui09_test.dart: interruption between manifest and source recovers the coherent pair
01:10 +111: /Users/karim/Project/pokemonProject/apps/avelune_studio/test/dialogues/dialogue_publication_guards_ui09_test.dart: interruption between manifest and source recovers the coherent pair
01:10 +112: /Users/karim/Project/pokemonProject/apps/avelune_studio/test/dialogues/dialogue_concurrency_ui09_test.dart: missing and unsupported sources never materialize an editable blank recovery
01:10 +113: /Users/karim/Project/pokemonProject/apps/avelune_studio/test/dialogues/dialogue_concurrency_ui09_test.dart: missing and unsupported sources never materialize an editable blank recovery
01:10 +114: /Users/karim/Project/pokemonProject/apps/avelune_studio/test/dialogues/dialogue_concurrency_ui09_test.dart: missing and unsupported sources never materialize an editable blank recovery
01:10 +115: /Users/karim/Project/pokemonProject/apps/avelune_studio/test/dialogues/dialogue_publication_guards_ui09_test.dart: mutex rechecks the exact source baseline after waiting for another save
01:10 +116: /Users/karim/Project/pokemonProject/apps/avelune_studio/test/dialogues/dialogue_concurrency_ui09_test.dart: opaque source preamble is preserved and cannot be normalized away
01:10 +117: /Users/karim/Project/pokemonProject/apps/avelune_studio/test/dialogues/dialogue_concurrency_ui09_test.dart: opaque source preamble is preserved and cannot be normalized away
01:10 +118: /Users/karim/Project/pokemonProject/apps/avelune_studio/test/dialogues/dialogue_publication_guards_ui09_test.dart: an existing unregistered source cannot be overwritten by creation
01:10 +119: /Users/karim/Project/pokemonProject/apps/avelune_studio/test/dialogues/dialogue_concurrency_ui09_test.dart: late delete protects A against edits and never deselects B
01:11 +120: /Users/karim/Project/pokemonProject/apps/avelune_studio/test/dialogues/dialogue_concurrency_ui09_test.dart: catalog deletion invalidates a clean full document without opening a namesake
01:11 +121: /Users/karim/Project/pokemonProject/apps/avelune_studio/test/dialogues_ui09_interaction_test.dart: switching inspector tab commits focused text before disposal
01:12 +122: /Users/karim/Project/pokemonProject/apps/avelune_studio/test/dialogues_ui09_interaction_test.dart: switching inspector tab commits focused text before disposal
01:12 +123: /Users/karim/Project/pokemonProject/apps/avelune_studio/test/dialogues_ui09_interaction_test.dart: switching inspector tab commits focused text before disposal
01:12 +124: /Users/karim/Project/pokemonProject/apps/avelune_studio/test/dialogues_ui09_interaction_test.dart: switching inspector tab commits focused text before disposal
01:12 +125: /Users/karim/Project/pokemonProject/apps/avelune_studio/test/dialogues_ui09_interaction_test.dart: switching inspector tab commits focused text before disposal
01:13 +126: /Users/karim/Project/pokemonProject/apps/avelune_studio/test/dialogues_ui09_interaction_test.dart: switching inspector tab commits focused text before disposal
01:14 +127: /Users/karim/Project/pokemonProject/apps/avelune_studio/test/dialogues_ui09_interaction_test.dart: switching inspector tab commits focused text before disposal
01:14 +128: /Users/karim/Project/pokemonProject/apps/avelune_studio/test/dialogues_ui09_interaction_test.dart: switching inspector tab commits focused text before disposal
01:14 +129: /Users/karim/Project/pokemonProject/apps/avelune_studio/test/dialogues_ui09_interaction_test.dart: switching inspector tab commits focused text before disposal
01:15 +130: /Users/karim/Project/pokemonProject/apps/avelune_studio/test/dialogues_ui09_interaction_test.dart: switching inspector tab commits focused text before disposal
01:15 +131: /Users/karim/Project/pokemonProject/apps/avelune_studio/test/dialogues_ui09_interaction_test.dart: switching inspector tab commits focused text before disposal
01:15 +132: /Users/karim/Project/pokemonProject/apps/avelune_studio/test/dialogues_ui09_interaction_test.dart: switching inspector tab commits focused text before disposal
01:15 +133: /Users/karim/Project/pokemonProject/apps/avelune_studio/test/dialogues_ui09_interaction_test.dart: focused text saves exact source and history remains usable
01:16 +134: /Users/karim/Project/pokemonProject/apps/avelune_studio/test/dialogues_ui09_interaction_test.dart: focused text saves exact source and history remains usable
01:18 +135: /Users/karim/Project/pokemonProject/apps/avelune_studio/test/dialogues_ui09_interaction_test.dart: focused text saves exact source and history remains usable
01:18 +136: /Users/karim/Project/pokemonProject/apps/avelune_studio/test/dialogues_ui09_interaction_test.dart: focused text saves exact source and history remains usable
01:18 +137: /Users/karim/Project/pokemonProject/apps/avelune_studio/test/dialogues_ui09_interaction_test.dart: focused text saves exact source and history remains usable
01:18 +138: /Users/karim/Project/pokemonProject/apps/avelune_studio/test/dialogues_ui09_interaction_test.dart: focused text saves exact source and history remains usable
01:19 +139: /Users/karim/Project/pokemonProject/apps/avelune_studio/test/dialogues_ui09_interaction_test.dart: preview plays both explicit branches without publication
01:19 +140: /Users/karim/Project/pokemonProject/apps/avelune_studio/test/dialogues_ui09_interaction_test.dart: preview plays both explicit branches without publication
01:19 +141: /Users/karim/Project/pokemonProject/apps/avelune_studio/test/dialogues_ui09_interaction_test.dart: preview plays both explicit branches without publication
01:19 +142: /Users/karim/Project/pokemonProject/apps/avelune_studio/test/dialogues_ui09_interaction_test.dart: preview plays both explicit branches without publication
01:20 +143: /Users/karim/Project/pokemonProject/apps/avelune_studio/test/dialogues_ui09_interaction_test.dart: preview plays both explicit branches without publication
01:20 +144: /Users/karim/Project/pokemonProject/apps/avelune_studio/test/dialogues_ui09_interaction_test.dart: preview plays both explicit branches without publication
01:20 +145: /Users/karim/Project/pokemonProject/apps/avelune_studio/test/dialogues_ui09_interaction_test.dart: preview plays both explicit branches without publication
01:20 +146: /Users/karim/Project/pokemonProject/apps/avelune_studio/test/dialogues_ui09_interaction_test.dart: preview plays both explicit branches without publication
01:20 +147: /Users/karim/Project/pokemonProject/apps/avelune_studio/test/dialogues_ui09_interaction_test.dart: preview plays both explicit branches without publication
01:20 +148: /Users/karim/Project/pokemonProject/apps/avelune_studio/test/dialogues_ui09_interaction_test.dart: preview plays both explicit branches without publication
01:20 +149: /Users/karim/Project/pokemonProject/apps/avelune_studio/test/dialogues_ui09_interaction_test.dart: preview plays both explicit branches without publication
01:23 +150: /Users/karim/Project/pokemonProject/apps/avelune_studio/test/dialogues_ui09_volume_test.dart: UI09 40 suites 200 lines 50 links navigation does not reread or compile
UI09 volume: 40 suites, 200 lines, 50 links; 8 gestures; 1 source read; 0 additional compilations; 9 page builds (initial + 8 selection updates).
01:25 +151: /Users/karim/Project/pokemonProject/apps/avelune_studio/test/dialogues_ui09_interaction_test.dart: wire drag cancellation and real reconnection preserve history at 0.55
01:26 +152: /Users/karim/Project/pokemonProject/apps/avelune_studio/test/dialogues_ui09_interaction_test.dart: wire drag cancellation and real reconnection preserve history at 0.9
01:26 +153: /Users/karim/Project/pokemonProject/apps/avelune_studio/test/dialogues_ui09_interaction_test.dart: wire drag cancellation and real reconnection preserve history at 0.9
01:27 +153: /Users/karim/Project/pokemonProject/apps/avelune_studio/test/ui06_scene_runtime_test.dart: real runtime plays Yarn and refusal
[runtime_loader] bundle load start projectFilePath=/private/var/folders/b5/7gsfwzyd449_54n8l40h40gc0000gn/T/avelune_ui06_Us9ETO/project.json mapId=jardin
[runtime_loader] project manifest lookup path=/private/var/folders/b5/7gsfwzyd449_54n8l40h40gc0000gn/T/avelune_ui06_Us9ETO/project.json
[runtime_loader] project manifest read ok bytes=16666
[runtime_loader] project manifest validated maps=2 tilesets=1 scenarios=0
[runtime_loader] bundle map resolved mapId=jardin relativePath=maps/jardin.json mapPath=/private/var/folders/b5/7gsfwzyd449_54n8l40h40gc0000gn/T/avelune_ui06_Us9ETO/maps/jardin.json
[runtime_loader] map file lookup path=/private/var/folders/b5/7gsfwzyd449_54n8l40h40gc0000gn/T/avelune_ui06_Us9ETO/maps/jardin.json
[runtime_loader] map file read ok bytes=17182
[runtime_loader] map validated id=jardin size=24x16 layers=3 entities=1 placedElements=3 warps=0 triggers=0
[runtime_loader] bundle tilesets collected ids=atelier
[runtime_loader] bundle tileset path id=atelier path=/private/var/folders/b5/7gsfwzyd449_54n8l40h40gc0000gn/T/avelune_ui06_Us9ETO/assets/atelier.png
[runtime_loader] bundle load ok mapId=jardin projectRoot=/private/var/folders/b5/7gsfwzyd449_54n8l40h40gc0000gn/T/avelune_ui06_Us9ETO tilesets=1
[runtime_game] tileset image load start map=jardin
[runtime_game] tileset cache resolve requested=1
[runtime_game] tileset cache resolve ok result=1
[runtime_game] onLoad start map=jardin projectFilePath=/private/var/folders/b5/7gsfwzyd449_54n8l40h40gc0000gn/T/avelune_ui06_Us9ETO/project.json tilesets=1
[runtime_game] world build start map=jardin
[runtime] Map loaded: jardin, spawn at (8, 9)
[runtime_game] tileset image load ok count=1 map=jardin
[runtime_game] mount root map start map=jardin
[runtime_game] mount root map ok map=jardin
[runtime_game] onLoad completed activeMapId=jardin
[runtime_loader] bundle load start projectFilePath=/private/var/folders/b5/7gsfwzyd449_54n8l40h40gc0000gn/T/avelune_ui06_Us9ETO/project.json mapId=clairiere
[runtime_loader] project manifest lookup path=/private/var/folders/b5/7gsfwzyd449_54n8l40h40gc0000gn/T/avelune_ui06_Us9ETO/project.json
[runtime_loader] project manifest read ok bytes=16666
[runtime_loader] project manifest validated maps=2 tilesets=1 scenarios=0
[runtime_loader] bundle map resolved mapId=clairiere relativePath=maps/clairiere.json mapPath=/private/var/folders/b5/7gsfwzyd449_54n8l40h40gc0000gn/T/avelune_ui06_Us9ETO/maps/clairiere.json
[runtime_loader] map file lookup path=/private/var/folders/b5/7gsfwzyd449_54n8l40h40gc0000gn/T/avelune_ui06_Us9ETO/maps/clairiere.json
[runtime_loader] map file read ok bytes=17187
[runtime_loader] map validated id=clairiere size=24x16 layers=3 entities=1 placedElements=3 warps=0 triggers=0
[runtime_loader] bundle tilesets collected ids=atelier
[runtime_loader] bundle tileset path id=atelier path=/private/var/folders/b5/7gsfwzyd449_54n8l40h40gc0000gn/T/avelune_ui06_Us9ETO/assets/atelier.png
[runtime_loader] bundle load ok mapId=clairiere projectRoot=/private/var/folders/b5/7gsfwzyd449_54n8l40h40gc0000gn/T/avelune_ui06_Us9ETO tilesets=1
[dialogue] interaction entity=event-v2:evt_019abcde-9000-7000-8000-000000000106:evx_01a0cbe8-6699-7001-8000-5ece4d0c40ca:station_welcome:1790127400606
[dialogue] resolved dialogueId=station_welcome
[dialogue] resolved file=dialogues/station_welcome.yarn
[dialogue] requested startNode=Start
[scenario_lock] accepted source=event-v2:evt_019abcde-9000-7000-8000-000000000106:evx_01a0cbe8-6699-7001-8000-5ece4d0c40ca:station_welcome:1790127400606 phase=dialogueLoading serial=1
[dialogue] parsed 1 node(s) from /private/var/folders/b5/7gsfwzyd449_54n8l40h40gc0000gn/T/avelune_ui06_Us9ETO/dialogues/station_welcome.yarn
[dialogue] starting at node "Start"
[scene_runtime] dialogue content loaded request=event-v2:evt_019abcde-9000-7000-8000-000000000106:evx_01a0cbe8-6699-7001-8000-5ece4d0c40ca:station_welcome:1790127400606 elapsedMs=52
[scenario_lock] cleared source=event-v2:evt_019abcde-9000-7000-8000-000000000106:evx_01a0cbe8-6699-7001-8000-5ece4d0c40ca:station_welcome:1790127400606 reason=dialogueOpened serial=1
[dialogue] opened node=Start text="Bienvenue en gare. Avez-vous votre laissez-passer ?"
[dialogue] dialogue closed
[scene_runtime] dialogue completed request=event-v2:evt_019abcde-9000-7000-8000-000000000106:evx_01a0cbe8-6699-7001-8000-5ece4d0c40ca:station_welcome:1790127400606 status=completed port=completed
[dialogue] finished
[dialogue] interaction entity=event-v2:evt_019abcde-9000-7000-8000-000000000106:evx_01a0cbe8-6699-7001-8000-5ece4d0c40ca:station_refusal:1790127400685
[dialogue] resolved dialogueId=station_refusal
[dialogue] resolved file=dialogues/station_refusal.yarn
[dialogue] requested startNode=Start
[scenario_lock] accepted source=event-v2:evt_019abcde-9000-7000-8000-000000000106:evx_01a0cbe8-6699-7001-8000-5ece4d0c40ca:station_refusal:1790127400685 phase=dialogueLoading serial=2
[dialogue] parsed 1 node(s) from /private/var/folders/b5/7gsfwzyd449_54n8l40h40gc0000gn/T/avelune_ui06_Us9ETO/dialogues/station_refusal.yarn
[dialogue] starting at node "Start"
[scene_runtime] dialogue content loaded request=event-v2:evt_019abcde-9000-7000-8000-000000000106:evx_01a0cbe8-6699-7001-8000-5ece4d0c40ca:station_refusal:1790127400685 elapsedMs=44
[scenario_lock] cleared source=event-v2:evt_019abcde-9000-7000-8000-000000000106:evx_01a0cbe8-6699-7001-8000-5ece4d0c40ca:station_refusal:1790127400685 reason=dialogueOpened serial=2
[dialogue] opened node=Start text="Il vous faut un laissez-passer."
[dialogue] dialogue closed
[scene_runtime] dialogue completed request=event-v2:evt_019abcde-9000-7000-8000-000000000106:evx_01a0cbe8-6699-7001-8000-5ece4d0c40ca:station_refusal:1790127400685 status=completed port=completed
[dialogue] finished
[event_v2] outcome noMatch producer=scene:scene_station_meeting outcome=attente legacyFallbackAllowed=false
[event_v2] mapEnter activation=mapact_1790127400309563_1 map=jardin reason=initialBoot result=MapEnterProductionDispatchV2Handled
[step_studio_trace] runtime_save_requested map=jardin completedStepIds=[] completedCutsceneIds=[]
01:28 +154: /Users/karim/Project/pokemonProject/apps/avelune_studio/test/dialogues_ui09_interaction_test.dart: wire drag cancellation and real reconnection preserve history at 0.9
01:28 +155: /Users/karim/Project/pokemonProject/apps/avelune_studio/test/dialogues_ui09_interaction_test.dart: wire drag cancellation and real reconnection preserve history at 0.9
01:29 +156: /Users/karim/Project/pokemonProject/apps/avelune_studio/test/ui06_scene_runtime_test.dart: real runtime plays Yarn and cinematic agreement
[runtime_loader] bundle load start projectFilePath=/private/var/folders/b5/7gsfwzyd449_54n8l40h40gc0000gn/T/avelune_ui06_Y71TbX/project.json mapId=jardin
[runtime_loader] project manifest lookup path=/private/var/folders/b5/7gsfwzyd449_54n8l40h40gc0000gn/T/avelune_ui06_Y71TbX/project.json
[runtime_loader] project manifest read ok bytes=17278
[runtime_loader] project manifest validated maps=2 tilesets=1 scenarios=0
[runtime_loader] bundle map resolved mapId=jardin relativePath=maps/jardin.json mapPath=/private/var/folders/b5/7gsfwzyd449_54n8l40h40gc0000gn/T/avelune_ui06_Y71TbX/maps/jardin.json
[runtime_loader] map file lookup path=/private/var/folders/b5/7gsfwzyd449_54n8l40h40gc0000gn/T/avelune_ui06_Y71TbX/maps/jardin.json
[runtime_loader] map file read ok bytes=17182
[runtime_loader] map validated id=jardin size=24x16 layers=3 entities=1 placedElements=3 warps=0 triggers=0
[runtime_loader] bundle tilesets collected ids=atelier
[runtime_loader] bundle tileset path id=atelier path=/private/var/folders/b5/7gsfwzyd449_54n8l40h40gc0000gn/T/avelune_ui06_Y71TbX/assets/atelier.png
[runtime_loader] bundle load ok mapId=jardin projectRoot=/private/var/folders/b5/7gsfwzyd449_54n8l40h40gc0000gn/T/avelune_ui06_Y71TbX tilesets=1
[runtime_game] tileset image load start map=jardin
[runtime_game] tileset cache resolve requested=1
[runtime_game] tileset cache resolve ok result=1
[runtime_game] onLoad start map=jardin projectFilePath=/private/var/folders/b5/7gsfwzyd449_54n8l40h40gc0000gn/T/avelune_ui06_Y71TbX/project.json tilesets=1
[runtime_game] world build start map=jardin
[runtime] Map loaded: jardin, spawn at (8, 9)
[runtime_game] tileset image load ok count=1 map=jardin
[runtime_game] mount root map start map=jardin
[runtime_game] mount root map ok map=jardin
[runtime_game] onLoad completed activeMapId=jardin
[runtime_loader] bundle load start projectFilePath=/private/var/folders/b5/7gsfwzyd449_54n8l40h40gc0000gn/T/avelune_ui06_Y71TbX/project.json mapId=clairiere
[runtime_loader] project manifest lookup path=/private/var/folders/b5/7gsfwzyd449_54n8l40h40gc0000gn/T/avelune_ui06_Y71TbX/project.json
[runtime_loader] project manifest read ok bytes=17278
[runtime_loader] project manifest validated maps=2 tilesets=1 scenarios=0
[runtime_loader] bundle map resolved mapId=clairiere relativePath=maps/clairiere.json mapPath=/private/var/folders/b5/7gsfwzyd449_54n8l40h40gc0000gn/T/avelune_ui06_Y71TbX/maps/clairiere.json
[runtime_loader] map file lookup path=/private/var/folders/b5/7gsfwzyd449_54n8l40h40gc0000gn/T/avelune_ui06_Y71TbX/maps/clairiere.json
[runtime_loader] map file read ok bytes=17187
[runtime_loader] map validated id=clairiere size=24x16 layers=3 entities=1 placedElements=3 warps=0 triggers=0
[runtime_loader] bundle tilesets collected ids=atelier
[runtime_loader] bundle tileset path id=atelier path=/private/var/folders/b5/7gsfwzyd449_54n8l40h40gc0000gn/T/avelune_ui06_Y71TbX/assets/atelier.png
[runtime_loader] bundle load ok mapId=clairiere projectRoot=/private/var/folders/b5/7gsfwzyd449_54n8l40h40gc0000gn/T/avelune_ui06_Y71TbX tilesets=1
[dialogue] interaction entity=event-v2:evt_019abcde-9000-7000-8000-000000000106:evx_01a0cbe8-6b4b-7001-8000-61b52d85a1dc:station_welcome:1790127401803
[dialogue] resolved dialogueId=station_welcome
[dialogue] resolved file=dialogues/station_welcome.yarn
[dialogue] requested startNode=Start
[scenario_lock] accepted source=event-v2:evt_019abcde-9000-7000-8000-000000000106:evx_01a0cbe8-6b4b-7001-8000-61b52d85a1dc:station_welcome:1790127401803 phase=dialogueLoading serial=1
[dialogue] parsed 1 node(s) from /private/var/folders/b5/7gsfwzyd449_54n8l40h40gc0000gn/T/avelune_ui06_Y71TbX/dialogues/station_welcome.yarn
[dialogue] starting at node "Start"
[scene_runtime] dialogue content loaded request=event-v2:evt_019abcde-9000-7000-8000-000000000106:evx_01a0cbe8-6b4b-7001-8000-61b52d85a1dc:station_welcome:1790127401803 elapsedMs=49
[scenario_lock] cleared source=event-v2:evt_019abcde-9000-7000-8000-000000000106:evx_01a0cbe8-6b4b-7001-8000-61b52d85a1dc:station_welcome:1790127401803 reason=dialogueOpened serial=1
[dialogue] opened node=Start text="Bienvenue en gare. Avez-vous votre laissez-passer ?"
[dialogue] dialogue closed
[scene_runtime] dialogue completed request=event-v2:evt_019abcde-9000-7000-8000-000000000106:evx_01a0cbe8-6b4b-7001-8000-61b52d85a1dc:station_welcome:1790127401803 status=completed port=completed
[dialogue] finished
[dialogue] interaction entity=event-v2:evt_019abcde-9000-7000-8000-000000000106:evx_01a0cbe8-6b4b-7001-8000-61b52d85a1dc:station_agreement:1790127401858
[dialogue] resolved dialogueId=station_agreement
[dialogue] resolved file=dialogues/station_agreement.yarn
[dialogue] requested startNode=Start
[scenario_lock] accepted source=event-v2:evt_019abcde-9000-7000-8000-000000000106:evx_01a0cbe8-6b4b-7001-8000-61b52d85a1dc:station_agreement:1790127401858 phase=dialogueLoading serial=2
[dialogue] parsed 1 node(s) from /private/var/folders/b5/7gsfwzyd449_54n8l40h40gc0000gn/T/avelune_ui06_Y71TbX/dialogues/station_agreement.yarn
[dialogue] starting at node "Start"
[scene_runtime] dialogue content loaded request=event-v2:evt_019abcde-9000-7000-8000-000000000106:evx_01a0cbe8-6b4b-7001-8000-61b52d85a1dc:station_agreement:1790127401858 elapsedMs=45
[scenario_lock] cleared source=event-v2:evt_019abcde-9000-7000-8000-000000000106:evx_01a0cbe8-6b4b-7001-8000-61b52d85a1dc:station_agreement:1790127401858 reason=dialogueOpened serial=2
[dialogue] opened node=Start text="Vous pouvez embarquer."
[dialogue] dialogue closed
[scene_runtime] dialogue completed request=event-v2:evt_019abcde-9000-7000-8000-000000000106:evx_01a0cbe8-6b4b-7001-8000-61b52d85a1dc:station_agreement:1790127401858 status=completed port=completed
[dialogue] finished
[event_v2] outcome noMatch producer=scene:scene_station_meeting outcome=embarquement legacyFallbackAllowed=false
[event_v2] mapEnter activation=mapact_1790127401663841_1 map=jardin reason=initialBoot result=MapEnterProductionDispatchV2Handled
[step_studio_trace] runtime_save_requested map=jardin completedStepIds=[] completedCutsceneIds=[]
01:31 +157: /Users/karim/Project/pokemonProject/apps/avelune_studio/test/app/provider_lifecycle_test.dart: root session survives listener changes and closes exactly once
01:31 +158: /Users/karim/Project/pokemonProject/apps/avelune_studio/test/app/provider_lifecycle_test.dart: disposing the root releases a late opening result exactly once
01:31 +159: /Users/karim/Project/pokemonProject/apps/avelune_studio/test/app/provider_lifecycle_test.dart: workspace scopes isolate projects and separate session instances
01:31 +160: /Users/karim/Project/pokemonProject/apps/avelune_studio/test/app/provider_lifecycle_test.dart: unmounting the last workspace listener disposes and recreates its scope
01:31 +161: /Users/karim/Project/pokemonProject/apps/avelune_studio/test/app/studio_bootstrap_test.dart: bootstrap keeps its session until the root scope is removed
01:32 +162: /Users/karim/Project/pokemonProject/apps/avelune_studio/test/app/studio_bootstrap_test.dart: bootstrap keeps its session until the root scope is removed
01:32 +163: /Users/karim/Project/pokemonProject/apps/avelune_studio/test/app/studio_bootstrap_test.dart: bootstrap keeps its session until the root scope is removed
01:32 +164: /Users/karim/Project/pokemonProject/apps/avelune_studio/test/app/studio_bootstrap_test.dart: bootstrap keeps its session until the root scope is removed
01:33 +165: /Users/karim/Project/pokemonProject/apps/avelune_studio/test/ui13_verification_selection_test.dart: a new control keeps a selection whose key survives
01:34 +166: /Users/karim/Project/pokemonProject/apps/avelune_studio/test/events_ui08_map_context_test.dart: resizing keeps the same map point centered at the same zoom
01:34 +167: /Users/karim/Project/pokemonProject/apps/avelune_studio/test/ui13_verification_selection_test.dart: a selection that vanished is explained, not called solved
01:34 +168: /Users/karim/Project/pokemonProject/apps/avelune_studio/test/ui13_verification_selection_test.dart: a selection that vanished is explained, not called solved
01:34 +169: /Users/karim/Project/pokemonProject/apps/avelune_studio/test/ui13_verification_selection_test.dart: a selection that vanished is explained, not called solved
01:34 +170: /Users/karim/Project/pokemonProject/apps/avelune_studio/test/ui13_verification_selection_test.dart: a selection that vanished is explained, not called solved
01:34 +171: /Users/karim/Project/pokemonProject/apps/avelune_studio/test/ui13_verification_selection_test.dart: a selection that vanished is explained, not called solved
01:34 +172: /Users/karim/Project/pokemonProject/apps/avelune_studio/test/ui13_verification_selection_test.dart: a selection that vanished is explained, not called solved
01:35 +173: /Users/karim/Project/pokemonProject/apps/avelune_studio/test/cinematics_ui10_spatial_test.dart: UI10 destination uses 16 pixel cells after actual zoom pan and publication
01:42 +174: /Users/karim/Project/pokemonProject/apps/avelune_studio/test/cinematics_ui10_responsive_test.dart: UI10 1440.0x900.0 inspector edit keyboard save and reopen
01:44 +175: /Users/karim/Project/pokemonProject/apps/avelune_studio/test/cinematics_ui10_spatial_test.dart: UI10 destination uses 32 pixel cells after actual zoom pan and publication
01:47 +176: /Users/karim/Project/pokemonProject/apps/avelune_studio/test/cinematics_ui10_responsive_test.dart: UI10 1280.0x800.0 inspector edit keyboard save and reopen
01:49 +177: /Users/karim/Project/pokemonProject/apps/avelune_studio/test/dialogues_ui09_navigation_test.dart: scene opens exact dialogue and returns without losing dirty graph or text
01:54 +178: /Users/karim/Project/pokemonProject/apps/avelune_studio/test/dialogues_ui09_navigation_test.dart: scene opens exact dialogue and returns without losing dirty graph or text
01:55 +179: /Users/karim/Project/pokemonProject/apps/avelune_studio/test/ui12_world_drafts_test.dart: an edit made during the write is kept as an unsaved draft
01:56 +180: /Users/karim/Project/pokemonProject/apps/avelune_studio/test/ui13_verification_navigation_test.dart: a rule opened from the report comes back to that report
01:56 +181: /Users/karim/Project/pokemonProject/apps/avelune_studio/test/ui13_verification_navigation_test.dart: a rule opened from the report comes back to that report
01:56 +182: /Users/karim/Project/pokemonProject/apps/avelune_studio/test/ui13_verification_navigation_test.dart: a rule opened from the report comes back to that report
01:57 +183: /Users/karim/Project/pokemonProject/apps/avelune_studio/test/ui13_verification_navigation_test.dart: a rule opened from the report comes back to that report
01:59 +184: /Users/karim/Project/pokemonProject/apps/avelune_studio/test/ui13_verification_navigation_test.dart: a rule opened from the report comes back to that report
01:59 +185: /Users/karim/Project/pokemonProject/apps/avelune_studio/test/events_ui08_conditions_simulation_test.dart: simulation names the competing event instead of selecting target
02:00 +186: /Users/karim/Project/pokemonProject/apps/avelune_studio/test/ui13_verification_navigation_test.dart: a story diagnostic opens its own step and comes back
02:00 +187: /Users/karim/Project/pokemonProject/apps/avelune_studio/test/ui13_verification_navigation_test.dart: a story diagnostic opens its own step and comes back
02:00 +188: /Users/karim/Project/pokemonProject/apps/avelune_studio/test/ui13_verification_navigation_test.dart: a story diagnostic opens its own step and comes back
02:01 +189: /Users/karim/Project/pokemonProject/apps/avelune_studio/test/ui13_verification_navigation_test.dart: a story diagnostic opens its own step and comes back
02:02 +190: /Users/karim/Project/pokemonProject/apps/avelune_studio/test/ui13_verification_navigation_test.dart: a story diagnostic opens its own step and comes back
02:02 +191: /Users/karim/Project/pokemonProject/apps/avelune_studio/test/ui13_verification_controller_test.dart: the report matches the canonical function on the same input
02:02 +192: /Users/karim/Project/pokemonProject/apps/avelune_studio/test/ui13_verification_navigation_test.dart: verification, scene, dialogue, scene and back again
02:03 +193: /Users/karim/Project/pokemonProject/apps/avelune_studio/test/ui13_verification_navigation_test.dart: verification, scene, dialogue, scene and back again
02:03 +194: /Users/karim/Project/pokemonProject/apps/avelune_studio/test/ui13_verification_navigation_test.dart: verification, scene, dialogue, scene and back again
02:03 +195: /Users/karim/Project/pokemonProject/apps/avelune_studio/test/ui13_verification_navigation_test.dart: verification, scene, dialogue, scene and back again
02:03 +196: /Users/karim/Project/pokemonProject/apps/avelune_studio/test/ui13_verification_navigation_test.dart: verification, scene, dialogue, scene and back again
02:03 +197: /Users/karim/Project/pokemonProject/apps/avelune_studio/test/ui13_verification_navigation_test.dart: verification, scene, dialogue, scene and back again
02:04 +198: /Users/karim/Project/pokemonProject/apps/avelune_studio/test/ui13_verification_navigation_test.dart: verification, scene, dialogue, scene and back again
02:04 +199: /Users/karim/Project/pokemonProject/apps/avelune_studio/test/ui13_verification_navigation_test.dart: verification, scene, dialogue, scene and back again
02:04 +200: /Users/karim/Project/pokemonProject/apps/avelune_studio/test/ui13_verification_navigation_test.dart: verification, scene, dialogue, scene and back again
02:04 +201: /Users/karim/Project/pokemonProject/apps/avelune_studio/test/ui13_verification_navigation_test.dart: verification, scene, dialogue, scene and back again
02:05 +202: /Users/karim/Project/pokemonProject/apps/avelune_studio/test/ui13_verification_navigation_test.dart: verification, scene, dialogue, scene and back again
02:06 +203: /Users/karim/Project/pokemonProject/apps/avelune_studio/test/presentations_ui11_scenario_test.dart: published presentation holds on real cue then continues the real scene
02:08 +204: /Users/karim/Project/pokemonProject/apps/avelune_studio/test/presentations_ui11_scenario_test.dart: published presentation holds on real cue then continues the real scene
02:09 +205: /Users/karim/Project/pokemonProject/apps/avelune_studio/test/ui06_scene_volume_test.dart: 200 canonical nodes retain document identity during eight viewport updates
02:10 +206: /Users/karim/Project/pokemonProject/apps/avelune_studio/test/ui06_scene_volume_test.dart: 200 canonical nodes retain document identity during eight viewport updates
02:10 +207: /Users/karim/Project/pokemonProject/apps/avelune_studio/test/ui06_scene_volume_test.dart: 200 canonical nodes retain document identity during eight viewport updates
02:10 +208: /Users/karim/Project/pokemonProject/apps/avelune_studio/test/ui06_scene_volume_test.dart: 200 canonical nodes retain document identity during eight viewport updates
02:10 +209: /Users/karim/Project/pokemonProject/apps/avelune_studio/test/ui06_scene_volume_test.dart: 200 canonical nodes retain document identity during eight viewport updates
02:10 +210: /Users/karim/Project/pokemonProject/apps/avelune_studio/test/ui06_scene_volume_test.dart: 200 canonical nodes retain document identity during eight viewport updates
02:10 +211: /Users/karim/Project/pokemonProject/apps/avelune_studio/test/ui06_scene_volume_test.dart: 200 canonical nodes retain document identity during eight viewport updates
02:11 +212: /Users/karim/Project/pokemonProject/apps/avelune_studio/test/ui06_scene_volume_test.dart: 200 canonical nodes retain document identity during eight viewport updates
02:11 +213: /Users/karim/Project/pokemonProject/apps/avelune_studio/test/ui06_scene_volume_test.dart: 200 canonical nodes retain document identity during eight viewport updates
02:11 +214: /Users/karim/Project/pokemonProject/apps/avelune_studio/test/ui06_scene_volume_test.dart: 200 canonical nodes retain document identity during eight viewport updates
02:11 +215: /Users/karim/Project/pokemonProject/apps/avelune_studio/test/ui06_scene_volume_test.dart: 200 canonical nodes retain document identity during eight viewport updates
UI06 volume: nodes=200 edges=265 viewportUpdates=8 documentMutations=0 firstFrameUs=1226459 gesturesUs=1561790; no I/O adapter instantiated
02:12 +216: /Users/karim/Project/pokemonProject/apps/avelune_studio/test/narrative/narrative_story_navigation_test.dart: advanced record never opens previous interaction
02:13 +217: /Users/karim/Project/pokemonProject/apps/avelune_studio/test/narrative/narrative_story_navigation_test.dart: advanced record never opens previous interaction
02:13 +218: /Users/karim/Project/pokemonProject/apps/avelune_studio/test/narrative/narrative_story_navigation_test.dart: advanced record never opens previous interaction
02:13 +219: /Users/karim/Project/pokemonProject/apps/avelune_studio/test/narrative/narrative_story_navigation_test.dart: story selection is read only and explicit action opens linked draft
02:13 +220: /Users/karim/Project/pokemonProject/apps/avelune_studio/test/narrative/narrative_story_navigation_test.dart: long stories only mount visible step rows
02:13 +221: /Users/karim/Project/pokemonProject/apps/avelune_studio/test/narrative/narrative_story_navigation_test.dart: long stories only mount visible step rows
02:13 +222: /Users/karim/Project/pokemonProject/apps/avelune_studio/test/narrative/narrative_story_navigation_test.dart: long stories only mount visible step rows
02:14 +223: /Users/karim/Project/pokemonProject/apps/avelune_studio/test/narrative/narrative_story_navigation_test.dart: long stories only mount visible step rows
02:14 +224: /Users/karim/Project/pokemonProject/apps/avelune_studio/test/narrative/narrative_story_navigation_test.dart: long stories only mount visible step rows
02:14 +225: /Users/karim/Project/pokemonProject/apps/avelune_studio/test/narrative/narrative_story_navigation_test.dart: long stories only mount visible step rows
02:14 +226: /Users/karim/Project/pokemonProject/apps/avelune_studio/test/narrative/narrative_story_navigation_test.dart: long stories only mount visible step rows
02:14 +227: /Users/karim/Project/pokemonProject/apps/avelune_studio/test/narrative/narrative_story_navigation_test.dart: long stories only mount visible step rows
02:15 +228: /Users/karim/Project/pokemonProject/apps/avelune_studio/test/narrative/narrative_story_navigation_test.dart: long stories only mount visible step rows
02:15 +229: /Users/karim/Project/pokemonProject/apps/avelune_studio/test/narrative/narrative_story_navigation_test.dart: long stories only mount visible step rows
02:15 +230: /Users/karim/Project/pokemonProject/apps/avelune_studio/test/narrative/narrative_story_navigation_test.dart: long stories only mount visible step rows
02:15 +231: /Users/karim/Project/pokemonProject/apps/avelune_studio/test/narrative/narrative_story_navigation_test.dart: long stories only mount visible step rows
02:15 +232: /Users/karim/Project/pokemonProject/apps/avelune_studio/test/narrative/narrative_story_navigation_test.dart: long stories only mount visible step rows
02:15 +233: /Users/karim/Project/pokemonProject/apps/avelune_studio/test/narrative/narrative_story_navigation_test.dart: long stories only mount visible step rows
02:15 +234: /Users/karim/Project/pokemonProject/apps/avelune_studio/test/narrative/narrative_story_navigation_test.dart: 1000 interactions mount only visible rows without extra source reads
02:17 +235: /Users/karim/Project/pokemonProject/apps/avelune_studio/test/narrative/narrative_story_navigation_test.dart: 1000 interactions mount only visible rows without extra source reads
02:17 +236: /Users/karim/Project/pokemonProject/apps/avelune_studio/test/narrative/interaction_event_publication_ui08_test.dart: independent event remains publishable after another record changed
02:17 +237: /Users/karim/Project/pokemonProject/apps/avelune_studio/test/narrative/interaction_event_publication_ui08_test.dart: independent event remains publishable after another record changed
02:17 +238: /Users/karim/Project/pokemonProject/apps/avelune_studio/test/narrative/interaction_event_publication_ui08_test.dart: scene baseline is protected even when record stays identical
02:18 +239: /Users/karim/Project/pokemonProject/apps/avelune_studio/test/narrative/narrative_publication_test.dart: interrupted multi file publication resumes before reporting success
02:18 +240: /Users/karim/Project/pokemonProject/apps/avelune_studio/test/narrative/interaction_event_publication_ui08_test.dart: dialogue metadata baseline is protected when source bytes stay identical
02:18 +241: /Users/karim/Project/pokemonProject/apps/avelune_studio/test/narrative/narrative_publication_test.dart: blocked recovery reports failure and never overwrites external map
02:18 +242: /Users/karim/Project/pokemonProject/apps/avelune_studio/test/narrative/narrative_publication_test.dart: coherent publication keeps dirty map and rereads canonical source
02:19 +243: /Users/karim/Project/pokemonProject/apps/avelune_studio/test/narrative/narrative_publication_test.dart: external map edit prevents source and manifest publication
02:19 +244: /Users/karim/Project/pokemonProject/apps/avelune_studio/test/narrative/narrative_publication_test.dart: external dialogue edit blocks overwrite after reading draft
02:19 +245: /Users/karim/Project/pokemonProject/apps/avelune_studio/test/narrative/interaction_event_roundtrip_ui08_test.dart: UI08 priority publication refreshes clean simplified record with scene unchanged
02:19 +246: /Users/karim/Project/pokemonProject/apps/avelune_studio/test/narrative/interaction_event_roundtrip_ui08_test.dart: UI08 priority publication refreshes clean simplified record with scene unchanged
02:19 +247: /Users/karim/Project/pokemonProject/apps/avelune_studio/test/narrative/interaction_event_roundtrip_ui08_test.dart: UI08 priority publication refreshes clean simplified record with scene unchanged
02:20 +248: /Users/karim/Project/pokemonProject/apps/avelune_studio/test/narrative/interaction_event_roundtrip_ui08_test.dart: UI08 priority publication refreshes clean simplified record with scene unchanged
02:20 +249: /Users/karim/Project/pokemonProject/apps/avelune_studio/test/narrative/interaction_event_roundtrip_ui08_test.dart: UI08 priority publication refreshes clean simplified record with scene unchanged
02:20 +250: /Users/karim/Project/pokemonProject/apps/avelune_studio/test/narrative/interaction_event_roundtrip_ui08_test.dart: UI08 priority publication refreshes clean simplified record with scene unchanged
02:20 +251: /Users/karim/Project/pokemonProject/apps/avelune_studio/test/narrative/interaction_event_roundtrip_ui08_test.dart: UI08 priority publication refreshes clean simplified record with scene unchanged
02:20 +252: /Users/karim/Project/pokemonProject/apps/avelune_studio/test/narrative/interaction_event_roundtrip_ui08_test.dart: UI08 priority publication refreshes clean simplified record with scene unchanged
02:20 +253: /Users/karim/Project/pokemonProject/apps/avelune_studio/test/narrative/interaction_event_roundtrip_ui08_test.dart: UI08 priority publication refreshes clean simplified record with scene unchanged
02:20 +254: /Users/karim/Project/pokemonProject/apps/avelune_studio/test/narrative/interaction_event_roundtrip_ui08_test.dart: UI08 priority publication refreshes clean simplified record with scene unchanged
02:20 +255: /Users/karim/Project/pokemonProject/apps/avelune_studio/test/narrative/interaction_event_roundtrip_ui08_test.dart: UI08 priority publication refreshes clean simplified record with scene unchanged
02:20 +256: /Users/karim/Project/pokemonProject/apps/avelune_studio/test/events_ui08_source_loading_test.dart: switch A to delayed B removes all stale clickable targets until B loads
02:21 +257: /Users/karim/Project/pokemonProject/apps/avelune_studio/test/events_ui08_source_loading_test.dart: switch A to delayed B removes all stale clickable targets until B loads
02:22 +258: /Users/karim/Project/pokemonProject/apps/avelune_studio/test/story_scenario_links_test.dart: role change preserves metadata, outcomes and existing effects at 150 percent text
02:22 +259: /Users/karim/Project/pokemonProject/apps/avelune_studio/test/story_scenario_links_test.dart: role change preserves metadata, outcomes and existing effects at 150 percent text
02:23 +260: /Users/karim/Project/pokemonProject/apps/avelune_studio/test/story_scenario_links_test.dart: association starts with real declared sources and no fabricated effects
02:23 +261: /Users/karim/Project/pokemonProject/apps/avelune_studio/test/ui11_presentation_field_guard_test.dart: UI11 invalid focused duration blocks save and switching until corrected
02:28 +262: /Users/karim/Project/pokemonProject/apps/avelune_studio/test/ui11_presentation_field_guard_test.dart: UI11 invalid focused duration blocks save and switching until corrected
02:30 +263: /Users/karim/Project/pokemonProject/apps/avelune_studio/test/ui11_presentation_widget_test.dart: UI11 blank to image text canvas timeline save and reopen via controls
02:31 +264: /Users/karim/Project/pokemonProject/apps/avelune_studio/test/ui11_presentation_widget_test.dart: UI11 blank to image text canvas timeline save and reopen via controls
02:34 +264: /Users/karim/Project/pokemonProject/apps/avelune_studio/test/ui07_story_graph_volume_test.dart: 200 steps and 100 semantic links retain projection during viewport gestures
UI07 volume stories=10 chapters=20 steps=200 semanticLinks=100 gestures=8 viewportUpdates=12 projectionRebuilt=false documentMutations=0 firstFrameUs=930163 gesturesUs=1125387; no I/O adapter instantiated
02:34 +265: /Users/karim/Project/pokemonProject/apps/avelune_studio/test/ui11_presentation_widget_test.dart: UI11 blank to image text canvas timeline save and reopen via controls
02:36 +266: /Users/karim/Project/pokemonProject/apps/avelune_studio/test/ui11_presentation_canvas_gesture_test.dart: UI11 real scale handle preview cancel and one undo
02:40 +267: /Users/karim/Project/pokemonProject/apps/avelune_studio/test/ui12_world_page_test.dart: a state and its rule are composed from the page controls
02:43 +268: /Users/karim/Project/pokemonProject/apps/avelune_studio/test/ui11_presentation_canvas_gesture_test.dart: UI11 real rotate handle preview cancel and one undo
02:43 +269: /Users/karim/Project/pokemonProject/apps/avelune_studio/test/ui12_world_page_test.dart: a rule refuses to outrun the state it reads, and offers it
02:45 +269: /Users/karim/Project/pokemonProject/apps/avelune_studio/test/events_runtime_ui09_dialogue_test.dart: UI09 published conversation choice 0 drives its real Scene branch
[runtime_loader] bundle load start projectFilePath=/private/var/folders/b5/7gsfwzyd449_54n8l40h40gc0000gn/T/avelune_ui06_veqYSJ/project.json mapId=jardin
[runtime_loader] project manifest lookup path=/private/var/folders/b5/7gsfwzyd449_54n8l40h40gc0000gn/T/avelune_ui06_veqYSJ/project.json
[runtime_loader] project manifest read ok bytes=14470
[runtime_loader] project manifest validated maps=2 tilesets=1 scenarios=0
[runtime_loader] bundle map resolved mapId=jardin relativePath=maps/jardin.json mapPath=/private/var/folders/b5/7gsfwzyd449_54n8l40h40gc0000gn/T/avelune_ui06_veqYSJ/maps/jardin.json
[runtime_loader] map file lookup path=/private/var/folders/b5/7gsfwzyd449_54n8l40h40gc0000gn/T/avelune_ui06_veqYSJ/maps/jardin.json
[runtime_loader] map file read ok bytes=17182
[runtime_loader] map validated id=jardin size=24x16 layers=3 entities=1 placedElements=3 warps=0 triggers=0
[runtime_loader] bundle tilesets collected ids=atelier
[runtime_loader] bundle tileset path id=atelier path=/private/var/folders/b5/7gsfwzyd449_54n8l40h40gc0000gn/T/avelune_ui06_veqYSJ/assets/atelier.png
[runtime_loader] bundle load ok mapId=jardin projectRoot=/private/var/folders/b5/7gsfwzyd449_54n8l40h40gc0000gn/T/avelune_ui06_veqYSJ tilesets=1
02:45 +270: /Users/karim/Project/pokemonProject/apps/avelune_studio/test/events_runtime_ui09_dialogue_test.dart: UI09 published conversation choice 0 drives its real Scene branch
[runtime_game] tileset image load start map=jardin
[runtime_game] tileset cache resolve requested=1
[runtime_game] tileset cache resolve ok result=1
[runtime_game] onLoad start map=jardin projectFilePath=/private/var/folders/b5/7gsfwzyd449_54n8l40h40gc0000gn/T/avelune_ui06_veqYSJ/project.json tilesets=1
[runtime_game] world build start map=jardin
[runtime] Map loaded: jardin, spawn at (8, 9)
[runtime_game] tileset image load ok count=1 map=jardin
[runtime_game] mount root map start map=jardin
[runtime_game] mount root map ok map=jardin
[runtime_game] onLoad completed activeMapId=jardin
[runtime_loader] bundle load start projectFilePath=/private/var/folders/b5/7gsfwzyd449_54n8l40h40gc0000gn/T/avelune_ui06_veqYSJ/project.json mapId=clairiere
[runtime_loader] project manifest lookup path=/private/var/folders/b5/7gsfwzyd449_54n8l40h40gc0000gn/T/avelune_ui06_veqYSJ/project.json
[runtime_loader] project manifest read ok bytes=14470
[runtime_loader] project manifest validated maps=2 tilesets=1 scenarios=0
[runtime_loader] bundle map resolved mapId=clairiere relativePath=maps/clairiere.json mapPath=/private/var/folders/b5/7gsfwzyd449_54n8l40h40gc0000gn/T/avelune_ui06_veqYSJ/maps/clairiere.json
[runtime_loader] map file lookup path=/private/var/folders/b5/7gsfwzyd449_54n8l40h40gc0000gn/T/avelune_ui06_veqYSJ/maps/clairiere.json
[runtime_loader] map file read ok bytes=17187
[runtime_loader] map validated id=clairiere size=24x16 layers=3 entities=1 placedElements=3 warps=0 triggers=0
[runtime_loader] bundle tilesets collected ids=atelier
[runtime_loader] bundle tileset path id=atelier path=/private/var/folders/b5/7gsfwzyd449_54n8l40h40gc0000gn/T/avelune_ui06_veqYSJ/assets/atelier.png
[runtime_loader] bundle load ok mapId=clairiere projectRoot=/private/var/folders/b5/7gsfwzyd449_54n8l40h40gc0000gn/T/avelune_ui06_veqYSJ tilesets=1
[dialogue] interaction entity=event-v2:evt_019abcde-9000-7000-8000-000000000106:evx_01a0cbe9-93da-7001-8000-18fdb33743bb:ui09_guichet:1790127477732
[dialogue] resolved dialogueId=ui09_guichet
[dialogue] resolved file=dialogues/ui09_guichet.yarn
[dialogue] requested startNode=Accueil
[scenario_lock] accepted source=event-v2:evt_019abcde-9000-7000-8000-000000000106:evx_01a0cbe9-93da-7001-8000-18fdb33743bb:ui09_guichet:1790127477732 phase=dialogueLoading serial=1
[dialogue] parsed 1 node(s) from /private/var/folders/b5/7gsfwzyd449_54n8l40h40gc0000gn/T/avelune_ui06_veqYSJ/dialogues/ui09_guichet.yarn
[dialogue] starting at node "Accueil"
[scene_runtime] dialogue content loaded request=event-v2:evt_019abcde-9000-7000-8000-000000000106:evx_01a0cbe9-93da-7001-8000-18fdb33743bb:ui09_guichet:1790127477732 elapsedMs=6
[scenario_lock] cleared source=event-v2:evt_019abcde-9000-7000-8000-000000000106:evx_01a0cbe9-93da-7001-8000-18fdb33743bb:ui09_guichet:1790127477732 reason=dialogueOpened serial=1
[dialogue] opened node=Accueil text="Chef: Bonjour ! Souhaitez-vous préparer votre départ ?"
[dialogue] choice opened count=2 selected=0
[dialogue] choice confirmed index=0 text="Je pars maintenant"
[dialogue] line text="Chef: Votre train vous attend sur le quai."
[dialogue] dialogue closed
[scene_runtime] dialogue completed request=event-v2:evt_019abcde-9000-7000-8000-000000000106:evx_01a0cbe9-93da-7001-8000-18fdb33743bb:ui09_guichet:1790127477732 status=completed port=depart
[dialogue] finished
[event_v2] mapEnter activation=mapact_1790127477623573_1 map=jardin reason=initialBoot result=MapEnterProductionDispatchV2Handled
02:45 +271: /Users/karim/Project/pokemonProject/apps/avelune_studio/test/events_runtime_ui09_dialogue_test.dart: UI09 published conversation choice 1 drives its real Scene branch
[runtime_loader] bundle load start projectFilePath=/private/var/folders/b5/7gsfwzyd449_54n8l40h40gc0000gn/T/avelune_ui06_GyQ4kh/project.json mapId=jardin
[runtime_loader] project manifest lookup path=/private/var/folders/b5/7gsfwzyd449_54n8l40h40gc0000gn/T/avelune_ui06_GyQ4kh/project.json
[runtime_loader] project manifest read ok bytes=14470
[runtime_loader] project manifest validated maps=2 tilesets=1 scenarios=0
[runtime_loader] bundle map resolved mapId=jardin relativePath=maps/jardin.json mapPath=/private/var/folders/b5/7gsfwzyd449_54n8l40h40gc0000gn/T/avelune_ui06_GyQ4kh/maps/jardin.json
[runtime_loader] map file lookup path=/private/var/folders/b5/7gsfwzyd449_54n8l40h40gc0000gn/T/avelune_ui06_GyQ4kh/maps/jardin.json
[runtime_loader] map file read ok bytes=17182
[runtime_loader] map validated id=jardin size=24x16 layers=3 entities=1 placedElements=3 warps=0 triggers=0
[runtime_loader] bundle tilesets collected ids=atelier
[runtime_loader] bundle tileset path id=atelier path=/private/var/folders/b5/7gsfwzyd449_54n8l40h40gc0000gn/T/avelune_ui06_GyQ4kh/assets/atelier.png
[runtime_loader] bundle load ok mapId=jardin projectRoot=/private/var/folders/b5/7gsfwzyd449_54n8l40h40gc0000gn/T/avelune_ui06_GyQ4kh tilesets=1
[runtime_game] tileset image load start map=jardin
[runtime_game] tileset cache resolve requested=1
[runtime_game] tileset cache resolve ok result=1
[runtime_game] onLoad start map=jardin projectFilePath=/private/var/folders/b5/7gsfwzyd449_54n8l40h40gc0000gn/T/avelune_ui06_GyQ4kh/project.json tilesets=1
[runtime_game] world build start map=jardin
[runtime] Map loaded: jardin, spawn at (8, 9)
[runtime_game] tileset image load ok count=1 map=jardin
[runtime_game] mount root map start map=jardin
[runtime_game] mount root map ok map=jardin
[runtime_game] onLoad completed activeMapId=jardin
[runtime_loader] bundle load start projectFilePath=/private/var/folders/b5/7gsfwzyd449_54n8l40h40gc0000gn/T/avelune_ui06_GyQ4kh/project.json mapId=clairiere
[runtime_loader] project manifest lookup path=/private/var/folders/b5/7gsfwzyd449_54n8l40h40gc0000gn/T/avelune_ui06_GyQ4kh/project.json
[runtime_loader] project manifest read ok bytes=14470
[runtime_loader] project manifest validated maps=2 tilesets=1 scenarios=0
[runtime_loader] bundle map resolved mapId=clairiere relativePath=maps/clairiere.json mapPath=/private/var/folders/b5/7gsfwzyd449_54n8l40h40gc0000gn/T/avelune_ui06_GyQ4kh/maps/clairiere.json
[runtime_loader] map file lookup path=/private/var/folders/b5/7gsfwzyd449_54n8l40h40gc0000gn/T/avelune_ui06_GyQ4kh/maps/clairiere.json
[runtime_loader] map file read ok bytes=17187
[runtime_loader] map validated id=clairiere size=24x16 layers=3 entities=1 placedElements=3 warps=0 triggers=0
[runtime_loader] bundle tilesets collected ids=atelier
[runtime_loader] bundle tileset path id=atelier path=/private/var/folders/b5/7gsfwzyd449_54n8l40h40gc0000gn/T/avelune_ui06_GyQ4kh/assets/atelier.png
[runtime_loader] bundle load ok mapId=clairiere projectRoot=/private/var/folders/b5/7gsfwzyd449_54n8l40h40gc0000gn/T/avelune_ui06_GyQ4kh tilesets=1
[dialogue] interaction entity=event-v2:evt_019abcde-9000-7000-8000-000000000106:evx_01a0cbe9-95a9-7001-8000-1a1bd98c5ada:ui09_guichet:1790127478185
[dialogue] resolved dialogueId=ui09_guichet
[dialogue] resolved file=dialogues/ui09_guichet.yarn
[dialogue] requested startNode=Accueil
[scenario_lock] accepted source=event-v2:evt_019abcde-9000-7000-8000-000000000106:evx_01a0cbe9-95a9-7001-8000-1a1bd98c5ada:ui09_guichet:1790127478185 phase=dialogueLoading serial=1
[dialogue] parsed 1 node(s) from /private/var/folders/b5/7gsfwzyd449_54n8l40h40gc0000gn/T/avelune_ui06_GyQ4kh/dialogues/ui09_guichet.yarn
[dialogue] starting at node "Accueil"
[scene_runtime] dialogue content loaded request=event-v2:evt_019abcde-9000-7000-8000-000000000106:evx_01a0cbe9-95a9-7001-8000-1a1bd98c5ada:ui09_guichet:1790127478185 elapsedMs=1
[scenario_lock] cleared source=event-v2:evt_019abcde-9000-7000-8000-000000000106:evx_01a0cbe9-95a9-7001-8000-1a1bd98c5ada:ui09_guichet:1790127478185 reason=dialogueOpened serial=1
[dialogue] opened node=Accueil text="Chef: Bonjour ! Souhaitez-vous préparer votre départ ?"
[dialogue] choice opened count=2 selected=0
[dialogue] choice confirmed index=1 text="Je préfère attendre"
[dialogue] line text="Chef: Prenez votre temps dans la salle d’attente."
[dialogue] dialogue closed
[scene_runtime] dialogue completed request=event-v2:evt_019abcde-9000-7000-8000-000000000106:evx_01a0cbe9-95a9-7001-8000-1a1bd98c5ada:ui09_guichet:1790127478185 status=completed port=attente
[dialogue] finished
[event_v2] mapEnter activation=mapact_1790127478171873_1 map=jardin reason=initialBoot result=MapEnterProductionDispatchV2Handled
02:46 +272: /Users/karim/Project/pokemonProject/apps/avelune_studio/test/m3_story_runtime_test.dart: published story plays choices, conditions, one-shot and isolated save/load
02:46 +273: /Users/karim/Project/pokemonProject/apps/avelune_studio/test/m3_story_runtime_test.dart: published story plays choices, conditions, one-shot and isolated save/load
02:46 +274: /Users/karim/Project/pokemonProject/apps/avelune_studio/test/m3_story_runtime_test.dart: published story plays choices, conditions, one-shot and isolated save/load
02:46 +275: /Users/karim/Project/pokemonProject/apps/avelune_studio/test/m3_story_runtime_test.dart: published story plays choices, conditions, one-shot and isolated save/load
02:46 +276: /Users/karim/Project/pokemonProject/apps/avelune_studio/test/m3_story_runtime_test.dart: published story plays choices, conditions, one-shot and isolated save/load
[runtime_loader] bundle load start projectFilePath=/private/var/folders/b5/7gsfwzyd449_54n8l40h40gc0000gn/T/avelune_m3_story_QmWTcv/project.json mapId=jardin
[runtime_loader] project manifest lookup path=/private/var/folders/b5/7gsfwzyd449_54n8l40h40gc0000gn/T/avelune_m3_story_QmWTcv/project.json
[runtime_loader] project manifest read ok bytes=34071
[runtime_loader] project manifest validated maps=2 tilesets=1 scenarios=0
[runtime_loader] bundle map resolved mapId=jardin relativePath=maps/jardin.json mapPath=/private/var/folders/b5/7gsfwzyd449_54n8l40h40gc0000gn/T/avelune_m3_story_QmWTcv/maps/jardin.json
[runtime_loader] map file lookup path=/private/var/folders/b5/7gsfwzyd449_54n8l40h40gc0000gn/T/avelune_m3_story_QmWTcv/maps/jardin.json
[runtime_loader] map file read ok bytes=19146
[runtime_loader] map validated id=jardin size=24x16 layers=3 entities=3 placedElements=3 warps=0 triggers=1
[runtime_loader] bundle tilesets collected ids=atelier
[runtime_loader] bundle tileset path id=atelier path=/private/var/folders/b5/7gsfwzyd449_54n8l40h40gc0000gn/T/avelune_m3_story_QmWTcv/assets/atelier.png
[runtime_loader] bundle load ok mapId=jardin projectRoot=/private/var/folders/b5/7gsfwzyd449_54n8l40h40gc0000gn/T/avelune_m3_story_QmWTcv tilesets=1
[runtime_game] tileset image load start map=jardin
[runtime_game] tileset cache resolve requested=1
[runtime_game] tileset cache resolve ok result=1
[runtime_game] onLoad start map=jardin projectFilePath=/private/var/folders/b5/7gsfwzyd449_54n8l40h40gc0000gn/T/avelune_m3_story_QmWTcv/project.json tilesets=1
[runtime_game] world build start map=jardin
[runtime] Map loaded: jardin, spawn at (8, 9)
[runtime_game] tileset image load ok count=1 map=jardin
[runtime_game] mount root map start map=jardin
[step_studio_trace] npc_mount_added map=jardin entity=chief
[step_studio_trace] npc_mount_added map=jardin entity=traveller
[step_studio_trace] npc_presence_applied map=jardin entity=chief present=true
[step_studio_trace] npc_presence_applied map=jardin entity=traveller present=true
[runtime_game] mount root map ok map=jardin
[npc_patrol] read movement entity=chief pos=(8,10) size=1x1 mode=idle waypoints= loop=true pauseMs=0 stepMs=200
[npc_patrol] read movement entity=traveller pos=(10,10) size=1x1 mode=idle waypoints= loop=true pauseMs=0 stepMs=200
[runtime_game] onLoad completed activeMapId=jardin
[runtime_loader] bundle load start projectFilePath=/private/var/folders/b5/7gsfwzyd449_54n8l40h40gc0000gn/T/avelune_m3_story_QmWTcv/project.json mapId=clairiere
[runtime_loader] project manifest lookup path=/private/var/folders/b5/7gsfwzyd449_54n8l40h40gc0000gn/T/avelune_m3_story_QmWTcv/project.json
[runtime_loader] project manifest read ok bytes=34071
[runtime_loader] project manifest validated maps=2 tilesets=1 scenarios=0
[runtime_loader] bundle map resolved mapId=clairiere relativePath=maps/clairiere.json mapPath=/private/var/folders/b5/7gsfwzyd449_54n8l40h40gc0000gn/T/avelune_m3_story_QmWTcv/maps/clairiere.json
[runtime_loader] map file lookup path=/private/var/folders/b5/7gsfwzyd449_54n8l40h40gc0000gn/T/avelune_m3_story_QmWTcv/maps/clairiere.json
[runtime_loader] map file read ok bytes=17187
[runtime_loader] map validated id=clairiere size=24x16 layers=3 entities=1 placedElements=3 warps=0 triggers=0
[runtime_loader] bundle tilesets collected ids=atelier
[runtime_loader] bundle tileset path id=atelier path=/private/var/folders/b5/7gsfwzyd449_54n8l40h40gc0000gn/T/avelune_m3_story_QmWTcv/assets/atelier.png
[runtime_loader] bundle load ok mapId=clairiere projectRoot=/private/var/folders/b5/7gsfwzyd449_54n8l40h40gc0000gn/T/avelune_m3_story_QmWTcv tilesets=1
[step_studio_trace] npc_presence_applied map=jardin entity=chief present=true
[step_studio_trace] npc_presence_applied map=jardin entity=traveller present=true
[npc_patrol] read movement entity=chief pos=(8,10) size=1x1 mode=idle waypoints= loop=true pauseMs=0 stepMs=200
[npc_patrol] read movement entity=traveller pos=(10,10) size=1x1 mode=idle waypoints= loop=true pauseMs=0 stepMs=200
[step_studio_trace] npc_presence_applied map=jardin entity=chief present=true
[step_studio_trace] npc_presence_applied map=jardin entity=traveller present=true
[npc_patrol] read movement entity=chief pos=(8,10) size=1x1 mode=idle waypoints= loop=true pauseMs=0 stepMs=200
[npc_patrol] read movement entity=traveller pos=(10,10) size=1x1 mode=idle waypoints= loop=true pauseMs=0 stepMs=200
[step_studio_trace] npc_presence_applied map=jardin entity=chief present=true
[step_studio_trace] npc_presence_applied map=jardin entity=traveller present=true
[npc_patrol] read movement entity=chief pos=(8,10) size=1x1 mode=idle waypoints= loop=true pauseMs=0 stepMs=200
[npc_patrol] read movement entity=traveller pos=(10,10) size=1x1 mode=idle waypoints= loop=true pauseMs=0 stepMs=200
[event_v2] mapEnter activation=mapact_1790127480240609_1 map=jardin reason=initialBoot result=MapEnterProductionDispatchLegacyFallback
[dialogue] interaction entity=event-v2:evt_019abcde-9000-7000-8000-000000000002:evx_01a0cbe9-9f0e-7004-8000-1fea38b696b2:before:1790127480596
[dialogue] resolved dialogueId=before
[dialogue] resolved file=dialogues/before.yarn
[dialogue] requested startNode=Start
[scenario_lock] accepted source=event-v2:evt_019abcde-9000-7000-8000-000000000002:evx_01a0cbe9-9f0e-7004-8000-1fea38b696b2:before:1790127480596 phase=dialogueLoading serial=1
[dialogue] parsed 1 node(s) from /private/var/folders/b5/7gsfwzyd449_54n8l40h40gc0000gn/T/avelune_m3_story_QmWTcv/dialogues/before.yarn
[dialogue] starting at node "Start"
[scene_runtime] dialogue content loaded request=event-v2:evt_019abcde-9000-7000-8000-000000000002:evx_01a0cbe9-9f0e-7004-8000-1fea38b696b2:before:1790127480596 elapsedMs=57
[scenario_lock] cleared source=event-v2:evt_019abcde-9000-7000-8000-000000000002:evx_01a0cbe9-9f0e-7004-8000-1fea38b696b2:before:1790127480596 reason=dialogueOpened serial=1
[dialogue] opened node=Start text="Je patiente avant le départ."
[dialogue] dialogue closed
[scene_runtime] dialogue completed request=event-v2:evt_019abcde-9000-7000-8000-000000000002:evx_01a0cbe9-9f0e-7004-8000-1fea38b696b2:before:1790127480596 status=completed port=completed
[dialogue] finished
[step_studio_trace] npc_presence_applied map=jardin entity=chief present=true
[step_studio_trace] npc_presence_applied map=jardin entity=traveller present=true
[npc_patrol] read movement entity=chief pos=(8,10) size=1x1 mode=idle waypoints= loop=true pauseMs=0 stepMs=200
[npc_patrol] read movement entity=traveller pos=(10,10) size=1x1 mode=idle waypoints= loop=true pauseMs=0 stepMs=200
[step_studio_trace] npc_presence_applied map=jardin entity=chief present=true
[step_studio_trace] npc_presence_applied map=jardin entity=traveller present=true
[npc_patrol] read movement entity=chief pos=(8,10) size=1x1 mode=idle waypoints= loop=true pauseMs=0 stepMs=200
[npc_patrol] read movement entity=traveller pos=(10,10) size=1x1 mode=idle waypoints= loop=true pauseMs=0 stepMs=200
[dialogue] interaction entity=event-v2:evt_019abcde-9000-7000-8000-000000000001:evx_01a0cbe9-9f98-7007-8000-203f829e301f:offer:1790127480728
[dialogue] resolved dialogueId=offer
[dialogue] resolved file=dialogues/offer.yarn
[dialogue] requested startNode=Start
[scenario_lock] accepted source=event-v2:evt_019abcde-9000-7000-8000-000000000001:evx_01a0cbe9-9f98-7007-8000-203f829e301f:offer:1790127480728 phase=dialogueLoading serial=2
[dialogue] parsed 3 node(s) from /private/var/folders/b5/7gsfwzyd449_54n8l40h40gc0000gn/T/avelune_m3_story_QmWTcv/dialogues/offer.yarn
[dialogue] starting at node "Start"
[scene_runtime] dialogue content loaded request=event-v2:evt_019abcde-9000-7000-8000-000000000001:evx_01a0cbe9-9f98-7007-8000-203f829e301f:offer:1790127480728 elapsedMs=40
[scenario_lock] cleared source=event-v2:evt_019abcde-9000-7000-8000-000000000001:evx_01a0cbe9-9f98-7007-8000-203f829e301f:offer:1790127480728 reason=dialogueOpened serial=2
[dialogue] opened node=Start text="Voulez-vous aider au départ ?"
[dialogue] choice opened count=2 selected=0
[dialogue] choice moved selected=1
[dialogue] choice confirmed index=1 text="Pas maintenant"
[dialogue] jump to=Refuse
[dialogue] line text="Revenez quand vous voulez."
[dialogue] dialogue closed
[scene_runtime] dialogue completed request=event-v2:evt_019abcde-9000-7000-8000-000000000001:evx_01a0cbe9-9f98-7007-8000-203f829e301f:offer:1790127480728 status=completed port=refused
[dialogue] finished
[step_studio_trace] npc_presence_applied map=jardin entity=chief present=true
[step_studio_trace] npc_presence_applied map=jardin entity=traveller present=true
[npc_patrol] read movement entity=chief pos=(8,10) size=1x1 mode=idle waypoints= loop=true pauseMs=0 stepMs=200
[npc_patrol] read movement entity=traveller pos=(10,10) size=1x1 mode=idle waypoints= loop=true pauseMs=0 stepMs=200
[step_studio_trace] npc_presence_applied map=jardin entity=chief present=true
[step_studio_trace] npc_presence_applied map=jardin entity=traveller present=true
[npc_patrol] read movement entity=chief pos=(8,10) size=1x1 mode=idle waypoints= loop=true pauseMs=0 stepMs=200
[npc_patrol] read movement entity=traveller pos=(10,10) size=1x1 mode=idle waypoints= loop=true pauseMs=0 stepMs=200
[dialogue] interaction entity=event-v2:evt_019abcde-9000-7000-8000-000000000001:evx_01a0cbe9-9fe6-700a-8000-206fb7854410:offer:1790127480807
[dialogue] resolved dialogueId=offer
[dialogue] resolved file=dialogues/offer.yarn
[dialogue] requested startNode=Start
[scenario_lock] accepted source=event-v2:evt_019abcde-9000-7000-8000-000000000001:evx_01a0cbe9-9fe6-700a-8000-206fb7854410:offer:1790127480807 phase=dialogueLoading serial=3
[dialogue] parsed 3 node(s) from /private/var/folders/b5/7gsfwzyd449_54n8l40h40gc0000gn/T/avelune_m3_story_QmWTcv/dialogues/offer.yarn
[dialogue] starting at node "Start"
[scene_runtime] dialogue content loaded request=event-v2:evt_019abcde-9000-7000-8000-000000000001:evx_01a0cbe9-9fe6-700a-8000-206fb7854410:offer:1790127480807 elapsedMs=6
[scenario_lock] cleared source=event-v2:evt_019abcde-9000-7000-8000-000000000001:evx_01a0cbe9-9fe6-700a-8000-206fb7854410:offer:1790127480807 reason=dialogueOpened serial=3
[dialogue] opened node=Start text="Voulez-vous aider au départ ?"
[dialogue] choice opened count=2 selected=0
[dialogue] choice confirmed index=0 text="Je vous aide"
[dialogue] jump to=Accept
[dialogue] line text="Très bien, retrouvez la voyageuse."
[dialogue] dialogue closed
[scene_runtime] dialogue completed request=event-v2:evt_019abcde-9000-7000-8000-000000000001:evx_01a0cbe9-9fe6-700a-8000-206fb7854410:offer:1790127480807 status=completed port=accepted
[dialogue] finished
[step_studio_trace] npc_presence_applied map=jardin entity=chief present=true
[step_studio_trace] npc_presence_applied map=jardin entity=traveller present=true
[npc_patrol] read movement entity=chief pos=(8,10) size=1x1 mode=idle waypoints= loop=true pauseMs=0 stepMs=200
[npc_patrol] read movement entity=traveller pos=(10,10) size=1x1 mode=idle waypoints= loop=true pauseMs=0 stepMs=200
[step_studio_trace] npc_presence_applied map=jardin entity=chief present=true
[step_studio_trace] npc_presence_applied map=jardin entity=traveller present=true
[npc_patrol] read movement entity=chief pos=(8,10) size=1x1 mode=idle waypoints= loop=true pauseMs=0 stepMs=200
[npc_patrol] read movement entity=traveller pos=(10,10) size=1x1 mode=idle waypoints= loop=true pauseMs=0 stepMs=200
[dialogue] interaction entity=event-v2:evt_019abcde-9000-7000-8000-000000000003:evx_01a0cbe9-a047-700d-8000-20abaa8a6024:traveller:1790127480904
[dialogue] resolved dialogueId=traveller
[dialogue] resolved file=dialogues/traveller.yarn
[dialogue] requested startNode=Start
[scenario_lock] accepted source=event-v2:evt_019abcde-9000-7000-8000-000000000003:evx_01a0cbe9-a047-700d-8000-20abaa8a6024:traveller:1790127480904 phase=dialogueLoading serial=4
[dialogue] parsed 1 node(s) from /private/var/folders/b5/7gsfwzyd449_54n8l40h40gc0000gn/T/avelune_m3_story_QmWTcv/dialogues/traveller.yarn
[dialogue] starting at node "Start"
[scene_runtime] dialogue content loaded request=event-v2:evt_019abcde-9000-7000-8000-000000000003:evx_01a0cbe9-a047-700d-8000-20abaa8a6024:traveller:1790127480904 elapsedMs=41
[scenario_lock] cleared source=event-v2:evt_019abcde-9000-7000-8000-000000000003:evx_01a0cbe9-a047-700d-8000-20abaa8a6024:traveller:1790127480904 reason=dialogueOpened serial=4
[dialogue] opened node=Start text="Merci, ma place est prête !"
[dialogue] dialogue closed
[scene_runtime] dialogue completed request=event-v2:evt_019abcde-9000-7000-8000-000000000003:evx_01a0cbe9-a047-700d-8000-20abaa8a6024:traveller:1790127480904 status=completed port=completed
[dialogue] finished
[step_studio_trace] npc_presence_applied map=jardin entity=chief present=true
[step_studio_trace] npc_presence_applied map=jardin entity=traveller present=true
[npc_patrol] read movement entity=chief pos=(8,10) size=1x1 mode=idle waypoints= loop=true pauseMs=0 stepMs=200
[npc_patrol] read movement entity=traveller pos=(10,10) size=1x1 mode=idle waypoints= loop=true pauseMs=0 stepMs=200
[step_studio_trace] npc_presence_applied map=jardin entity=chief present=true
[step_studio_trace] npc_presence_applied map=jardin entity=traveller present=true
[npc_patrol] read movement entity=chief pos=(8,10) size=1x1 mode=idle waypoints= loop=true pauseMs=0 stepMs=200
[npc_patrol] read movement entity=traveller pos=(10,10) size=1x1 mode=idle waypoints= loop=true pauseMs=0 stepMs=200
[dialogue] interaction entity=event-v2:evt_019abcde-9000-7000-8000-000000000005:evx_01a0cbe9-a0ae-7010-8000-20eb52dc565e:finish:1790127481007
[dialogue] resolved dialogueId=finish
[dialogue] resolved file=dialogues/finish.yarn
[dialogue] requested startNode=Start
[scenario_lock] accepted source=event-v2:evt_019abcde-9000-7000-8000-000000000005:evx_01a0cbe9-a0ae-7010-8000-20eb52dc565e:finish:1790127481007 phase=dialogueLoading serial=5
[dialogue] parsed 1 node(s) from /private/var/folders/b5/7gsfwzyd449_54n8l40h40gc0000gn/T/avelune_m3_story_QmWTcv/dialogues/finish.yarn
[dialogue] starting at node "Start"
[scene_runtime] dialogue content loaded request=event-v2:evt_019abcde-9000-7000-8000-000000000005:evx_01a0cbe9-a0ae-7010-8000-20eb52dc565e:finish:1790127481007 elapsedMs=44
[scenario_lock] cleared source=event-v2:evt_019abcde-9000-7000-8000-000000000005:evx_01a0cbe9-a0ae-7010-8000-20eb52dc565e:finish:1790127481007 reason=dialogueOpened serial=5
[dialogue] opened node=Start text="Tout est prêt, départ autorisé !"
[dialogue] dialogue closed
[scene_runtime] dialogue completed request=event-v2:evt_019abcde-9000-7000-8000-000000000005:evx_01a0cbe9-a0ae-7010-8000-20eb52dc565e:finish:1790127481007 status=completed port=completed
[dialogue] finished
[step_studio_trace] npc_presence_applied map=jardin entity=chief present=true
[step_studio_trace] npc_presence_applied map=jardin entity=traveller present=true
[npc_patrol] read movement entity=chief pos=(8,10) size=1x1 mode=idle waypoints= loop=true pauseMs=0 stepMs=200
[npc_patrol] read movement entity=traveller pos=(10,10) size=1x1 mode=idle waypoints= loop=true pauseMs=0 stepMs=200
[step_studio_trace] npc_presence_applied map=jardin entity=chief present=true
[step_studio_trace] npc_presence_applied map=jardin entity=traveller present=true
[npc_patrol] read movement entity=chief pos=(8,10) size=1x1 mode=idle waypoints= loop=true pauseMs=0 stepMs=200
[npc_patrol] read movement entity=traveller pos=(10,10) size=1x1 mode=idle waypoints= loop=true pauseMs=0 stepMs=200
[dialogue] interaction entity=event-v2:evt_019abcde-9000-7000-8000-000000000006:evx_01a0cbe9-a0f3-7013-8000-2115f7d02316:conclusion:1790127481075
[dialogue] resolved dialogueId=conclusion
[dialogue] resolved file=dialogues/conclusion.yarn
[dialogue] requested startNode=Start
[scenario_lock] accepted source=event-v2:evt_019abcde-9000-7000-8000-000000000006:evx_01a0cbe9-a0f3-7013-8000-2115f7d02316:conclusion:1790127481075 phase=dialogueLoading serial=6
[dialogue] parsed 1 node(s) from /private/var/folders/b5/7gsfwzyd449_54n8l40h40gc0000gn/T/avelune_m3_story_QmWTcv/dialogues/conclusion.yarn
[dialogue] starting at node "Start"
[scene_runtime] dialogue content loaded request=event-v2:evt_019abcde-9000-7000-8000-000000000006:evx_01a0cbe9-a0f3-7013-8000-2115f7d02316:conclusion:1790127481075 elapsedMs=50
[scenario_lock] cleared source=event-v2:evt_019abcde-9000-7000-8000-000000000006:evx_01a0cbe9-a0f3-7013-8000-2115f7d02316:conclusion:1790127481075 reason=dialogueOpened serial=6
[dialogue] opened node=Start text="Merci encore pour votre aide."
[dialogue] dialogue closed
[scene_runtime] dialogue completed request=event-v2:evt_019abcde-9000-7000-8000-000000000006:evx_01a0cbe9-a0f3-7013-8000-2115f7d02316:conclusion:1790127481075 status=completed port=completed
[dialogue] finished
[step_studio_trace] npc_presence_applied map=jardin entity=chief present=true
[step_studio_trace] npc_presence_applied map=jardin entity=traveller present=true
[npc_patrol] read movement entity=chief pos=(8,10) size=1x1 mode=idle waypoints= loop=true pauseMs=0 stepMs=200
[npc_patrol] read movement entity=traveller pos=(10,10) size=1x1 mode=idle waypoints= loop=true pauseMs=0 stepMs=200
[step_studio_trace] npc_presence_applied map=jardin entity=chief present=true
[step_studio_trace] npc_presence_applied map=jardin entity=traveller present=true
[npc_patrol] read movement entity=chief pos=(8,10) size=1x1 mode=idle waypoints= loop=true pauseMs=0 stepMs=200
[npc_patrol] read movement entity=traveller pos=(10,10) size=1x1 mode=idle waypoints= loop=true pauseMs=0 stepMs=200
[dialogue] interaction entity=event-v2:evt_019abcde-9000-7000-8000-000000000007:evx_01a0cbe9-a155-7016-8000-2152890cb8db:zone:1790127481174
[dialogue] resolved dialogueId=zone
[dialogue] resolved file=dialogues/zone.yarn
[dialogue] requested startNode=Start
[scenario_lock] accepted source=event-v2:evt_019abcde-9000-7000-8000-000000000007:evx_01a0cbe9-a155-7016-8000-2152890cb8db:zone:1790127481174 phase=dialogueLoading serial=7
[dialogue] parsed 1 node(s) from /private/var/folders/b5/7gsfwzyd449_54n8l40h40gc0000gn/T/avelune_m3_story_QmWTcv/dialogues/zone.yarn
[dialogue] starting at node "Start"
[scene_runtime] dialogue content loaded request=event-v2:evt_019abcde-9000-7000-8000-000000000007:evx_01a0cbe9-a155-7016-8000-2152890cb8db:zone:1790127481174 elapsedMs=49
[scenario_lock] cleared source=event-v2:evt_019abcde-9000-7000-8000-000000000007:evx_01a0cbe9-a155-7016-8000-2152890cb8db:zone:1790127481174 reason=dialogueOpened serial=7
[dialogue] opened node=Start text="Bienvenue sur le quai."
[dialogue] dialogue closed
[scene_runtime] dialogue completed request=event-v2:evt_019abcde-9000-7000-8000-000000000007:evx_01a0cbe9-a155-7016-8000-2152890cb8db:zone:1790127481174 status=completed port=completed
[dialogue] finished
[step_studio_trace] npc_presence_applied map=jardin entity=chief present=true
[step_studio_trace] npc_presence_applied map=jardin entity=traveller present=true
[npc_patrol] read movement entity=chief pos=(8,10) size=1x1 mode=idle waypoints= loop=true pauseMs=0 stepMs=200
[npc_patrol] read movement entity=traveller pos=(10,10) size=1x1 mode=idle waypoints= loop=true pauseMs=0 stepMs=200
[step_studio_trace] npc_presence_applied map=jardin entity=chief present=true
[step_studio_trace] npc_presence_applied map=jardin entity=traveller present=true
[npc_patrol] read movement entity=chief pos=(8,10) size=1x1 mode=idle waypoints= loop=true pauseMs=0 stepMs=200
[npc_patrol] read movement entity=traveller pos=(10,10) size=1x1 mode=idle waypoints= loop=true pauseMs=0 stepMs=200
[step_studio_trace] runtime_save_requested map=jardin completedStepIds=[prepare, help, finish] completedCutsceneIds=[]
[runtime_game] tileset cache resolve requested=1
[runtime_game] tileset cache resolve ok result=1
[step_studio_trace] npc_mount_added map=jardin entity=chief
[step_studio_trace] npc_mount_added map=jardin entity=traveller
[step_studio_trace] npc_presence_applied map=jardin entity=chief present=true
[step_studio_trace] npc_presence_applied map=jardin entity=traveller present=true
[npc_patrol] read movement entity=chief pos=(8,10) size=1x1 mode=idle waypoints= loop=true pauseMs=0 stepMs=200
[npc_patrol] read movement entity=traveller pos=(10,10) size=1x1 mode=idle waypoints= loop=true pauseMs=0 stepMs=200
[step_studio_trace] npc_presence_applied map=jardin entity=chief present=true
[step_studio_trace] npc_presence_applied map=jardin entity=traveller present=true
[npc_patrol] read movement entity=chief pos=(8,10) size=1x1 mode=idle waypoints= loop=true pauseMs=0 stepMs=200
[npc_patrol] read movement entity=traveller pos=(10,10) size=1x1 mode=idle waypoints= loop=true pauseMs=0 stepMs=200
[step_studio_trace] npc_presence_applied map=jardin entity=chief present=true
[step_studio_trace] npc_presence_applied map=jardin entity=traveller present=true
[npc_patrol] read movement entity=chief pos=(8,10) size=1x1 mode=idle waypoints= loop=true pauseMs=0 stepMs=200
[npc_patrol] read movement entity=traveller pos=(10,10) size=1x1 mode=idle waypoints= loop=true pauseMs=0 stepMs=200
[step_studio_trace] npc_presence_applied map=jardin entity=chief present=true
[step_studio_trace] npc_presence_applied map=jardin entity=traveller present=true
[npc_patrol] read movement entity=chief pos=(8,10) size=1x1 mode=idle waypoints= loop=true pauseMs=0 stepMs=200
[npc_patrol] read movement entity=traveller pos=(10,10) size=1x1 mode=idle waypoints= loop=true pauseMs=0 stepMs=200
[step_studio_trace] npc_presence_applied map=jardin entity=chief present=true
[step_studio_trace] npc_presence_applied map=jardin entity=traveller present=true
[npc_patrol] read movement entity=chief pos=(8,10) size=1x1 mode=idle waypoints= loop=true pauseMs=0 stepMs=200
[npc_patrol] read movement entity=traveller pos=(10,10) size=1x1 mode=idle waypoints= loop=true pauseMs=0 stepMs=200
[step_studio_trace] npc_presence_applied map=jardin entity=chief present=true
[step_studio_trace] npc_presence_applied map=jardin entity=traveller present=true
[npc_patrol] read movement entity=chief pos=(8,10) size=1x1 mode=idle waypoints= loop=true pauseMs=0 stepMs=200
[npc_patrol] read movement entity=traveller pos=(10,10) size=1x1 mode=idle waypoints= loop=true pauseMs=0 stepMs=200
[step_studio_trace] npc_presence_applied map=jardin entity=chief present=true
[step_studio_trace] npc_presence_applied map=jardin entity=traveller present=true
[npc_patrol] read movement entity=chief pos=(8,10) size=1x1 mode=idle waypoints= loop=true pauseMs=0 stepMs=200
[npc_patrol] read movement entity=traveller pos=(10,10) size=1x1 mode=idle waypoints= loop=true pauseMs=0 stepMs=200
[event_v2] mapEnter activation=mapact_1790127481277014_2 map=jardin reason=saveRestore result=MapEnterProductionDispatchLegacyFallback
[load] game loaded from saveId=default
[runtime_loader] bundle load start projectFilePath=/private/var/folders/b5/7gsfwzyd449_54n8l40h40gc0000gn/T/avelune_m3_story_QmWTcv/project.json mapId=jardin
[runtime_loader] project manifest lookup path=/private/var/folders/b5/7gsfwzyd449_54n8l40h40gc0000gn/T/avelune_m3_story_QmWTcv/project.json
[runtime_loader] project manifest read ok bytes=34071
[runtime_loader] project manifest validated maps=2 tilesets=1 scenarios=0
[runtime_loader] bundle map resolved mapId=jardin relativePath=maps/jardin.json mapPath=/private/var/folders/b5/7gsfwzyd449_54n8l40h40gc0000gn/T/avelune_m3_story_QmWTcv/maps/jardin.json
[runtime_loader] map file lookup path=/private/var/folders/b5/7gsfwzyd449_54n8l40h40gc0000gn/T/avelune_m3_story_QmWTcv/maps/jardin.json
[runtime_loader] map file read ok bytes=19146
[runtime_loader] map validated id=jardin size=24x16 layers=3 entities=3 placedElements=3 warps=0 triggers=1
[runtime_loader] bundle tilesets collected ids=atelier
[runtime_loader] bundle tileset path id=atelier path=/private/var/folders/b5/7gsfwzyd449_54n8l40h40gc0000gn/T/avelune_m3_story_QmWTcv/assets/atelier.png
[runtime_loader] bundle load ok mapId=jardin projectRoot=/private/var/folders/b5/7gsfwzyd449_54n8l40h40gc0000gn/T/avelune_m3_story_QmWTcv tilesets=1
[runtime_game] tileset image load start map=jardin
[runtime_game] tileset cache resolve requested=1
[runtime_game] tileset cache resolve ok result=1
[runtime_game] onLoad start map=jardin projectFilePath=/private/var/folders/b5/7gsfwzyd449_54n8l40h40gc0000gn/T/avelune_m3_story_QmWTcv/project.json tilesets=1
[runtime_game] world build start map=jardin
[runtime] Map loaded: jardin, spawn at (8, 9)
[runtime_game] tileset image load ok count=1 map=jardin
[runtime_game] mount root map start map=jardin
[step_studio_trace] npc_mount_added map=jardin entity=chief
[step_studio_trace] npc_mount_added map=jardin entity=traveller
[step_studio_trace] npc_presence_applied map=jardin entity=chief present=true
[step_studio_trace] npc_presence_applied map=jardin entity=traveller present=true
[runtime_game] mount root map ok map=jardin
[npc_patrol] read movement entity=chief pos=(8,10) size=1x1 mode=idle waypoints= loop=true pauseMs=0 stepMs=200
[npc_patrol] read movement entity=traveller pos=(10,10) size=1x1 mode=idle waypoints= loop=true pauseMs=0 stepMs=200
[runtime_game] onLoad completed activeMapId=jardin
[runtime_loader] bundle load start projectFilePath=/private/var/folders/b5/7gsfwzyd449_54n8l40h40gc0000gn/T/avelune_m3_story_QmWTcv/project.json mapId=clairiere
[runtime_loader] project manifest lookup path=/private/var/folders/b5/7gsfwzyd449_54n8l40h40gc0000gn/T/avelune_m3_story_QmWTcv/project.json
[runtime_loader] project manifest read ok bytes=34071
[runtime_loader] project manifest validated maps=2 tilesets=1 scenarios=0
[runtime_loader] bundle map resolved mapId=clairiere relativePath=maps/clairiere.json mapPath=/private/var/folders/b5/7gsfwzyd449_54n8l40h40gc0000gn/T/avelune_m3_story_QmWTcv/maps/clairiere.json
[runtime_loader] map file lookup path=/private/var/folders/b5/7gsfwzyd449_54n8l40h40gc0000gn/T/avelune_m3_story_QmWTcv/maps/clairiere.json
[runtime_loader] map file read ok bytes=17187
[runtime_loader] map validated id=clairiere size=24x16 layers=3 entities=1 placedElements=3 warps=0 triggers=0
[runtime_loader] bundle tilesets collected ids=atelier
[runtime_loader] bundle tileset path id=atelier path=/private/var/folders/b5/7gsfwzyd449_54n8l40h40gc0000gn/T/avelune_m3_story_QmWTcv/assets/atelier.png
[runtime_loader] bundle load ok mapId=clairiere projectRoot=/private/var/folders/b5/7gsfwzyd449_54n8l40h40gc0000gn/T/avelune_m3_story_QmWTcv tilesets=1
[step_studio_trace] npc_presence_applied map=jardin entity=chief present=true
[step_studio_trace] npc_presence_applied map=jardin entity=traveller present=true
[npc_patrol] read movement entity=chief pos=(8,10) size=1x1 mode=idle waypoints= loop=true pauseMs=0 stepMs=200
[npc_patrol] read movement entity=traveller pos=(10,10) size=1x1 mode=idle waypoints= loop=true pauseMs=0 stepMs=200
[step_studio_trace] npc_presence_applied map=jardin entity=chief present=true
[step_studio_trace] npc_presence_applied map=jardin entity=traveller present=true
[npc_patrol] read movement entity=chief pos=(8,10) size=1x1 mode=idle waypoints= loop=true pauseMs=0 stepMs=200
[npc_patrol] read movement entity=traveller pos=(10,10) size=1x1 mode=idle waypoints= loop=true pauseMs=0 stepMs=200
[step_studio_trace] npc_presence_applied map=jardin entity=chief present=true
[step_studio_trace] npc_presence_applied map=jardin entity=traveller present=true
[npc_patrol] read movement entity=chief pos=(8,10) size=1x1 mode=idle waypoints= loop=true pauseMs=0 stepMs=200
[npc_patrol] read movement entity=traveller pos=(10,10) size=1x1 mode=idle waypoints= loop=true pauseMs=0 stepMs=200
[event_v2] mapEnter activation=mapact_1790127481712114_1 map=jardin reason=initialBoot result=MapEnterProductionDispatchLegacyFallback
[step_studio_trace] runtime_save_requested map=jardin completedStepIds=[] completedCutsceneIds=[]
02:49 +277: /Users/karim/Project/pokemonProject/apps/avelune_studio/test/cinematics_ui10_widget_test.dart: UI10 full Studio frame early composition with isolated real project
02:51 +278: /Users/karim/Project/pokemonProject/apps/avelune_studio/test/cinematics_ui10_widget_test.dart: UI10 full Studio frame early composition with isolated real project
02:51 +279: /Users/karim/Project/pokemonProject/apps/avelune_studio/test/cinematics_ui10_widget_test.dart: UI10 full Studio frame early composition with isolated real project
02:51 +280: /Users/karim/Project/pokemonProject/apps/avelune_studio/test/cinematics_ui10_widget_test.dart: UI10 full Studio frame early composition with isolated real project
02:53 +281: /Users/karim/Project/pokemonProject/apps/avelune_studio/test/cinematics_ui10_widget_test.dart: UI10 full Studio frame early composition with isolated real project
02:53 +282: /Users/karim/Project/pokemonProject/apps/avelune_studio/test/cinematics_ui10_widget_test.dart: UI10 full Studio frame early composition with isolated real project
02:53 +283: /Users/karim/Project/pokemonProject/apps/avelune_studio/test/cinematics_ui10_widget_test.dart: UI10 full Studio frame early composition with isolated real project
02:54 +284: /Users/karim/Project/pokemonProject/apps/avelune_studio/test/ui13_verification_runtime_test.dart: a receipt of another version is stale, never a success
02:55 +285: /Users/karim/Project/pokemonProject/apps/avelune_studio/test/ui13_verification_executor_test.dart: the real analysis runs outside the interface isolate
02:55 +286: /Users/karim/Project/pokemonProject/apps/avelune_studio/test/ui13_verification_runtime_test.dart: a receipt of another profile is refused with its provenance
02:55 +287: /Users/karim/Project/pokemonProject/apps/avelune_studio/test/ui13_verification_executor_test.dart: abandoning stops the work and adopts nothing
02:56 +288: /Users/karim/Project/pokemonProject/apps/avelune_studio/test/ui13_verification_runtime_test.dart: a receipt missing a required suite stays inconclusive
02:56 +289: /Users/karim/Project/pokemonProject/apps/avelune_studio/test/ui13_verification_executor_test.dart: a late reply never takes the place of the current state
02:56 +290: /Users/karim/Project/pokemonProject/apps/avelune_studio/test/ui13_verification_runtime_test.dart: an unreadable receipt is reported, not ignored
02:56 +291: /Users/karim/Project/pokemonProject/apps/avelune_studio/test/ui13_verification_executor_test.dart: a replacing request keeps only its own answer
02:56 +292: /Users/karim/Project/pokemonProject/apps/avelune_studio/test/ui13_verification_runtime_test.dart: a matching receipt is the only one that verifies runtime
02:56 +293: /Users/karim/Project/pokemonProject/apps/avelune_studio/test/ui13_verification_executor_test.dart: closing the page drops the work and its answer
02:56 +294: /Users/karim/Project/pokemonProject/apps/avelune_studio/test/ui13_verification_runtime_test.dart: a failed run of this version is a failure, not a notRun
02:56 +295: /Users/karim/Project/pokemonProject/apps/avelune_studio/test/ui13_verification_executor_test.dart: a failed read leaves no synthetic green report
02:56 +296: /Users/karim/Project/pokemonProject/apps/avelune_studio/test/ui13_verification_executor_test.dart: a second launch while one runs starts no second job
02:57 +297: /Users/karim/Project/pokemonProject/apps/avelune_studio/test/stories/ui07_story_fixture_test.dart: rich fixture publishes real outcomes, owner relationship and modern scene link
02:58 +298: /Users/karim/Project/pokemonProject/apps/avelune_studio/test/stories/ui07_story_fixture_test.dart: rich fixture publishes real outcomes, owner relationship and modern scene link
02:58 +299: /Users/karim/Project/pokemonProject/apps/avelune_studio/test/stories/story_publication_ui07_test.dart: same aggregate conflict and vanished target are refused without overwrite
02:59 +300: /Users/karim/Project/pokemonProject/apps/avelune_studio/test/stories/ui07_story_fixture_test.dart: construction fixture provides prerequisites but no authored stories
02:59 +301: /Users/karim/Project/pokemonProject/apps/avelune_studio/test/stories/ui07_story_fixture_test.dart: construction fixture provides prerequisites but no authored stories
03:00 +302: /Users/karim/Project/pokemonProject/apps/avelune_studio/test/stories/story_publication_races_ui07_test.dart: edit during publication stays dirty, revertToBase=false
03:00 +303: /Users/karim/Project/pokemonProject/apps/avelune_studio/test/stories/story_sessions_ui07_test.dart: UI05 and UI07 share drafts, facts and publication without any map
03:00 +304: /Users/karim/Project/pokemonProject/apps/avelune_studio/test/stories/story_publication_races_ui07_test.dart: edit during publication stays dirty, revertToBase=true
03:00 +305: /Users/karim/Project/pokemonProject/apps/avelune_studio/test/stories/story_sessions_ui07_test.dart: secondary owner is edited, undone and saved from primary context
03:00 +306: /Users/karim/Project/pokemonProject/apps/avelune_studio/test/stories/story_sessions_ui07_test.dart: secondary owner is edited, undone and saved from primary context
03:01 +307: /Users/karim/Project/pokemonProject/apps/avelune_studio/test/stories/story_publication_races_ui07_test.dart: partial multi-owner failure reports written scope and keeps remaining draft
03:01 +308: /Users/karim/Project/pokemonProject/apps/avelune_studio/test/stories/story_sessions_ui07_test.dart: rejected duplicate and reciprocal cycle add no history entry
03:01 +309: /Users/karim/Project/pokemonProject/apps/avelune_studio/test/stories/story_sessions_ui07_test.dart: clean refresh invalidates stale history; dirty base survives catalog change
03:01 +310: /Users/karim/Project/pokemonProject/apps/avelune_studio/test/stories/story_sessions_ui07_test.dart: history is bounded and repeated consultation uses the same projection source
03:01 +311: /Users/karim/Project/pokemonProject/apps/avelune_studio/test/stories/story_sessions_ui07_test.dart: first declared outcome connection is one reversible aggregate delta
03:02 +312: /Users/karim/Project/pokemonProject/apps/avelune_studio/test/stories/story_document_commands_test.dart: metadata clears optional text and preserves unrelated fields
03:02 +313: /Users/karim/Project/pokemonProject/apps/avelune_studio/test/stories/story_reconciliation_ui07_test.dart: explicit reload reconciles target and preserves every unrelated dirty draft
03:02 +314: /Users/karim/Project/pokemonProject/apps/avelune_studio/test/stories/story_reconciliation_ui07_test.dart: explicit reload reconciles target and preserves every unrelated dirty draft
03:02 +315: /Users/karim/Project/pokemonProject/apps/avelune_studio/test/stories/story_reconciliation_ui07_test.dart: explicit reload reconciles target and preserves every unrelated dirty draft
03:02 +316: /Users/karim/Project/pokemonProject/apps/avelune_studio/test/stories/story_reconciliation_ui07_test.dart: reload cannot discard changes newer than the confirmed snapshot
03:02 +317: /Users/karim/Project/pokemonProject/apps/avelune_studio/test/stories/story_reconciliation_ui07_test.dart: multi-owner deletion publishes consumers before referenced stories
03:02 +318: /Users/karim/Project/pokemonProject/apps/avelune_studio/test/stories/story_reconciliation_ui07_test.dart: multi-owner deletion publishes consumers before referenced stories
03:02 +319: /Users/karim/Project/pokemonProject/apps/avelune_studio/test/stories/story_reconciliation_ui07_test.dart: multi-owner deletion publishes consumers before referenced stories
03:02 +320: /Users/karim/Project/pokemonProject/apps/avelune_studio/test/stories/story_reconciliation_ui07_test.dart: multi-owner deletion publishes consumers before referenced stories
03:02 +321: /Users/karim/Project/pokemonProject/apps/avelune_studio/test/stories/story_reconciliation_ui07_test.dart: multi-owner deletion publishes consumers before referenced stories
03:02 +322: /Users/karim/Project/pokemonProject/apps/avelune_studio/test/stories/story_reconciliation_ui07_test.dart: multi-owner deletion publishes consumers before referenced stories
03:03 +323: /Users/karim/Project/pokemonProject/apps/avelune_studio/test/architecture/architecture_boundaries_test.dart: application et domaine restent purs dans leur graphe transitif
03:04 +324: /Users/karim/Project/pokemonProject/apps/avelune_studio/test/dialogues_ui09_nested_navigation_test.dart: nested events → scene → dialogue returns to exact owner
03:04 +325: /Users/karim/Project/pokemonProject/apps/avelune_studio/test/dialogues_ui09_nested_navigation_test.dart: nested events → scene → dialogue returns to exact owner
03:04 +326: /Users/karim/Project/pokemonProject/apps/avelune_studio/test/dialogues_ui09_nested_navigation_test.dart: nested events → scene → dialogue returns to exact owner
03:04 +327: /Users/karim/Project/pokemonProject/apps/avelune_studio/test/dialogues_ui09_nested_navigation_test.dart: nested events → scene → dialogue returns to exact owner
03:04 +328: /Users/karim/Project/pokemonProject/apps/avelune_studio/test/dialogues_ui09_nested_navigation_test.dart: nested events → scene → dialogue returns to exact owner
03:05 +329: /Users/karim/Project/pokemonProject/apps/avelune_studio/test/dialogues_ui09_nested_navigation_test.dart: nested events → scene → dialogue returns to exact owner
03:05 +330: /Users/karim/Project/pokemonProject/apps/avelune_studio/test/dialogues_ui09_nested_navigation_test.dart: nested events → scene → dialogue returns to exact owner
03:06 +331: /Users/karim/Project/pokemonProject/apps/avelune_studio/test/dialogues_ui09_nested_navigation_test.dart: nested events → scene → dialogue returns to exact owner
03:06 +332: /Users/karim/Project/pokemonProject/apps/avelune_studio/test/dialogues_ui09_nested_navigation_test.dart: nested events → scene → dialogue returns to exact owner
03:07 +333: /Users/karim/Project/pokemonProject/apps/avelune_studio/test/dialogues_ui09_nested_navigation_test.dart: nested events → scene → dialogue returns to exact owner
03:07 +334: /Users/karim/Project/pokemonProject/apps/avelune_studio/test/dialogues_ui09_nested_navigation_test.dart: nested events → scene → dialogue returns to exact owner
03:07 +335: /Users/karim/Project/pokemonProject/apps/avelune_studio/test/dialogues_ui09_nested_navigation_test.dart: nested events → scene → dialogue returns to exact owner
03:07 +336: /Users/karim/Project/pokemonProject/apps/avelune_studio/test/dialogues_ui09_nested_navigation_test.dart: nested events → scene → dialogue returns to exact owner
03:08 +337: /Users/karim/Project/pokemonProject/apps/avelune_studio/test/dialogues_ui09_nested_navigation_test.dart: nested events → scene → dialogue returns to exact owner
03:09 +338: /Users/karim/Project/pokemonProject/apps/avelune_studio/test/dialogues_ui09_nested_navigation_test.dart: nested events → scene → dialogue returns to exact owner
03:09 +339: /Users/karim/Project/pokemonProject/apps/avelune_studio/test/dialogues_ui09_nested_navigation_test.dart: nested events → scene → dialogue returns to exact owner
03:10 +340: /Users/karim/Project/pokemonProject/apps/avelune_studio/test/presentations/presentation_references_ui11_test.dart: dirty scene cue survives undo, direct deletion and late scene changes block save
03:10 +341: /Users/karim/Project/pokemonProject/apps/avelune_studio/test/dialogues_ui09_nested_navigation_test.dart: nested stories → scene → dialogue returns to exact owner
03:10 +342: /Users/karim/Project/pokemonProject/apps/avelune_studio/test/dialogues_ui09_nested_navigation_test.dart: nested stories → scene → dialogue returns to exact owner
03:11 +343: /Users/karim/Project/pokemonProject/apps/avelune_studio/test/dialogues_ui09_nested_navigation_test.dart: nested stories → scene → dialogue returns to exact owner
03:12 +344: /Users/karim/Project/pokemonProject/apps/avelune_studio/test/dialogues_ui09_nested_navigation_test.dart: nested stories → scene → dialogue returns to exact owner
03:12 +345: /Users/karim/Project/pokemonProject/apps/avelune_studio/test/dialogues_ui09_nested_navigation_test.dart: nested stories → scene → dialogue returns to exact owner
03:12 +346: /Users/karim/Project/pokemonProject/apps/avelune_studio/test/dialogues_ui09_nested_navigation_test.dart: nested stories → scene → dialogue returns to exact owner
03:12 +347: /Users/karim/Project/pokemonProject/apps/avelune_studio/test/dialogues_ui09_nested_navigation_test.dart: nested stories → scene → dialogue returns to exact owner
03:12 +348: /Users/karim/Project/pokemonProject/apps/avelune_studio/test/dialogues_ui09_nested_navigation_test.dart: nested stories → scene → dialogue returns to exact owner
03:13 +349: /Users/karim/Project/pokemonProject/apps/avelune_studio/test/dialogues_ui09_nested_navigation_test.dart: nested stories → scene → dialogue returns to exact owner
03:13 +350: /Users/karim/Project/pokemonProject/apps/avelune_studio/test/dialogues_ui09_nested_navigation_test.dart: nested stories → scene → dialogue returns to exact owner
03:15 +351: /Users/karim/Project/pokemonProject/apps/avelune_studio/test/resource_io/decor_resource_io_test.dart: PNG selection, collision, variant, repeated placement, undo and disk reopen
03:15 +352: /Users/karim/Project/pokemonProject/apps/avelune_studio/test/resource_io/terrain_resource_io_test.dart: draft, publish, paint, erase, save and fresh reopen use canonical resources
03:17 +353: /Users/karim/Project/pokemonProject/apps/avelune_studio/test/resource_io/terrain_navigation_ui04_test.dart: same image creates distinct drafts and reopening retains canonical identity
03:17 +354: /Users/karim/Project/pokemonProject/apps/avelune_studio/test/resource_io/terrain_navigation_ui04_test.dart: publication without maps selects library and never pretends to paint
03:18 +355: /Users/karim/Project/pokemonProject/apps/avelune_studio/test/resource_io/local_resource_adapter_test.dart: cancel before validation publishes no file or resource
03:18 +356: /Users/karim/Project/pokemonProject/apps/avelune_studio/test/resource_io/local_resource_adapter_test.dart: PNG imports atomically into durable catalogue with non-square grid
03:18 +357: /Users/karim/Project/pokemonProject/apps/avelune_studio/test/resource_io/local_resource_adapter_test.dart: PNG imports atomically into durable catalogue with non-square grid
03:18 +358: /Users/karim/Project/pokemonProject/apps/avelune_studio/test/resource_io/resource_navigation_save_test.dart: close-save retains concurrent draft changes and refuses completion
03:18 +359: /Users/karim/Project/pokemonProject/apps/avelune_studio/test/resource_io/local_resource_adapter_test.dart: dirty map survives import and saves against accepted receipt
03:18 +360: /Users/karim/Project/pokemonProject/apps/avelune_studio/test/resource_io/local_resource_adapter_test.dart: dirty map survives import and saves against accepted receipt
03:18 +361: /Users/karim/Project/pokemonProject/apps/avelune_studio/test/resource_io/local_resource_adapter_test.dart: dirty map survives import and saves against accepted receipt
03:18 +362: /Users/karim/Project/pokemonProject/apps/avelune_studio/test/resource_io/local_resource_adapter_test.dart: first decor category and definition commit together; variant preserves original
03:19 +363: /Users/karim/Project/pokemonProject/apps/avelune_studio/test/resource_io/local_resource_adapter_test.dart: invalid grid leaves manifest, source and resource catalogue unpublished
03:19 +364: /Users/karim/Project/pokemonProject/apps/avelune_studio/test/resource_io/local_resource_adapter_test.dart: external manifest edit blocks import without accepting foreign revision
03:19 +365: /Users/karim/Project/pokemonProject/apps/avelune_studio/test/resource_io/local_resource_adapter_test.dart: external map edit stays protected by map CAS after own import
03:19 +366: /Users/karim/Project/pokemonProject/apps/avelune_studio/test/resource_io/local_resource_adapter_test.dart: resource API rejects map mutation and preserves map bytes
03:19 +367: /Users/karim/Project/pokemonProject/apps/avelune_studio/test/resource_io/local_resource_adapter_test.dart: unchanged definition can be used without a mutation or lost conflict guard
03:19 +368: /Users/karim/Project/pokemonProject/apps/avelune_studio/test/ui13_verification_identity_test.dart: two entities sharing an identifier stay two documents
03:20 +369: /Users/karim/Project/pokemonProject/apps/avelune_studio/test/ui13_verification_identity_test.dart: an identifier answered by several documents is not guessed
03:20 +370: /Users/karim/Project/pokemonProject/apps/avelune_studio/test/ui13_verification_identity_test.dart: a fact never resolves to an entity of the same name
03:20 +371: /Users/karim/Project/pokemonProject/apps/avelune_studio/test/cinematics_ui10_parity_viewport_test.dart: preview camera zoom shake fade uses playback transform and Stop restores author view
03:20 +372: /Users/karim/Project/pokemonProject/apps/avelune_studio/test/cinematics_ui10_parity_viewport_test.dart: preview camera zoom shake fade uses playback transform and Stop restores author view
03:21 +373: /Users/karim/Project/pokemonProject/apps/avelune_studio/test/cinematics_ui10_parity_viewport_test.dart: preview camera zoom shake fade uses playback transform and Stop restores author view
03:26 +374: /Users/karim/Project/pokemonProject/apps/avelune_studio/test/cinematics_ui10_nested_navigation_test.dart: UI10 nested events → scene → cinematic → dialogue returns to dirty owners
03:27 +375: /Users/karim/Project/pokemonProject/apps/avelune_studio/test/cinematics_ui10_nested_navigation_test.dart: UI10 nested events → scene → cinematic → dialogue returns to dirty owners
03:28 +376: /Users/karim/Project/pokemonProject/apps/avelune_studio/test/cinematics_ui10_nested_navigation_test.dart: UI10 nested events → scene → cinematic → dialogue returns to dirty owners
03:28 +377: /Users/karim/Project/pokemonProject/apps/avelune_studio/test/cinematics_ui10_nested_navigation_test.dart: UI10 nested events → scene → cinematic → dialogue returns to dirty owners
03:28 +378: /Users/karim/Project/pokemonProject/apps/avelune_studio/test/cinematics_ui10_nested_navigation_test.dart: UI10 nested events → scene → cinematic → dialogue returns to dirty owners
03:28 +379: /Users/karim/Project/pokemonProject/apps/avelune_studio/test/cinematics_ui10_nested_navigation_test.dart: UI10 nested events → scene → cinematic → dialogue returns to dirty owners
03:31 +380: /Users/karim/Project/pokemonProject/apps/avelune_studio/test/ui11_fixture_test.dart: UI11 isolated presentation fixture publishes real image and text
03:31 +381: /Users/karim/Project/pokemonProject/apps/avelune_studio/test/cinematics_ui10_nested_navigation_test.dart: UI10 nested stories → scene → cinematic → dialogue returns to dirty owners
03:33 +382: /Users/karim/Project/pokemonProject/apps/avelune_studio/test/cinematics_ui10_nested_navigation_test.dart: UI10 nested stories → scene → cinematic → dialogue returns to dirty owners
03:33 +383: /Users/karim/Project/pokemonProject/apps/avelune_studio/test/cinematics_ui10_nested_navigation_test.dart: UI10 nested stories → scene → cinematic → dialogue returns to dirty owners
03:36 +384: /Users/karim/Project/pokemonProject/apps/avelune_studio/test/cinematics_ui10_nested_navigation_test.dart: UI10 nested stories → scene → cinematic → dialogue returns to dirty owners
03:37 +385: /Users/karim/Project/pokemonProject/apps/avelune_studio/test/ui12_world_responsive_test.dart: UI12 stays usable at 1440
03:37 +386: /Users/karim/Project/pokemonProject/apps/avelune_studio/test/ui12_world_responsive_test.dart: UI12 stays usable at 1280
03:38 +387: /Users/karim/Project/pokemonProject/apps/avelune_studio/test/terrain_canvas_test.dart: canvas previews interpolated terrain, commits one history, erases neighbors and cancels
03:39 +388: /Users/karim/Project/pokemonProject/apps/avelune_studio/test/ui12_world_responsive_test.dart: UI12 stays usable at 1024
03:40 +389: /Users/karim/Project/pokemonProject/apps/avelune_studio/test/events_ui09_dialogue_fixture_test.dart: UI09 fixture opens editable canonical conversation, portrait and dirty consumer
03:41 +390: /Users/karim/Project/pokemonProject/apps/avelune_studio/test/events_ui08_legacy_consultation_test.dart: canonical historical projections preserve pages, scenario and registry
03:41 +391: /Users/karim/Project/pokemonProject/apps/avelune_studio/test/events_ui08_legacy_consultation_test.dart: historical library opens read-only detail without modern selection
03:41 +392: /Users/karim/Project/pokemonProject/apps/avelune_studio/test/ui11_presentation_library_test.dart: UI11 library visual ordering archives and restores the real asset
03:42 +393: /Users/karim/Project/pokemonProject/apps/avelune_studio/test/ui11_presentation_library_test.dart: UI11 library visual ordering archives and restores the real asset
03:43 +394: /Users/karim/Project/pokemonProject/apps/avelune_studio/test/ui11_presentation_library_test.dart: UI11 library visual ordering archives and restores the real asset
03:43 +395: /Users/karim/Project/pokemonProject/apps/avelune_studio/test/ui11_presentation_library_test.dart: UI11 library visual ordering archives and restores the real asset
03:43 +396: /Users/karim/Project/pokemonProject/apps/avelune_studio/test/ui11_presentation_library_test.dart: UI11 library visual ordering archives and restores the real asset
03:44 +397: /Users/karim/Project/pokemonProject/apps/avelune_studio/test/ui11_presentation_library_test.dart: UI11 library visual ordering archives and restores the real asset
03:44 +398: /Users/karim/Project/pokemonProject/apps/avelune_studio/test/ui11_presentation_library_test.dart: UI11 library visual ordering archives and restores the real asset
03:44 +399: /Users/karim/Project/pokemonProject/apps/avelune_studio/test/ui11_presentation_library_test.dart: UI11 library visual ordering archives and restores the real asset
03:45 +400: /Users/karim/Project/pokemonProject/apps/avelune_studio/test/ui11_presentation_library_test.dart: UI11 library visual ordering archives and restores the real asset
03:45 +401: /Users/karim/Project/pokemonProject/apps/avelune_studio/test/ui11_presentation_library_test.dart: UI11 library visual ordering archives and restores the real asset
03:45 +402: /Users/karim/Project/pokemonProject/apps/avelune_studio/test/ui11_presentation_library_test.dart: UI11 library visual ordering archives and restores the real asset
03:50 +403: /Users/karim/Project/pokemonProject/apps/avelune_studio/test/ui12_workspace_return_test.dart: a detour through a second consumer still returns to scene A
03:53 +404: /Users/karim/Project/pokemonProject/apps/avelune_studio/test/cinematics_ui10_renderer_test.dart: UI10 real map paints inside a new RepaintBoundary with unbounded recording clip
03:54 +405: /Users/karim/Project/pokemonProject/apps/avelune_studio/test/cinematics_ui10_renderer_test.dart: UI10 real map paints inside a new RepaintBoundary with unbounded recording clip
03:54 +406: /Users/karim/Project/pokemonProject/apps/avelune_studio/test/story_graph_canvas_test.dart: first declared outcome connects without a fabricated effect
03:54 +407: /Users/karim/Project/pokemonProject/apps/avelune_studio/test/cinematics_ui10_renderer_test.dart: UI10 canonical actor renderer selects walk frames at absolute time and rewinds exactly
03:55 +408: /Users/karim/Project/pokemonProject/apps/avelune_studio/test/cinematics_ui10_renderer_test.dart: UI10 canonical actor renderer selects walk frames at absolute time and rewinds exactly
03:55 +409: /Users/karim/Project/pokemonProject/apps/avelune_studio/test/cinematics_ui10_renderer_test.dart: UI10 canonical actor renderer selects walk frames at absolute time and rewinds exactly
03:55 +410: /Users/karim/Project/pokemonProject/apps/avelune_studio/test/cinematics_ui10_renderer_test.dart: UI10 canonical actor renderer selects walk frames at absolute time and rewinds exactly
03:55 +411: /Users/karim/Project/pokemonProject/apps/avelune_studio/test/cinematics_ui10_renderer_test.dart: UI10 canonical actor renderer selects walk frames at absolute time and rewinds exactly
03:55 +412: /Users/karim/Project/pokemonProject/apps/avelune_studio/test/story_graph_canvas_test.dart: group drag and view undo preserve canonical order and document
03:55 +413: /Users/karim/Project/pokemonProject/apps/avelune_studio/test/story_graph_canvas_test.dart: trackpad over chapter and text shortcuts never mutate story
03:56 +414: /Users/karim/Project/pokemonProject/apps/avelune_studio/test/story_graph_canvas_test.dart: curve hit testing resolves semantic edge away from its label
03:56 +415: /Users/karim/Project/pokemonProject/apps/avelune_studio/test/application/m1_editing_test.dart: selection and inspection never create dirty state or history
03:56 +416: /Users/karim/Project/pokemonProject/apps/avelune_studio/test/application/m1_editing_test.dart: move changes only position and out of bounds movement is ignored
03:56 +417: /Users/karim/Project/pokemonProject/apps/avelune_studio/test/application/m1_editing_test.dart: reorder undo redo keeps list priority and every non-order field
03:56 +418: /Users/karim/Project/pokemonProject/apps/avelune_studio/test/application/m1_editing_test.dart: delete targets selection and undo restores exact decoration metadata
03:56 +419: /Users/karim/Project/pokemonProject/apps/avelune_studio/test/application/m1_editing_test.dart: place validates footprint and one undo removes only the new instance
03:56 +420: /Users/karim/Project/pokemonProject/apps/avelune_studio/test/application/m1_editing_test.dart: one buffered stroke is one undo and interrupted stroke stays clean
03:56 +421: /Users/karim/Project/pokemonProject/apps/avelune_studio/test/application/m1_editing_test.dart: new edits after undo discard redo and saved equality governs dirty
03:57 +422: /Users/karim/Project/pokemonProject/apps/avelune_studio/test/application/m1_controller_test.dart: warm map activation keeps edits and loads project and maps only once
03:57 +423: /Users/karim/Project/pokemonProject/apps/avelune_studio/test/application/m1_controller_test.dart: warm map activation keeps edits and loads project and maps only once
03:57 +424: /Users/karim/Project/pokemonProject/apps/avelune_studio/test/application/m1_controller_test.dart: warm map activation keeps edits and loads project and maps only once
03:57 +425: /Users/karim/Project/pokemonProject/apps/avelune_studio/test/application/project_session_controller_test.dart: closes its current session exactly once and resets state
03:57 +426: /Users/karim/Project/pokemonProject/apps/avelune_studio/test/application/m1_controller_test.dart: late activation cannot replace the latest choice
03:57 +427: /Users/karim/Project/pokemonProject/apps/avelune_studio/test/application/project_session_controller_test.dart: exposes ProjectOpenProblem.invalidPath and allows an explicit retry
03:57 +428: /Users/karim/Project/pokemonProject/apps/avelune_studio/test/application/m1_controller_test.dart: simultaneous requests for one map share the same load
03:57 +429: /Users/karim/Project/pokemonProject/apps/avelune_studio/test/application/project_session_controller_test.dart: exposes ProjectOpenProblem.pathNotPreserved and allows an explicit retry
03:57 +430: /Users/karim/Project/pokemonProject/apps/avelune_studio/test/application/m1_controller_test.dart: obsolete load failure does not replace current success
03:57 +431: /Users/karim/Project/pokemonProject/apps/avelune_studio/test/application/m1_controller_test.dart: obsolete load failure does not replace current success
03:57 +432: /Users/karim/Project/pokemonProject/apps/avelune_studio/test/application/m1_controller_test.dart: obsolete load failure does not replace current success
03:57 +433: /Users/karim/Project/pokemonProject/apps/avelune_studio/test/application/project_session_controller_test.dart: exposes ProjectOpenProblem.manifestInvalid and allows an explicit retry
03:57 +434: /Users/karim/Project/pokemonProject/apps/avelune_studio/test/application/m1_controller_test.dart: disposed project initialization cannot trigger a map load
03:57 +435: /Users/karim/Project/pokemonProject/apps/avelune_studio/test/application/project_session_controller_test.dart: exposes ProjectOpenProblem.accessDenied and allows an explicit retry
03:57 +436: /Users/karim/Project/pokemonProject/apps/avelune_studio/test/application/m1_controller_test.dart: disposed map completion cannot publish or retain a document
03:57 +437: /Users/karim/Project/pokemonProject/apps/avelune_studio/test/application/project_session_controller_test.dart: exposes ProjectOpenProblem.readFailed and allows an explicit retry
03:57 +438: /Users/karim/Project/pokemonProject/apps/avelune_studio/test/application/m1_controller_test.dart: save uses its snapshot and retains edits made during the write
03:57 +439: /Users/karim/Project/pokemonProject/apps/avelune_studio/test/application/project_session_controller_test.dart: maps an unexpected read error to an explicit failure
03:57 +440: /Users/karim/Project/pokemonProject/apps/avelune_studio/test/application/m1_controller_test.dart: conflict keeps current, base revision and dirty for retry
03:57 +441: /Users/karim/Project/pokemonProject/apps/avelune_studio/test/application/m1_controller_test.dart: conflict keeps current, base revision and dirty for retry
03:57 +442: /Users/karim/Project/pokemonProject/apps/avelune_studio/test/application/project_session_controller_test.dart: reading the projection never reopens the loaded project
03:57 +443: /Users/karim/Project/pokemonProject/apps/avelune_studio/test/application/m1_controller_test.dart: writeFailed keeps current, base revision and dirty for retry
03:57 +444: /Users/karim/Project/pokemonProject/apps/avelune_studio/test/application/project_session_controller_test.dart: dispose releases the active session and rejects future opens
03:57 +445: /Users/karim/Project/pokemonProject/apps/avelune_studio/test/application/project_session_controller_test.dart: dispose releases the active session and rejects future opens
03:57 +446: /Users/karim/Project/pokemonProject/apps/avelune_studio/test/application/m1_controller_test.dart: saveAll stops on failure and leaves every later document dirty
03:57 +447: /Users/karim/Project/pokemonProject/apps/avelune_studio/test/application/m1_controller_test.dart: disposed save completion cannot accept a new baseline
03:57 +448: /Users/karim/Project/pokemonProject/apps/avelune_studio/test/application/m1_controller_test.dart: a disposed empty controller cannot authorize saveAll close
03:57 +449: /Users/karim/Project/pokemonProject/apps/avelune_studio/test/application/m1_controller_test.dart: failed navigation preserves the previous dirty document
03:57 +450: loading /Users/karim/Project/pokemonProject/apps/avelune_studio/test/application/decor_draft_test.dart
03:57 +450: /Users/karim/Project/pokemonProject/apps/avelune_studio/test/application/m1_controller_test.dart: saveAll succeeds only after all dirty documents finish sequentially
03:58 +451: /Users/karim/Project/pokemonProject/apps/avelune_studio/test/application/decor_draft_test.dart: decor conversion permits matching non-square grid and precisely rejects unsupported geometry
03:58 +452: /Users/karim/Project/pokemonProject/apps/avelune_studio/test/application/decor_draft_test.dart: variant creates independent identity and preserves animation, categories and advanced collision data
03:58 +453: /Users/karim/Project/pokemonProject/apps/avelune_studio/test/application/decor_draft_test.dart: new rectangle decor blocks selected cells and rejects blank name
03:58 +454: /Users/karim/Project/pokemonProject/apps/avelune_studio/test/application/project_session_races_test.dart: late A is released without replacing or closing ready B
03:58 +455: /Users/karim/Project/pokemonProject/apps/avelune_studio/test/application/project_session_races_test.dart: late A failure leaves ready B unchanged
03:58 +456: /Users/karim/Project/pokemonProject/apps/avelune_studio/test/application/project_session_races_test.dart: close during a read releases its late success and stays idle
03:58 +457: /Users/karim/Project/pokemonProject/apps/avelune_studio/test/application/project_session_races_test.dart: close during a read ignores its late failure
03:58 +458: /Users/karim/Project/pokemonProject/apps/avelune_studio/test/application/project_session_races_test.dart: dispose rejects late success without notifying detached views
03:58 +459: /Users/karim/Project/pokemonProject/apps/avelune_studio/test/application/project_session_races_test.dart: opening B retains A and a failed replacement leaves A available
03:58 +460: /Users/karim/Project/pokemonProject/apps/avelune_studio/test/application/project_session_races_test.dart: close while replacing releases previous and late candidate once each
03:58 +461: /Users/karim/Project/pokemonProject/apps/avelune_studio/test/application/project_session_races_test.dart: successful replacement publishes B before releasing A
03:58 +462: /Users/karim/Project/pokemonProject/apps/avelune_studio/test/application/project_session_races_test.dart: cancel keeps A ready and closes late B
03:58 +463: /Users/karim/Project/pokemonProject/apps/avelune_studio/test/application/project_session_races_test.dart: cancel without previous project stays idle after late failure
03:58 +464: /Users/karim/Project/pokemonProject/apps/avelune_studio/test/application/project_session_races_test.dart: dispose while replacing releases previous and late candidate
03:58 +465: /Users/karim/Project/pokemonProject/apps/avelune_studio/test/application/project_session_races_test.dart: latest replacement failure retains A despite older success
03:59 +466: /Users/karim/Project/pokemonProject/apps/avelune_studio/test/cinematics_ui10_runtime_test.dart: UI10 real Flame cinematic animates before Scene continuation and restores authoring bytes
04:01 +466: /Users/karim/Project/pokemonProject/apps/avelune_studio/test/terrain_runtime_test.dart: new imported and published terrain renders its pixels in real runtime and walks
[runtime_loader] bundle load start projectFilePath=/private/var/folders/b5/7gsfwzyd449_54n8l40h40gc0000gn/T/studio_terrain_runtime_tB7Z71/project.json mapId=jardin
[runtime_loader] project manifest lookup path=/private/var/folders/b5/7gsfwzyd449_54n8l40h40gc0000gn/T/studio_terrain_runtime_tB7Z71/project.json
[runtime_loader] project manifest read ok bytes=43142
[runtime_loader] project manifest validated maps=2 tilesets=2 scenarios=0
[runtime_loader] bundle map resolved mapId=jardin relativePath=maps/jardin.json mapPath=/private/var/folders/b5/7gsfwzyd449_54n8l40h40gc0000gn/T/studio_terrain_runtime_tB7Z71/maps/jardin.json
[runtime_loader] map file lookup path=/private/var/folders/b5/7gsfwzyd449_54n8l40h40gc0000gn/T/studio_terrain_runtime_tB7Z71/maps/jardin.json
[runtime_loader] map file read ok bytes=22682
[runtime_loader] map validated id=jardin size=24x16 layers=4 entities=1 placedElements=3 warps=0 triggers=0
[runtime_loader] bundle tilesets collected ids=atelier,source_1790127551978555_4088464858
[runtime_loader] bundle tileset path id=atelier path=/private/var/folders/b5/7gsfwzyd449_54n8l40h40gc0000gn/T/studio_terrain_runtime_tB7Z71/assets/atelier.png
[runtime_loader] bundle tileset path id=source_1790127551978555_4088464858 path=/private/var/folders/b5/7gsfwzyd449_54n8l40h40gc0000gn/T/studio_terrain_runtime_tB7Z71/assets/.pokemap-store/9417e071d7b249ab91d1e45db390e4a3b5b332ee420f1ae0f5acd110df673697.blob
[runtime_loader] bundle load ok mapId=jardin projectRoot=/private/var/folders/b5/7gsfwzyd449_54n8l40h40gc0000gn/T/studio_terrain_runtime_tB7Z71 tilesets=2
[runtime_game] tileset image load start map=jardin
[runtime_game] tileset cache resolve requested=2
[runtime_game] tileset cache resolve ok result=2
[runtime_game] onLoad start map=jardin projectFilePath=/private/var/folders/b5/7gsfwzyd449_54n8l40h40gc0000gn/T/studio_terrain_runtime_tB7Z71/project.json tilesets=2
[runtime_game] world build start map=jardin
04:01 +466: /Users/karim/Project/pokemonProject/apps/avelune_studio/test/cinematics_ui10_runtime_test.dart: UI10 real Flame cinematic animates before Scene continuation and restores authoring bytes
[runtime_loader] bundle load start projectFilePath=/private/var/folders/b5/7gsfwzyd449_54n8l40h40gc0000gn/T/avelune_ui06_sVe4TE/project.json mapId=jardin
[runtime_loader] project manifest lookup path=/private/var/folders/b5/7gsfwzyd449_54n8l40h40gc0000gn/T/avelune_ui06_sVe4TE/project.json
04:01 +466: /Users/karim/Project/pokemonProject/apps/avelune_studio/test/terrain_runtime_test.dart: new imported and published terrain renders its pixels in real runtime and walks
[runtime] Map loaded: jardin, spawn at (8, 9)
[runtime_game] tileset image load ok count=2 map=jardin
04:01 +466: /Users/karim/Project/pokemonProject/apps/avelune_studio/test/cinematics_ui10_runtime_test.dart: UI10 real Flame cinematic animates before Scene continuation and restores authoring bytes
[runtime_loader] project manifest read ok bytes=33949
04:01 +466: /Users/karim/Project/pokemonProject/apps/avelune_studio/test/terrain_runtime_test.dart: new imported and published terrain renders its pixels in real runtime and walks
[runtime_game] mount root map start map=jardin
04:01 +466: /Users/karim/Project/pokemonProject/apps/avelune_studio/test/cinematics_ui10_runtime_test.dart: UI10 real Flame cinematic animates before Scene continuation and restores authoring bytes
[runtime_loader] project manifest validated maps=2 tilesets=4 scenarios=1
[runtime_loader] bundle map resolved mapId=jardin relativePath=maps/jardin.json mapPath=/private/var/folders/b5/7gsfwzyd449_54n8l40h40gc0000gn/T/avelune_ui06_sVe4TE/maps/jardin.json
[runtime_loader] map file lookup path=/private/var/folders/b5/7gsfwzyd449_54n8l40h40gc0000gn/T/avelune_ui06_sVe4TE/maps/jardin.json
[runtime_loader] map file read ok bytes=18711
[runtime_loader] map validated id=jardin size=24x16 layers=2 entities=3 placedElements=6 warps=0 triggers=1
[runtime_loader] bundle tilesets collected ids=grass,path,actor,forest
[runtime_loader] bundle tileset path id=grass path=/private/var/folders/b5/7gsfwzyd449_54n8l40h40gc0000gn/T/avelune_ui06_sVe4TE/assets/ui10_grass.png
[runtime_loader] bundle tileset path id=path path=/private/var/folders/b5/7gsfwzyd449_54n8l40h40gc0000gn/T/avelune_ui06_sVe4TE/assets/ui10_path.png
[runtime_loader] bundle tileset path id=actor path=/private/var/folders/b5/7gsfwzyd449_54n8l40h40gc0000gn/T/avelune_ui06_sVe4TE/assets/ui10_actor.png
[runtime_loader] bundle tileset path id=forest path=/private/var/folders/b5/7gsfwzyd449_54n8l40h40gc0000gn/T/avelune_ui06_sVe4TE/assets/ui10_forest.png
[runtime_loader] bundle load ok mapId=jardin projectRoot=/private/var/folders/b5/7gsfwzyd449_54n8l40h40gc0000gn/T/avelune_ui06_sVe4TE tilesets=4
04:01 +466: /Users/karim/Project/pokemonProject/apps/avelune_studio/test/terrain_runtime_test.dart: new imported and published terrain renders its pixels in real runtime and walks
[runtime_game] mount root map ok map=jardin
[runtime_game] onLoad completed activeMapId=jardin
[event_v2] mapEnter activation=mapact_1790127554018569_1 map=jardin reason=initialBoot result=MapEnterProductionDispatchLegacyFallback
04:01 +466: /Users/karim/Project/pokemonProject/apps/avelune_studio/test/cinematics_ui10_runtime_test.dart: UI10 real Flame cinematic animates before Scene continuation and restores authoring bytes
[runtime_game] tileset image load start map=jardin
[runtime_game] tileset cache resolve requested=4
[runtime_game] tileset cache resolve ok result=4
[runtime_game] onLoad start map=jardin projectFilePath=/private/var/folders/b5/7gsfwzyd449_54n8l40h40gc0000gn/T/avelune_ui06_sVe4TE/project.json tilesets=4
[runtime_game] world build start map=jardin
[runtime] Map loaded: jardin, spawn at (8, 9)
[runtime_game] tileset image load ok count=4 map=jardin
[runtime_game] mount root map start map=jardin
04:02 +467: /Users/karim/Project/pokemonProject/apps/avelune_studio/test/cinematics_ui10_runtime_test.dart: UI10 real Flame cinematic animates before Scene continuation and restores authoring bytes
[step_studio_trace] npc_mount_added map=jardin entity=chief
[step_studio_trace] npc_mount_added map=jardin entity=traveller
[step_studio_trace] npc_presence_applied map=jardin entity=chief present=true
[step_studio_trace] npc_presence_applied map=jardin entity=traveller present=true
[runtime_game] mount root map ok map=jardin
[npc_patrol] read movement entity=chief pos=(13,7) size=1x1 mode=idle waypoints= loop=true pauseMs=0 stepMs=200
[npc_patrol] read movement entity=traveller pos=(10,9) size=1x1 mode=idle waypoints= loop=true pauseMs=0 stepMs=200
[runtime_game] onLoad completed activeMapId=jardin
[runtime_loader] bundle load start projectFilePath=/private/var/folders/b5/7gsfwzyd449_54n8l40h40gc0000gn/T/avelune_ui06_sVe4TE/project.json mapId=clairiere
[runtime_loader] project manifest lookup path=/private/var/folders/b5/7gsfwzyd449_54n8l40h40gc0000gn/T/avelune_ui06_sVe4TE/project.json
[runtime_loader] project manifest read ok bytes=33949
[runtime_loader] project manifest validated maps=2 tilesets=4 scenarios=1
[runtime_loader] bundle map resolved mapId=clairiere relativePath=maps/clairiere.json mapPath=/private/var/folders/b5/7gsfwzyd449_54n8l40h40gc0000gn/T/avelune_ui06_sVe4TE/maps/clairiere.json
[runtime_loader] map file lookup path=/private/var/folders/b5/7gsfwzyd449_54n8l40h40gc0000gn/T/avelune_ui06_sVe4TE/maps/clairiere.json
[runtime_loader] map file read ok bytes=16729
[runtime_loader] map validated id=clairiere size=24x16 layers=2 entities=1 placedElements=6 warps=0 triggers=0
[runtime_loader] bundle tilesets collected ids=grass,path,actor,forest
[runtime_loader] bundle tileset path id=grass path=/private/var/folders/b5/7gsfwzyd449_54n8l40h40gc0000gn/T/avelune_ui06_sVe4TE/assets/ui10_grass.png
[runtime_loader] bundle tileset path id=path path=/private/var/folders/b5/7gsfwzyd449_54n8l40h40gc0000gn/T/avelune_ui06_sVe4TE/assets/ui10_path.png
[runtime_loader] bundle tileset path id=actor path=/private/var/folders/b5/7gsfwzyd449_54n8l40h40gc0000gn/T/avelune_ui06_sVe4TE/assets/ui10_actor.png
[runtime_loader] bundle tileset path id=forest path=/private/var/folders/b5/7gsfwzyd449_54n8l40h40gc0000gn/T/avelune_ui06_sVe4TE/assets/ui10_forest.png
[runtime_loader] bundle load ok mapId=clairiere projectRoot=/private/var/folders/b5/7gsfwzyd449_54n8l40h40gc0000gn/T/avelune_ui06_sVe4TE tilesets=4
[step_studio_trace] npc_presence_applied map=jardin entity=chief present=true
[step_studio_trace] npc_presence_applied map=jardin entity=traveller present=true
[npc_patrol] read movement entity=chief pos=(13,7) size=1x1 mode=idle waypoints= loop=true pauseMs=0 stepMs=200
[npc_patrol] read movement entity=traveller pos=(10,9) size=1x1 mode=idle waypoints= loop=true pauseMs=0 stepMs=200
[step_studio_trace] npc_presence_applied map=jardin entity=chief present=true
[step_studio_trace] npc_presence_applied map=jardin entity=traveller present=true
[npc_patrol] read movement entity=chief pos=(13,7) size=1x1 mode=idle waypoints= loop=true pauseMs=0 stepMs=200
[npc_patrol] read movement entity=traveller pos=(10,9) size=1x1 mode=idle waypoints= loop=true pauseMs=0 stepMs=200
[event_v2] mapEnter activation=mapact_1790127554228400_1 map=jardin reason=initialBoot result=MapEnterProductionDispatchV2Handled
04:02 +468: /Users/karim/Project/pokemonProject/apps/avelune_studio/test/cinematics_ui10_runtime_test.dart: UI10 leaving real runtime cancels cinematic without continuation or event consumption
[runtime_loader] bundle load start projectFilePath=/private/var/folders/b5/7gsfwzyd449_54n8l40h40gc0000gn/T/avelune_ui06_npo80v/project.json mapId=jardin
[runtime_loader] project manifest lookup path=/private/var/folders/b5/7gsfwzyd449_54n8l40h40gc0000gn/T/avelune_ui06_npo80v/project.json
[runtime_loader] project manifest read ok bytes=33949
[runtime_loader] project manifest validated maps=2 tilesets=4 scenarios=1
[runtime_loader] bundle map resolved mapId=jardin relativePath=maps/jardin.json mapPath=/private/var/folders/b5/7gsfwzyd449_54n8l40h40gc0000gn/T/avelune_ui06_npo80v/maps/jardin.json
[runtime_loader] map file lookup path=/private/var/folders/b5/7gsfwzyd449_54n8l40h40gc0000gn/T/avelune_ui06_npo80v/maps/jardin.json
[runtime_loader] map file read ok bytes=18711
[runtime_loader] map validated id=jardin size=24x16 layers=2 entities=3 placedElements=6 warps=0 triggers=1
[runtime_loader] bundle tilesets collected ids=grass,path,actor,forest
[runtime_loader] bundle tileset path id=grass path=/private/var/folders/b5/7gsfwzyd449_54n8l40h40gc0000gn/T/avelune_ui06_npo80v/assets/ui10_grass.png
[runtime_loader] bundle tileset path id=path path=/private/var/folders/b5/7gsfwzyd449_54n8l40h40gc0000gn/T/avelune_ui06_npo80v/assets/ui10_path.png
[runtime_loader] bundle tileset path id=actor path=/private/var/folders/b5/7gsfwzyd449_54n8l40h40gc0000gn/T/avelune_ui06_npo80v/assets/ui10_actor.png
[runtime_loader] bundle tileset path id=forest path=/private/var/folders/b5/7gsfwzyd449_54n8l40h40gc0000gn/T/avelune_ui06_npo80v/assets/ui10_forest.png
[runtime_loader] bundle load ok mapId=jardin projectRoot=/private/var/folders/b5/7gsfwzyd449_54n8l40h40gc0000gn/T/avelune_ui06_npo80v tilesets=4
[runtime_game] tileset image load start map=jardin
[runtime_game] tileset cache resolve requested=4
[runtime_game] tileset cache resolve ok result=4
[runtime_game] onLoad start map=jardin projectFilePath=/private/var/folders/b5/7gsfwzyd449_54n8l40h40gc0000gn/T/avelune_ui06_npo80v/project.json tilesets=4
[runtime_game] world build start map=jardin
[runtime] Map loaded: jardin, spawn at (8, 9)
[runtime_game] tileset image load ok count=4 map=jardin
[runtime_game] mount root map start map=jardin
[step_studio_trace] npc_mount_added map=jardin entity=chief
[step_studio_trace] npc_mount_added map=jardin entity=traveller
[step_studio_trace] npc_presence_applied map=jardin entity=chief present=true
[step_studio_trace] npc_presence_applied map=jardin entity=traveller present=true
[runtime_game] mount root map ok map=jardin
[npc_patrol] read movement entity=chief pos=(13,7) size=1x1 mode=idle waypoints= loop=true pauseMs=0 stepMs=200
[npc_patrol] read movement entity=traveller pos=(10,9) size=1x1 mode=idle waypoints= loop=true pauseMs=0 stepMs=200
[runtime_game] onLoad completed activeMapId=jardin
[runtime_loader] bundle load start projectFilePath=/private/var/folders/b5/7gsfwzyd449_54n8l40h40gc0000gn/T/avelune_ui06_npo80v/project.json mapId=clairiere
[runtime_loader] project manifest lookup path=/private/var/folders/b5/7gsfwzyd449_54n8l40h40gc0000gn/T/avelune_ui06_npo80v/project.json
[runtime_loader] project manifest read ok bytes=33949
[runtime_loader] project manifest validated maps=2 tilesets=4 scenarios=1
[runtime_loader] bundle map resolved mapId=clairiere relativePath=maps/clairiere.json mapPath=/private/var/folders/b5/7gsfwzyd449_54n8l40h40gc0000gn/T/avelune_ui06_npo80v/maps/clairiere.json
[runtime_loader] map file lookup path=/private/var/folders/b5/7gsfwzyd449_54n8l40h40gc0000gn/T/avelune_ui06_npo80v/maps/clairiere.json
[runtime_loader] map file read ok bytes=16729
[runtime_loader] map validated id=clairiere size=24x16 layers=2 entities=1 placedElements=6 warps=0 triggers=0
[runtime_loader] bundle tilesets collected ids=grass,path,actor,forest
[runtime_loader] bundle tileset path id=grass path=/private/var/folders/b5/7gsfwzyd449_54n8l40h40gc0000gn/T/avelune_ui06_npo80v/assets/ui10_grass.png
[runtime_loader] bundle tileset path id=path path=/private/var/folders/b5/7gsfwzyd449_54n8l40h40gc0000gn/T/avelune_ui06_npo80v/assets/ui10_path.png
[runtime_loader] bundle tileset path id=actor path=/private/var/folders/b5/7gsfwzyd449_54n8l40h40gc0000gn/T/avelune_ui06_npo80v/assets/ui10_actor.png
[runtime_loader] bundle tileset path id=forest path=/private/var/folders/b5/7gsfwzyd449_54n8l40h40gc0000gn/T/avelune_ui06_npo80v/assets/ui10_forest.png
[runtime_loader] bundle load ok mapId=clairiere projectRoot=/private/var/folders/b5/7gsfwzyd449_54n8l40h40gc0000gn/T/avelune_ui06_npo80v tilesets=4
[event_v2] mapEnter activation=mapact_1790127556373087_1 map=jardin reason=initialBoot result=MapEnterProductionDispatchFailed
[event_v2] mapEnter failure=Instance of 'NarrativeEventExecutionFailure'
04:04 +469: /Users/karim/Project/pokemonProject/apps/avelune_studio/test/ui13_verification_scale_test.dart: UI13 stays usable at 1536
04:05 +470: /Users/karim/Project/pokemonProject/apps/avelune_studio/test/ui13_verification_scale_test.dart: UI13 stays usable at 1440
04:05 +471: /Users/karim/Project/pokemonProject/apps/avelune_studio/test/dialogues_ui09_safety_test.dart: CmdS and CtrlS publish text while inspector keeps keyboard focus
04:06 +472: /Users/karim/Project/pokemonProject/apps/avelune_studio/test/dialogues_ui09_safety_test.dart: CmdS and CtrlS publish text while inspector keeps keyboard focus
04:07 +473: /Users/karim/Project/pokemonProject/apps/avelune_studio/test/dialogues_ui09_safety_test.dart: CmdS and CtrlS publish text while inspector keeps keyboard focus
04:08 +474: /Users/karim/Project/pokemonProject/apps/avelune_studio/test/dialogues_ui09_safety_test.dart: CmdS and CtrlS publish text while inspector keeps keyboard focus
04:10 +475: /Users/karim/Project/pokemonProject/apps/avelune_studio/test/cinematics_ui10_preview_runtime_parity_test.dart: preview matches real Flame actors camera shake fade at 16x16 reset=false
[runtime_loader] bundle load start projectFilePath=/private/var/folders/b5/7gsfwzyd449_54n8l40h40gc0000gn/T/avelune_ui06_IbxCXm/project.json mapId=jardin
[runtime_loader] project manifest lookup path=/private/var/folders/b5/7gsfwzyd449_54n8l40h40gc0000gn/T/avelune_ui06_IbxCXm/project.json
[runtime_loader] project manifest read ok bytes=17581
[runtime_loader] project manifest validated maps=2 tilesets=4 scenarios=1
[runtime_loader] bundle map resolved mapId=jardin relativePath=maps/jardin.json mapPath=/private/var/folders/b5/7gsfwzyd449_54n8l40h40gc0000gn/T/avelune_ui06_IbxCXm/maps/jardin.json
[runtime_loader] map file lookup path=/private/var/folders/b5/7gsfwzyd449_54n8l40h40gc0000gn/T/avelune_ui06_IbxCXm/maps/jardin.json
[runtime_loader] map file read ok bytes=17669
[runtime_loader] map validated id=jardin size=24x16 layers=2 entities=3 placedElements=3 warps=0 triggers=1
[runtime_loader] bundle tilesets collected ids=grass,path,actor,forest
[runtime_loader] bundle tileset path id=grass path=/private/var/folders/b5/7gsfwzyd449_54n8l40h40gc0000gn/T/avelune_ui06_IbxCXm/assets/ui10_grass.png
[runtime_loader] bundle tileset path id=path path=/private/var/folders/b5/7gsfwzyd449_54n8l40h40gc0000gn/T/avelune_ui06_IbxCXm/assets/ui10_path.png
[runtime_loader] bundle tileset path id=actor path=/private/var/folders/b5/7gsfwzyd449_54n8l40h40gc0000gn/T/avelune_ui06_IbxCXm/assets/ui10_actor.png
[runtime_loader] bundle tileset path id=forest path=/private/var/folders/b5/7gsfwzyd449_54n8l40h40gc0000gn/T/avelune_ui06_IbxCXm/assets/ui10_forest.png
[runtime_loader] bundle load ok mapId=jardin projectRoot=/private/var/folders/b5/7gsfwzyd449_54n8l40h40gc0000gn/T/avelune_ui06_IbxCXm tilesets=4
[runtime_game] tileset image load start map=jardin
[runtime_game] tileset cache resolve requested=4
[runtime_game] tileset cache resolve ok result=4
[runtime_game] onLoad start map=jardin projectFilePath=/private/var/folders/b5/7gsfwzyd449_54n8l40h40gc0000gn/T/avelune_ui06_IbxCXm/project.json tilesets=4
[runtime_game] world build start map=jardin
[runtime] Map loaded: jardin, spawn at (8, 9)
[runtime_game] tileset image load ok count=4 map=jardin
[runtime_game] mount root map start map=jardin
[step_studio_trace] npc_mount_added map=jardin entity=chief
[step_studio_trace] npc_mount_added map=jardin entity=traveller
[step_studio_trace] npc_presence_applied map=jardin entity=chief present=true
[step_studio_trace] npc_presence_applied map=jardin entity=traveller present=true
[runtime_game] mount root map ok map=jardin
04:12 +476: /Users/karim/Project/pokemonProject/apps/avelune_studio/test/cinematics_ui10_preview_runtime_parity_test.dart: preview matches real Flame actors camera shake fade at 16x16 reset=false
[npc_patrol] read movement entity=chief pos=(13,7) size=1x1 mode=idle waypoints= loop=true pauseMs=0 stepMs=200
[npc_patrol] read movement entity=traveller pos=(10,9) size=1x1 mode=idle waypoints= loop=true pauseMs=0 stepMs=200
[runtime_game] onLoad completed activeMapId=jardin
[runtime_loader] bundle load start projectFilePath=/private/var/folders/b5/7gsfwzyd449_54n8l40h40gc0000gn/T/avelune_ui06_IbxCXm/project.json mapId=clairiere
[runtime_loader] project manifest lookup path=/private/var/folders/b5/7gsfwzyd449_54n8l40h40gc0000gn/T/avelune_ui06_IbxCXm/project.json
[runtime_loader] project manifest read ok bytes=17581
[runtime_loader] project manifest validated maps=2 tilesets=4 scenarios=1
[runtime_loader] bundle map resolved mapId=clairiere relativePath=maps/clairiere.json mapPath=/private/var/folders/b5/7gsfwzyd449_54n8l40h40gc0000gn/T/avelune_ui06_IbxCXm/maps/clairiere.json
[runtime_loader] map file lookup path=/private/var/folders/b5/7gsfwzyd449_54n8l40h40gc0000gn/T/avelune_ui06_IbxCXm/maps/clairiere.json
[runtime_loader] map file read ok bytes=15687
[runtime_loader] map validated id=clairiere size=24x16 layers=2 entities=1 placedElements=3 warps=0 triggers=0
[runtime_loader] bundle tilesets collected ids=grass,path,actor,forest
[runtime_loader] bundle tileset path id=grass path=/private/var/folders/b5/7gsfwzyd449_54n8l40h40gc0000gn/T/avelune_ui06_IbxCXm/assets/ui10_grass.png
[runtime_loader] bundle tileset path id=path path=/private/var/folders/b5/7gsfwzyd449_54n8l40h40gc0000gn/T/avelune_ui06_IbxCXm/assets/ui10_path.png
[runtime_loader] bundle tileset path id=actor path=/private/var/folders/b5/7gsfwzyd449_54n8l40h40gc0000gn/T/avelune_ui06_IbxCXm/assets/ui10_actor.png
[runtime_loader] bundle tileset path id=forest path=/private/var/folders/b5/7gsfwzyd449_54n8l40h40gc0000gn/T/avelune_ui06_IbxCXm/assets/ui10_forest.png
[runtime_loader] bundle load ok mapId=clairiere projectRoot=/private/var/folders/b5/7gsfwzyd449_54n8l40h40gc0000gn/T/avelune_ui06_IbxCXm tilesets=4
[step_studio_trace] npc_presence_applied map=jardin entity=chief present=true
[step_studio_trace] npc_presence_applied map=jardin entity=traveller present=true
[npc_patrol] read movement entity=chief pos=(13,7) size=1x1 mode=idle waypoints= loop=true pauseMs=0 stepMs=200
[npc_patrol] read movement entity=traveller pos=(10,9) size=1x1 mode=idle waypoints= loop=true pauseMs=0 stepMs=200
[step_studio_trace] npc_presence_applied map=jardin entity=chief present=true
[step_studio_trace] npc_presence_applied map=jardin entity=traveller present=true
[npc_patrol] read movement entity=chief pos=(13,7) size=1x1 mode=idle waypoints= loop=true pauseMs=0 stepMs=200
[npc_patrol] read movement entity=traveller pos=(10,9) size=1x1 mode=idle waypoints= loop=true pauseMs=0 stepMs=200
[event_v2] mapEnter activation=mapact_1790127564488924_1 map=jardin reason=initialBoot result=MapEnterProductionDispatchV2Handled
04:12 +477: /Users/karim/Project/pokemonProject/apps/avelune_studio/test/dialogues_ui09_safety_test.dart: undo commits pending focused edit then restores exactly once
04:14 +477: /Users/karim/Project/pokemonProject/apps/avelune_studio/test/cinematics_ui10_preview_runtime_parity_test.dart: preview matches real Flame actors camera shake fade at 32x24 reset=false
[runtime_loader] bundle load start projectFilePath=/private/var/folders/b5/7gsfwzyd449_54n8l40h40gc0000gn/T/avelune_ui06_jgopq0/project.json mapId=jardin
[runtime_loader] project manifest lookup path=/private/var/folders/b5/7gsfwzyd449_54n8l40h40gc0000gn/T/avelune_ui06_jgopq0/project.json
[runtime_loader] project manifest read ok bytes=17578
[runtime_loader] project manifest validated maps=2 tilesets=4 scenarios=1
[runtime_loader] bundle map resolved mapId=jardin relativePath=maps/jardin.json mapPath=/private/var/folders/b5/7gsfwzyd449_54n8l40h40gc0000gn/T/avelune_ui06_jgopq0/maps/jardin.json
[runtime_loader] map file lookup path=/private/var/folders/b5/7gsfwzyd449_54n8l40h40gc0000gn/T/avelune_ui06_jgopq0/maps/jardin.json
[runtime_loader] map file read ok bytes=18711
[runtime_loader] map validated id=jardin size=24x16 layers=2 entities=3 placedElements=6 warps=0 triggers=1
[runtime_loader] bundle tilesets collected ids=grass,path,actor,forest
[runtime_loader] bundle tileset path id=grass path=/private/var/folders/b5/7gsfwzyd449_54n8l40h40gc0000gn/T/avelune_ui06_jgopq0/assets/ui10_grass.png
[runtime_loader] bundle tileset path id=path path=/private/var/folders/b5/7gsfwzyd449_54n8l40h40gc0000gn/T/avelune_ui06_jgopq0/assets/ui10_path.png
[runtime_loader] bundle tileset path id=actor path=/private/var/folders/b5/7gsfwzyd449_54n8l40h40gc0000gn/T/avelune_ui06_jgopq0/assets/ui10_actor.png
[runtime_loader] bundle tileset path id=forest path=/private/var/folders/b5/7gsfwzyd449_54n8l40h40gc0000gn/T/avelune_ui06_jgopq0/assets/ui10_forest.png
[runtime_loader] bundle load ok mapId=jardin projectRoot=/private/var/folders/b5/7gsfwzyd449_54n8l40h40gc0000gn/T/avelune_ui06_jgopq0 tilesets=4
[runtime_game] tileset image load start map=jardin
[runtime_game] tileset cache resolve requested=4
[runtime_game] tileset cache resolve ok result=4
[runtime_game] onLoad start map=jardin projectFilePath=/private/var/folders/b5/7gsfwzyd449_54n8l40h40gc0000gn/T/avelune_ui06_jgopq0/project.json tilesets=4
[runtime_game] world build start map=jardin
[runtime] Map loaded: jardin, spawn at (8, 9)
[runtime_game] tileset image load ok count=4 map=jardin
[runtime_game] mount root map start map=jardin
[step_studio_trace] npc_mount_added map=jardin entity=chief
[step_studio_trace] npc_mount_added map=jardin entity=traveller
[step_studio_trace] npc_presence_applied map=jardin entity=chief present=true
[step_studio_trace] npc_presence_applied map=jardin entity=traveller present=true
[runtime_game] mount root map ok map=jardin
[npc_patrol] read movement entity=chief pos=(13,7) size=1x1 mode=idle waypoints= loop=true pauseMs=0 stepMs=200
[npc_patrol] read movement entity=traveller pos=(10,9) size=1x1 mode=idle waypoints= loop=true pauseMs=0 stepMs=200
[runtime_game] onLoad completed activeMapId=jardin
[runtime_loader] bundle load start projectFilePath=/private/var/folders/b5/7gsfwzyd449_54n8l40h40gc0000gn/T/avelune_ui06_jgopq0/project.json mapId=clairiere
[runtime_loader] project manifest lookup path=/private/var/folders/b5/7gsfwzyd449_54n8l40h40gc0000gn/T/avelune_ui06_jgopq0/project.json
[runtime_loader] project manifest read ok bytes=17578
[runtime_loader] project manifest validated maps=2 tilesets=4 scenarios=1
[runtime_loader] bundle map resolved mapId=clairiere relativePath=maps/clairiere.json mapPath=/private/var/folders/b5/7gsfwzyd449_54n8l40h40gc0000gn/T/avelune_ui06_jgopq0/maps/clairiere.json
[runtime_loader] map file lookup path=/private/var/folders/b5/7gsfwzyd449_54n8l40h40gc0000gn/T/avelune_ui06_jgopq0/maps/clairiere.json
[runtime_loader] map file read ok bytes=16729
[runtime_loader] map validated id=clairiere size=24x16 layers=2 entities=1 placedElements=6 warps=0 triggers=0
[runtime_loader] bundle tilesets collected ids=grass,path,actor,forest
[runtime_loader] bundle tileset path id=grass path=/private/var/folders/b5/7gsfwzyd449_54n8l40h40gc0000gn/T/avelune_ui06_jgopq0/assets/ui10_grass.png
[runtime_loader] bundle tileset path id=path path=/private/var/folders/b5/7gsfwzyd449_54n8l40h40gc0000gn/T/avelune_ui06_jgopq0/assets/ui10_path.png
[runtime_loader] bundle tileset path id=actor path=/private/var/folders/b5/7gsfwzyd449_54n8l40h40gc0000gn/T/avelune_ui06_jgopq0/assets/ui10_actor.png
[runtime_loader] bundle tileset path id=forest path=/private/var/folders/b5/7gsfwzyd449_54n8l40h40gc0000gn/T/avelune_ui06_jgopq0/assets/ui10_forest.png
[runtime_loader] bundle load ok mapId=clairiere projectRoot=/private/var/folders/b5/7gsfwzyd449_54n8l40h40gc0000gn/T/avelune_ui06_jgopq0 tilesets=4
[step_studio_trace] npc_presence_applied map=jardin entity=chief present=true
[step_studio_trace] npc_presence_applied map=jardin entity=traveller present=true
[npc_patrol] read movement entity=chief pos=(13,7) size=1x1 mode=idle waypoints= loop=true pauseMs=0 stepMs=200
[npc_patrol] read movement entity=traveller pos=(10,9) size=1x1 mode=idle waypoints= loop=true pauseMs=0 stepMs=200
[step_studio_trace] npc_presence_applied map=jardin entity=chief present=true
[step_studio_trace] npc_presence_applied map=jardin entity=traveller present=true
[npc_patrol] read movement entity=chief pos=(13,7) size=1x1 mode=idle waypoints= loop=true pauseMs=0 stepMs=200
[npc_patrol] read movement entity=traveller pos=(10,9) size=1x1 mode=idle waypoints= loop=true pauseMs=0 stepMs=200
[event_v2] mapEnter activation=mapact_1790127566415934_1 map=jardin reason=initialBoot result=MapEnterProductionDispatchV2Handled
04:14 +478: /Users/karim/Project/pokemonProject/apps/avelune_studio/test/dialogues_ui09_safety_test.dart: undo commits pending focused edit then restores exactly once
04:14 +479: /Users/karim/Project/pokemonProject/apps/avelune_studio/test/cinematics_ui10_preview_runtime_parity_test.dart: preview matches real Flame actors camera shake fade at 32x32 reset=true
[runtime_loader] bundle load start projectFilePath=/private/var/folders/b5/7gsfwzyd449_54n8l40h40gc0000gn/T/avelune_ui06_YPawte/project.json mapId=jardin
[runtime_loader] project manifest lookup path=/private/var/folders/b5/7gsfwzyd449_54n8l40h40gc0000gn/T/avelune_ui06_YPawte/project.json
[runtime_loader] project manifest read ok bytes=17668
[runtime_loader] project manifest validated maps=2 tilesets=4 scenarios=1
[runtime_loader] bundle map resolved mapId=jardin relativePath=maps/jardin.json mapPath=/private/var/folders/b5/7gsfwzyd449_54n8l40h40gc0000gn/T/avelune_ui06_YPawte/maps/jardin.json
[runtime_loader] map file lookup path=/private/var/folders/b5/7gsfwzyd449_54n8l40h40gc0000gn/T/avelune_ui06_YPawte/maps/jardin.json
[runtime_loader] map file read ok bytes=18711
[runtime_loader] map validated id=jardin size=24x16 layers=2 entities=3 placedElements=6 warps=0 triggers=1
[runtime_loader] bundle tilesets collected ids=grass,path,actor,forest
[runtime_loader] bundle tileset path id=grass path=/private/var/folders/b5/7gsfwzyd449_54n8l40h40gc0000gn/T/avelune_ui06_YPawte/assets/ui10_grass.png
[runtime_loader] bundle tileset path id=path path=/private/var/folders/b5/7gsfwzyd449_54n8l40h40gc0000gn/T/avelune_ui06_YPawte/assets/ui10_path.png
[runtime_loader] bundle tileset path id=actor path=/private/var/folders/b5/7gsfwzyd449_54n8l40h40gc0000gn/T/avelune_ui06_YPawte/assets/ui10_actor.png
[runtime_loader] bundle tileset path id=forest path=/private/var/folders/b5/7gsfwzyd449_54n8l40h40gc0000gn/T/avelune_ui06_YPawte/assets/ui10_forest.png
[runtime_loader] bundle load ok mapId=jardin projectRoot=/private/var/folders/b5/7gsfwzyd449_54n8l40h40gc0000gn/T/avelune_ui06_YPawte tilesets=4
[runtime_game] tileset image load start map=jardin
[runtime_game] tileset cache resolve requested=4
[runtime_game] tileset cache resolve ok result=4
[runtime_game] onLoad start map=jardin projectFilePath=/private/var/folders/b5/7gsfwzyd449_54n8l40h40gc0000gn/T/avelune_ui06_YPawte/project.json tilesets=4
[runtime_game] world build start map=jardin
[runtime] Map loaded: jardin, spawn at (8, 9)
[runtime_game] tileset image load ok count=4 map=jardin
[runtime_game] mount root map start map=jardin
[step_studio_trace] npc_mount_added map=jardin entity=chief
[step_studio_trace] npc_mount_added map=jardin entity=traveller
[step_studio_trace] npc_presence_applied map=jardin entity=chief present=true
[step_studio_trace] npc_presence_applied map=jardin entity=traveller present=true
[runtime_game] mount root map ok map=jardin
[npc_patrol] read movement entity=chief pos=(13,7) size=1x1 mode=idle waypoints= loop=true pauseMs=0 stepMs=200
[npc_patrol] read movement entity=traveller pos=(10,9) size=1x1 mode=idle waypoints= loop=true pauseMs=0 stepMs=200
[runtime_game] onLoad completed activeMapId=jardin
[runtime_loader] bundle load start projectFilePath=/private/var/folders/b5/7gsfwzyd449_54n8l40h40gc0000gn/T/avelune_ui06_YPawte/project.json mapId=clairiere
[runtime_loader] project manifest lookup path=/private/var/folders/b5/7gsfwzyd449_54n8l40h40gc0000gn/T/avelune_ui06_YPawte/project.json
[runtime_loader] project manifest read ok bytes=17668
[runtime_loader] project manifest validated maps=2 tilesets=4 scenarios=1
[runtime_loader] bundle map resolved mapId=clairiere relativePath=maps/clairiere.json mapPath=/private/var/folders/b5/7gsfwzyd449_54n8l40h40gc0000gn/T/avelune_ui06_YPawte/maps/clairiere.json
[runtime_loader] map file lookup path=/private/var/folders/b5/7gsfwzyd449_54n8l40h40gc0000gn/T/avelune_ui06_YPawte/maps/clairiere.json
[runtime_loader] map file read ok bytes=16729
[runtime_loader] map validated id=clairiere size=24x16 layers=2 entities=1 placedElements=6 warps=0 triggers=0
[runtime_loader] bundle tilesets collected ids=grass,path,actor,forest
[runtime_loader] bundle tileset path id=grass path=/private/var/folders/b5/7gsfwzyd449_54n8l40h40gc0000gn/T/avelune_ui06_YPawte/assets/ui10_grass.png
[runtime_loader] bundle tileset path id=path path=/private/var/folders/b5/7gsfwzyd449_54n8l40h40gc0000gn/T/avelune_ui06_YPawte/assets/ui10_path.png
[runtime_loader] bundle tileset path id=actor path=/private/var/folders/b5/7gsfwzyd449_54n8l40h40gc0000gn/T/avelune_ui06_YPawte/assets/ui10_actor.png
[runtime_loader] bundle tileset path id=forest path=/private/var/folders/b5/7gsfwzyd449_54n8l40h40gc0000gn/T/avelune_ui06_YPawte/assets/ui10_forest.png
[runtime_loader] bundle load ok mapId=clairiere projectRoot=/private/var/folders/b5/7gsfwzyd449_54n8l40h40gc0000gn/T/avelune_ui06_YPawte tilesets=4
[step_studio_trace] npc_presence_applied map=jardin entity=chief present=true
[step_studio_trace] npc_presence_applied map=jardin entity=traveller present=true
[npc_patrol] read movement entity=chief pos=(13,7) size=1x1 mode=idle waypoints= loop=true pauseMs=0 stepMs=200
[npc_patrol] read movement entity=traveller pos=(10,9) size=1x1 mode=idle waypoints= loop=true pauseMs=0 stepMs=200
[step_studio_trace] npc_presence_applied map=jardin entity=chief present=true
[step_studio_trace] npc_presence_applied map=jardin entity=traveller present=true
[npc_patrol] read movement entity=chief pos=(13,7) size=1x1 mode=idle waypoints= loop=true pauseMs=0 stepMs=200
[npc_patrol] read movement entity=traveller pos=(10,9) size=1x1 mode=idle waypoints= loop=true pauseMs=0 stepMs=200
[event_v2] mapEnter activation=mapact_1790127568030931_1 map=jardin reason=initialBoot result=MapEnterProductionDispatchV2Handled
04:15 +480: /Users/karim/Project/pokemonProject/apps/avelune_studio/test/dialogues_ui09_safety_test.dart: wire replacement confirms and semantic edit cancels pending wire
04:16 +481: /Users/karim/Project/pokemonProject/apps/avelune_studio/test/dialogues_ui09_safety_test.dart: wire replacement confirms and semantic edit cancels pending wire
04:16 +482: /Users/karim/Project/pokemonProject/apps/avelune_studio/test/dialogues_ui09_safety_test.dart: wire replacement confirms and semantic edit cancels pending wire
04:16 +483: /Users/karim/Project/pokemonProject/apps/avelune_studio/test/dialogues_ui09_safety_test.dart: wire replacement confirms and semantic edit cancels pending wire
04:16 +484: /Users/karim/Project/pokemonProject/apps/avelune_studio/test/dialogues_ui09_safety_test.dart: wire replacement confirms and semantic edit cancels pending wire
04:16 +485: /Users/karim/Project/pokemonProject/apps/avelune_studio/test/dialogues_ui09_safety_test.dart: wire replacement confirms and semantic edit cancels pending wire
04:16 +486: /Users/karim/Project/pokemonProject/apps/avelune_studio/test/dialogues_ui09_safety_test.dart: wire replacement confirms and semantic edit cancels pending wire
04:16 +487: /Users/karim/Project/pokemonProject/apps/avelune_studio/test/dialogues_ui09_safety_test.dart: wire replacement confirms and semantic edit cancels pending wire
04:16 +488: /Users/karim/Project/pokemonProject/apps/avelune_studio/test/dialogues_ui09_safety_test.dart: wire replacement confirms and semantic edit cancels pending wire
04:17 +489: /Users/karim/Project/pokemonProject/apps/avelune_studio/test/events/event_rename_ui09_test.dart: UI09 metadata rename preserves activation=true through history and publication
04:18 +490: /Users/karim/Project/pokemonProject/apps/avelune_studio/test/events/event_catalog_ui08_test.dart: library performs no map scan, explicit preparation caches unchanged catalogue
04:18 +491: /Users/karim/Project/pokemonProject/apps/avelune_studio/test/events/event_rename_ui09_test.dart: UI09 metadata rename preserves activation=false through history and publication
04:19 +492: /Users/karim/Project/pokemonProject/apps/avelune_studio/test/events/event_catalog_ui08_test.dart: event consumed dependency blocks deleting its target
04:19 +493: /Users/karim/Project/pokemonProject/apps/avelune_studio/test/events/event_rename_ui09_test.dart: UI09 unchanged name is a true no-op and behavior edits still deactivate
04:19 +494: /Users/karim/Project/pokemonProject/apps/avelune_studio/test/events/event_recovery_ui08_test.dart: interrupted event promotion recovers verified record
04:20 +495: /Users/karim/Project/pokemonProject/apps/avelune_studio/test/events/event_sources_ui08_test.dart: four canonical sources publish exact identity and leave existing maps and scenes alone
04:21 +496: /Users/karim/Project/pokemonProject/apps/avelune_studio/test/events/event_sources_ui08_test.dart: four canonical sources publish exact identity and leave existing maps and scenes alone
04:21 +497: /Users/karim/Project/pokemonProject/apps/avelune_studio/test/events/event_recovery_ui08_test.dart: clean reconciliation invalidates obsolete undo; dirty external change stays editable
04:21 +498: /Users/karim/Project/pokemonProject/apps/avelune_studio/test/events/event_sources_ui08_test.dart: unpublished new spatial source blocks save and keeps both drafts intact
04:21 +499: /Users/karim/Project/pokemonProject/apps/avelune_studio/test/events/event_sources_ui08_test.dart: unavailable outcome does not replace source and full key is retained
04:22 +500: /Users/karim/Project/pokemonProject/apps/avelune_studio/test/events/event_publication_ui08_test.dart: external event-only edit conflicts without losing scene or draft; reload is targeted
04:23 +501: /Users/karim/Project/pokemonProject/apps/avelune_studio/test/events/event_publication_ui08_test.dart: external event-only edit conflicts without losing scene or draft; reload is targeted
04:23 +502: /Users/karim/Project/pokemonProject/apps/avelune_studio/test/events/event_flush_ui08_test.dart: saveAll awaits focused edit before capturing publication snapshot
04:23 +503: /Users/karim/Project/pokemonProject/apps/avelune_studio/test/events/event_publication_ui08_test.dart: edit during write retains newer draft and second save publishes it
04:23 +504: /Users/karim/Project/pokemonProject/apps/avelune_studio/test/events/event_publication_ui08_test.dart: edit during write retains newer draft and second save publishes it
04:23 +505: /Users/karim/Project/pokemonProject/apps/avelune_studio/test/events/event_flush_ui08_test.dart: failed focused edit flush reports error without publishing other drafts
04:24 +506: /Users/karim/Project/pokemonProject/apps/avelune_studio/test/events/event_publication_ui08_test.dart: close during write never installs an obsolete receipt
04:24 +507: /Users/karim/Project/pokemonProject/apps/avelune_studio/test/events/event_publication_ui08_test.dart: unrelated fact publication survives targeted event save
04:24 +508: /Users/karim/Project/pokemonProject/apps/avelune_studio/test/events/event_publication_ui08_test.dart: registry mode change is explicit and refuses active author drafts
04:25 +509: /Users/karim/Project/pokemonProject/apps/avelune_studio/test/events/event_workspace_ui08_test.dart: draft creation save reopens without inventing scene or changing registry mode
04:25 +510: /Users/karim/Project/pokemonProject/apps/avelune_studio/test/events/event_workspace_ui08_test.dart: renaming activated record preserves activation and history restores name
04:26 +511: /Users/karim/Project/pokemonProject/apps/avelune_studio/test/characters/dialogue_portrait_choice_test.dart: portrait names select canonical state without rewriting the line or speaker
04:26 +512: /Users/karim/Project/pokemonProject/apps/avelune_studio/test/characters/dialogue_portrait_choice_test.dart: portrait names select canonical state without rewriting the line or speaker
04:26 +513: /Users/karim/Project/pokemonProject/apps/avelune_studio/test/characters/dialogue_portrait_choice_test.dart: portrait names select canonical state without rewriting the line or speaker
04:26 +514: /Users/karim/Project/pokemonProject/apps/avelune_studio/test/events/event_workspace_ui08_test.dart: canonical simulation handles disabled configured and consumed states without writes
04:27 +515: /Users/karim/Project/pokemonProject/apps/avelune_studio/test/characters/character_editing_test.dart: place, move, duplicate, properties, deletion and undo use map history
04:27 +516: /Users/karim/Project/pokemonProject/apps/avelune_studio/test/characters/character_editing_test.dart: changing one instance property preserves all advanced payloads
04:28 +517: /Users/karim/Project/pokemonProject/apps/avelune_studio/test/characters/character_render_io_test.dart: dedicated Character Studio asset uses canonical pixel source and shared image budget
04:28 +518: /Users/karim/Project/pokemonProject/apps/avelune_studio/test/characters/character_render_io_test.dart: dedicated Character Studio asset uses canonical pixel source and shared image budget
04:28 +519: /Users/karim/Project/pokemonProject/apps/avelune_studio/test/characters/character_render_io_test.dart: dedicated Character Studio asset uses canonical pixel source and shared image budget
04:28 +520: /Users/karim/Project/pokemonProject/apps/avelune_studio/test/characters/character_render_io_test.dart: existing sprite pixels render on map and instance survives canonical save/reopen
04:29 +521: /Users/karim/Project/pokemonProject/apps/avelune_studio/test/characters/character_canvas_test.dart: selection distinguishes covered character and decor without moving either
04:29 +522: /Users/karim/Project/pokemonProject/apps/avelune_studio/test/characters/character_canvas_test.dart: canvas places, drags once, cancels and draws a bounded story zone
04:29 +523: /Users/karim/Project/pokemonProject/apps/avelune_studio/test/characters/character_widgets_test.dart: palette and inspector support real instance edits at enlarged text
04:30 +524: /Users/karim/Project/pokemonProject/apps/avelune_studio/test/characters/character_compact_workspace_test.dart: enlarged text keeps palette and character inspector reachable over the map
04:31 +525: /Users/karim/Project/pokemonProject/apps/avelune_studio/test/characters/character_compact_workspace_test.dart: enlarged text keeps palette and character inspector reachable over the map
04:32 +526: /Users/karim/Project/pokemonProject/apps/avelune_studio/test/characters/character_compact_workspace_test.dart: keyboard deletion guards pending stories and duplication keeps independent instances
04:32 +527: /Users/karim/Project/pokemonProject/apps/avelune_studio/test/ui11_presentation_responsive_test.dart: UI11 responsive 1536 portrait and compare
04:33 +528: /Users/karim/Project/pokemonProject/apps/avelune_studio/test/ui11_presentation_responsive_test.dart: UI11 responsive 1536 portrait and compare
04:34 +529: /Users/karim/Project/pokemonProject/apps/avelune_studio/test/ui11_presentation_responsive_test.dart: UI11 responsive 1536 portrait and compare
04:35 +530: /Users/karim/Project/pokemonProject/apps/avelune_studio/test/ui11_presentation_responsive_test.dart: UI11 responsive 1536 portrait and compare
04:35 +531: /Users/karim/Project/pokemonProject/apps/avelune_studio/test/ui11_presentation_responsive_test.dart: UI11 responsive 1536 portrait and compare
04:35 +532: /Users/karim/Project/pokemonProject/apps/avelune_studio/test/ui11_presentation_responsive_test.dart: UI11 responsive 1536 portrait and compare
04:35 +533: /Users/karim/Project/pokemonProject/apps/avelune_studio/test/ui11_presentation_responsive_test.dart: UI11 responsive 1536 portrait and compare
04:35 +534: /Users/karim/Project/pokemonProject/apps/avelune_studio/test/ui11_presentation_responsive_test.dart: UI11 responsive 1536 portrait and compare
04:35 +535: /Users/karim/Project/pokemonProject/apps/avelune_studio/test/ui11_presentation_responsive_test.dart: UI11 responsive 1536 portrait and compare
04:36 +536: /Users/karim/Project/pokemonProject/apps/avelune_studio/test/ui11_presentation_responsive_test.dart: UI11 responsive 1536 portrait and compare
04:36 +537: /Users/karim/Project/pokemonProject/apps/avelune_studio/test/ui11_presentation_responsive_test.dart: UI11 responsive 1536 portrait and compare
04:36 +538: /Users/karim/Project/pokemonProject/apps/avelune_studio/test/ui11_presentation_responsive_test.dart: UI11 responsive 1536 portrait and compare
04:36 +539: /Users/karim/Project/pokemonProject/apps/avelune_studio/test/ui11_presentation_responsive_test.dart: UI11 responsive 1536 portrait and compare
04:36 +540: /Users/karim/Project/pokemonProject/apps/avelune_studio/test/ui11_presentation_responsive_test.dart: UI11 responsive 1536 portrait and compare
04:36 +541: /Users/karim/Project/pokemonProject/apps/avelune_studio/test/ui11_presentation_responsive_test.dart: UI11 responsive 1536 portrait and compare
04:36 +542: /Users/karim/Project/pokemonProject/apps/avelune_studio/test/ui11_presentation_responsive_test.dart: UI11 responsive 1536 portrait and compare
04:36 +543: /Users/karim/Project/pokemonProject/apps/avelune_studio/test/ui11_presentation_responsive_test.dart: UI11 responsive 1536 portrait and compare
04:36 +544: /Users/karim/Project/pokemonProject/apps/avelune_studio/test/ui11_presentation_responsive_test.dart: UI11 responsive 1536 portrait and compare
04:36 +545: /Users/karim/Project/pokemonProject/apps/avelune_studio/test/ui11_presentation_responsive_test.dart: UI11 responsive 1536 portrait and compare
04:36 +546: /Users/karim/Project/pokemonProject/apps/avelune_studio/test/ui11_presentation_responsive_test.dart: UI11 responsive 1536 portrait and compare
04:36 +547: /Users/karim/Project/pokemonProject/apps/avelune_studio/test/ui11_presentation_responsive_test.dart: UI11 responsive 1536 portrait and compare
04:37 +547: /Users/karim/Project/pokemonProject/apps/avelune_studio/test/infrastructure/studio_large_atlas_test.dart: isolated Train building atlas renders a real decor without loading its 329 atlas catalogue
  Skip: AVELUNE_PROJECT_COPY non fourni
04:37 +547 ~1: /Users/karim/Project/pokemonProject/apps/avelune_studio/test/ui11_presentation_responsive_test.dart: UI11 responsive 1536 portrait and compare
04:38 +548 ~1: /Users/karim/Project/pokemonProject/apps/avelune_studio/test/infrastructure/map_workspace_read_safety_test.dart: declared traversal is rejected before reading another file
04:38 +549 ~1: /Users/karim/Project/pokemonProject/apps/avelune_studio/test/ui11_presentation_responsive_test.dart: UI11 responsive 1440 portrait and compare
04:38 +550 ~1: /Users/karim/Project/pokemonProject/apps/avelune_studio/test/ui11_presentation_responsive_test.dart: UI11 responsive 1440 portrait and compare
04:38 +551 ~1: /Users/karim/Project/pokemonProject/apps/avelune_studio/test/ui11_presentation_responsive_test.dart: UI11 responsive 1440 portrait and compare
04:39 +552 ~1: /Users/karim/Project/pokemonProject/apps/avelune_studio/test/ui11_presentation_responsive_test.dart: UI11 responsive 1440 portrait and compare
04:39 +553 ~1: /Users/karim/Project/pokemonProject/apps/avelune_studio/test/ui11_presentation_responsive_test.dart: UI11 responsive 1440 portrait and compare
04:39 +554 ~1: /Users/karim/Project/pokemonProject/apps/avelune_studio/test/ui11_presentation_responsive_test.dart: UI11 responsive 1440 portrait and compare
04:39 +555 ~1: /Users/karim/Project/pokemonProject/apps/avelune_studio/test/ui11_presentation_responsive_test.dart: UI11 responsive 1440 portrait and compare
04:39 +556 ~1: /Users/karim/Project/pokemonProject/apps/avelune_studio/test/ui11_presentation_responsive_test.dart: UI11 responsive 1440 portrait and compare
04:40 +557 ~1: /Users/karim/Project/pokemonProject/apps/avelune_studio/test/ui11_presentation_responsive_test.dart: UI11 responsive 1440 portrait and compare
04:40 +558 ~1: /Users/karim/Project/pokemonProject/apps/avelune_studio/test/ui11_presentation_responsive_test.dart: UI11 responsive 1440 portrait and compare
04:40 +559 ~1: /Users/karim/Project/pokemonProject/apps/avelune_studio/test/ui11_presentation_responsive_test.dart: UI11 responsive 1440 portrait and compare
04:40 +560 ~1: /Users/karim/Project/pokemonProject/apps/avelune_studio/test/ui11_presentation_responsive_test.dart: UI11 responsive 1440 portrait and compare
04:40 +561 ~1: /Users/karim/Project/pokemonProject/apps/avelune_studio/test/ui11_presentation_responsive_test.dart: UI11 responsive 1440 portrait and compare
04:40 +562 ~1: /Users/karim/Project/pokemonProject/apps/avelune_studio/test/ui11_presentation_responsive_test.dart: UI11 responsive 1440 portrait and compare
04:40 +563 ~1: /Users/karim/Project/pokemonProject/apps/avelune_studio/test/ui11_presentation_responsive_test.dart: UI11 responsive 1440 portrait and compare
04:41 +564 ~1: /Users/karim/Project/pokemonProject/apps/avelune_studio/test/ui11_presentation_responsive_test.dart: UI11 responsive 1440 portrait and compare
04:41 +565 ~1: /Users/karim/Project/pokemonProject/apps/avelune_studio/test/ui11_presentation_responsive_test.dart: UI11 responsive 1440 portrait and compare
04:41 +566 ~1: /Users/karim/Project/pokemonProject/apps/avelune_studio/test/ui11_presentation_responsive_test.dart: UI11 responsive 1440 portrait and compare
04:41 +567 ~1: /Users/karim/Project/pokemonProject/apps/avelune_studio/test/ui11_presentation_responsive_test.dart: UI11 responsive 1440 portrait and compare
04:41 +568 ~1: /Users/karim/Project/pokemonProject/apps/avelune_studio/test/ui11_presentation_responsive_test.dart: UI11 responsive 1440 portrait and compare
04:41 +569 ~1: /Users/karim/Project/pokemonProject/apps/avelune_studio/test/ui11_presentation_responsive_test.dart: UI11 responsive 1440 portrait and compare
04:41 +570 ~1: /Users/karim/Project/pokemonProject/apps/avelune_studio/test/ui11_presentation_responsive_test.dart: UI11 responsive 1440 portrait and compare
04:41 +571 ~1: /Users/karim/Project/pokemonProject/apps/avelune_studio/test/ui11_presentation_responsive_test.dart: UI11 responsive 1440 portrait and compare
04:41 +572 ~1: /Users/karim/Project/pokemonProject/apps/avelune_studio/test/ui11_presentation_responsive_test.dart: UI11 responsive 1440 portrait and compare
04:41 +573 ~1: /Users/karim/Project/pokemonProject/apps/avelune_studio/test/ui11_presentation_responsive_test.dart: UI11 responsive 1440 portrait and compare
04:41 +574 ~1: /Users/karim/Project/pokemonProject/apps/avelune_studio/test/ui11_presentation_responsive_test.dart: UI11 responsive 1440 portrait and compare
04:41 +575 ~1: /Users/karim/Project/pokemonProject/apps/avelune_studio/test/ui11_presentation_responsive_test.dart: UI11 responsive 1440 portrait and compare
04:42 +576 ~1: /Users/karim/Project/pokemonProject/apps/avelune_studio/test/ui11_presentation_responsive_test.dart: UI11 responsive 1280 portrait and compare
04:42 +577 ~1: /Users/karim/Project/pokemonProject/apps/avelune_studio/test/ui11_presentation_responsive_test.dart: UI11 responsive 1280 portrait and compare
04:42 +578 ~1: /Users/karim/Project/pokemonProject/apps/avelune_studio/test/ui11_presentation_responsive_test.dart: UI11 responsive 1280 portrait and compare
04:43 +578 ~1: /Users/karim/Project/pokemonProject/apps/avelune_studio/test/infrastructure/studio_playtest_test.dart: saved example mounts real runtime, walks, and returns
[runtime_loader] bundle load start projectFilePath=/private/var/folders/b5/7gsfwzyd449_54n8l40h40gc0000gn/T/studio_playtest_WqygtB/project.json mapId=jardin
[runtime_loader] project manifest lookup path=/private/var/folders/b5/7gsfwzyd449_54n8l40h40gc0000gn/T/studio_playtest_WqygtB/project.json
[runtime_loader] project manifest read ok bytes=8480
[runtime_loader] project manifest validated maps=2 tilesets=1 scenarios=0
[runtime_loader] bundle map resolved mapId=jardin relativePath=maps/jardin.json mapPath=/private/var/folders/b5/7gsfwzyd449_54n8l40h40gc0000gn/T/studio_playtest_WqygtB/maps/jardin.json
[runtime_loader] map file lookup path=/private/var/folders/b5/7gsfwzyd449_54n8l40h40gc0000gn/T/studio_playtest_WqygtB/maps/jardin.json
[runtime_loader] map file read ok bytes=17182
[runtime_loader] map validated id=jardin size=24x16 layers=3 entities=1 placedElements=3 warps=0 triggers=0
[runtime_loader] bundle tilesets collected ids=atelier
[runtime_loader] bundle tileset path id=atelier path=/private/var/folders/b5/7gsfwzyd449_54n8l40h40gc0000gn/T/studio_playtest_WqygtB/assets/atelier.png
[runtime_loader] bundle load ok mapId=jardin projectRoot=/private/var/folders/b5/7gsfwzyd449_54n8l40h40gc0000gn/T/studio_playtest_WqygtB tilesets=1
[runtime_game] tileset image load start map=jardin
[runtime_game] tileset cache resolve requested=1
[runtime_game] tileset cache resolve ok result=1
[runtime_game] onLoad start map=jardin projectFilePath=/private/var/folders/b5/7gsfwzyd449_54n8l40h40gc0000gn/T/studio_playtest_WqygtB/project.json tilesets=1
[runtime_game] world build start map=jardin
[runtime] Map loaded: jardin, spawn at (8, 9)
[runtime_game] tileset image load ok count=1 map=jardin
[runtime_game] mount root map start map=jardin
[runtime_game] mount root map ok map=jardin
[runtime_game] onLoad completed activeMapId=jardin
[event_v2] mapEnter activation=mapact_1790127596008539_1 map=jardin reason=initialBoot result=MapEnterProductionDispatchLegacyFallback
04:43 +579 ~1: /Users/karim/Project/pokemonProject/apps/avelune_studio/test/ui11_presentation_responsive_test.dart: UI11 responsive 1280 portrait and compare
04:45 +580 ~1: /Users/karim/Project/pokemonProject/apps/avelune_studio/test/ui11_presentation_responsive_test.dart: UI11 responsive 1280 portrait and compare
04:45 +581 ~1: /Users/karim/Project/pokemonProject/apps/avelune_studio/test/ui11_presentation_responsive_test.dart: UI11 responsive 1024 portrait and compare
04:46 +582 ~1: /Users/karim/Project/pokemonProject/apps/avelune_studio/test/ui11_presentation_responsive_test.dart: UI11 responsive 1024 portrait and compare
04:46 +583 ~1: /Users/karim/Project/pokemonProject/apps/avelune_studio/test/ui11_presentation_responsive_test.dart: UI11 responsive 1024 portrait and compare
04:46 +584 ~1: /Users/karim/Project/pokemonProject/apps/avelune_studio/test/ui11_presentation_responsive_test.dart: UI11 responsive 1024 portrait and compare
04:46 +585 ~1: /Users/karim/Project/pokemonProject/apps/avelune_studio/test/ui11_presentation_responsive_test.dart: UI11 responsive 1024 portrait and compare
04:47 +586 ~1: /Users/karim/Project/pokemonProject/apps/avelune_studio/test/ui11_presentation_responsive_test.dart: UI11 responsive 1024 portrait and compare
04:47 +587 ~1: /Users/karim/Project/pokemonProject/apps/avelune_studio/test/ui11_presentation_responsive_test.dart: UI11 responsive 1024 portrait and compare
04:47 +588 ~1: /Users/karim/Project/pokemonProject/apps/avelune_studio/test/ui11_presentation_responsive_test.dart: UI11 responsive 1024 portrait and compare
04:48 +589 ~1: /Users/karim/Project/pokemonProject/apps/avelune_studio/test/ui11_presentation_responsive_test.dart: UI11 responsive 1024 portrait and compare
04:49 +590 ~1: /Users/karim/Project/pokemonProject/apps/avelune_studio/test/cinematics_ui10_timeline_gesture_test.dart: UI10 timeline drag reorders and duration handle commits once with undo redo
04:55 +590 ~1: /Users/karim/Project/pokemonProject/apps/avelune_studio/test/ui06_scene_construction_test.dart: build both branches through palette, properties and wires then publish and reopen
UI06 construction: 8 blocs et 7 fils construits, publication
UI06 construction: publication terminée, relecture indépendante
04:55 +591 ~1: /Users/karim/Project/pokemonProject/apps/avelune_studio/test/cinematics_ui10_timeline_gesture_test.dart: UI10 timeline drag reorders and duration handle commits once with undo redo
04:56 +592 ~1: /Users/karim/Project/pokemonProject/apps/avelune_studio/test/ui11_presentation_busy_test.dart: UI11 a slow creation shows progress and blocks a second start
04:57 +593 ~1: /Users/karim/Project/pokemonProject/apps/avelune_studio/test/ui11_presentation_busy_test.dart: UI11 a slow creation shows progress and blocks a second start
05:00 +594 ~1: /Users/karim/Project/pokemonProject/apps/avelune_studio/test/ui11_presentation_busy_test.dart: UI11 a slow creation shows progress and blocks a second start
05:01 +595 ~1: /Users/karim/Project/pokemonProject/apps/avelune_studio/test/ui12_world_close_test.dart: invalid rule input blocks global save until corrected
05:08 +596 ~1: /Users/karim/Project/pokemonProject/apps/avelune_studio/test/dialogues_ui09_visual_test.dart: UI09 early real widget capture and compact layout
05:08 +597 ~1: /Users/karim/Project/pokemonProject/apps/avelune_studio/test/ui12_world_close_test.dart: an incomplete rule is never silently dropped
05:10 +598 ~1: /Users/karim/Project/pokemonProject/apps/avelune_studio/test/ui12_world_navigation_test.dart: Histoire opens the states and rules page and comes back
05:12 +599 ~1: /Users/karim/Project/pokemonProject/apps/avelune_studio/test/ui12_world_navigation_test.dart: Histoire opens the states and rules page and comes back
05:13 +600 ~1: /Users/karim/Project/pokemonProject/apps/avelune_studio/test/presentation/ui08_event_focus_test.dart: UI08 focused name commits original owner on selection save and undo
05:13 +601 ~1: /Users/karim/Project/pokemonProject/apps/avelune_studio/test/presentation/ui08_event_focus_test.dart: UI08 focused name commits original owner on selection save and undo
05:15 +602 ~1: /Users/karim/Project/pokemonProject/apps/avelune_studio/test/presentation/ui08_event_focus_test.dart: UI08 focused name commits original owner on selection save and undo
05:16 +603 ~1: /Users/karim/Project/pokemonProject/apps/avelune_studio/test/presentation/ui08_event_focus_test.dart: UI08 focused name commits original owner on selection save and undo
05:16 +604 ~1: /Users/karim/Project/pokemonProject/apps/avelune_studio/test/presentation/ui08_event_focus_test.dart: UI08 focused name commits original owner on selection save and undo
05:16 +605 ~1: /Users/karim/Project/pokemonProject/apps/avelune_studio/test/presentation/ui08_event_focus_test.dart: UI08 focused name commits original owner on selection save and undo
05:16 +606 ~1: /Users/karim/Project/pokemonProject/apps/avelune_studio/test/presentation/ui08_event_focus_test.dart: UI08 focused name commits original owner on selection save and undo
05:16 +607 ~1: /Users/karim/Project/pokemonProject/apps/avelune_studio/test/presentation/ui08_event_focus_test.dart: UI08 focused name commits original owner on selection save and undo
05:17 +608 ~1: /Users/karim/Project/pokemonProject/apps/avelune_studio/test/presentation/ui08_event_focus_test.dart: UI08 focused name commits original owner on selection save and undo
05:17 +609 ~1: /Users/karim/Project/pokemonProject/apps/avelune_studio/test/presentation/ui08_event_focus_test.dart: UI08 focused name commits original owner on selection save and undo
05:17 +610 ~1: /Users/karim/Project/pokemonProject/apps/avelune_studio/test/presentation/ui08_event_focus_test.dart: UI08 focused name commits original owner on selection save and undo
05:18 +611 ~1: /Users/karim/Project/pokemonProject/apps/avelune_studio/test/presentation/ui08_event_focus_test.dart: UI08 focused name commits original owner on selection save and undo
05:18 +612 ~1: /Users/karim/Project/pokemonProject/apps/avelune_studio/test/presentation/ui08_event_focus_test.dart: UI08 focused name commits original owner on selection save and undo
05:20 +613 ~1: /Users/karim/Project/pokemonProject/apps/avelune_studio/test/presentation/ui08_event_focus_test.dart: UI08 focused name commits original owner on selection save and undo
05:20 +614 ~1: /Users/karim/Project/pokemonProject/apps/avelune_studio/test/presentation/ui08_event_focus_test.dart: UI08 focused name commits original owner on selection save and undo
05:20 +615 ~1: /Users/karim/Project/pokemonProject/apps/avelune_studio/test/presentation/ui08_event_focus_test.dart: UI08 focused name commits original owner on selection save and undo
05:21 +616 ~1: /Users/karim/Project/pokemonProject/apps/avelune_studio/test/presentation/ui04_terrain_journey_test.dart: UI04 source rules trial publication and map preserve the current session
05:27 +617 ~1: /Users/karim/Project/pokemonProject/apps/avelune_studio/test/presentation/ui04_terrain_journey_test.dart: UI04 source rules trial publication and map preserve the current session
05:35 +618 ~1: /Users/karim/Project/pokemonProject/apps/avelune_studio/test/presentation/ui04_terrain_journey_test.dart: UI04 source rules trial publication and map preserve the current session
05:36 +619 ~1: /Users/karim/Project/pokemonProject/apps/avelune_studio/test/presentation/ui03_resource_journey_test.dart: UI03 real previews selection search return and compact detail
05:38 +620 ~1: /Users/karim/Project/pokemonProject/apps/avelune_studio/test/presentation/ui03_resource_journey_test.dart: UI03 real previews selection search return and compact detail
05:38 +621 ~1: /Users/karim/Project/pokemonProject/apps/avelune_studio/test/presentation/ui03_resource_journey_test.dart: UI03 real previews selection search return and compact detail
05:39 +622 ~1: /Users/karim/Project/pokemonProject/apps/avelune_studio/test/presentation/ui03_resource_journey_test.dart: UI03 real previews selection search return and compact detail
05:40 +623 ~1: /Users/karim/Project/pokemonProject/apps/avelune_studio/test/presentation/ui03_resource_journey_test.dart: UI03 real previews selection search return and compact detail
05:40 +624 ~1: /Users/karim/Project/pokemonProject/apps/avelune_studio/test/presentation/ui03_resource_journey_test.dart: UI03 real previews selection search return and compact detail
05:40 +625 ~1: /Users/karim/Project/pokemonProject/apps/avelune_studio/test/presentation/ui03_resource_journey_test.dart: UI03 real previews selection search return and compact detail
05:40 +626 ~1: /Users/karim/Project/pokemonProject/apps/avelune_studio/test/presentation/ui03_resource_journey_test.dart: UI03 real previews selection search return and compact detail
05:46 +627 ~1: /Users/karim/Project/pokemonProject/apps/avelune_studio/test/presentation/ui03_resource_journey_test.dart: UI03 real previews selection search return and compact detail
05:47 +628 ~1: /Users/karim/Project/pokemonProject/apps/avelune_studio/test/presentation/ui03_resource_journey_test.dart: UI03 real previews selection search return and compact detail
05:47 +629 ~1: /Users/karim/Project/pokemonProject/apps/avelune_studio/test/presentation/ui03_resource_journey_test.dart: UI03 real previews selection search return and compact detail
05:47 +630 ~1: /Users/karim/Project/pokemonProject/apps/avelune_studio/test/presentation/ui03_resource_journey_test.dart: UI03 real previews selection search return and compact detail
05:47 +631 ~1: /Users/karim/Project/pokemonProject/apps/avelune_studio/test/presentation/ui03_resource_journey_test.dart: UI03 real previews selection search return and compact detail
05:47 +632 ~1: /Users/karim/Project/pokemonProject/apps/avelune_studio/test/presentation/ui03_resource_journey_test.dart: UI03 real previews selection search return and compact detail
05:50 +633 ~1: /Users/karim/Project/pokemonProject/apps/avelune_studio/test/presentation/ui02_map_journey_test.dart: UI02 real map, overlap, shared home and responsive viewport
05:52 +634 ~1: /Users/karim/Project/pokemonProject/apps/avelune_studio/test/presentation/ui02_map_journey_test.dart: UI02 real map, overlap, shared home and responsive viewport
05:53 +635 ~1: /Users/karim/Project/pokemonProject/apps/avelune_studio/test/presentation/ui02_map_journey_test.dart: UI02 real map, overlap, shared home and responsive viewport
05:54 +636 ~1: /Users/karim/Project/pokemonProject/apps/avelune_studio/test/presentation/ui02_map_journey_test.dart: UI02 real map, overlap, shared home and responsive viewport
06:02 +637 ~1: /Users/karim/Project/pokemonProject/apps/avelune_studio/test/presentation/ui02_map_journey_test.dart: UI02 real map, overlap, shared home and responsive viewport
06:03 +638 ~1: /Users/karim/Project/pokemonProject/apps/avelune_studio/test/presentation/resource_image_import_test.dart: unreadable PNG preview reports a recoverable error and cancels
06:04 +639 ~1: /Users/karim/Project/pokemonProject/apps/avelune_studio/test/presentation/m3_workspace_actions_test.dart: failed narrative publication blocks runtime and saving close without losing either map
06:05 +640 ~1: /Users/karim/Project/pokemonProject/apps/avelune_studio/test/presentation/desktop_workspace_layout_test.dart: real stress workspace stays usable across desktop sizes and diagnostics
06:07 +641 ~1: /Users/karim/Project/pokemonProject/apps/avelune_studio/test/presentation/desktop_workspace_layout_test.dart: real stress workspace stays usable across desktop sizes and diagnostics
06:07 +642 ~1: /Users/karim/Project/pokemonProject/apps/avelune_studio/test/presentation/desktop_workspace_layout_test.dart: real stress workspace stays usable across desktop sizes and diagnostics
06:08 +643 ~1: /Users/karim/Project/pokemonProject/apps/avelune_studio/test/presentation/desktop_workspace_layout_test.dart: real stress workspace stays usable across desktop sizes and diagnostics
06:08 +644 ~1: /Users/karim/Project/pokemonProject/apps/avelune_studio/test/presentation/desktop_workspace_layout_test.dart: real stress workspace stays usable across desktop sizes and diagnostics
06:09 +645 ~1: /Users/karim/Project/pokemonProject/apps/avelune_studio/test/presentation/desktop_workspace_layout_test.dart: real stress workspace stays usable across desktop sizes and diagnostics
06:09 +646 ~1: /Users/karim/Project/pokemonProject/apps/avelune_studio/test/presentation/desktop_workspace_layout_test.dart: real stress workspace stays usable across desktop sizes and diagnostics
06:09 +647 ~1: /Users/karim/Project/pokemonProject/apps/avelune_studio/test/presentation/desktop_workspace_layout_test.dart: real stress workspace stays usable across desktop sizes and diagnostics
06:09 +648 ~1: /Users/karim/Project/pokemonProject/apps/avelune_studio/test/presentation/desktop_workspace_layout_test.dart: real stress workspace stays usable across desktop sizes and diagnostics
06:11 +649 ~1: /Users/karim/Project/pokemonProject/apps/avelune_studio/test/presentation/desktop_workspace_layout_test.dart: real stress workspace stays usable across desktop sizes and diagnostics
06:11 +650 ~1: /Users/karim/Project/pokemonProject/apps/avelune_studio/test/presentation/desktop_workspace_layout_test.dart: real stress workspace stays usable across desktop sizes and diagnostics
06:13 +651 ~1: /Users/karim/Project/pokemonProject/apps/avelune_studio/test/presentation/desktop_workspace_layout_test.dart: real stress workspace stays usable across desktop sizes and diagnostics
06:15 +652 ~1: /Users/karim/Project/pokemonProject/apps/avelune_studio/test/presentation/desktop_workspace_layout_test.dart: real stress workspace stays usable across desktop sizes and diagnostics
06:15 +653 ~1: /Users/karim/Project/pokemonProject/apps/avelune_studio/test/presentation/desktop_workspace_layout_test.dart: real stress workspace stays usable across desktop sizes and diagnostics
06:16 +654 ~1: /Users/karim/Project/pokemonProject/apps/avelune_studio/test/presentation/desktop_workspace_layout_test.dart: real stress workspace stays usable across desktop sizes and diagnostics
06:16 +655 ~1: /Users/karim/Project/pokemonProject/apps/avelune_studio/test/presentation/desktop_workspace_layout_test.dart: real stress workspace stays usable across desktop sizes and diagnostics
06:17 +656 ~1: /Users/karim/Project/pokemonProject/apps/avelune_studio/test/presentation/desktop_workspace_layout_test.dart: real stress workspace stays usable across desktop sizes and diagnostics
06:18 +656 ~2: /Users/karim/Project/pokemonProject/apps/avelune_studio/test/presentation/desktop_workspace_layout_test.dart: real stress workspace stays usable across desktop sizes and diagnostics
06:18 +657 ~2: /Users/karim/Project/pokemonProject/apps/avelune_studio/test/presentation/desktop_workspace_layout_test.dart: real stress workspace stays usable across desktop sizes and diagnostics
06:19 +658 ~2: /Users/karim/Project/pokemonProject/apps/avelune_studio/test/presentation/desktop_workspace_layout_test.dart: real stress workspace stays usable across desktop sizes and diagnostics
06:19 +659 ~2: /Users/karim/Project/pokemonProject/apps/avelune_studio/test/presentation/desktop_workspace_layout_test.dart: real stress workspace stays usable across desktop sizes and diagnostics
06:19 +660 ~2: /Users/karim/Project/pokemonProject/apps/avelune_studio/test/presentation/desktop_workspace_layout_test.dart: real stress workspace stays usable across desktop sizes and diagnostics
06:19 +661 ~2: /Users/karim/Project/pokemonProject/apps/avelune_studio/test/presentation/desktop_workspace_layout_test.dart: real stress workspace stays usable across desktop sizes and diagnostics
06:19 +662 ~2: /Users/karim/Project/pokemonProject/apps/avelune_studio/test/presentation/desktop_workspace_layout_test.dart: real stress workspace stays usable across desktop sizes and diagnostics
06:19 +663 ~2: /Users/karim/Project/pokemonProject/apps/avelune_studio/test/presentation/desktop_workspace_layout_test.dart: real stress workspace stays usable across desktop sizes and diagnostics
06:19 +664 ~2: /Users/karim/Project/pokemonProject/apps/avelune_studio/test/presentation/desktop_workspace_layout_test.dart: real stress workspace stays usable across desktop sizes and diagnostics
06:20 +665 ~2: /Users/karim/Project/pokemonProject/apps/avelune_studio/test/presentation/desktop_workspace_layout_test.dart: real stress workspace stays usable across desktop sizes and diagnostics
06:20 +666 ~2: /Users/karim/Project/pokemonProject/apps/avelune_studio/test/presentation/desktop_workspace_layout_test.dart: real stress workspace stays usable across desktop sizes and diagnostics
06:20 +667 ~2: /Users/karim/Project/pokemonProject/apps/avelune_studio/test/presentation/desktop_workspace_layout_test.dart: real stress workspace stays usable across desktop sizes and diagnostics
06:20 +668 ~2: /Users/karim/Project/pokemonProject/apps/avelune_studio/test/presentation/desktop_workspace_layout_test.dart: real stress workspace stays usable across desktop sizes and diagnostics
06:20 +669 ~2: /Users/karim/Project/pokemonProject/apps/avelune_studio/test/presentation/desktop_workspace_layout_test.dart: real stress workspace stays usable across desktop sizes and diagnostics
06:20 +670 ~2: /Users/karim/Project/pokemonProject/apps/avelune_studio/test/presentation/desktop_workspace_layout_test.dart: real stress workspace stays usable across desktop sizes and diagnostics
06:21 +671 ~2: /Users/karim/Project/pokemonProject/apps/avelune_studio/test/presentation/desktop_workspace_layout_test.dart: real stress workspace stays usable across desktop sizes and diagnostics
06:21 +672 ~2: /Users/karim/Project/pokemonProject/apps/avelune_studio/test/presentation/desktop_workspace_layout_test.dart: real stress workspace stays usable across desktop sizes and diagnostics
06:21 +673 ~2: /Users/karim/Project/pokemonProject/apps/avelune_studio/test/presentation/desktop_workspace_layout_test.dart: real stress workspace stays usable across desktop sizes and diagnostics
06:21 +674 ~2: /Users/karim/Project/pokemonProject/apps/avelune_studio/test/presentation/desktop_workspace_layout_test.dart: real stress workspace stays usable across desktop sizes and diagnostics
06:23 +675 ~2: /Users/karim/Project/pokemonProject/apps/avelune_studio/test/presentation/desktop_workspace_layout_test.dart: real stress workspace stays usable across desktop sizes and diagnostics
06:23 +676 ~2: /Users/karim/Project/pokemonProject/apps/avelune_studio/test/presentation/desktop_workspace_layout_test.dart: real stress workspace stays usable across desktop sizes and diagnostics
06:23 +677 ~2: /Users/karim/Project/pokemonProject/apps/avelune_studio/test/presentation/desktop_workspace_layout_test.dart: real stress workspace stays usable across desktop sizes and diagnostics
06:24 +678 ~2: /Users/karim/Project/pokemonProject/apps/avelune_studio/test/presentation/desktop_workspace_layout_test.dart: real stress workspace stays usable across desktop sizes and diagnostics
06:24 +679 ~2: /Users/karim/Project/pokemonProject/apps/avelune_studio/test/presentation/desktop_workspace_layout_test.dart: real stress workspace stays usable across desktop sizes and diagnostics
06:24 +680 ~2: /Users/karim/Project/pokemonProject/apps/avelune_studio/test/presentation/desktop_workspace_layout_test.dart: real stress workspace stays usable across desktop sizes and diagnostics
06:24 +681 ~2: /Users/karim/Project/pokemonProject/apps/avelune_studio/test/presentation/desktop_workspace_layout_test.dart: real stress workspace stays usable across desktop sizes and diagnostics
06:25 +682 ~2: /Users/karim/Project/pokemonProject/apps/avelune_studio/test/presentation/desktop_workspace_layout_test.dart: real stress workspace stays usable across desktop sizes and diagnostics
06:25 +683 ~2: /Users/karim/Project/pokemonProject/apps/avelune_studio/test/presentation/desktop_workspace_layout_test.dart: real stress workspace stays usable across desktop sizes and diagnostics
06:27 +684 ~2: /Users/karim/Project/pokemonProject/apps/avelune_studio/test/presentation/desktop_workspace_layout_test.dart: real stress workspace stays usable across desktop sizes and diagnostics
06:27 +685 ~2: /Users/karim/Project/pokemonProject/apps/avelune_studio/test/presentation/desktop_workspace_layout_test.dart: real stress workspace stays usable across desktop sizes and diagnostics
06:30 +686 ~2: /Users/karim/Project/pokemonProject/apps/avelune_studio/test/presentation/m3_authoring_journey_test.dart: author edits choices conditions and story, publishes and reopens
06:35 +687 ~2: /Users/karim/Project/pokemonProject/apps/avelune_studio/test/presentation/m3_authoring_journey_test.dart: author edits choices conditions and story, publishes and reopens
06:37 +688 ~2: /Users/karim/Project/pokemonProject/apps/avelune_studio/test/presentation/ui07_story_selection_test.dart: UI07 homonym story IDs and filtering retain the exact active dirty document
06:37 +689 ~2: /Users/karim/Project/pokemonProject/apps/avelune_studio/test/presentation/ui07_story_selection_test.dart: UI07 coherence reveals the actual missing reference from structure without publishing
06:39 +690 ~2: /Users/karim/Project/pokemonProject/apps/avelune_studio/test/presentation/ui06_scene_navigation_test.dart: UI06 advanced interaction opens exact scene and draft survives navigation and refused close
06:41 +691 ~2: /Users/karim/Project/pokemonProject/apps/avelune_studio/test/presentation/ui06_scene_navigation_test.dart: UI06 advanced interaction opens exact scene and draft survives navigation and refused close
06:43 +692 ~2: /Users/karim/Project/pokemonProject/apps/avelune_studio/test/presentation/m2_end_to_end_test.dart: real import decor terrain save reload and runtime journey
[runtime_loader] bundle load start projectFilePath=/private/var/folders/b5/7gsfwzyd449_54n8l40h40gc0000gn/T/avelune_m2_ui_YhLeXw/project.json mapId=jardin
[runtime_loader] project manifest lookup path=/private/var/folders/b5/7gsfwzyd449_54n8l40h40gc0000gn/T/avelune_m2_ui_YhLeXw/project.json
[runtime_loader] project manifest read ok bytes=45393
[runtime_loader] project manifest validated maps=2 tilesets=2 scenarios=0
[runtime_loader] bundle map resolved mapId=jardin relativePath=maps/jardin.json mapPath=/private/var/folders/b5/7gsfwzyd449_54n8l40h40gc0000gn/T/avelune_m2_ui_YhLeXw/maps/jardin.json
[runtime_loader] map file lookup path=/private/var/folders/b5/7gsfwzyd449_54n8l40h40gc0000gn/T/avelune_m2_ui_YhLeXw/maps/jardin.json
[runtime_loader] map file read ok bytes=23842
[runtime_loader] map validated id=jardin size=24x16 layers=4 entities=1 placedElements=6 warps=0 triggers=0
[runtime_loader] bundle tilesets collected ids=atelier,source_1790127717480987_114185668
[runtime_loader] bundle tileset path id=atelier path=/private/var/folders/b5/7gsfwzyd449_54n8l40h40gc0000gn/T/avelune_m2_ui_YhLeXw/assets/atelier.png
[runtime_loader] bundle tileset path id=source_1790127717480987_114185668 path=/private/var/folders/b5/7gsfwzyd449_54n8l40h40gc0000gn/T/avelune_m2_ui_YhLeXw/assets/.pokemap-store/410a5c9667c98ac02aab06b022caa817b619b07228972c838d3c023576cff8a8.blob
[runtime_loader] bundle load ok mapId=jardin projectRoot=/private/var/folders/b5/7gsfwzyd449_54n8l40h40gc0000gn/T/avelune_m2_ui_YhLeXw tilesets=2
[runtime_game] tileset image load start map=jardin
[runtime_game] tileset cache resolve requested=2
[runtime_game] tileset cache resolve ok result=2
[runtime_game] onLoad start map=jardin projectFilePath=/private/var/folders/b5/7gsfwzyd449_54n8l40h40gc0000gn/T/avelune_m2_ui_YhLeXw/project.json tilesets=2
[runtime_game] world build start map=jardin
[runtime] Map loaded: jardin, spawn at (8, 9)
[runtime_game] tileset image load ok count=2 map=jardin
[runtime_game] mount root map start map=jardin
[runtime_game] mount root map ok map=jardin
[runtime_game] onLoad completed activeMapId=jardin
[event_v2] mapEnter activation=mapact_1790127728027412_1 map=jardin reason=initialBoot result=MapEnterProductionDispatchLegacyFallback
06:58 +693 ~2: /Users/karim/Project/pokemonProject/apps/avelune_studio/test/presentation/m2_end_to_end_test.dart: real import decor terrain save reload and runtime journey
06:58 +694 ~2: /Users/karim/Project/pokemonProject/apps/avelune_studio/test/presentation/m2_end_to_end_test.dart: large resource library remains usable at narrow enlarged text
07:00 +695 ~2: /Users/karim/Project/pokemonProject/apps/avelune_studio/test/presentation/m2_end_to_end_test.dart: large resource library remains usable at narrow enlarged text
07:00 +696 ~2: /Users/karim/Project/pokemonProject/apps/avelune_studio/test/presentation/m2_end_to_end_test.dart: large resource library remains usable at narrow enlarged text
07:01 +697 ~2: /Users/karim/Project/pokemonProject/apps/avelune_studio/test/presentation/ui02_palette_test.dart: lazy decor grid retains scroll and activates actual brush
07:03 +698 ~2: /Users/karim/Project/pokemonProject/apps/avelune_studio/test/presentation/brush_retention_transition_test.dart: tool integration retains one brush with hidden palette and small budget
07:03 +699 ~2: /Users/karim/Project/pokemonProject/apps/avelune_studio/test/presentation/brush_retention_transition_test.dart: tool integration retains one brush with hidden palette and small budget
07:04 +700 ~2: /Users/karim/Project/pokemonProject/apps/avelune_studio/test/presentation/brush_retention_transition_test.dart: tool integration retains one brush with hidden palette and small budget
07:04 +701 ~2: /Users/karim/Project/pokemonProject/apps/avelune_studio/test/presentation/brush_retention_transition_test.dart: tool integration retains one brush with hidden palette and small budget
07:06 +702 ~2: /Users/karim/Project/pokemonProject/apps/avelune_studio/test/presentation/brush_retention_transition_test.dart: tool integration retains one brush with hidden palette and small budget
07:06 +703 ~2: /Users/karim/Project/pokemonProject/apps/avelune_studio/test/presentation/brush_retention_transition_test.dart: tool integration retains one brush with hidden palette and small budget
07:06 +704 ~2: /Users/karim/Project/pokemonProject/apps/avelune_studio/test/presentation/brush_retention_transition_test.dart: tool integration retains one brush with hidden palette and small budget
07:08 +705 ~2: /Users/karim/Project/pokemonProject/apps/avelune_studio/test/presentation/brush_retention_transition_test.dart: tool integration retains one brush with hidden palette and small budget
07:08 +706 ~2: /Users/karim/Project/pokemonProject/apps/avelune_studio/test/presentation/brush_retention_transition_test.dart: tool integration retains one brush with hidden palette and small budget
07:08 +707 ~2: /Users/karim/Project/pokemonProject/apps/avelune_studio/test/presentation/ui06_scene_action_form_test.dart: unsupported payload is retained until explicit replacement
07:08 +708 ~2: loading /Users/karim/Project/pokemonProject/apps/avelune_studio/test/presentation/ui05_story_journey_test.dart
07:09 +708 ~2: /Users/karim/Project/pokemonProject/apps/avelune_studio/test/presentation/ui05_story_journey_test.dart: UI05 story overview reads canonical fixture without mutations
07:18 +709 ~2: /Users/karim/Project/pokemonProject/apps/avelune_studio/test/presentation/ui08_event_sources_test.dart: UI08 four real sources preserve exact targets and Escape cancels without writes
07:19 +710 ~2: /Users/karim/Project/pokemonProject/apps/avelune_studio/test/presentation/resource_detail_ui03_test.dart: terrain category is canonical and missing maps are explained
07:19 +711 ~2: /Users/karim/Project/pokemonProject/apps/avelune_studio/test/presentation/resource_detail_ui03_test.dart: terrain category is canonical and missing maps are explained
07:19 +712 ~2: /Users/karim/Project/pokemonProject/apps/avelune_studio/test/presentation/resource_detail_ui03_test.dart: terrain category is canonical and missing maps are explained
07:19 +713 ~2: /Users/karim/Project/pokemonProject/apps/avelune_studio/test/presentation/resource_detail_ui03_test.dart: terrain category is canonical and missing maps are explained
07:19 +714 ~2: /Users/karim/Project/pokemonProject/apps/avelune_studio/test/presentation/resource_detail_ui03_test.dart: terrain category is canonical and missing maps are explained
07:19 +715 ~2: /Users/karim/Project/pokemonProject/apps/avelune_studio/test/presentation/resource_detail_ui03_test.dart: terrain category is canonical and missing maps are explained
07:19 +716 ~2: /Users/karim/Project/pokemonProject/apps/avelune_studio/test/terrain_creation_test.dart: one brush gesture creates support, paints, undoes and reloads same resolution
07:19 +717 ~2: /Users/karim/Project/pokemonProject/apps/avelune_studio/test/presentation/resource_detail_ui03_test.dart: use action stays visible while detail scrolls at 150 percent
07:19 +718 ~2: /Users/karim/Project/pokemonProject/apps/avelune_studio/test/presentation/resource_detail_ui03_test.dart: unprepared image retains an honest tile-use destination
07:19 +719 ~2: /Users/karim/Project/pokemonProject/apps/avelune_studio/test/presentation/resource_detail_ui03_test.dart: terrain example resolves distinct edges using real tile IDs
07:20 +720 ~2: /Users/karim/Project/pokemonProject/apps/avelune_studio/test/ui13_verification_host_recovery_test.dart: saving from an editor during a control frees the page
07:23 +721 ~2: /Users/karim/Project/pokemonProject/apps/avelune_studio/test/ui13_verification_host_recovery_test.dart: saving from an editor during a control frees the page
07:25 +722 ~2: /Users/karim/Project/pokemonProject/apps/avelune_studio/test/game_export/studio_game_export_cancel_test.dart: cancel before confirmed replacement preserves existing bytes
07:25 +723 ~2: /Users/karim/Project/pokemonProject/apps/avelune_studio/test/game_export/studio_game_export_cancel_test.dart: cancel during destination existence check prevents writing
07:25 +724 ~2: /Users/karim/Project/pokemonProject/apps/avelune_studio/test/game_export/studio_game_export_cancel_test.dart: project invalidation before writing produces no late success
07:26 +725 ~2: /Users/karim/Project/pokemonProject/apps/avelune_studio/test/game_export/studio_game_export_cancel_test.dart: late post-write source read cannot publish success for another project
07:26 +726 ~2: /Users/karim/Project/pokemonProject/apps/avelune_studio/test/game_export/studio_game_export_service_test.dart: native destination failure is shown without losing the page
07:26 +727 ~2: /Users/karim/Project/pokemonProject/apps/avelune_studio/test/game_export/studio_game_export_service_test.dart: native destination failure is shown without losing the page
07:28 +728 ~2: /Users/karim/Project/pokemonProject/apps/avelune_studio/test/game_export/studio_game_export_service_test.dart: native destination failure is shown without losing the page
07:29 +729 ~2: /Users/karim/Project/pokemonProject/apps/avelune_studio/test/game_export/studio_game_export_service_test.dart: native destination failure is shown without losing the page
07:29 +730 ~2: /Users/karim/Project/pokemonProject/apps/avelune_studio/test/game_export/studio_game_export_control_test.dart: missing source resource prevents the package
07:32 +731 ~2: /Users/karim/Project/pokemonProject/apps/avelune_studio/test/game_export/studio_game_export_service_test.dart: a rejected owner save keeps the interaction draft and blocks export
07:32 +732 ~2: /Users/karim/Project/pokemonProject/apps/avelune_studio/test/game_export/studio_game_export_control_test.dart: cancelled build never writes a late result
07:32 +733 ~2: /Users/karim/Project/pokemonProject/apps/avelune_studio/test/game_export/studio_game_export_service_test.dart: declining replacement preserves an existing package
07:33 +734 ~2: /Users/karim/Project/pokemonProject/apps/avelune_studio/test/game_export/studio_game_export_service_test.dart: declining replacement preserves an existing package
07:33 +735 ~2: /Users/karim/Project/pokemonProject/apps/avelune_studio/test/game_export/studio_game_export_service_test.dart: declining replacement preserves an existing package
07:34 +736 ~2: /Users/karim/Project/pokemonProject/apps/avelune_studio/test/game_export/studio_game_export_service_test.dart: declining replacement preserves an existing package
07:34 +737 ~2: /Users/karim/Project/pokemonProject/apps/avelune_studio/test/game_export/studio_game_export_control_test.dart: a change during writing is excluded and announced
07:34 +738 ~2: /Users/karim/Project/pokemonProject/apps/avelune_studio/test/game_export/studio_game_export_service_test.dart: Studio exports the saved two-map story through its own page
07:34 +739 ~2: /Users/karim/Project/pokemonProject/apps/avelune_studio/test/game_export/studio_game_export_service_test.dart: Studio exports the saved two-map story through its own page
07:38 +740 ~2: /Users/karim/Project/pokemonProject/apps/avelune_studio/test/game_export/studio_game_export_service_test.dart: Studio exports the saved two-map story through its own page
07:40 +741 ~2: /Users/karim/Project/pokemonProject/apps/avelune_studio/test/game_export/studio_game_export_service_test.dart: Studio exports the saved two-map story through its own page
07:40 +742 ~2: /Users/karim/Project/pokemonProject/apps/avelune_studio/test/game_export/studio_game_export_close_test.dart: cancelled export keeps every exit guard until cleanup finishes
07:40 +743 ~2: /Users/karim/Project/pokemonProject/apps/avelune_studio/test/game_export/studio_game_export_close_test.dart: cancelled export keeps every exit guard until cleanup finishes
07:44 +744 ~2: /Users/karim/Project/pokemonProject/apps/avelune_studio/test/game_export/studio_game_export_project_switch_test.dart: home switches a real workspace despite its unreadable profile
07:45 +745 ~2: /Users/karim/Project/pokemonProject/apps/avelune_studio/test/ui12_world_global_close_test.dart: global close saves new world states with Stories connected
07:47 +746 ~2: /Users/karim/Project/pokemonProject/apps/avelune_studio/test/ui12_world_global_close_test.dart: global close saves new world states with Stories connected
07:47 +747 ~2: /Users/karim/Project/pokemonProject/apps/avelune_studio/test/ui12_world_global_close_test.dart: global close saves new world states with Stories connected
07:47 +748 ~2: /Users/karim/Project/pokemonProject/apps/avelune_studio/test/ui12_world_global_close_test.dart: global close saves new world states with Stories connected
07:48 +749 ~2: /Users/karim/Project/pokemonProject/apps/avelune_studio/test/ui12_world_global_close_test.dart: global close saves new world states with Stories connected
07:49 +750 ~2: /Users/karim/Project/pokemonProject/apps/avelune_studio/test/ui12_world_global_close_test.dart: global close saves new world states with Stories connected
07:50 +751 ~2: /Users/karim/Project/pokemonProject/apps/avelune_studio/test/ui12_world_global_close_test.dart: global close saves new world states with Stories connected
07:50 +752 ~2: /Users/karim/Project/pokemonProject/apps/avelune_studio/test/ui12_world_global_close_test.dart: invalid input on a clean rule still requires an explicit choice
07:51 +753 ~2: /Users/karim/Project/pokemonProject/apps/avelune_studio/test/ui12_world_global_close_test.dart: invalid input on a clean rule still requires an explicit choice
07:52 +754 ~2: /Users/karim/Project/pokemonProject/apps/avelune_studio/test/ui12_world_global_close_test.dart: invalid input on a clean rule still requires an explicit choice
07:52 +755 ~2: /Users/karim/Project/pokemonProject/apps/avelune_studio/test/ui12_world_global_close_test.dart: invalid input on a clean rule still requires an explicit choice
07:52 +756 ~2: /Users/karim/Project/pokemonProject/apps/avelune_studio/test/ui12_world_global_close_test.dart: invalid input on a clean rule still requires an explicit choice
07:53 +757 ~2: /Users/karim/Project/pokemonProject/apps/avelune_studio/test/map_workspace/trigger_visual_test.dart: the story zone inspector holds the charter
07:53 +758 ~2: /Users/karim/Project/pokemonProject/apps/avelune_studio/test/ui12_world_global_close_test.dart: a failed rule keeps close blocked after its new state is saved
07:55 +759 ~2: /Users/karim/Project/pokemonProject/apps/avelune_studio/test/map_workspace/keyboard_delete_host_test.dart: the Delete keys refuse a character an unsaved world rule targets
07:57 +760 ~2: /Users/karim/Project/pokemonProject/apps/avelune_studio/test/map_workspace/keyboard_delete_host_test.dart: the Delete keys refuse a character an unsaved world rule targets
07:57 +761 ~2: /Users/karim/Project/pokemonProject/apps/avelune_studio/test/map_workspace/keyboard_delete_host_test.dart: the Delete keys refuse a character an unsaved world rule targets
07:58 +762 ~2: /Users/karim/Project/pokemonProject/apps/avelune_studio/test/map_workspace/context_menu_parity_test.dart: menu and inspector delete the same way and refuse alike
07:59 +763 ~2: /Users/karim/Project/pokemonProject/apps/avelune_studio/test/map_workspace/keyboard_delete_host_test.dart: a configured event that is not saved yet protects its character
07:59 +764 ~2: /Users/karim/Project/pokemonProject/apps/avelune_studio/test/map_workspace/keyboard_delete_host_test.dart: a configured event that is not saved yet protects its character
08:00 +765 ~2: /Users/karim/Project/pokemonProject/apps/avelune_studio/test/map_workspace/keyboard_delete_host_test.dart: a configured event that is not saved yet protects its character
08:01 +765 ~2: /Users/karim/Project/pokemonProject/apps/avelune_studio/test/map_workspace/warp_disk_journey_test.dart: a warp saved on disk really carries the player to the other map
[runtime_loader] bundle load start projectFilePath=/private/var/folders/b5/7gsfwzyd449_54n8l40h40gc0000gn/T/avelune_asmap_5t8HqR/project.json mapId=jardin
[runtime_loader] project manifest lookup path=/private/var/folders/b5/7gsfwzyd449_54n8l40h40gc0000gn/T/avelune_asmap_5t8HqR/project.json
[runtime_loader] project manifest read ok bytes=8480
[runtime_loader] project manifest validated maps=2 tilesets=1 scenarios=0
[runtime_loader] bundle map resolved mapId=jardin relativePath=maps/jardin.json mapPath=/private/var/folders/b5/7gsfwzyd449_54n8l40h40gc0000gn/T/avelune_asmap_5t8HqR/maps/jardin.json
[runtime_loader] map file lookup path=/private/var/folders/b5/7gsfwzyd449_54n8l40h40gc0000gn/T/avelune_asmap_5t8HqR/maps/jardin.json
[runtime_loader] map file read ok bytes=17566
[runtime_loader] map validated id=jardin size=24x16 layers=3 entities=1 placedElements=3 warps=1 triggers=0
[runtime_loader] bundle tilesets collected ids=atelier
[runtime_loader] bundle tileset path id=atelier path=/private/var/folders/b5/7gsfwzyd449_54n8l40h40gc0000gn/T/avelune_asmap_5t8HqR/assets/atelier.png
[runtime_loader] bundle load ok mapId=jardin projectRoot=/private/var/folders/b5/7gsfwzyd449_54n8l40h40gc0000gn/T/avelune_asmap_5t8HqR tilesets=1
[runtime_loader] bundle load start projectFilePath=/private/var/folders/b5/7gsfwzyd449_54n8l40h40gc0000gn/T/avelune_asmap_5t8HqR/project.json mapId=clairiere
[runtime_loader] bundle map resolved mapId=clairiere relativePath=maps/clairiere.json mapPath=/private/var/folders/b5/7gsfwzyd449_54n8l40h40gc0000gn/T/avelune_asmap_5t8HqR/maps/clairiere.json
[runtime_loader] map file lookup path=/private/var/folders/b5/7gsfwzyd449_54n8l40h40gc0000gn/T/avelune_asmap_5t8HqR/maps/clairiere.json
[runtime_loader] map file read ok bytes=17187
[runtime_loader] map validated id=clairiere size=24x16 layers=3 entities=1 placedElements=3 warps=0 triggers=0
[runtime_loader] bundle tilesets collected ids=atelier
[runtime_loader] bundle tileset path id=atelier path=/private/var/folders/b5/7gsfwzyd449_54n8l40h40gc0000gn/T/avelune_asmap_5t8HqR/assets/atelier.png
[runtime_loader] bundle load ok mapId=clairiere projectRoot=/private/var/folders/b5/7gsfwzyd449_54n8l40h40gc0000gn/T/avelune_asmap_5t8HqR tilesets=1
08:01 +766 ~2: /Users/karim/Project/pokemonProject/apps/avelune_studio/test/map_workspace/keyboard_delete_host_test.dart: a configured event that is not saved yet protects its character
08:01 +766 ~2: /Users/karim/Project/pokemonProject/apps/avelune_studio/test/map_workspace/warp_disk_journey_test.dart: a warp saved as bump does not fire on a plain step
[runtime_loader] bundle load start projectFilePath=/private/var/folders/b5/7gsfwzyd449_54n8l40h40gc0000gn/T/avelune_asmap_gEHhks/project.json mapId=jardin
[runtime_loader] project manifest lookup path=/private/var/folders/b5/7gsfwzyd449_54n8l40h40gc0000gn/T/avelune_asmap_gEHhks/project.json
[runtime_loader] project manifest read ok bytes=8480
[runtime_loader] project manifest validated maps=2 tilesets=1 scenarios=0
[runtime_loader] bundle map resolved mapId=jardin relativePath=maps/jardin.json mapPath=/private/var/folders/b5/7gsfwzyd449_54n8l40h40gc0000gn/T/avelune_asmap_gEHhks/maps/jardin.json
[runtime_loader] map file lookup path=/private/var/folders/b5/7gsfwzyd449_54n8l40h40gc0000gn/T/avelune_asmap_gEHhks/maps/jardin.json
[runtime_loader] map file read ok bytes=17565
[runtime_loader] map validated id=jardin size=24x16 layers=3 entities=1 placedElements=3 warps=1 triggers=0
[runtime_loader] bundle tilesets collected ids=atelier
[runtime_loader] bundle tileset path id=atelier path=/private/var/folders/b5/7gsfwzyd449_54n8l40h40gc0000gn/T/avelune_asmap_gEHhks/assets/atelier.png
[runtime_loader] bundle load ok mapId=jardin projectRoot=/private/var/folders/b5/7gsfwzyd449_54n8l40h40gc0000gn/T/avelune_asmap_gEHhks tilesets=1
08:01 +767 ~2: /Users/karim/Project/pokemonProject/apps/avelune_studio/test/map_workspace/keyboard_delete_host_test.dart: a configured event that is not saved yet protects its character
08:01 +768 ~2: /Users/karim/Project/pokemonProject/apps/avelune_studio/test/map_workspace/keyboard_delete_host_test.dart: a rule on a twin id elsewhere blocks nothing, and the deletion undoes
08:03 +769 ~2: /Users/karim/Project/pokemonProject/apps/avelune_studio/test/map_workspace/keyboard_delete_host_test.dart: a rule on a twin id elsewhere blocks nothing, and the deletion undoes
08:03 +770 ~2: /Users/karim/Project/pokemonProject/apps/avelune_studio/test/map_workspace/keyboard_delete_host_test.dart: a rule on a twin id elsewhere blocks nothing, and the deletion undoes
08:03 +771 ~2: /Users/karim/Project/pokemonProject/apps/avelune_studio/test/map_workspace/keyboard_delete_host_test.dart: Delete never acts behind an open context menu
08:04 +772 ~2: /Users/karim/Project/pokemonProject/apps/avelune_studio/test/map_workspace/keyboard_delete_host_test.dart: Delete never acts behind an open context menu
08:04 +773 ~2: /Users/karim/Project/pokemonProject/apps/avelune_studio/test/map_workspace/keyboard_delete_host_test.dart: Delete never acts behind an open context menu
08:04 +774 ~2: /Users/karim/Project/pokemonProject/apps/avelune_studio/test/map_workspace/keyboard_delete_host_test.dart: Delete never acts behind an open context menu
08:04 +775 ~2: /Users/karim/Project/pokemonProject/apps/avelune_studio/test/map_workspace/keyboard_delete_host_test.dart: Delete never acts behind an open context menu
08:04 +776 ~2: /Users/karim/Project/pokemonProject/apps/avelune_studio/test/map_workspace/keyboard_delete_host_test.dart: Delete never acts behind an open context menu
08:04 +777 ~2: /Users/karim/Project/pokemonProject/apps/avelune_studio/test/map_workspace/keyboard_delete_host_test.dart: Delete never acts behind an open context menu
08:04 +778 ~2: /Users/karim/Project/pokemonProject/apps/avelune_studio/test/map_workspace/keyboard_delete_host_test.dart: a story zone whose interaction is being written refuses both paths
08:06 +779 ~2: /Users/karim/Project/pokemonProject/apps/avelune_studio/test/map_workspace/keyboard_delete_host_test.dart: a story zone whose interaction is being written refuses both paths
08:06 +780 ~2: /Users/karim/Project/pokemonProject/apps/avelune_studio/test/map_workspace/keyboard_delete_host_test.dart: a story zone whose interaction is being written refuses both paths
08:07 +781 ~2: /Users/karim/Project/pokemonProject/apps/avelune_studio/test/map_workspace/context_menu_host_test.dart: the real screen opens the menu and deletes through it
08:09 +782 ~2: /Users/karim/Project/pokemonProject/apps/avelune_studio/test/map_workspace/keyboard_delete_host_test.dart: every family the menu deletes, the keyboard deletes and undoes
08:10 +783 ~2: /Users/karim/Project/pokemonProject/apps/avelune_studio/test/map_workspace/keyboard_delete_host_test.dart: every family the menu deletes, the keyboard deletes and undoes
08:10 +784 ~2: /Users/karim/Project/pokemonProject/apps/avelune_studio/test/map_workspace/context_menu_host_test.dart: Propriétés reaches the inspector even when it is compact
08:10 +785 ~2: /Users/karim/Project/pokemonProject/apps/avelune_studio/test/map_workspace/context_menu_host_test.dart: a story zone without interaction says so instead of opening
08:11 +786 ~2: /Users/karim/Project/pokemonProject/apps/avelune_studio/test/map_workspace/context_menu_host_test.dart: a story zone without interaction says so instead of opening
08:11 +787 ~2: /Users/karim/Project/pokemonProject/apps/avelune_studio/test/map_workspace/context_menu_host_test.dart: a story zone without interaction says so instead of opening
08:11 +788 ~2: /Users/karim/Project/pokemonProject/apps/avelune_studio/test/map_workspace/context_menu_host_test.dart: a story zone without interaction says so instead of opening
08:11 +789 ~2: /Users/karim/Project/pokemonProject/apps/avelune_studio/test/map_workspace/warp_editing_test.dart: a placed warp keeps the destination that was chosen
08:11 +790 ~2: /Users/karim/Project/pokemonProject/apps/avelune_studio/test/map_workspace/warp_editing_test.dart: only the project maps are offered as destinations
08:11 +791 ~2: /Users/karim/Project/pokemonProject/apps/avelune_studio/test/map_workspace/warp_editing_test.dart: a destination removed from the project is named, not hidden
08:11 +792 ~2: /Users/karim/Project/pokemonProject/apps/avelune_studio/test/map_workspace/warp_editing_test.dart: moving a warp leaves the other families untouched
08:12 +793 ~2: /Users/karim/Project/pokemonProject/apps/avelune_studio/test/map_workspace/warp_editing_test.dart: retargeting goes through the shared validation
08:12 +794 ~2: /Users/karim/Project/pokemonProject/apps/avelune_studio/test/map_workspace/warp_editing_test.dart: placement, move and deletion are undoable step by step
08:12 +795 ~2: /Users/karim/Project/pokemonProject/apps/avelune_studio/test/map_workspace/inspector_fields_undo_test.dart: an undone sign title is not re-applied when leaving the field
08:12 +796 ~2: /Users/karim/Project/pokemonProject/apps/avelune_studio/test/map_workspace/inspector_fields_undo_test.dart: an undone sign title is not re-applied when leaving the field
08:12 +797 ~2: /Users/karim/Project/pokemonProject/apps/avelune_studio/test/map_workspace/inspector_fields_undo_test.dart: an undone sign title is not re-applied when leaving the field
08:12 +798 ~2: /Users/karim/Project/pokemonProject/apps/avelune_studio/test/map_workspace/inspector_fields_undo_test.dart: an undone sign title is not re-applied when leaving the field
08:12 +799 ~2: /Users/karim/Project/pokemonProject/apps/avelune_studio/test/map_workspace/inspector_fields_undo_test.dart: an undone sign title is not re-applied when leaving the field
08:12 +800 ~2: /Users/karim/Project/pokemonProject/apps/avelune_studio/test/map_workspace/inspector_fields_undo_test.dart: an undone sign title is not re-applied when leaving the field
08:12 +801 ~2: /Users/karim/Project/pokemonProject/apps/avelune_studio/test/map_workspace/inspector_fields_undo_test.dart: an undone sign title is not re-applied when leaving the field
08:13 +802 ~2: /Users/karim/Project/pokemonProject/apps/avelune_studio/test/map_workspace/inspector_fields_undo_test.dart: an undone sign title is not re-applied when leaving the field
08:13 +803 ~2: /Users/karim/Project/pokemonProject/apps/avelune_studio/test/map_workspace/entity_deletion_guard_test.dart: an unsaved interaction draft also holds the sign
08:13 +804 ~2: /Users/karim/Project/pokemonProject/apps/avelune_studio/test/map_workspace/inspector_fields_undo_test.dart: an undone zone name is not re-applied when leaving the field
08:13 +805 ~2: /Users/karim/Project/pokemonProject/apps/avelune_studio/test/map_workspace/inspector_fields_undo_test.dart: redo brings the field back to the redone value
08:14 +806 ~2: /Users/karim/Project/pokemonProject/apps/avelune_studio/test/map_workspace/inspector_fields_undo_test.dart: an entry aimed at one sign never lands on another
08:14 +807 ~2: /Users/karim/Project/pokemonProject/apps/avelune_studio/test/map_workspace/inspector_fields_undo_test.dart: an invalid arrival cell is refused and the field restored
08:14 +808 ~2: /Users/karim/Project/pokemonProject/apps/avelune_studio/test/map_workspace/inspector_fields_undo_test.dart: saving while a field still has focus keeps the entry
08:14 +809 ~2: /Users/karim/Project/pokemonProject/apps/avelune_studio/test/map_workspace/entity_editing_test.dart: a map without a player start cannot be played at all
08:14 +810 ~2: /Users/karim/Project/pokemonProject/apps/avelune_studio/test/map_workspace/entity_editing_test.dart: the player start follows the author when it is moved
08:14 +811 ~2: /Users/karim/Project/pokemonProject/apps/avelune_studio/test/map_workspace/entity_editing_test.dart: a spawn placed for something else is not a player start
08:14 +812 ~2: /Users/karim/Project/pokemonProject/apps/avelune_studio/test/map_workspace/entity_editing_test.dart: a sign carries its own text and blocks the way
08:14 +813 ~2: /Users/karim/Project/pokemonProject/apps/avelune_studio/test/map_workspace/entity_editing_test.dart: these families never answer for a character
08:14 +814 ~2: /Users/karim/Project/pokemonProject/apps/avelune_studio/test/map_workspace/entity_editing_test.dart: placing, editing and deleting are undoable step by step
08:15 +815 ~2: /Users/karim/Project/pokemonProject/apps/avelune_studio/test/map_workspace/context_move_test.dart: a gameplay zone is really moved by the menu action
08:15 +816 ~2: /Users/karim/Project/pokemonProject/apps/avelune_studio/test/map_workspace/context_move_test.dart: a gameplay zone is really moved by the menu action
08:15 +817 ~2: /Users/karim/Project/pokemonProject/apps/avelune_studio/test/map_workspace/context_move_test.dart: a gameplay zone is really moved by the menu action
08:15 +818 ~2: /Users/karim/Project/pokemonProject/apps/avelune_studio/test/map_workspace/context_move_test.dart: a gameplay zone is really moved by the menu action
08:15 +819 ~2: /Users/karim/Project/pokemonProject/apps/avelune_studio/test/map_workspace/context_move_test.dart: a gameplay zone is really moved by the menu action
08:16 +820 ~2: /Users/karim/Project/pokemonProject/apps/avelune_studio/test/map_workspace/context_move_test.dart: a gameplay zone is really moved by the menu action
08:16 +821 ~2: /Users/karim/Project/pokemonProject/apps/avelune_studio/test/map_workspace/context_move_test.dart: a story zone moves the same way
08:16 +822 ~2: /Users/karim/Project/pokemonProject/apps/avelune_studio/test/map_workspace/context_move_test.dart: a character under the zone does not move instead of it
08:17 +823 ~2: /Users/karim/Project/pokemonProject/apps/avelune_studio/test/map_workspace/story_zone_reopen_host_test.dart: an interaction never saved reopens from the map with its own draft
08:20 +824 ~2: /Users/karim/Project/pokemonProject/apps/avelune_studio/test/map_workspace/story_zone_reopen_host_test.dart: an interaction never saved reopens from the map with its own draft
08:23 +825 ~2: /Users/karim/Project/pokemonProject/apps/avelune_studio/test/map_workspace/decor_move_host_test.dart: a move made through the menu is saved and read back independently
08:23 +826 ~2: /Users/karim/Project/pokemonProject/apps/avelune_studio/test/map_workspace/story_zone_reopen_host_test.dart: a saved interaction edited again reopens its current simplified draft
08:25 +827 ~2: /Users/karim/Project/pokemonProject/apps/avelune_studio/test/map_workspace/story_zone_reopen_host_test.dart: a saved interaction edited again reopens its current simplified draft
08:26 +828 ~2: /Users/karim/Project/pokemonProject/apps/avelune_studio/test/map_workspace/decor_move_host_test.dart: the move still lands on the right cell after a zoom
08:26 +829 ~2: /Users/karim/Project/pokemonProject/apps/avelune_studio/test/map_workspace/story_zone_reopen_host_test.dart: a saved zone interaction opens in its events owner
08:28 +830 ~2: /Users/karim/Project/pokemonProject/apps/avelune_studio/test/map_workspace/story_zone_reopen_host_test.dart: a saved zone interaction opens in its events owner
08:28 +831 ~2: /Users/karim/Project/pokemonProject/apps/avelune_studio/test/map_workspace/decor_move_host_test.dart: Escape during an armed story zone preview leaves the zone in place
08:29 +832 ~2: /Users/karim/Project/pokemonProject/apps/avelune_studio/test/map_workspace/story_zone_reopen_host_test.dart: a late read never reopens the zone once the author went elsewhere
08:29 +833 ~2: /Users/karim/Project/pokemonProject/apps/avelune_studio/test/map_workspace/decor_move_host_test.dart: choosing another tool releases the armed move and its instruction
08:30 +834 ~2: /Users/karim/Project/pokemonProject/apps/avelune_studio/test/map_workspace/story_zone_reopen_host_test.dart: several interactions on one zone offer only those, then open the one
08:32 +835 ~2: /Users/karim/Project/pokemonProject/apps/avelune_studio/test/map_workspace/decor_move_host_test.dart: an armed move never comes back after a round trip to another map
08:33 +836 ~2: /Users/karim/Project/pokemonProject/apps/avelune_studio/test/map_workspace/warp_player_journey_test.dart: a warp authored in Studio moves the player to the other map
[runtime_loader] bundle load start projectFilePath=/private/var/folders/b5/7gsfwzyd449_54n8l40h40gc0000gn/T/avelune_player_mt29Az/project.json mapId=jardin
[runtime_loader] project manifest lookup path=/private/var/folders/b5/7gsfwzyd449_54n8l40h40gc0000gn/T/avelune_player_mt29Az/project.json
[runtime_loader] project manifest read ok bytes=8480
[runtime_loader] project manifest validated maps=2 tilesets=1 scenarios=0
[runtime_loader] bundle map resolved mapId=jardin relativePath=maps/jardin.json mapPath=/private/var/folders/b5/7gsfwzyd449_54n8l40h40gc0000gn/T/avelune_player_mt29Az/maps/jardin.json
[runtime_loader] map file lookup path=/private/var/folders/b5/7gsfwzyd449_54n8l40h40gc0000gn/T/avelune_player_mt29Az/maps/jardin.json
[runtime_loader] map file read ok bytes=17566
[runtime_loader] map validated id=jardin size=24x16 layers=3 entities=1 placedElements=3 warps=1 triggers=0
[runtime_loader] bundle tilesets collected ids=atelier
[runtime_loader] bundle tileset path id=atelier path=/private/var/folders/b5/7gsfwzyd449_54n8l40h40gc0000gn/T/avelune_player_mt29Az/assets/atelier.png
[runtime_loader] bundle load ok mapId=jardin projectRoot=/private/var/folders/b5/7gsfwzyd449_54n8l40h40gc0000gn/T/avelune_player_mt29Az tilesets=1
[runtime_game] tileset image load start map=jardin
[runtime_game] tileset cache resolve requested=1
[runtime_game] tileset cache resolve ok result=1
[runtime_game] onLoad start map=jardin projectFilePath=/private/var/folders/b5/7gsfwzyd449_54n8l40h40gc0000gn/T/avelune_player_mt29Az/project.json tilesets=1
[runtime_game] world build start map=jardin
[runtime] Map loaded: jardin, spawn at (4, 4)
[runtime_game] tileset image load ok count=1 map=jardin
[runtime_game] mount root map start map=jardin
[runtime_game] mount root map ok map=jardin
[runtime_loader] bundle load start projectFilePath=/private/var/folders/b5/7gsfwzyd449_54n8l40h40gc0000gn/T/avelune_player_mt29Az/project.json mapId=clairiere
[runtime_loader] project manifest lookup path=/private/var/folders/b5/7gsfwzyd449_54n8l40h40gc0000gn/T/avelune_player_mt29Az/project.json
[runtime_game] onLoad completed activeMapId=jardin
[event_v2] mapEnter activation=mapact_1790127825841350_1 map=jardin reason=initialBoot result=MapEnterProductionDispatchLegacyFallback
[runtime_loader] project manifest read ok bytes=8480
[runtime_loader] project manifest validated maps=2 tilesets=1 scenarios=0
[runtime_loader] bundle map resolved mapId=clairiere relativePath=maps/clairiere.json mapPath=/private/var/folders/b5/7gsfwzyd449_54n8l40h40gc0000gn/T/avelune_player_mt29Az/maps/clairiere.json
[runtime_loader] map file lookup path=/private/var/folders/b5/7gsfwzyd449_54n8l40h40gc0000gn/T/avelune_player_mt29Az/maps/clairiere.json
[warp] Triggered warp warp-1790127825671254-0 mode=onEnter -> map=clairiere pos=(7, 3)
[runtime_loader] map file read ok bytes=17187
[runtime_loader] map validated id=clairiere size=24x16 layers=3 entities=1 placedElements=3 warps=0 triggers=0
[runtime_loader] bundle tilesets collected ids=atelier
[runtime_loader] bundle tileset path id=atelier path=/private/var/folders/b5/7gsfwzyd449_54n8l40h40gc0000gn/T/avelune_player_mt29Az/assets/atelier.png
[runtime_loader] bundle load ok mapId=clairiere projectRoot=/private/var/folders/b5/7gsfwzyd449_54n8l40h40gc0000gn/T/avelune_player_mt29Az tilesets=1
[runtime_game] tileset cache resolve requested=1
[runtime_game] tileset cache resolve ok result=1
[warp] start transition warp=warp-1790127825671254-0 map=jardin -> clairiere target=(7, 3)
[perf][warp] loadBundle=0ms
[warp] target map loaded id=clairiere
[warp] fade out durationMs=170
[perf][warp] worldInitial=0ms
[warp] loading target map visuals id=clairiere
[runtime_game] tileset cache resolve requested=1
[runtime_game] tileset cache resolve ok result=1
[perf][warp] loadTilesets=0ms
[perf][warp] loadBorderAssets=0ms
[perf][warp] revalidateBorderBeforeSwap=0ms
[perf][warp] mountMap=0ms
[warp] player placed at map=clairiere pos=(7, 3)
[perf][warp] configureCamera=0ms
[perf][warp] preloadConnectionsKickoff=0ms
[perf][warp] prewarmWarpsKickoff=0ms
[perf][warp] prewarmBattleKickoff=0ms
[perf][warp] pruneLoadedMaps=0ms
[perf][warp] refreshWorldNpcPresence=0ms
[warp] fade in durationMs=170
[perf][warp] total=13ms
[warp] transition completed
[warp] gameplay unlocked map=clairiere pos=(7, 3)
[event_v2] mapEnter activation=mapact_1790127825952947_2 map=clairiere reason=warp result=MapEnterProductionDispatchLegacyFallback
08:33 +837 ~2: /Users/karim/Project/pokemonProject/apps/avelune_studio/test/map_workspace/warp_player_journey_test.dart: a warp saved as bump keeps the player on the departure map
[runtime_loader] bundle load start projectFilePath=/private/var/folders/b5/7gsfwzyd449_54n8l40h40gc0000gn/T/avelune_player_bkO23k/project.json mapId=jardin
[runtime_loader] project manifest lookup path=/private/var/folders/b5/7gsfwzyd449_54n8l40h40gc0000gn/T/avelune_player_bkO23k/project.json
[runtime_loader] project manifest read ok bytes=8480
[runtime_loader] project manifest validated maps=2 tilesets=1 scenarios=0
[runtime_loader] bundle map resolved mapId=jardin relativePath=maps/jardin.json mapPath=/private/var/folders/b5/7gsfwzyd449_54n8l40h40gc0000gn/T/avelune_player_bkO23k/maps/jardin.json
[runtime_loader] map file lookup path=/private/var/folders/b5/7gsfwzyd449_54n8l40h40gc0000gn/T/avelune_player_bkO23k/maps/jardin.json
[runtime_loader] map file read ok bytes=17565
[runtime_loader] map validated id=jardin size=24x16 layers=3 entities=1 placedElements=3 warps=1 triggers=0
[runtime_loader] bundle tilesets collected ids=atelier
[runtime_loader] bundle tileset path id=atelier path=/private/var/folders/b5/7gsfwzyd449_54n8l40h40gc0000gn/T/avelune_player_bkO23k/assets/atelier.png
[runtime_loader] bundle load ok mapId=jardin projectRoot=/private/var/folders/b5/7gsfwzyd449_54n8l40h40gc0000gn/T/avelune_player_bkO23k tilesets=1
[runtime_game] tileset image load start map=jardin
[runtime_game] tileset cache resolve requested=1
[runtime_game] tileset cache resolve ok result=1
[runtime_game] onLoad start map=jardin projectFilePath=/private/var/folders/b5/7gsfwzyd449_54n8l40h40gc0000gn/T/avelune_player_bkO23k/project.json tilesets=1
[runtime_game] world build start map=jardin
[runtime] Map loaded: jardin, spawn at (4, 4)
[runtime_game] tileset image load ok count=1 map=jardin
[runtime_game] mount root map start map=jardin
[runtime_game] mount root map ok map=jardin
[runtime_loader] bundle load start projectFilePath=/private/var/folders/b5/7gsfwzyd449_54n8l40h40gc0000gn/T/avelune_player_bkO23k/project.json mapId=clairiere
[runtime_loader] project manifest lookup path=/private/var/folders/b5/7gsfwzyd449_54n8l40h40gc0000gn/T/avelune_player_bkO23k/project.json
[runtime_game] onLoad completed activeMapId=jardin
[event_v2] mapEnter activation=mapact_1790127826024879_1 map=jardin reason=initialBoot result=MapEnterProductionDispatchLegacyFallback
[runtime_loader] project manifest read ok bytes=8480
[runtime_loader] project manifest validated maps=2 tilesets=1 scenarios=0
[runtime_loader] bundle map resolved mapId=clairiere relativePath=maps/clairiere.json mapPath=/private/var/folders/b5/7gsfwzyd449_54n8l40h40gc0000gn/T/avelune_player_bkO23k/maps/clairiere.json
[runtime_loader] map file lookup path=/private/var/folders/b5/7gsfwzyd449_54n8l40h40gc0000gn/T/avelune_player_bkO23k/maps/clairiere.json
[runtime_loader] map file read ok bytes=17187
[runtime_loader] map validated id=clairiere size=24x16 layers=3 entities=1 placedElements=3 warps=0 triggers=0
[runtime_loader] bundle tilesets collected ids=atelier
[runtime_loader] bundle tileset path id=atelier path=/private/var/folders/b5/7gsfwzyd449_54n8l40h40gc0000gn/T/avelune_player_bkO23k/assets/atelier.png
[runtime_loader] bundle load ok mapId=clairiere projectRoot=/private/var/folders/b5/7gsfwzyd449_54n8l40h40gc0000gn/T/avelune_player_bkO23k tilesets=1
[runtime_game] tileset cache resolve requested=1
[runtime_game] tileset cache resolve ok result=1
08:33 +838 ~2: /Users/karim/Project/pokemonProject/apps/avelune_studio/test/map_workspace/context_identity_host_test.dart: twin ids in two families stay distinct rows of the real menu
08:35 +839 ~2: /Users/karim/Project/pokemonProject/apps/avelune_studio/test/map_workspace/context_identity_host_test.dart: twin ids in two families stay distinct rows of the real menu
08:35 +840 ~2: /Users/karim/Project/pokemonProject/apps/avelune_studio/test/map_workspace/context_identity_host_test.dart: twin ids in two families stay distinct rows of the real menu
08:35 +841 ~2: /Users/karim/Project/pokemonProject/apps/avelune_studio/test/map_workspace/context_identity_host_test.dart: twin ids in two families stay distinct rows of the real menu
08:35 +842 ~2: /Users/karim/Project/pokemonProject/apps/avelune_studio/test/map_workspace/context_identity_host_test.dart: twin ids in two families stay distinct rows of the real menu
08:36 +843 ~2: /Users/karim/Project/pokemonProject/apps/avelune_studio/test/map_workspace/context_identity_host_test.dart: twin ids in two families stay distinct rows of the real menu
08:36 +844 ~2: /Users/karim/Project/pokemonProject/apps/avelune_studio/test/map_workspace/context_identity_host_test.dart: twin ids in two families stay distinct rows of the real menu
08:36 +845 ~2: /Users/karim/Project/pokemonProject/apps/avelune_studio/test/map_workspace/context_identity_host_test.dart: twin ids in two families stay distinct rows of the real menu
08:36 +846 ~2: /Users/karim/Project/pokemonProject/apps/avelune_studio/test/map_workspace/context_identity_host_test.dart: twin ids in two families stay distinct rows of the real menu
08:36 +847 ~2: /Users/karim/Project/pokemonProject/apps/avelune_studio/test/map_workspace/context_identity_host_test.dart: twin ids in two families stay distinct rows of the real menu
08:36 +848 ~2: /Users/karim/Project/pokemonProject/apps/avelune_studio/test/map_workspace/context_identity_host_test.dart: twin ids in two families stay distinct rows of the real menu
08:37 +849 ~2: /Users/karim/Project/pokemonProject/apps/avelune_studio/test/map_workspace/context_identity_host_test.dart: Shift+F10 reopens the menu on the target chosen in the stack
08:38 +850 ~2: /Users/karim/Project/pokemonProject/apps/avelune_studio/test/map_workspace/context_identity_host_test.dart: Shift+F10 reopens the menu on the target chosen in the stack
08:38 +851 ~2: /Users/karim/Project/pokemonProject/apps/avelune_studio/test/map_workspace/context_identity_host_test.dart: Shift+F10 reopens the menu on the target chosen in the stack
08:38 +852 ~2: /Users/karim/Project/pokemonProject/apps/avelune_studio/test/map_workspace/context_identity_host_test.dart: Shift+F10 reopens the menu on the target chosen in the stack
08:38 +853 ~2: /Users/karim/Project/pokemonProject/apps/avelune_studio/test/map_workspace/context_identity_host_test.dart: Shift+F10 reopens the menu on the target chosen in the stack
08:38 +854 ~2: /Users/karim/Project/pokemonProject/apps/avelune_studio/test/map_workspace/context_identity_host_test.dart: Shift+F10 reopens the menu on the target chosen in the stack
08:39 +855 ~2: /Users/karim/Project/pokemonProject/apps/avelune_studio/test/map_workspace/context_identity_host_test.dart: Shift+F10 reopens the menu on the target chosen in the stack
08:39 +856 ~2: /Users/karim/Project/pokemonProject/apps/avelune_studio/test/map_workspace/context_identity_host_test.dart: Shift+F10 reopens the menu on the target chosen in the stack
08:39 +857 ~2: /Users/karim/Project/pokemonProject/apps/avelune_studio/test/map_workspace/context_identity_host_test.dart: Shift+F10 reopens the menu on the target chosen in the stack
08:39 +858 ~2: /Users/karim/Project/pokemonProject/apps/avelune_studio/test/map_workspace/context_identity_host_test.dart: a deleted target is never replaced by its homonym on Shift+F10
08:40 +859 ~2: /Users/karim/Project/pokemonProject/apps/avelune_studio/test/map_workspace/context_identity_host_test.dart: a deleted target is never replaced by its homonym on Shift+F10
08:40 +860 ~2: /Users/karim/Project/pokemonProject/apps/avelune_studio/test/map_workspace/context_identity_host_test.dart: a deleted target is never replaced by its homonym on Shift+F10
08:40 +861 ~2: /Users/karim/Project/pokemonProject/apps/avelune_studio/test/map_workspace/context_identity_host_test.dart: a deleted target is never replaced by its homonym on Shift+F10
08:40 +862 ~2: /Users/karim/Project/pokemonProject/apps/avelune_studio/test/map_workspace/context_identity_host_test.dart: a deleted target is never replaced by its homonym on Shift+F10
08:41 +863 ~2: /Users/karim/Project/pokemonProject/apps/avelune_studio/test/map_workspace/context_identity_host_test.dart: a map change really closes the menu, it does not only hide it
08:42 +864 ~2: /Users/karim/Project/pokemonProject/apps/avelune_studio/test/map_workspace/save_while_typing_test.dart: the Save button applies the entry still being written
08:44 +865 ~2: /Users/karim/Project/pokemonProject/apps/avelune_studio/test/map_workspace/save_while_typing_test.dart: the Save button applies the entry still being written
08:44 +866 ~2: /Users/karim/Project/pokemonProject/apps/avelune_studio/test/map_workspace/save_while_typing_test.dart: the Save button applies the entry still being written
08:44 +867 ~2: /Users/karim/Project/pokemonProject/apps/avelune_studio/test/map_workspace/save_while_typing_test.dart: the Save button applies the entry still being written
08:44 +868 ~2: /Users/karim/Project/pokemonProject/apps/avelune_studio/test/map_workspace/save_while_typing_test.dart: the Save button applies the entry still being written
08:44 +869 ~2: /Users/karim/Project/pokemonProject/apps/avelune_studio/test/map_workspace/save_while_typing_test.dart: the Save button applies the entry still being written
08:44 +870 ~2: /Users/karim/Project/pokemonProject/apps/avelune_studio/test/map_workspace/save_while_typing_test.dart: the Save button applies the entry still being written
08:44 +871 ~2: /Users/karim/Project/pokemonProject/apps/avelune_studio/test/map_workspace/save_while_typing_test.dart: the Save button applies the entry still being written
08:45 +872 ~2: /Users/karim/Project/pokemonProject/apps/avelune_studio/test/map_workspace/save_while_typing_test.dart: the Save button applies the entry still being written
08:45 +873 ~2: /Users/karim/Project/pokemonProject/apps/avelune_studio/test/map_workspace/save_while_typing_test.dart: the Save button applies the entry still being written
08:45 +874 ~2: /Users/karim/Project/pokemonProject/apps/avelune_studio/test/map_workspace/save_while_typing_test.dart: the save shortcut works from inside a field
08:45 +875 ~2: /Users/karim/Project/pokemonProject/apps/avelune_studio/test/map_workspace/save_while_typing_test.dart: the save shortcut works from inside a field
08:45 +876 ~2: /Users/karim/Project/pokemonProject/apps/avelune_studio/test/map_workspace/save_while_typing_test.dart: the save shortcut works from inside a field
08:45 +877 ~2: /Users/karim/Project/pokemonProject/apps/avelune_studio/test/map_workspace/save_while_typing_test.dart: the save shortcut works from inside a field
08:45 +878 ~2: /Users/karim/Project/pokemonProject/apps/avelune_studio/test/map_workspace/save_while_typing_test.dart: the save shortcut works from inside a field
08:46 +879 ~2: /Users/karim/Project/pokemonProject/apps/avelune_studio/test/map_workspace/save_while_typing_test.dart: the save shortcut works from inside a field
08:46 +880 ~2: /Users/karim/Project/pokemonProject/apps/avelune_studio/test/map_workspace/save_while_typing_test.dart: the save shortcut works from inside a field
08:46 +881 ~2: /Users/karim/Project/pokemonProject/apps/avelune_studio/test/map_workspace/save_while_typing_test.dart: the save shortcut works from inside a field
08:47 +882 ~2: /Users/karim/Project/pokemonProject/apps/avelune_studio/test/map_workspace/save_while_typing_test.dart: the save shortcut works from inside a field
08:47 +883 ~2: /Users/karim/Project/pokemonProject/apps/avelune_studio/test/map_workspace/save_while_typing_test.dart: the save shortcut works from inside a field
08:47 +884 ~2: /Users/karim/Project/pokemonProject/apps/avelune_studio/test/map_workspace/save_while_typing_test.dart: the save shortcut works from inside a field
08:47 +885 ~2: /Users/karim/Project/pokemonProject/apps/avelune_studio/test/map_workspace/save_while_typing_test.dart: the save shortcut works from inside a field
08:47 +886 ~2: /Users/karim/Project/pokemonProject/apps/avelune_studio/test/map_workspace/save_while_typing_test.dart: the save shortcut works from inside a field
08:47 +887 ~2: /Users/karim/Project/pokemonProject/apps/avelune_studio/test/map_workspace/save_while_typing_test.dart: the save shortcut works from inside a field
08:48 +888 ~2: /Users/karim/Project/pokemonProject/apps/avelune_studio/test/map_workspace/save_while_typing_test.dart: deleting is still refused while the author types
08:48 +889 ~2: /Users/karim/Project/pokemonProject/apps/avelune_studio/test/map_workspace/save_while_typing_test.dart: deleting is still refused while the author types
08:48 +890 ~2: /Users/karim/Project/pokemonProject/apps/avelune_studio/test/map_workspace/save_while_typing_test.dart: deleting is still refused while the author types
08:49 +891 ~2: All tests passed!
