00:00 +0: loading /Users/karim/Project/pokemonProject/apps/avelune_studio/test/cinematics/cinematic_preview_media_ui10_test.dart
00:00 +0: /Users/karim/Project/pokemonProject/apps/avelune_studio/test/cinematics/cinematic_preview_media_ui10_test.dart: camera preview advances with media configured and audio=false
00:00 +1: /Users/karim/Project/pokemonProject/apps/avelune_studio/test/cinematics/cinematic_preview_media_ui10_test.dart: camera preview advances with media configured and audio=true
00:00 +2: /Users/karim/Project/pokemonProject/apps/avelune_studio/test/cinematics/cinematic_preview_media_ui10_test.dart: camera coexistence does not suppress missing media diagnostics
00:00 +3: /Users/karim/Project/pokemonProject/apps/avelune_studio/test/cinematics/cinematic_preview_media_ui10_test.dart: explicit playback executes canonical audio once; seek is silent and pause restores
00:00 +4: /Users/karim/Project/pokemonProject/apps/avelune_studio/test/cinematics/cinematic_preview_media_ui10_test.dart: stop during a pending media start restores the late owned channel
00:00 +5: /Users/karim/Project/pokemonProject/apps/avelune_studio/test/cinematics/cinematic_preview_media_ui10_test.dart: replacement and disposal clean previous asynchronous media without late notifications
00:00 +6: /Users/karim/Project/pokemonProject/apps/avelune_studio/test/cinematics/cinematic_preview_media_ui10_test.dart: media failure pauses visual playback and exposes an honest diagnostic
00:00 +7: /Users/karim/Project/pokemonProject/apps/avelune_studio/test/cinematics/cinematic_viewport_parity_ui10_test.dart: scrub applies camera and fade while stop restores the work view
00:02 +8: /Users/karim/Project/pokemonProject/apps/avelune_studio/test/cinematics/cinematic_viewport_parity_ui10_test.dart: scrub applies camera and fade while stop restores the work view
00:03 +9: /Users/karim/Project/pokemonProject/apps/avelune_studio/test/cinematics/cinematic_viewport_parity_ui10_test.dart: scrub applies camera and fade while stop restores the work view
00:03 +10: /Users/karim/Project/pokemonProject/apps/avelune_studio/test/cinematics/cinematic_viewport_parity_ui10_test.dart: scrub applies camera and fade while stop restores the work view
00:03 +11: /Users/karim/Project/pokemonProject/apps/avelune_studio/test/cinematics/cinematic_inspector_ui10_test.dart: camera target and zoom update canonical focus while actor choices preserve identity
00:03 +12: /Users/karim/Project/pokemonProject/apps/avelune_studio/test/cinematics/cinematic_inspector_ui10_test.dart: guided initial placement is nonblocking and map entity role remains explicitly unbound
00:06 +13: /Users/karim/Project/pokemonProject/apps/avelune_studio/test/cinematics/cinematic_independent_publication_ui10_test.dart: cinematic save preserves concurrent import, every map and linked sources
00:07 +14: /Users/karim/Project/pokemonProject/apps/avelune_studio/test/cinematics/cinematic_independent_publication_ui10_test.dart: cinematic save preserves concurrent import, every map and linked sources
00:08 +15: /Users/karim/Project/pokemonProject/apps/avelune_studio/test/cinematics/cinematic_adapter_ui10_test.dart: referenced deletion lists consumer and leaves shared documents intact
00:08 +16: /Users/karim/Project/pokemonProject/apps/avelune_studio/test/cinematics/cinematic_adapter_ui10_test.dart: draft publication creates asset and library atomically without a map
00:08 +17: /Users/karim/Project/pokemonProject/apps/avelune_studio/test/cinematics/cinematic_published_guard_ui10_test.dart: published cinematic test preserves dirty dependencies and focused invalid edit blocks close
00:08 +18: /Users/karim/Project/pokemonProject/apps/avelune_studio/test/cinematics/cinematic_adapter_ui10_test.dart: unclassified existing assets stay readable and are not reclassified by save
00:08 +19: /Users/karim/Project/pokemonProject/apps/avelune_studio/test/cinematics/cinematic_adapter_ui10_test.dart: new library entry refuses version six without migration or write
00:09 +20: /Users/karim/Project/pokemonProject/apps/avelune_studio/test/cinematics/cinematic_adapter_ui10_test.dart: same asset conflict preserves disk and the caller draft
00:09 +21: /Users/karim/Project/pokemonProject/apps/avelune_studio/test/cinematics/cinematic_adapter_ui10_test.dart: independent manifest edits and another cinematic survive targeted save
00:09 +22: /Users/karim/Project/pokemonProject/apps/avelune_studio/test/cinematics/cinematic_adapter_ui10_test.dart: classification conflict is detected before archive or delete
00:09 +23: /Users/karim/Project/pokemonProject/apps/avelune_studio/test/cinematics/cinematic_adapter_ui10_test.dart: interrupted promotion recovers both document and classification
00:09 +24: /Users/karim/Project/pokemonProject/apps/avelune_studio/test/cinematics/cinematic_adapter_ui10_test.dart: homonymous identities load separately and mismatched publication refuses
00:09 +25: /Users/karim/Project/pokemonProject/apps/avelune_studio/test/cinematics/cinematic_preview_transport_ui10_test.dart: canonical intermediate movement, backwards scrub and stop never modify author asset
00:09 +26: /Users/karim/Project/pokemonProject/apps/avelune_studio/test/cinematics/cinematic_preview_transport_ui10_test.dart: eighty sequential actions keep one plan for ticks, pause and scrub
00:10 +27: /Users/karim/Project/pokemonProject/apps/avelune_studio/test/cinematics/cinematic_platform_media_ui10_test.dart: runtime adapter resolves a real local media and releases its driver on restore
00:10 +28: /Users/karim/Project/pokemonProject/apps/avelune_studio/test/cinematics/cinematic_platform_media_ui10_test.dart: outside symlink and missing media fail before starting any driver
00:10 +29: /Users/karim/Project/pokemonProject/apps/avelune_studio/test/cinematics/cinematic_platform_media_ui10_test.dart: unavailable FX host rejects its capability instead of silently accepting
00:10 +30: /Users/karim/Project/pokemonProject/apps/avelune_studio/test/cinematics/cinematic_animation_ui10_test.dart: animation uses canonical command, preserves unknown metadata and undoes repeat edit
00:10 +31: /Users/karim/Project/pokemonProject/apps/avelune_studio/test/cinematics/cinematic_coexistence_ui10_test.dart: full and simplified dirty ownership is reciprocal; publication invalidates only clean owners
00:11 +32: /Users/karim/Project/pokemonProject/apps/avelune_studio/test/cinematics/cinematic_coexistence_ui10_test.dart: full and simplified dirty ownership is reciprocal; publication invalidates only clean owners
00:12 +33: /Users/karim/Project/pokemonProject/apps/avelune_studio/test/cinematics/cinematic_coexistence_ui10_test.dart: full and simplified dirty ownership is reciprocal; publication invalidates only clean owners
00:12 +34: /Users/karim/Project/pokemonProject/apps/avelune_studio/test/cinematics/cinematic_animation_ui10_test.dart: two unpublished duplicates preserve distinct identities and first draft
00:12 +35: /Users/karim/Project/pokemonProject/apps/avelune_studio/test/cinematics/cinematic_coexistence_ui10_test.dart: changed cinematic base refuses stale simplified publication even when scene is unchanged
00:13 +36: /Users/karim/Project/pokemonProject/apps/avelune_studio/test/cinematics/cinematic_actor_animation_ui10_test.dart: walking and running start their animation at the movement, after waits
00:13 +37: /Users/karim/Project/pokemonProject/apps/avelune_studio/test/cinematics/dialogue_working_source_ui10_test.dart: C1 dirty simplified dialogue wins over old clean full snapshot without publication
00:14 +38: /Users/karim/Project/pokemonProject/apps/avelune_studio/test/cinematics/dialogue_working_source_ui10_test.dart: C1 dirty simplified dialogue wins over old clean full snapshot without publication
00:14 +39: /Users/karim/Project/pokemonProject/apps/avelune_studio/test/cinematics/dialogue_working_source_ui10_test.dart: C1 dirty simplified dialogue wins over old clean full snapshot without publication
00:14 +40: /Users/karim/Project/pokemonProject/apps/avelune_studio/test/cinematics/dialogue_working_source_ui10_test.dart: C1 dirty simplified dialogue wins over old clean full snapshot without publication
00:14 +41: /Users/karim/Project/pokemonProject/apps/avelune_studio/test/cinematics/dialogue_working_source_ui10_test.dart: C1 dirty simplified dialogue wins over old clean full snapshot without publication
00:14 +42: /Users/karim/Project/pokemonProject/apps/avelune_studio/test/cinematics/dialogue_working_source_ui10_test.dart: C1 dirty simplified dialogue wins over old clean full snapshot without publication
00:14 +43: /Users/karim/Project/pokemonProject/apps/avelune_studio/test/cinematics/dialogue_working_source_ui10_test.dart: C1 dirty simplified dialogue wins over old clean full snapshot without publication
00:14 +44: /Users/karim/Project/pokemonProject/apps/avelune_studio/test/cinematics/dialogue_working_source_ui10_test.dart: working source resolves publication, explicit discard, homonyms and project boundary
00:15 +45: /Users/karim/Project/pokemonProject/apps/avelune_studio/test/cinematics/cinematic_spatial_gestures_ui10_test.dart: map clicks and point drag respect pan zoom resize at 16 px
00:16 +46: /Users/karim/Project/pokemonProject/apps/avelune_studio/test/cinematics/cinematic_spatial_gestures_ui10_test.dart: map clicks and point drag respect pan zoom resize at 16 px
00:17 +47: /Users/karim/Project/pokemonProject/apps/avelune_studio/test/cinematics/cinematic_spatial_gestures_ui10_test.dart: map clicks and point drag respect pan zoom resize at 16 px
00:19 +48: /Users/karim/Project/pokemonProject/apps/avelune_studio/test/terrain_editor_test.dart: source assignment, scratch correction and publication activate the saved preset
00:20 +49: /Users/karim/Project/pokemonProject/apps/avelune_studio/test/cinematics/cinematic_spatial_gestures_ui10_test.dart: map clicks and point drag respect pan zoom resize at 32 px
00:20 +50: /Users/karim/Project/pokemonProject/apps/avelune_studio/test/cinematics/cinematic_spatial_gestures_ui10_test.dart: map clicks and point drag respect pan zoom resize at 32 px
00:22 +51: /Users/karim/Project/pokemonProject/apps/avelune_studio/test/dialogues_ui09_responsive_test.dart: responsive 1440x900 edits text and response then saves
00:27 +52: /Users/karim/Project/pokemonProject/apps/avelune_studio/test/dialogues_ui09_responsive_test.dart: responsive 1440x900 edits text and response then saves
00:29 +53: /Users/karim/Project/pokemonProject/apps/avelune_studio/test/ui11_presentation_transport_controls_test.dart: UI11 scrubbing does not churn the media between frames
00:29 +54: /Users/karim/Project/pokemonProject/apps/avelune_studio/test/dialogues_ui09_responsive_test.dart: responsive 1280x800 edits text and response then saves
00:32 +55: /Users/karim/Project/pokemonProject/apps/avelune_studio/test/dialogues_ui09_responsive_test.dart: responsive 1280x800 edits text and response then saves
00:34 +56: /Users/karim/Project/pokemonProject/apps/avelune_studio/test/ui11_presentation_transport_controls_test.dart: UI11 a refused timeline drag stops warning once released
00:34 +57: /Users/karim/Project/pokemonProject/apps/avelune_studio/test/dialogues_ui09_responsive_test.dart: responsive 1024x640 edits text and response then saves
00:37 +58: /Users/karim/Project/pokemonProject/apps/avelune_studio/test/dialogues_ui09_responsive_test.dart: responsive 1024x640 edits text and response then saves
00:37 +59: /Users/karim/Project/pokemonProject/apps/avelune_studio/test/dialogues_ui09_responsive_test.dart: responsive 1024x640 edits text and response then saves
00:37 +60: /Users/karim/Project/pokemonProject/apps/avelune_studio/test/dialogues_ui09_responsive_test.dart: responsive 1024x640 edits text and response then saves
00:38 +61: /Users/karim/Project/pokemonProject/apps/avelune_studio/test/dialogues_ui09_responsive_test.dart: responsive 1024x640 edits text and response then saves
00:38 +62: /Users/karim/Project/pokemonProject/apps/avelune_studio/test/dialogues_ui09_responsive_test.dart: responsive 1024x640 edits text and response then saves
00:39 +63: /Users/karim/Project/pokemonProject/apps/avelune_studio/test/dialogues_ui09_responsive_test.dart: responsive 1024x640 edits text and response then saves
00:39 +64: /Users/karim/Project/pokemonProject/apps/avelune_studio/test/ui13_verification_recovery_test.dart: saving during an analysis leaves no ghost control
00:40 +65: /Users/karim/Project/pokemonProject/apps/avelune_studio/test/home/home_character_navigation_test.dart: home character placement preserves map and opens palette: compact=false
00:41 +66: /Users/karim/Project/pokemonProject/apps/avelune_studio/test/home/home_character_navigation_test.dart: home character placement preserves map and opens palette: compact=false
00:41 +67: /Users/karim/Project/pokemonProject/apps/avelune_studio/test/home/home_character_navigation_test.dart: home character placement preserves map and opens palette: compact=false
00:41 +68: /Users/karim/Project/pokemonProject/apps/avelune_studio/test/home/home_character_navigation_test.dart: home character placement preserves map and opens palette: compact=false
00:41 +69: /Users/karim/Project/pokemonProject/apps/avelune_studio/test/home/home_character_navigation_test.dart: home character placement preserves map and opens palette: compact=false
00:42 +70: /Users/karim/Project/pokemonProject/apps/avelune_studio/test/home/home_character_navigation_test.dart: home character placement preserves map and opens palette: compact=true
00:44 +71: /Users/karim/Project/pokemonProject/apps/avelune_studio/test/home/recent_projects_test.dart: keeps five most recently opened projects and updates duplicates
00:44 +72: /Users/karim/Project/pokemonProject/apps/avelune_studio/test/home/recent_projects_test.dart: persists exact paths and removal never touches project directories
00:44 +73: /Users/karim/Project/pokemonProject/apps/avelune_studio/test/home/recent_projects_test.dart: load completes before queued opening and writes are serialized
00:44 +74: /Users/karim/Project/pokemonProject/apps/avelune_studio/test/home/recent_projects_test.dart: reports corrupt storage without modifying it and can recover
00:44 +75: /Users/karim/Project/pokemonProject/apps/avelune_studio/test/home/recent_projects_test.dart: missing preferences start empty and disposed listeners stay silent
00:45 +76: /Users/karim/Project/pokemonProject/apps/avelune_studio/test/home/home_exit_guard_test.dart: old workspace disposal cannot clear replacement exit guard
00:47 +77: /Users/karim/Project/pokemonProject/apps/avelune_studio/test/home/home_navigation_test.dart: home keeps mounted workspace, document, zoom and undo; cancelled switch preserves it
00:48 +78: /Users/karim/Project/pokemonProject/apps/avelune_studio/test/home/home_visual_test.dart: home fits Size(1536.0, 1024.0) with real layout and local search
00:49 +79: /Users/karim/Project/pokemonProject/apps/avelune_studio/test/home/home_visual_test.dart: home fits Size(1440.0, 900.0) with real layout and local search
00:49 +80: /Users/karim/Project/pokemonProject/apps/avelune_studio/test/home/home_real_project_test.dart: opens disposable on-disk project and captures the real active home
00:50 +81: /Users/karim/Project/pokemonProject/apps/avelune_studio/test/home/home_real_project_test.dart: opens disposable on-disk project and captures the real active home
00:50 +82: /Users/karim/Project/pokemonProject/apps/avelune_studio/test/home/home_real_project_test.dart: opens disposable on-disk project and captures the real active home
00:50 +83: /Users/karim/Project/pokemonProject/apps/avelune_studio/test/home/home_real_project_test.dart: opens disposable on-disk project and captures the real active home
00:51 +84: /Users/karim/Project/pokemonProject/apps/avelune_studio/test/home/home_real_project_test.dart: opens disposable on-disk project and captures the real active home
00:52 +85: /Users/karim/Project/pokemonProject/apps/avelune_studio/test/ui13_verification_page_test.dart: the page states that nothing was checked before a launch
00:54 +86: /Users/karim/Project/pokemonProject/apps/avelune_studio/test/presentations_ui11_renderer_parity_test.dart: shared montage equals actual runtime frames portrait=false
00:56 +87: /Users/karim/Project/pokemonProject/apps/avelune_studio/test/presentations_ui11_renderer_parity_test.dart: shared montage equals actual runtime frames portrait=false
00:57 +88: /Users/karim/Project/pokemonProject/apps/avelune_studio/test/presentations_ui11_renderer_parity_test.dart: shared montage equals actual runtime frames portrait=false
00:57 +89: /Users/karim/Project/pokemonProject/apps/avelune_studio/test/ui13_verification_page_test.dart: the report announces that the work moved under it
00:57 +90: /Users/karim/Project/pokemonProject/apps/avelune_studio/test/presentations_ui11_renderer_parity_test.dart: shared montage equals actual runtime frames portrait=true
01:00 +91: /Users/karim/Project/pokemonProject/apps/avelune_studio/test/cinematics_ui10_error_recovery_test.dart: UI10 recovers missing actor through real controls and preserves invalid fields
01:01 +92: /Users/karim/Project/pokemonProject/apps/avelune_studio/test/cinematics_ui10_error_recovery_test.dart: UI10 recovers missing actor through real controls and preserves invalid fields
01:01 +93: /Users/karim/Project/pokemonProject/apps/avelune_studio/test/cinematics_ui10_error_recovery_test.dart: UI10 recovers missing actor through real controls and preserves invalid fields
01:02 +94: /Users/karim/Project/pokemonProject/apps/avelune_studio/test/cinematics_ui10_error_recovery_test.dart: UI10 recovers missing actor through real controls and preserves invalid fields
01:02 +95: /Users/karim/Project/pokemonProject/apps/avelune_studio/test/cinematics_ui10_error_recovery_test.dart: UI10 recovers missing actor through real controls and preserves invalid fields
01:03 +96: /Users/karim/Project/pokemonProject/apps/avelune_studio/test/cinematics_ui10_error_recovery_test.dart: UI10 recovers missing actor through real controls and preserves invalid fields
01:04 +97: /Users/karim/Project/pokemonProject/apps/avelune_studio/test/cinematics_ui10_error_recovery_test.dart: UI10 recovers missing actor through real controls and preserves invalid fields
01:04 +98: /Users/karim/Project/pokemonProject/apps/avelune_studio/test/cinematics_ui10_error_recovery_test.dart: UI10 recovers missing actor through real controls and preserves invalid fields
01:04 +99: /Users/karim/Project/pokemonProject/apps/avelune_studio/test/cinematics_ui10_error_recovery_test.dart: UI10 recovers missing actor through real controls and preserves invalid fields
01:04 +100: /Users/karim/Project/pokemonProject/apps/avelune_studio/test/cinematics_ui10_error_recovery_test.dart: UI10 recovers missing actor through real controls and preserves invalid fields
01:04 +101: /Users/karim/Project/pokemonProject/apps/avelune_studio/test/cinematics_ui10_error_recovery_test.dart: UI10 recovers missing actor through real controls and preserves invalid fields
01:06 +102: /Users/karim/Project/pokemonProject/apps/avelune_studio/test/cinematics_ui10_error_recovery_test.dart: UI10 recovers missing actor through real controls and preserves invalid fields
01:06 +103: /Users/karim/Project/pokemonProject/apps/avelune_studio/test/cinematics_ui10_error_recovery_test.dart: UI10 recovers missing actor through real controls and preserves invalid fields
01:06 +104: /Users/karim/Project/pokemonProject/apps/avelune_studio/test/cinematics_ui10_error_recovery_test.dart: UI10 recovers missing actor through real controls and preserves invalid fields
01:07 +105: /Users/karim/Project/pokemonProject/apps/avelune_studio/test/cinematics_ui10_error_recovery_test.dart: UI10 recovers missing actor through real controls and preserves invalid fields
01:09 +106: /Users/karim/Project/pokemonProject/apps/avelune_studio/test/cinematics_ui10_error_recovery_test.dart: UI10 recovers missing actor through real controls and preserves invalid fields
01:09 +107: /Users/karim/Project/pokemonProject/apps/avelune_studio/test/cinematics_ui10_error_recovery_test.dart: UI10 recovers missing actor through real controls and preserves invalid fields
01:10 +108: /Users/karim/Project/pokemonProject/apps/avelune_studio/test/cinematics_ui10_error_recovery_test.dart: UI10 recovers missing actor through real controls and preserves invalid fields
01:11 +109: /Users/karim/Project/pokemonProject/apps/avelune_studio/test/dialogues/dialogue_concurrency_ui09_test.dart: late A read cannot replace B; cached selections perform no extra reads
01:11 +110: /Users/karim/Project/pokemonProject/apps/avelune_studio/test/dialogues/dialogue_concurrency_ui09_test.dart: publication snapshot stays dirty for later edits and new source can be resaved
01:12 +111: /Users/karim/Project/pokemonProject/apps/avelune_studio/test/dialogues/dialogue_concurrency_ui09_test.dart: source conflict preserves unsaved work and file; explicit reload alone replaces draft
01:12 +112: /Users/karim/Project/pokemonProject/apps/avelune_studio/test/dialogues/dialogue_concurrency_ui09_test.dart: missing and unsupported sources never materialize an editable blank recovery
01:12 +113: /Users/karim/Project/pokemonProject/apps/avelune_studio/test/dialogues/dialogue_concurrency_ui09_test.dart: opaque source preamble is preserved and cannot be normalized away
01:12 +114: /Users/karim/Project/pokemonProject/apps/avelune_studio/test/dialogues/dialogue_concurrency_ui09_test.dart: late delete protects A against edits and never deselects B
01:13 +115: /Users/karim/Project/pokemonProject/apps/avelune_studio/test/dialogues/dialogue_concurrency_ui09_test.dart: catalog deletion invalidates a clean full document without opening a namesake
01:14 +116: /Users/karim/Project/pokemonProject/apps/avelune_studio/test/dialogues/dialogue_publication_guards_ui09_test.dart: interruption between manifest and source recovers the coherent pair
01:14 +117: /Users/karim/Project/pokemonProject/apps/avelune_studio/test/dialogues/dialogue_publication_guards_ui09_test.dart: strict compilation rejects unsupported commands without touching either file
01:14 +118: /Users/karim/Project/pokemonProject/apps/avelune_studio/test/dialogues/dialogue_publication_guards_ui09_test.dart: delete and missing external Yarn entry refuse with consumer paths
01:14 +119: /Users/karim/Project/pokemonProject/apps/avelune_studio/test/dialogues/dialogue_publication_guards_ui09_test.dart: mutex rechecks the exact source baseline after waiting for another save
01:15 +120: /Users/karim/Project/pokemonProject/apps/avelune_studio/test/dialogues/dialogue_publication_guards_ui09_test.dart: missing malformed and empty sources do not fabricate a replacement
01:15 +121: /Users/karim/Project/pokemonProject/apps/avelune_studio/test/dialogues/dialogue_publication_guards_ui09_test.dart: an existing unregistered source cannot be overwritten by creation
01:16 +122: /Users/karim/Project/pokemonProject/apps/avelune_studio/test/dialogues_ui09_interaction_test.dart: switching inspector tab commits focused text before disposal
01:16 +123: /Users/karim/Project/pokemonProject/apps/avelune_studio/test/dialogues_ui09_interaction_test.dart: switching inspector tab commits focused text before disposal
01:16 +124: /Users/karim/Project/pokemonProject/apps/avelune_studio/test/dialogues_ui09_interaction_test.dart: switching inspector tab commits focused text before disposal
01:16 +125: /Users/karim/Project/pokemonProject/apps/avelune_studio/test/dialogues_ui09_interaction_test.dart: switching inspector tab commits focused text before disposal
01:16 +126: /Users/karim/Project/pokemonProject/apps/avelune_studio/test/dialogues_ui09_interaction_test.dart: switching inspector tab commits focused text before disposal
01:18 +127: /Users/karim/Project/pokemonProject/apps/avelune_studio/test/dialogues_ui09_interaction_test.dart: switching inspector tab commits focused text before disposal
01:19 +128: /Users/karim/Project/pokemonProject/apps/avelune_studio/test/dialogues_ui09_interaction_test.dart: switching inspector tab commits focused text before disposal
01:19 +129: /Users/karim/Project/pokemonProject/apps/avelune_studio/test/dialogues_ui09_interaction_test.dart: switching inspector tab commits focused text before disposal
01:19 +130: /Users/karim/Project/pokemonProject/apps/avelune_studio/test/dialogues_ui09_interaction_test.dart: switching inspector tab commits focused text before disposal
01:19 +131: /Users/karim/Project/pokemonProject/apps/avelune_studio/test/dialogues_ui09_interaction_test.dart: switching inspector tab commits focused text before disposal
01:20 +132: /Users/karim/Project/pokemonProject/apps/avelune_studio/test/dialogues_ui09_interaction_test.dart: switching inspector tab commits focused text before disposal
01:20 +133: /Users/karim/Project/pokemonProject/apps/avelune_studio/test/dialogues_ui09_interaction_test.dart: switching inspector tab commits focused text before disposal
01:20 +134: /Users/karim/Project/pokemonProject/apps/avelune_studio/test/dialogues_ui09_interaction_test.dart: focused text saves exact source and history remains usable
01:21 +135: /Users/karim/Project/pokemonProject/apps/avelune_studio/test/dialogues_ui09_interaction_test.dart: focused text saves exact source and history remains usable
01:23 +136: /Users/karim/Project/pokemonProject/apps/avelune_studio/test/dialogues_ui09_interaction_test.dart: focused text saves exact source and history remains usable
01:23 +137: /Users/karim/Project/pokemonProject/apps/avelune_studio/test/dialogues_ui09_interaction_test.dart: focused text saves exact source and history remains usable
01:23 +138: /Users/karim/Project/pokemonProject/apps/avelune_studio/test/dialogues_ui09_interaction_test.dart: focused text saves exact source and history remains usable
01:23 +139: /Users/karim/Project/pokemonProject/apps/avelune_studio/test/dialogues_ui09_interaction_test.dart: focused text saves exact source and history remains usable
01:23 +140: /Users/karim/Project/pokemonProject/apps/avelune_studio/test/dialogues_ui09_interaction_test.dart: preview plays both explicit branches without publication
01:24 +141: /Users/karim/Project/pokemonProject/apps/avelune_studio/test/dialogues_ui09_interaction_test.dart: preview plays both explicit branches without publication
01:25 +142: /Users/karim/Project/pokemonProject/apps/avelune_studio/test/dialogues_ui09_interaction_test.dart: preview plays both explicit branches without publication
01:25 +143: /Users/karim/Project/pokemonProject/apps/avelune_studio/test/dialogues_ui09_interaction_test.dart: preview plays both explicit branches without publication
01:25 +144: /Users/karim/Project/pokemonProject/apps/avelune_studio/test/dialogues_ui09_interaction_test.dart: preview plays both explicit branches without publication
01:25 +145: /Users/karim/Project/pokemonProject/apps/avelune_studio/test/dialogues_ui09_interaction_test.dart: preview plays both explicit branches without publication
01:25 +146: /Users/karim/Project/pokemonProject/apps/avelune_studio/test/dialogues_ui09_interaction_test.dart: preview plays both explicit branches without publication
01:25 +147: /Users/karim/Project/pokemonProject/apps/avelune_studio/test/dialogues_ui09_interaction_test.dart: preview plays both explicit branches without publication
01:25 +148: /Users/karim/Project/pokemonProject/apps/avelune_studio/test/dialogues_ui09_interaction_test.dart: preview plays both explicit branches without publication
01:25 +149: /Users/karim/Project/pokemonProject/apps/avelune_studio/test/dialogues_ui09_interaction_test.dart: preview plays both explicit branches without publication
01:25 +150: /Users/karim/Project/pokemonProject/apps/avelune_studio/test/dialogues_ui09_interaction_test.dart: preview plays both explicit branches without publication
01:28 +151: /Users/karim/Project/pokemonProject/apps/avelune_studio/test/dialogues_ui09_volume_test.dart: UI09 40 suites 200 lines 50 links navigation does not reread or compile
UI09 volume: 40 suites, 200 lines, 50 links; 8 gestures; 1 source read; 0 additional compilations; 9 page builds (initial + 8 selection updates).
01:31 +152: /Users/karim/Project/pokemonProject/apps/avelune_studio/test/dialogues_ui09_interaction_test.dart: wire drag cancellation and real reconnection preserve history at 0.55
01:31 +153: /Users/karim/Project/pokemonProject/apps/avelune_studio/test/dialogues_ui09_interaction_test.dart: wire drag cancellation and real reconnection preserve history at 0.9
01:32 +154: /Users/karim/Project/pokemonProject/apps/avelune_studio/test/dialogues_ui09_interaction_test.dart: wire drag cancellation and real reconnection preserve history at 0.9
01:33 +154: /Users/karim/Project/pokemonProject/apps/avelune_studio/test/ui06_scene_runtime_test.dart: real runtime plays Yarn and refusal
[runtime_loader] bundle load start projectFilePath=/private/var/folders/b5/7gsfwzyd449_54n8l40h40gc0000gn/T/avelune_ui06_wwNRN4/project.json mapId=jardin
[runtime_loader] project manifest lookup path=/private/var/folders/b5/7gsfwzyd449_54n8l40h40gc0000gn/T/avelune_ui06_wwNRN4/project.json
[runtime_loader] project manifest read ok bytes=16666
[runtime_loader] project manifest validated maps=2 tilesets=1 scenarios=0
[runtime_loader] bundle map resolved mapId=jardin relativePath=maps/jardin.json mapPath=/private/var/folders/b5/7gsfwzyd449_54n8l40h40gc0000gn/T/avelune_ui06_wwNRN4/maps/jardin.json
[runtime_loader] map file lookup path=/private/var/folders/b5/7gsfwzyd449_54n8l40h40gc0000gn/T/avelune_ui06_wwNRN4/maps/jardin.json
[runtime_loader] map file read ok bytes=17182
[runtime_loader] map validated id=jardin size=24x16 layers=3 entities=1 placedElements=3 warps=0 triggers=0
[runtime_loader] bundle tilesets collected ids=atelier
[runtime_loader] bundle tileset path id=atelier path=/private/var/folders/b5/7gsfwzyd449_54n8l40h40gc0000gn/T/avelune_ui06_wwNRN4/assets/atelier.png
[runtime_loader] bundle load ok mapId=jardin projectRoot=/private/var/folders/b5/7gsfwzyd449_54n8l40h40gc0000gn/T/avelune_ui06_wwNRN4 tilesets=1
[runtime_game] tileset image load start map=jardin
[runtime_game] tileset cache resolve requested=1
[runtime_game] tileset cache resolve ok result=1
[runtime_game] onLoad start map=jardin projectFilePath=/private/var/folders/b5/7gsfwzyd449_54n8l40h40gc0000gn/T/avelune_ui06_wwNRN4/project.json tilesets=1
[runtime_game] world build start map=jardin
[runtime] Map loaded: jardin, spawn at (8, 9)
[runtime_game] tileset image load ok count=1 map=jardin
[runtime_game] mount root map start map=jardin
[runtime_game] mount root map ok map=jardin
[runtime_game] onLoad completed activeMapId=jardin
[runtime_loader] bundle load start projectFilePath=/private/var/folders/b5/7gsfwzyd449_54n8l40h40gc0000gn/T/avelune_ui06_wwNRN4/project.json mapId=clairiere
[runtime_loader] project manifest lookup path=/private/var/folders/b5/7gsfwzyd449_54n8l40h40gc0000gn/T/avelune_ui06_wwNRN4/project.json
[runtime_loader] project manifest read ok bytes=16666
[runtime_loader] project manifest validated maps=2 tilesets=1 scenarios=0
[runtime_loader] bundle map resolved mapId=clairiere relativePath=maps/clairiere.json mapPath=/private/var/folders/b5/7gsfwzyd449_54n8l40h40gc0000gn/T/avelune_ui06_wwNRN4/maps/clairiere.json
[runtime_loader] map file lookup path=/private/var/folders/b5/7gsfwzyd449_54n8l40h40gc0000gn/T/avelune_ui06_wwNRN4/maps/clairiere.json
01:34 +155: /Users/karim/Project/pokemonProject/apps/avelune_studio/test/ui06_scene_runtime_test.dart: real runtime plays Yarn and refusal
[runtime_loader] map file read ok bytes=17187
[runtime_loader] map validated id=clairiere size=24x16 layers=3 entities=1 placedElements=3 warps=0 triggers=0
[runtime_loader] bundle tilesets collected ids=atelier
[runtime_loader] bundle tileset path id=atelier path=/private/var/folders/b5/7gsfwzyd449_54n8l40h40gc0000gn/T/avelune_ui06_wwNRN4/assets/atelier.png
[runtime_loader] bundle load ok mapId=clairiere projectRoot=/private/var/folders/b5/7gsfwzyd449_54n8l40h40gc0000gn/T/avelune_ui06_wwNRN4 tilesets=1
[dialogue] interaction entity=event-v2:evt_019abcde-9000-7000-8000-000000000106:evx_01a0cf43-f42f-7001-8000-9a74e47f0b80:station_welcome:1790183732275
[dialogue] resolved dialogueId=station_welcome
[dialogue] resolved file=dialogues/station_welcome.yarn
[dialogue] requested startNode=Start
[scenario_lock] accepted source=event-v2:evt_019abcde-9000-7000-8000-000000000106:evx_01a0cf43-f42f-7001-8000-9a74e47f0b80:station_welcome:1790183732275 phase=dialogueLoading serial=1
[dialogue] parsed 1 node(s) from /private/var/folders/b5/7gsfwzyd449_54n8l40h40gc0000gn/T/avelune_ui06_wwNRN4/dialogues/station_welcome.yarn
[dialogue] starting at node "Start"
[scene_runtime] dialogue content loaded request=event-v2:evt_019abcde-9000-7000-8000-000000000106:evx_01a0cf43-f42f-7001-8000-9a74e47f0b80:station_welcome:1790183732275 elapsedMs=61
[scenario_lock] cleared source=event-v2:evt_019abcde-9000-7000-8000-000000000106:evx_01a0cf43-f42f-7001-8000-9a74e47f0b80:station_welcome:1790183732275 reason=dialogueOpened serial=1
[dialogue] opened node=Start text="Bienvenue en gare. Avez-vous votre laissez-passer ?"
[dialogue] dialogue closed
[scene_runtime] dialogue completed request=event-v2:evt_019abcde-9000-7000-8000-000000000106:evx_01a0cf43-f42f-7001-8000-9a74e47f0b80:station_welcome:1790183732275 status=completed port=completed
[dialogue] finished
[dialogue] interaction entity=event-v2:evt_019abcde-9000-7000-8000-000000000106:evx_01a0cf43-f42f-7001-8000-9a74e47f0b80:station_refusal:1790183732355
[dialogue] resolved dialogueId=station_refusal
[dialogue] resolved file=dialogues/station_refusal.yarn
[dialogue] requested startNode=Start
[scenario_lock] accepted source=event-v2:evt_019abcde-9000-7000-8000-000000000106:evx_01a0cf43-f42f-7001-8000-9a74e47f0b80:station_refusal:1790183732355 phase=dialogueLoading serial=2
[dialogue] parsed 1 node(s) from /private/var/folders/b5/7gsfwzyd449_54n8l40h40gc0000gn/T/avelune_ui06_wwNRN4/dialogues/station_refusal.yarn
[dialogue] starting at node "Start"
[scene_runtime] dialogue content loaded request=event-v2:evt_019abcde-9000-7000-8000-000000000106:evx_01a0cf43-f42f-7001-8000-9a74e47f0b80:station_refusal:1790183732355 elapsedMs=45
[scenario_lock] cleared source=event-v2:evt_019abcde-9000-7000-8000-000000000106:evx_01a0cf43-f42f-7001-8000-9a74e47f0b80:station_refusal:1790183732355 reason=dialogueOpened serial=2
[dialogue] opened node=Start text="Il vous faut un laissez-passer."
[dialogue] dialogue closed
[scene_runtime] dialogue completed request=event-v2:evt_019abcde-9000-7000-8000-000000000106:evx_01a0cf43-f42f-7001-8000-9a74e47f0b80:station_refusal:1790183732355 status=completed port=completed
[dialogue] finished
[event_v2] outcome noMatch producer=scene:scene_station_meeting outcome=attente legacyFallbackAllowed=false
[event_v2] mapEnter activation=mapact_1790183731990339_1 map=jardin reason=initialBoot result=MapEnterProductionDispatchV2Handled
[step_studio_trace] runtime_save_requested map=jardin completedStepIds=[] completedCutsceneIds=[]
01:34 +156: /Users/karim/Project/pokemonProject/apps/avelune_studio/test/ui06_scene_runtime_test.dart: real scene executor commits the true branch after reopen
01:34 +157: /Users/karim/Project/pokemonProject/apps/avelune_studio/test/ui06_scene_runtime_test.dart: real runtime plays Yarn and cinematic agreement
[runtime_loader] bundle load start projectFilePath=/private/var/folders/b5/7gsfwzyd449_54n8l40h40gc0000gn/T/avelune_ui06_GroDMX/project.json mapId=jardin
[runtime_loader] project manifest lookup path=/private/var/folders/b5/7gsfwzyd449_54n8l40h40gc0000gn/T/avelune_ui06_GroDMX/project.json
[runtime_loader] project manifest read ok bytes=17278
[runtime_loader] project manifest validated maps=2 tilesets=1 scenarios=0
[runtime_loader] bundle map resolved mapId=jardin relativePath=maps/jardin.json mapPath=/private/var/folders/b5/7gsfwzyd449_54n8l40h40gc0000gn/T/avelune_ui06_GroDMX/maps/jardin.json
[runtime_loader] map file lookup path=/private/var/folders/b5/7gsfwzyd449_54n8l40h40gc0000gn/T/avelune_ui06_GroDMX/maps/jardin.json
[runtime_loader] map file read ok bytes=17182
[runtime_loader] map validated id=jardin size=24x16 layers=3 entities=1 placedElements=3 warps=0 triggers=0
[runtime_loader] bundle tilesets collected ids=atelier
[runtime_loader] bundle tileset path id=atelier path=/private/var/folders/b5/7gsfwzyd449_54n8l40h40gc0000gn/T/avelune_ui06_GroDMX/assets/atelier.png
[runtime_loader] bundle load ok mapId=jardin projectRoot=/private/var/folders/b5/7gsfwzyd449_54n8l40h40gc0000gn/T/avelune_ui06_GroDMX tilesets=1
[runtime_game] tileset image load start map=jardin
[runtime_game] tileset cache resolve requested=1
[runtime_game] tileset cache resolve ok result=1
[runtime_game] onLoad start map=jardin projectFilePath=/private/var/folders/b5/7gsfwzyd449_54n8l40h40gc0000gn/T/avelune_ui06_GroDMX/project.json tilesets=1
[runtime_game] world build start map=jardin
[runtime] Map loaded: jardin, spawn at (8, 9)
[runtime_game] tileset image load ok count=1 map=jardin
[runtime_game] mount root map start map=jardin
[runtime_game] mount root map ok map=jardin
[runtime_game] onLoad completed activeMapId=jardin
[runtime_loader] bundle load start projectFilePath=/private/var/folders/b5/7gsfwzyd449_54n8l40h40gc0000gn/T/avelune_ui06_GroDMX/project.json mapId=clairiere
[runtime_loader] project manifest lookup path=/private/var/folders/b5/7gsfwzyd449_54n8l40h40gc0000gn/T/avelune_ui06_GroDMX/project.json
[runtime_loader] project manifest read ok bytes=17278
[runtime_loader] project manifest validated maps=2 tilesets=1 scenarios=0
[runtime_loader] bundle map resolved mapId=clairiere relativePath=maps/clairiere.json mapPath=/private/var/folders/b5/7gsfwzyd449_54n8l40h40gc0000gn/T/avelune_ui06_GroDMX/maps/clairiere.json
[runtime_loader] map file lookup path=/private/var/folders/b5/7gsfwzyd449_54n8l40h40gc0000gn/T/avelune_ui06_GroDMX/maps/clairiere.json
[runtime_loader] map file read ok bytes=17187
[runtime_loader] map validated id=clairiere size=24x16 layers=3 entities=1 placedElements=3 warps=0 triggers=0
[runtime_loader] bundle tilesets collected ids=atelier
[runtime_loader] bundle tileset path id=atelier path=/private/var/folders/b5/7gsfwzyd449_54n8l40h40gc0000gn/T/avelune_ui06_GroDMX/assets/atelier.png
[runtime_loader] bundle load ok mapId=clairiere projectRoot=/private/var/folders/b5/7gsfwzyd449_54n8l40h40gc0000gn/T/avelune_ui06_GroDMX tilesets=1
[dialogue] interaction entity=event-v2:evt_019abcde-9000-7000-8000-000000000106:evx_01a0cf43-f8c0-7001-8000-9d475fd1bcc1:station_welcome:1790183733441
[dialogue] resolved dialogueId=station_welcome
[dialogue] resolved file=dialogues/station_welcome.yarn
[dialogue] requested startNode=Start
[scenario_lock] accepted source=event-v2:evt_019abcde-9000-7000-8000-000000000106:evx_01a0cf43-f8c0-7001-8000-9d475fd1bcc1:station_welcome:1790183733441 phase=dialogueLoading serial=1
[dialogue] parsed 1 node(s) from /private/var/folders/b5/7gsfwzyd449_54n8l40h40gc0000gn/T/avelune_ui06_GroDMX/dialogues/station_welcome.yarn
[dialogue] starting at node "Start"
[scene_runtime] dialogue content loaded request=event-v2:evt_019abcde-9000-7000-8000-000000000106:evx_01a0cf43-f8c0-7001-8000-9d475fd1bcc1:station_welcome:1790183733441 elapsedMs=49
[scenario_lock] cleared source=event-v2:evt_019abcde-9000-7000-8000-000000000106:evx_01a0cf43-f8c0-7001-8000-9d475fd1bcc1:station_welcome:1790183733441 reason=dialogueOpened serial=1
[dialogue] opened node=Start text="Bienvenue en gare. Avez-vous votre laissez-passer ?"
[dialogue] dialogue closed
[scene_runtime] dialogue completed request=event-v2:evt_019abcde-9000-7000-8000-000000000106:evx_01a0cf43-f8c0-7001-8000-9d475fd1bcc1:station_welcome:1790183733441 status=completed port=completed
[dialogue] finished
[dialogue] interaction entity=event-v2:evt_019abcde-9000-7000-8000-000000000106:evx_01a0cf43-f8c0-7001-8000-9d475fd1bcc1:station_agreement:1790183733495
[dialogue] resolved dialogueId=station_agreement
[dialogue] resolved file=dialogues/station_agreement.yarn
[dialogue] requested startNode=Start
[scenario_lock] accepted source=event-v2:evt_019abcde-9000-7000-8000-000000000106:evx_01a0cf43-f8c0-7001-8000-9d475fd1bcc1:station_agreement:1790183733495 phase=dialogueLoading serial=2
[dialogue] parsed 1 node(s) from /private/var/folders/b5/7gsfwzyd449_54n8l40h40gc0000gn/T/avelune_ui06_GroDMX/dialogues/station_agreement.yarn
[dialogue] starting at node "Start"
[scene_runtime] dialogue content loaded request=event-v2:evt_019abcde-9000-7000-8000-000000000106:evx_01a0cf43-f8c0-7001-8000-9d475fd1bcc1:station_agreement:1790183733495 elapsedMs=43
[scenario_lock] cleared source=event-v2:evt_019abcde-9000-7000-8000-000000000106:evx_01a0cf43-f8c0-7001-8000-9d475fd1bcc1:station_agreement:1790183733495 reason=dialogueOpened serial=2
[dialogue] opened node=Start text="Vous pouvez embarquer."
[dialogue] dialogue closed
[scene_runtime] dialogue completed request=event-v2:evt_019abcde-9000-7000-8000-000000000106:evx_01a0cf43-f8c0-7001-8000-9d475fd1bcc1:station_agreement:1790183733495 status=completed port=completed
[dialogue] finished
[event_v2] outcome noMatch producer=scene:scene_station_meeting outcome=embarquement legacyFallbackAllowed=false
[event_v2] mapEnter activation=mapact_1790183733307529_1 map=jardin reason=initialBoot result=MapEnterProductionDispatchV2Handled
[step_studio_trace] runtime_save_requested map=jardin completedStepIds=[] completedCutsceneIds=[]
01:37 +158: /Users/karim/Project/pokemonProject/apps/avelune_studio/test/app/provider_lifecycle_test.dart: root session survives listener changes and closes exactly once
01:37 +159: /Users/karim/Project/pokemonProject/apps/avelune_studio/test/app/provider_lifecycle_test.dart: disposing the root releases a late opening result exactly once
01:37 +160: /Users/karim/Project/pokemonProject/apps/avelune_studio/test/app/provider_lifecycle_test.dart: workspace scopes isolate projects and separate session instances
01:37 +161: /Users/karim/Project/pokemonProject/apps/avelune_studio/test/app/provider_lifecycle_test.dart: unmounting the last workspace listener disposes and recreates its scope
01:37 +162: /Users/karim/Project/pokemonProject/apps/avelune_studio/test/app/studio_bootstrap_test.dart: bootstrap keeps its session until the root scope is removed
01:38 +163: /Users/karim/Project/pokemonProject/apps/avelune_studio/test/app/studio_bootstrap_test.dart: bootstrap keeps its session until the root scope is removed
01:38 +164: /Users/karim/Project/pokemonProject/apps/avelune_studio/test/app/studio_bootstrap_test.dart: bootstrap keeps its session until the root scope is removed
01:38 +165: /Users/karim/Project/pokemonProject/apps/avelune_studio/test/app/studio_bootstrap_test.dart: bootstrap keeps its session until the root scope is removed
01:39 +166: /Users/karim/Project/pokemonProject/apps/avelune_studio/test/ui13_verification_selection_test.dart: a new control keeps a selection whose key survives
01:40 +167: /Users/karim/Project/pokemonProject/apps/avelune_studio/test/ui13_verification_selection_test.dart: a new control keeps a selection whose key survives
01:40 +168: /Users/karim/Project/pokemonProject/apps/avelune_studio/test/events_ui08_map_context_test.dart: changing source kind cannot reselect the old entity overlay
01:40 +169: /Users/karim/Project/pokemonProject/apps/avelune_studio/test/ui13_verification_selection_test.dart: a selection that vanished is explained, not called solved
01:40 +170: /Users/karim/Project/pokemonProject/apps/avelune_studio/test/ui13_verification_selection_test.dart: a selection that vanished is explained, not called solved
01:40 +171: /Users/karim/Project/pokemonProject/apps/avelune_studio/test/ui13_verification_selection_test.dart: a selection that vanished is explained, not called solved
01:40 +172: /Users/karim/Project/pokemonProject/apps/avelune_studio/test/ui13_verification_selection_test.dart: a selection that vanished is explained, not called solved
01:40 +173: /Users/karim/Project/pokemonProject/apps/avelune_studio/test/ui13_verification_selection_test.dart: a selection that vanished is explained, not called solved
01:41 +174: /Users/karim/Project/pokemonProject/apps/avelune_studio/test/cinematics_ui10_responsive_test.dart: UI10 1440.0x900.0 inspector edit keyboard save and reopen
01:48 +175: /Users/karim/Project/pokemonProject/apps/avelune_studio/test/cinematics_ui10_responsive_test.dart: UI10 1440.0x900.0 inspector edit keyboard save and reopen
01:50 +176: /Users/karim/Project/pokemonProject/apps/avelune_studio/test/cinematics_ui10_spatial_test.dart: UI10 destination uses 32 pixel cells after actual zoom pan and publication
01:53 +177: /Users/karim/Project/pokemonProject/apps/avelune_studio/test/cinematics_ui10_responsive_test.dart: UI10 1280.0x800.0 inspector edit keyboard save and reopen
01:55 +178: /Users/karim/Project/pokemonProject/apps/avelune_studio/test/dialogues_ui09_navigation_test.dart: scene opens exact dialogue and returns without losing dirty graph or text
02:01 +179: /Users/karim/Project/pokemonProject/apps/avelune_studio/test/dialogues_ui09_navigation_test.dart: scene opens exact dialogue and returns without losing dirty graph or text
02:02 +180: /Users/karim/Project/pokemonProject/apps/avelune_studio/test/ui12_world_drafts_test.dart: an edit made during the write is kept as an unsaved draft
02:03 +181: /Users/karim/Project/pokemonProject/apps/avelune_studio/test/ui13_verification_navigation_test.dart: a rule opened from the report comes back to that report
02:03 +182: /Users/karim/Project/pokemonProject/apps/avelune_studio/test/ui13_verification_navigation_test.dart: a rule opened from the report comes back to that report
02:03 +183: /Users/karim/Project/pokemonProject/apps/avelune_studio/test/ui13_verification_navigation_test.dart: a rule opened from the report comes back to that report
02:03 +184: /Users/karim/Project/pokemonProject/apps/avelune_studio/test/ui13_verification_navigation_test.dart: a rule opened from the report comes back to that report
02:06 +185: /Users/karim/Project/pokemonProject/apps/avelune_studio/test/ui13_verification_navigation_test.dart: a rule opened from the report comes back to that report
02:07 +186: /Users/karim/Project/pokemonProject/apps/avelune_studio/test/ui13_verification_navigation_test.dart: a rule opened from the report comes back to that report
02:07 +187: /Users/karim/Project/pokemonProject/apps/avelune_studio/test/ui13_verification_navigation_test.dart: a rule opened from the report comes back to that report
02:07 +188: /Users/karim/Project/pokemonProject/apps/avelune_studio/test/events_ui08_conditions_simulation_test.dart: invalid numeric simulation never reports a stale success
02:08 +189: /Users/karim/Project/pokemonProject/apps/avelune_studio/test/ui13_verification_navigation_test.dart: a story diagnostic opens its own step and comes back
02:08 +190: /Users/karim/Project/pokemonProject/apps/avelune_studio/test/ui13_verification_navigation_test.dart: a story diagnostic opens its own step and comes back
02:09 +191: /Users/karim/Project/pokemonProject/apps/avelune_studio/test/ui13_verification_navigation_test.dart: a story diagnostic opens its own step and comes back
02:10 +192: /Users/karim/Project/pokemonProject/apps/avelune_studio/test/ui13_verification_controller_test.dart: the report matches the canonical function on the same input
02:10 +193: /Users/karim/Project/pokemonProject/apps/avelune_studio/test/ui13_verification_navigation_test.dart: verification, scene, dialogue, scene and back again
02:10 +194: /Users/karim/Project/pokemonProject/apps/avelune_studio/test/ui13_verification_navigation_test.dart: verification, scene, dialogue, scene and back again
02:10 +195: /Users/karim/Project/pokemonProject/apps/avelune_studio/test/ui13_verification_navigation_test.dart: verification, scene, dialogue, scene and back again
02:11 +196: /Users/karim/Project/pokemonProject/apps/avelune_studio/test/ui13_verification_navigation_test.dart: verification, scene, dialogue, scene and back again
02:11 +197: /Users/karim/Project/pokemonProject/apps/avelune_studio/test/ui13_verification_navigation_test.dart: verification, scene, dialogue, scene and back again
02:11 +198: /Users/karim/Project/pokemonProject/apps/avelune_studio/test/ui13_verification_navigation_test.dart: verification, scene, dialogue, scene and back again
02:11 +199: /Users/karim/Project/pokemonProject/apps/avelune_studio/test/ui13_verification_navigation_test.dart: verification, scene, dialogue, scene and back again
02:11 +200: /Users/karim/Project/pokemonProject/apps/avelune_studio/test/ui13_verification_navigation_test.dart: verification, scene, dialogue, scene and back again
02:12 +201: /Users/karim/Project/pokemonProject/apps/avelune_studio/test/ui13_verification_navigation_test.dart: verification, scene, dialogue, scene and back again
02:12 +202: /Users/karim/Project/pokemonProject/apps/avelune_studio/test/ui13_verification_navigation_test.dart: verification, scene, dialogue, scene and back again
02:12 +203: /Users/karim/Project/pokemonProject/apps/avelune_studio/test/ui13_verification_navigation_test.dart: verification, scene, dialogue, scene and back again
02:13 +204: /Users/karim/Project/pokemonProject/apps/avelune_studio/test/presentations_ui11_scenario_test.dart: published presentation holds on real cue then continues the real scene
02:15 +205: /Users/karim/Project/pokemonProject/apps/avelune_studio/test/presentations_ui11_scenario_test.dart: published presentation holds on real cue then continues the real scene
02:17 +206: /Users/karim/Project/pokemonProject/apps/avelune_studio/test/ui06_scene_volume_test.dart: 200 canonical nodes retain document identity during eight viewport updates
02:18 +207: /Users/karim/Project/pokemonProject/apps/avelune_studio/test/ui06_scene_volume_test.dart: 200 canonical nodes retain document identity during eight viewport updates
02:18 +208: /Users/karim/Project/pokemonProject/apps/avelune_studio/test/ui06_scene_volume_test.dart: 200 canonical nodes retain document identity during eight viewport updates
02:18 +209: /Users/karim/Project/pokemonProject/apps/avelune_studio/test/ui06_scene_volume_test.dart: 200 canonical nodes retain document identity during eight viewport updates
02:18 +210: /Users/karim/Project/pokemonProject/apps/avelune_studio/test/ui06_scene_volume_test.dart: 200 canonical nodes retain document identity during eight viewport updates
02:18 +211: /Users/karim/Project/pokemonProject/apps/avelune_studio/test/ui06_scene_volume_test.dart: 200 canonical nodes retain document identity during eight viewport updates
02:18 +212: /Users/karim/Project/pokemonProject/apps/avelune_studio/test/ui06_scene_volume_test.dart: 200 canonical nodes retain document identity during eight viewport updates
02:19 +213: /Users/karim/Project/pokemonProject/apps/avelune_studio/test/ui06_scene_volume_test.dart: 200 canonical nodes retain document identity during eight viewport updates
02:19 +214: /Users/karim/Project/pokemonProject/apps/avelune_studio/test/ui06_scene_volume_test.dart: 200 canonical nodes retain document identity during eight viewport updates
02:19 +215: /Users/karim/Project/pokemonProject/apps/avelune_studio/test/ui06_scene_volume_test.dart: 200 canonical nodes retain document identity during eight viewport updates
02:19 +216: /Users/karim/Project/pokemonProject/apps/avelune_studio/test/ui06_scene_volume_test.dart: 200 canonical nodes retain document identity during eight viewport updates
UI06 volume: nodes=200 edges=265 viewportUpdates=8 documentMutations=0 firstFrameUs=1284002 gesturesUs=1570793; no I/O adapter instantiated
02:20 +217: /Users/karim/Project/pokemonProject/apps/avelune_studio/test/narrative/narrative_story_navigation_test.dart: advanced record never opens previous interaction
02:21 +218: /Users/karim/Project/pokemonProject/apps/avelune_studio/test/narrative/narrative_story_navigation_test.dart: advanced record never opens previous interaction
02:21 +219: /Users/karim/Project/pokemonProject/apps/avelune_studio/test/narrative/narrative_story_navigation_test.dart: advanced record never opens previous interaction
02:21 +220: /Users/karim/Project/pokemonProject/apps/avelune_studio/test/narrative/narrative_story_navigation_test.dart: story selection is read only and explicit action opens linked draft
02:21 +221: /Users/karim/Project/pokemonProject/apps/avelune_studio/test/narrative/narrative_story_navigation_test.dart: long stories only mount visible step rows
02:22 +222: /Users/karim/Project/pokemonProject/apps/avelune_studio/test/narrative/narrative_story_navigation_test.dart: long stories only mount visible step rows
02:23 +223: /Users/karim/Project/pokemonProject/apps/avelune_studio/test/narrative/narrative_story_navigation_test.dart: long stories only mount visible step rows
02:23 +224: /Users/karim/Project/pokemonProject/apps/avelune_studio/test/narrative/narrative_story_navigation_test.dart: long stories only mount visible step rows
02:23 +225: /Users/karim/Project/pokemonProject/apps/avelune_studio/test/narrative/narrative_story_navigation_test.dart: 1000 interactions mount only visible rows without extra source reads
02:24 +226: /Users/karim/Project/pokemonProject/apps/avelune_studio/test/narrative/narrative_story_navigation_test.dart: 1000 interactions mount only visible rows without extra source reads
02:24 +227: /Users/karim/Project/pokemonProject/apps/avelune_studio/test/narrative/narrative_story_navigation_test.dart: 1000 interactions mount only visible rows without extra source reads
02:24 +228: /Users/karim/Project/pokemonProject/apps/avelune_studio/test/narrative/narrative_story_navigation_test.dart: 1000 interactions mount only visible rows without extra source reads
02:24 +229: /Users/karim/Project/pokemonProject/apps/avelune_studio/test/narrative/narrative_story_navigation_test.dart: 1000 interactions mount only visible rows without extra source reads
02:24 +230: /Users/karim/Project/pokemonProject/apps/avelune_studio/test/narrative/narrative_story_navigation_test.dart: 1000 interactions mount only visible rows without extra source reads
02:25 +231: /Users/karim/Project/pokemonProject/apps/avelune_studio/test/narrative/narrative_story_navigation_test.dart: 1000 interactions mount only visible rows without extra source reads
02:25 +232: /Users/karim/Project/pokemonProject/apps/avelune_studio/test/narrative/narrative_story_navigation_test.dart: 1000 interactions mount only visible rows without extra source reads
02:25 +233: /Users/karim/Project/pokemonProject/apps/avelune_studio/test/narrative/narrative_story_navigation_test.dart: 1000 interactions mount only visible rows without extra source reads
02:25 +234: /Users/karim/Project/pokemonProject/apps/avelune_studio/test/narrative/narrative_story_navigation_test.dart: 1000 interactions mount only visible rows without extra source reads
02:25 +235: /Users/karim/Project/pokemonProject/apps/avelune_studio/test/narrative/narrative_story_navigation_test.dart: 1000 interactions mount only visible rows without extra source reads
02:25 +236: /Users/karim/Project/pokemonProject/apps/avelune_studio/test/narrative/narrative_story_navigation_test.dart: 1000 interactions mount only visible rows without extra source reads
02:25 +237: /Users/karim/Project/pokemonProject/apps/avelune_studio/test/narrative/narrative_story_navigation_test.dart: new source variant ranks above existing conditional and fallback drafts
02:25 +238: /Users/karim/Project/pokemonProject/apps/avelune_studio/test/narrative/interaction_event_publication_ui08_test.dart: stale record-only write rejected inside mutation queue with unchanged scene
02:26 +239: /Users/karim/Project/pokemonProject/apps/avelune_studio/test/narrative/interaction_event_publication_ui08_test.dart: stale record-only write rejected inside mutation queue with unchanged scene
02:27 +240: /Users/karim/Project/pokemonProject/apps/avelune_studio/test/narrative/interaction_event_publication_ui08_test.dart: stale record-only write rejected inside mutation queue with unchanged scene
02:27 +241: /Users/karim/Project/pokemonProject/apps/avelune_studio/test/narrative/narrative_publication_test.dart: coherent publication keeps dirty map and rereads canonical source
02:27 +242: /Users/karim/Project/pokemonProject/apps/avelune_studio/test/narrative/interaction_event_publication_ui08_test.dart: independent event remains publishable after another record changed
02:27 +243: /Users/karim/Project/pokemonProject/apps/avelune_studio/test/narrative/interaction_event_publication_ui08_test.dart: independent event remains publishable after another record changed
02:27 +244: /Users/karim/Project/pokemonProject/apps/avelune_studio/test/narrative/interaction_event_publication_ui08_test.dart: independent event remains publishable after another record changed
02:28 +245: /Users/karim/Project/pokemonProject/apps/avelune_studio/test/narrative/interaction_event_publication_ui08_test.dart: scene baseline is protected even when record stays identical
02:28 +246: /Users/karim/Project/pokemonProject/apps/avelune_studio/test/narrative/interaction_event_roundtrip_ui08_test.dart: UI08 priority publication refreshes clean simplified record with scene unchanged
02:28 +247: /Users/karim/Project/pokemonProject/apps/avelune_studio/test/narrative/interaction_event_roundtrip_ui08_test.dart: UI08 priority publication refreshes clean simplified record with scene unchanged
02:29 +248: /Users/karim/Project/pokemonProject/apps/avelune_studio/test/narrative/narrative_navigation_ui05_test.dart: only latest dialogue opening becomes an edit session
02:29 +249: /Users/karim/Project/pokemonProject/apps/avelune_studio/test/narrative/interaction_event_roundtrip_ui08_test.dart: UI08 dirty record blocks simplified changes until explicit discard
02:29 +250: /Users/karim/Project/pokemonProject/apps/avelune_studio/test/narrative/interaction_event_roundtrip_ui08_test.dart: UI08 dirty record blocks simplified changes until explicit discard
02:29 +251: /Users/karim/Project/pokemonProject/apps/avelune_studio/test/narrative/interaction_event_roundtrip_ui08_test.dart: UI08 dirty record blocks simplified changes until explicit discard
02:29 +252: /Users/karim/Project/pokemonProject/apps/avelune_studio/test/narrative/interaction_event_roundtrip_ui08_test.dart: UI08 dirty record blocks simplified changes until explicit discard
02:29 +253: /Users/karim/Project/pokemonProject/apps/avelune_studio/test/narrative/interaction_event_roundtrip_ui08_test.dart: UI08 dirty record blocks simplified changes until explicit discard
02:29 +254: /Users/karim/Project/pokemonProject/apps/avelune_studio/test/narrative/interaction_event_roundtrip_ui08_test.dart: UI08 dirty record blocks simplified changes until explicit discard
02:29 +255: /Users/karim/Project/pokemonProject/apps/avelune_studio/test/narrative/interaction_event_roundtrip_ui08_test.dart: UI08 dirty record blocks simplified changes until explicit discard
02:29 +256: /Users/karim/Project/pokemonProject/apps/avelune_studio/test/narrative/interaction_event_roundtrip_ui08_test.dart: UI08 dirty record blocks simplified changes until explicit discard
02:29 +257: /Users/karim/Project/pokemonProject/apps/avelune_studio/test/narrative/interaction_event_roundtrip_ui08_test.dart: UI08 dirty record blocks simplified changes until explicit discard
02:29 +258: /Users/karim/Project/pokemonProject/apps/avelune_studio/test/narrative/interaction_event_roundtrip_ui08_test.dart: UI08 dirty record blocks simplified changes until explicit discard
02:32 +259: /Users/karim/Project/pokemonProject/apps/avelune_studio/test/events_ui08_source_loading_test.dart: switch A to delayed B removes all stale clickable targets until B loads
02:33 +260: /Users/karim/Project/pokemonProject/apps/avelune_studio/test/events_ui08_source_loading_test.dart: switch A to delayed B removes all stale clickable targets until B loads
02:33 +261: /Users/karim/Project/pokemonProject/apps/avelune_studio/test/events_ui08_source_loading_test.dart: switch A to delayed B removes all stale clickable targets until B loads
02:33 +262: /Users/karim/Project/pokemonProject/apps/avelune_studio/test/events_ui08_source_loading_test.dart: source identity does not show homonymous A while B is loading
02:34 +263: /Users/karim/Project/pokemonProject/apps/avelune_studio/test/ui11_presentation_field_guard_test.dart: UI11 invalid focused duration blocks save and switching until corrected
02:38 +264: /Users/karim/Project/pokemonProject/apps/avelune_studio/test/ui11_presentation_field_guard_test.dart: UI11 invalid focused duration blocks save and switching until corrected
02:40 +265: /Users/karim/Project/pokemonProject/apps/avelune_studio/test/ui11_presentation_widget_test.dart: UI11 blank to image text canvas timeline save and reopen via controls
02:41 +266: /Users/karim/Project/pokemonProject/apps/avelune_studio/test/ui11_presentation_widget_test.dart: UI11 blank to image text canvas timeline save and reopen via controls
02:45 +266: /Users/karim/Project/pokemonProject/apps/avelune_studio/test/ui07_story_graph_volume_test.dart: 200 steps and 100 semantic links retain projection during viewport gestures
UI07 volume stories=10 chapters=20 steps=200 semanticLinks=100 gestures=8 viewportUpdates=12 projectionRebuilt=false documentMutations=0 firstFrameUs=1018680 gesturesUs=1109479; no I/O adapter instantiated
02:45 +267: /Users/karim/Project/pokemonProject/apps/avelune_studio/test/ui11_presentation_widget_test.dart: UI11 blank to image text canvas timeline save and reopen via controls
02:47 +268: /Users/karim/Project/pokemonProject/apps/avelune_studio/test/ui11_presentation_canvas_gesture_test.dart: UI11 real scale handle preview cancel and one undo
02:51 +269: /Users/karim/Project/pokemonProject/apps/avelune_studio/test/ui12_world_page_test.dart: a state and its rule are composed from the page controls
02:53 +270: /Users/karim/Project/pokemonProject/apps/avelune_studio/test/ui11_presentation_canvas_gesture_test.dart: UI11 real rotate handle preview cancel and one undo
02:54 +271: /Users/karim/Project/pokemonProject/apps/avelune_studio/test/ui12_world_page_test.dart: a rule refuses to outrun the state it reads, and offers it
02:56 +272: /Users/karim/Project/pokemonProject/apps/avelune_studio/test/events_runtime_ui09_dialogue_test.dart: UI09 published conversation choice 0 drives its real Scene branch
[runtime_loader] bundle load start projectFilePath=/private/var/folders/b5/7gsfwzyd449_54n8l40h40gc0000gn/T/avelune_ui06_MnkSsM/project.json mapId=jardin
[runtime_loader] project manifest lookup path=/private/var/folders/b5/7gsfwzyd449_54n8l40h40gc0000gn/T/avelune_ui06_MnkSsM/project.json
[runtime_loader] project manifest read ok bytes=14470
[runtime_loader] project manifest validated maps=2 tilesets=1 scenarios=0
[runtime_loader] bundle map resolved mapId=jardin relativePath=maps/jardin.json mapPath=/private/var/folders/b5/7gsfwzyd449_54n8l40h40gc0000gn/T/avelune_ui06_MnkSsM/maps/jardin.json
[runtime_loader] map file lookup path=/private/var/folders/b5/7gsfwzyd449_54n8l40h40gc0000gn/T/avelune_ui06_MnkSsM/maps/jardin.json
[runtime_loader] map file read ok bytes=17182
[runtime_loader] map validated id=jardin size=24x16 layers=3 entities=1 placedElements=3 warps=0 triggers=0
[runtime_loader] bundle tilesets collected ids=atelier
[runtime_loader] bundle tileset path id=atelier path=/private/var/folders/b5/7gsfwzyd449_54n8l40h40gc0000gn/T/avelune_ui06_MnkSsM/assets/atelier.png
[runtime_loader] bundle load ok mapId=jardin projectRoot=/private/var/folders/b5/7gsfwzyd449_54n8l40h40gc0000gn/T/avelune_ui06_MnkSsM tilesets=1
[runtime_game] tileset image load start map=jardin
[runtime_game] tileset cache resolve requested=1
[runtime_game] tileset cache resolve ok result=1
[runtime_game] onLoad start map=jardin projectFilePath=/private/var/folders/b5/7gsfwzyd449_54n8l40h40gc0000gn/T/avelune_ui06_MnkSsM/project.json tilesets=1
[runtime_game] world build start map=jardin
[runtime] Map loaded: jardin, spawn at (8, 9)
[runtime_game] tileset image load ok count=1 map=jardin
[runtime_game] mount root map start map=jardin
[runtime_game] mount root map ok map=jardin
[runtime_game] onLoad completed activeMapId=jardin
[runtime_loader] bundle load start projectFilePath=/private/var/folders/b5/7gsfwzyd449_54n8l40h40gc0000gn/T/avelune_ui06_MnkSsM/project.json mapId=clairiere
[runtime_loader] project manifest lookup path=/private/var/folders/b5/7gsfwzyd449_54n8l40h40gc0000gn/T/avelune_ui06_MnkSsM/project.json
[runtime_loader] project manifest read ok bytes=14470
[runtime_loader] project manifest validated maps=2 tilesets=1 scenarios=0
[runtime_loader] bundle map resolved mapId=clairiere relativePath=maps/clairiere.json mapPath=/private/var/folders/b5/7gsfwzyd449_54n8l40h40gc0000gn/T/avelune_ui06_MnkSsM/maps/clairiere.json
[runtime_loader] map file lookup path=/private/var/folders/b5/7gsfwzyd449_54n8l40h40gc0000gn/T/avelune_ui06_MnkSsM/maps/clairiere.json
[runtime_loader] map file read ok bytes=17187
[runtime_loader] map validated id=clairiere size=24x16 layers=3 entities=1 placedElements=3 warps=0 triggers=0
[runtime_loader] bundle tilesets collected ids=atelier
[runtime_loader] bundle tileset path id=atelier path=/private/var/folders/b5/7gsfwzyd449_54n8l40h40gc0000gn/T/avelune_ui06_MnkSsM/assets/atelier.png
[runtime_loader] bundle load ok mapId=clairiere projectRoot=/private/var/folders/b5/7gsfwzyd449_54n8l40h40gc0000gn/T/avelune_ui06_MnkSsM tilesets=1
[dialogue] interaction entity=event-v2:evt_019abcde-9000-7000-8000-000000000106:evx_01a0cf45-3627-7001-8000-6171b9d3dff8:ui09_guichet:1790183814704
[dialogue] resolved dialogueId=ui09_guichet
[dialogue] resolved file=dialogues/ui09_guichet.yarn
[dialogue] requested startNode=Accueil
[scenario_lock] accepted source=event-v2:evt_019abcde-9000-7000-8000-000000000106:evx_01a0cf45-3627-7001-8000-6171b9d3dff8:ui09_guichet:1790183814704 phase=dialogueLoading serial=1
[dialogue] parsed 1 node(s) from /private/var/folders/b5/7gsfwzyd449_54n8l40h40gc0000gn/T/avelune_ui06_MnkSsM/dialogues/ui09_guichet.yarn
[dialogue] starting at node "Accueil"
[scene_runtime] dialogue content loaded request=event-v2:evt_019abcde-9000-7000-8000-000000000106:evx_01a0cf45-3627-7001-8000-6171b9d3dff8:ui09_guichet:1790183814704 elapsedMs=4
[scenario_lock] cleared source=event-v2:evt_019abcde-9000-7000-8000-000000000106:evx_01a0cf45-3627-7001-8000-6171b9d3dff8:ui09_guichet:1790183814704 reason=dialogueOpened serial=1
[dialogue] opened node=Accueil text="Chef: Bonjour ! Souhaitez-vous préparer votre départ ?"
[dialogue] choice opened count=2 selected=0
[dialogue] choice confirmed index=0 text="Je pars maintenant"
[dialogue] line text="Chef: Votre train vous attend sur le quai."
[dialogue] dialogue closed
[scene_runtime] dialogue completed request=event-v2:evt_019abcde-9000-7000-8000-000000000106:evx_01a0cf45-3627-7001-8000-6171b9d3dff8:ui09_guichet:1790183814704 status=completed port=depart
[dialogue] finished
[event_v2] mapEnter activation=mapact_1790183814555716_1 map=jardin reason=initialBoot result=MapEnterProductionDispatchV2Handled
02:56 +273: /Users/karim/Project/pokemonProject/apps/avelune_studio/test/events_runtime_ui09_dialogue_test.dart: UI09 published conversation choice 1 drives its real Scene branch
[runtime_loader] bundle load start projectFilePath=/private/var/folders/b5/7gsfwzyd449_54n8l40h40gc0000gn/T/avelune_ui06_oX6Y5T/project.json mapId=jardin
[runtime_loader] project manifest lookup path=/private/var/folders/b5/7gsfwzyd449_54n8l40h40gc0000gn/T/avelune_ui06_oX6Y5T/project.json
[runtime_loader] project manifest read ok bytes=14470
[runtime_loader] project manifest validated maps=2 tilesets=1 scenarios=0
[runtime_loader] bundle map resolved mapId=jardin relativePath=maps/jardin.json mapPath=/private/var/folders/b5/7gsfwzyd449_54n8l40h40gc0000gn/T/avelune_ui06_oX6Y5T/maps/jardin.json
[runtime_loader] map file lookup path=/private/var/folders/b5/7gsfwzyd449_54n8l40h40gc0000gn/T/avelune_ui06_oX6Y5T/maps/jardin.json
[runtime_loader] map file read ok bytes=17182
[runtime_loader] map validated id=jardin size=24x16 layers=3 entities=1 placedElements=3 warps=0 triggers=0
[runtime_loader] bundle tilesets collected ids=atelier
[runtime_loader] bundle tileset path id=atelier path=/private/var/folders/b5/7gsfwzyd449_54n8l40h40gc0000gn/T/avelune_ui06_oX6Y5T/assets/atelier.png
[runtime_loader] bundle load ok mapId=jardin projectRoot=/private/var/folders/b5/7gsfwzyd449_54n8l40h40gc0000gn/T/avelune_ui06_oX6Y5T tilesets=1
[runtime_game] tileset image load start map=jardin
[runtime_game] tileset cache resolve requested=1
[runtime_game] tileset cache resolve ok result=1
[runtime_game] onLoad start map=jardin projectFilePath=/private/var/folders/b5/7gsfwzyd449_54n8l40h40gc0000gn/T/avelune_ui06_oX6Y5T/project.json tilesets=1
[runtime_game] world build start map=jardin
[runtime] Map loaded: jardin, spawn at (8, 9)
[runtime_game] tileset image load ok count=1 map=jardin
[runtime_game] mount root map start map=jardin
[runtime_game] mount root map ok map=jardin
[runtime_game] onLoad completed activeMapId=jardin
[runtime_loader] bundle load start projectFilePath=/private/var/folders/b5/7gsfwzyd449_54n8l40h40gc0000gn/T/avelune_ui06_oX6Y5T/project.json mapId=clairiere
[runtime_loader] project manifest lookup path=/private/var/folders/b5/7gsfwzyd449_54n8l40h40gc0000gn/T/avelune_ui06_oX6Y5T/project.json
[runtime_loader] project manifest read ok bytes=14470
[runtime_loader] project manifest validated maps=2 tilesets=1 scenarios=0
[runtime_loader] bundle map resolved mapId=clairiere relativePath=maps/clairiere.json mapPath=/private/var/folders/b5/7gsfwzyd449_54n8l40h40gc0000gn/T/avelune_ui06_oX6Y5T/maps/clairiere.json
[runtime_loader] map file lookup path=/private/var/folders/b5/7gsfwzyd449_54n8l40h40gc0000gn/T/avelune_ui06_oX6Y5T/maps/clairiere.json
[runtime_loader] map file read ok bytes=17187
[runtime_loader] map validated id=clairiere size=24x16 layers=3 entities=1 placedElements=3 warps=0 triggers=0
[runtime_loader] bundle tilesets collected ids=atelier
[runtime_loader] bundle tileset path id=atelier path=/private/var/folders/b5/7gsfwzyd449_54n8l40h40gc0000gn/T/avelune_ui06_oX6Y5T/assets/atelier.png
[runtime_loader] bundle load ok mapId=clairiere projectRoot=/private/var/folders/b5/7gsfwzyd449_54n8l40h40gc0000gn/T/avelune_ui06_oX6Y5T tilesets=1
[dialogue] interaction entity=event-v2:evt_019abcde-9000-7000-8000-000000000106:evx_01a0cf45-380d-7001-8000-629e1724e5fe:ui09_guichet:1790183815181
[dialogue] resolved dialogueId=ui09_guichet
[dialogue] resolved file=dialogues/ui09_guichet.yarn
[dialogue] requested startNode=Accueil
[scenario_lock] accepted source=event-v2:evt_019abcde-9000-7000-8000-000000000106:evx_01a0cf45-380d-7001-8000-629e1724e5fe:ui09_guichet:1790183815181 phase=dialogueLoading serial=1
[dialogue] parsed 1 node(s) from /private/var/folders/b5/7gsfwzyd449_54n8l40h40gc0000gn/T/avelune_ui06_oX6Y5T/dialogues/ui09_guichet.yarn
[dialogue] starting at node "Accueil"
[scene_runtime] dialogue content loaded request=event-v2:evt_019abcde-9000-7000-8000-000000000106:evx_01a0cf45-380d-7001-8000-629e1724e5fe:ui09_guichet:1790183815181 elapsedMs=2
[scenario_lock] cleared source=event-v2:evt_019abcde-9000-7000-8000-000000000106:evx_01a0cf45-380d-7001-8000-629e1724e5fe:ui09_guichet:1790183815181 reason=dialogueOpened serial=1
[dialogue] opened node=Accueil text="Chef: Bonjour ! Souhaitez-vous préparer votre départ ?"
[dialogue] choice opened count=2 selected=0
[dialogue] choice confirmed index=1 text="Je préfère attendre"
[dialogue] line text="Chef: Prenez votre temps dans la salle d’attente."
[dialogue] dialogue closed
[scene_runtime] dialogue completed request=event-v2:evt_019abcde-9000-7000-8000-000000000106:evx_01a0cf45-380d-7001-8000-629e1724e5fe:ui09_guichet:1790183815181 status=completed port=attente
[dialogue] finished
[event_v2] mapEnter activation=mapact_1790183815166602_1 map=jardin reason=initialBoot result=MapEnterProductionDispatchV2Handled
02:57 +274: /Users/karim/Project/pokemonProject/apps/avelune_studio/test/m3_story_runtime_test.dart: published story plays choices, conditions, one-shot and isolated save/load
02:58 +275: /Users/karim/Project/pokemonProject/apps/avelune_studio/test/m3_story_runtime_test.dart: published story plays choices, conditions, one-shot and isolated save/load
02:58 +276: /Users/karim/Project/pokemonProject/apps/avelune_studio/test/m3_story_runtime_test.dart: published story plays choices, conditions, one-shot and isolated save/load
02:58 +277: /Users/karim/Project/pokemonProject/apps/avelune_studio/test/m3_story_runtime_test.dart: published story plays choices, conditions, one-shot and isolated save/load
02:58 +278: /Users/karim/Project/pokemonProject/apps/avelune_studio/test/m3_story_runtime_test.dart: published story plays choices, conditions, one-shot and isolated save/load
[runtime_loader] bundle load start projectFilePath=/private/var/folders/b5/7gsfwzyd449_54n8l40h40gc0000gn/T/avelune_m3_story_wrnoDn/project.json mapId=jardin
[runtime_loader] project manifest lookup path=/private/var/folders/b5/7gsfwzyd449_54n8l40h40gc0000gn/T/avelune_m3_story_wrnoDn/project.json
[runtime_loader] project manifest read ok bytes=34071
[runtime_loader] project manifest validated maps=2 tilesets=1 scenarios=0
[runtime_loader] bundle map resolved mapId=jardin relativePath=maps/jardin.json mapPath=/private/var/folders/b5/7gsfwzyd449_54n8l40h40gc0000gn/T/avelune_m3_story_wrnoDn/maps/jardin.json
[runtime_loader] map file lookup path=/private/var/folders/b5/7gsfwzyd449_54n8l40h40gc0000gn/T/avelune_m3_story_wrnoDn/maps/jardin.json
[runtime_loader] map file read ok bytes=19146
[runtime_loader] map validated id=jardin size=24x16 layers=3 entities=3 placedElements=3 warps=0 triggers=1
[runtime_loader] bundle tilesets collected ids=atelier
[runtime_loader] bundle tileset path id=atelier path=/private/var/folders/b5/7gsfwzyd449_54n8l40h40gc0000gn/T/avelune_m3_story_wrnoDn/assets/atelier.png
[runtime_loader] bundle load ok mapId=jardin projectRoot=/private/var/folders/b5/7gsfwzyd449_54n8l40h40gc0000gn/T/avelune_m3_story_wrnoDn tilesets=1
[runtime_game] tileset image load start map=jardin
[runtime_game] tileset cache resolve requested=1
[runtime_game] tileset cache resolve ok result=1
[runtime_game] onLoad start map=jardin projectFilePath=/private/var/folders/b5/7gsfwzyd449_54n8l40h40gc0000gn/T/avelune_m3_story_wrnoDn/project.json tilesets=1
[runtime_game] world build start map=jardin
[runtime] Map loaded: jardin, spawn at (8, 9)
[runtime_game] tileset image load ok count=1 map=jardin
[runtime_game] mount root map start map=jardin
[step_studio_trace] npc_mount_added map=jardin entity=chief
[step_studio_trace] npc_mount_added map=jardin entity=traveller
[step_studio_trace] npc_presence_applied map=jardin entity=chief present=true
[step_studio_trace] npc_presence_applied map=jardin entity=traveller present=true
[runtime_game] mount root map ok map=jardin
[npc_patrol] read movement entity=chief pos=(8,10) size=1x1 mode=idle waypoints= loop=true pauseMs=0 stepMs=200
[npc_patrol] read movement entity=traveller pos=(10,10) size=1x1 mode=idle waypoints= loop=true pauseMs=0 stepMs=200
[runtime_game] onLoad completed activeMapId=jardin
[runtime_loader] bundle load start projectFilePath=/private/var/folders/b5/7gsfwzyd449_54n8l40h40gc0000gn/T/avelune_m3_story_wrnoDn/project.json mapId=clairiere
[runtime_loader] project manifest lookup path=/private/var/folders/b5/7gsfwzyd449_54n8l40h40gc0000gn/T/avelune_m3_story_wrnoDn/project.json
[runtime_loader] project manifest read ok bytes=34071
[runtime_loader] project manifest validated maps=2 tilesets=1 scenarios=0
[runtime_loader] bundle map resolved mapId=clairiere relativePath=maps/clairiere.json mapPath=/private/var/folders/b5/7gsfwzyd449_54n8l40h40gc0000gn/T/avelune_m3_story_wrnoDn/maps/clairiere.json
[runtime_loader] map file lookup path=/private/var/folders/b5/7gsfwzyd449_54n8l40h40gc0000gn/T/avelune_m3_story_wrnoDn/maps/clairiere.json
[runtime_loader] map file read ok bytes=17187
[runtime_loader] map validated id=clairiere size=24x16 layers=3 entities=1 placedElements=3 warps=0 triggers=0
[runtime_loader] bundle tilesets collected ids=atelier
[runtime_loader] bundle tileset path id=atelier path=/private/var/folders/b5/7gsfwzyd449_54n8l40h40gc0000gn/T/avelune_m3_story_wrnoDn/assets/atelier.png
[runtime_loader] bundle load ok mapId=clairiere projectRoot=/private/var/folders/b5/7gsfwzyd449_54n8l40h40gc0000gn/T/avelune_m3_story_wrnoDn tilesets=1
[step_studio_trace] npc_presence_applied map=jardin entity=chief present=true
[step_studio_trace] npc_presence_applied map=jardin entity=traveller present=true
[npc_patrol] read movement entity=chief pos=(8,10) size=1x1 mode=idle waypoints= loop=true pauseMs=0 stepMs=200
[npc_patrol] read movement entity=traveller pos=(10,10) size=1x1 mode=idle waypoints= loop=true pauseMs=0 stepMs=200
[step_studio_trace] npc_presence_applied map=jardin entity=chief present=true
[step_studio_trace] npc_presence_applied map=jardin entity=traveller present=true
[npc_patrol] read movement entity=chief pos=(8,10) size=1x1 mode=idle waypoints= loop=true pauseMs=0 stepMs=200
[npc_patrol] read movement entity=traveller pos=(10,10) size=1x1 mode=idle waypoints= loop=true pauseMs=0 stepMs=200
[step_studio_trace] npc_presence_applied map=jardin entity=chief present=true
[step_studio_trace] npc_presence_applied map=jardin entity=traveller present=true
[npc_patrol] read movement entity=chief pos=(8,10) size=1x1 mode=idle waypoints= loop=true pauseMs=0 stepMs=200
[npc_patrol] read movement entity=traveller pos=(10,10) size=1x1 mode=idle waypoints= loop=true pauseMs=0 stepMs=200
[event_v2] mapEnter activation=mapact_1790183817107420_1 map=jardin reason=initialBoot result=MapEnterProductionDispatchLegacyFallback
[dialogue] interaction entity=event-v2:evt_019abcde-9000-7000-8000-000000000002:evx_01a0cf45-40e7-7004-8000-68168e300ebb:before:1790183817454
[dialogue] resolved dialogueId=before
[dialogue] resolved file=dialogues/before.yarn
[dialogue] requested startNode=Start
[scenario_lock] accepted source=event-v2:evt_019abcde-9000-7000-8000-000000000002:evx_01a0cf45-40e7-7004-8000-68168e300ebb:before:1790183817454 phase=dialogueLoading serial=1
[dialogue] parsed 1 node(s) from /private/var/folders/b5/7gsfwzyd449_54n8l40h40gc0000gn/T/avelune_m3_story_wrnoDn/dialogues/before.yarn
[dialogue] starting at node "Start"
[scene_runtime] dialogue content loaded request=event-v2:evt_019abcde-9000-7000-8000-000000000002:evx_01a0cf45-40e7-7004-8000-68168e300ebb:before:1790183817454 elapsedMs=57
[scenario_lock] cleared source=event-v2:evt_019abcde-9000-7000-8000-000000000002:evx_01a0cf45-40e7-7004-8000-68168e300ebb:before:1790183817454 reason=dialogueOpened serial=1
[dialogue] opened node=Start text="Je patiente avant le départ."
[dialogue] dialogue closed
[scene_runtime] dialogue completed request=event-v2:evt_019abcde-9000-7000-8000-000000000002:evx_01a0cf45-40e7-7004-8000-68168e300ebb:before:1790183817454 status=completed port=completed
[dialogue] finished
[step_studio_trace] npc_presence_applied map=jardin entity=chief present=true
[step_studio_trace] npc_presence_applied map=jardin entity=traveller present=true
[npc_patrol] read movement entity=chief pos=(8,10) size=1x1 mode=idle waypoints= loop=true pauseMs=0 stepMs=200
[npc_patrol] read movement entity=traveller pos=(10,10) size=1x1 mode=idle waypoints= loop=true pauseMs=0 stepMs=200
[step_studio_trace] npc_presence_applied map=jardin entity=chief present=true
[step_studio_trace] npc_presence_applied map=jardin entity=traveller present=true
[npc_patrol] read movement entity=chief pos=(8,10) size=1x1 mode=idle waypoints= loop=true pauseMs=0 stepMs=200
[npc_patrol] read movement entity=traveller pos=(10,10) size=1x1 mode=idle waypoints= loop=true pauseMs=0 stepMs=200
[dialogue] interaction entity=event-v2:evt_019abcde-9000-7000-8000-000000000001:evx_01a0cf45-416d-7007-8000-68695f39c164:offer:1790183817582
[dialogue] resolved dialogueId=offer
[dialogue] resolved file=dialogues/offer.yarn
[dialogue] requested startNode=Start
[scenario_lock] accepted source=event-v2:evt_019abcde-9000-7000-8000-000000000001:evx_01a0cf45-416d-7007-8000-68695f39c164:offer:1790183817582 phase=dialogueLoading serial=2
[dialogue] parsed 3 node(s) from /private/var/folders/b5/7gsfwzyd449_54n8l40h40gc0000gn/T/avelune_m3_story_wrnoDn/dialogues/offer.yarn
[dialogue] starting at node "Start"
[scene_runtime] dialogue content loaded request=event-v2:evt_019abcde-9000-7000-8000-000000000001:evx_01a0cf45-416d-7007-8000-68695f39c164:offer:1790183817582 elapsedMs=43
[scenario_lock] cleared source=event-v2:evt_019abcde-9000-7000-8000-000000000001:evx_01a0cf45-416d-7007-8000-68695f39c164:offer:1790183817582 reason=dialogueOpened serial=2
[dialogue] opened node=Start text="Voulez-vous aider au départ ?"
[dialogue] choice opened count=2 selected=0
[dialogue] choice moved selected=1
[dialogue] choice confirmed index=1 text="Pas maintenant"
[dialogue] jump to=Refuse
[dialogue] line text="Revenez quand vous voulez."
[dialogue] dialogue closed
[scene_runtime] dialogue completed request=event-v2:evt_019abcde-9000-7000-8000-000000000001:evx_01a0cf45-416d-7007-8000-68695f39c164:offer:1790183817582 status=completed port=refused
[dialogue] finished
[step_studio_trace] npc_presence_applied map=jardin entity=chief present=true
[step_studio_trace] npc_presence_applied map=jardin entity=traveller present=true
[npc_patrol] read movement entity=chief pos=(8,10) size=1x1 mode=idle waypoints= loop=true pauseMs=0 stepMs=200
[npc_patrol] read movement entity=traveller pos=(10,10) size=1x1 mode=idle waypoints= loop=true pauseMs=0 stepMs=200
[step_studio_trace] npc_presence_applied map=jardin entity=chief present=true
[step_studio_trace] npc_presence_applied map=jardin entity=traveller present=true
[npc_patrol] read movement entity=chief pos=(8,10) size=1x1 mode=idle waypoints= loop=true pauseMs=0 stepMs=200
[npc_patrol] read movement entity=traveller pos=(10,10) size=1x1 mode=idle waypoints= loop=true pauseMs=0 stepMs=200
[dialogue] interaction entity=event-v2:evt_019abcde-9000-7000-8000-000000000001:evx_01a0cf45-41be-700a-8000-689b6ec74268:offer:1790183817662
[dialogue] resolved dialogueId=offer
[dialogue] resolved file=dialogues/offer.yarn
[dialogue] requested startNode=Start
[scenario_lock] accepted source=event-v2:evt_019abcde-9000-7000-8000-000000000001:evx_01a0cf45-41be-700a-8000-689b6ec74268:offer:1790183817662 phase=dialogueLoading serial=3
[dialogue] parsed 3 node(s) from /private/var/folders/b5/7gsfwzyd449_54n8l40h40gc0000gn/T/avelune_m3_story_wrnoDn/dialogues/offer.yarn
[dialogue] starting at node "Start"
[scene_runtime] dialogue content loaded request=event-v2:evt_019abcde-9000-7000-8000-000000000001:evx_01a0cf45-41be-700a-8000-689b6ec74268:offer:1790183817662 elapsedMs=5
[scenario_lock] cleared source=event-v2:evt_019abcde-9000-7000-8000-000000000001:evx_01a0cf45-41be-700a-8000-689b6ec74268:offer:1790183817662 reason=dialogueOpened serial=3
[dialogue] opened node=Start text="Voulez-vous aider au départ ?"
[dialogue] choice opened count=2 selected=0
[dialogue] choice confirmed index=0 text="Je vous aide"
[dialogue] jump to=Accept
[dialogue] line text="Très bien, retrouvez la voyageuse."
[dialogue] dialogue closed
[scene_runtime] dialogue completed request=event-v2:evt_019abcde-9000-7000-8000-000000000001:evx_01a0cf45-41be-700a-8000-689b6ec74268:offer:1790183817662 status=completed port=accepted
[dialogue] finished
[step_studio_trace] npc_presence_applied map=jardin entity=chief present=true
[step_studio_trace] npc_presence_applied map=jardin entity=traveller present=true
[npc_patrol] read movement entity=chief pos=(8,10) size=1x1 mode=idle waypoints= loop=true pauseMs=0 stepMs=200
[npc_patrol] read movement entity=traveller pos=(10,10) size=1x1 mode=idle waypoints= loop=true pauseMs=0 stepMs=200
[step_studio_trace] npc_presence_applied map=jardin entity=chief present=true
[step_studio_trace] npc_presence_applied map=jardin entity=traveller present=true
[npc_patrol] read movement entity=chief pos=(8,10) size=1x1 mode=idle waypoints= loop=true pauseMs=0 stepMs=200
[npc_patrol] read movement entity=traveller pos=(10,10) size=1x1 mode=idle waypoints= loop=true pauseMs=0 stepMs=200
[dialogue] interaction entity=event-v2:evt_019abcde-9000-7000-8000-000000000003:evx_01a0cf45-421d-700d-8000-68d6255d6b1a:traveller:1790183817757
[dialogue] resolved dialogueId=traveller
[dialogue] resolved file=dialogues/traveller.yarn
[dialogue] requested startNode=Start
[scenario_lock] accepted source=event-v2:evt_019abcde-9000-7000-8000-000000000003:evx_01a0cf45-421d-700d-8000-68d6255d6b1a:traveller:1790183817757 phase=dialogueLoading serial=4
[dialogue] parsed 1 node(s) from /private/var/folders/b5/7gsfwzyd449_54n8l40h40gc0000gn/T/avelune_m3_story_wrnoDn/dialogues/traveller.yarn
[dialogue] starting at node "Start"
[scene_runtime] dialogue content loaded request=event-v2:evt_019abcde-9000-7000-8000-000000000003:evx_01a0cf45-421d-700d-8000-68d6255d6b1a:traveller:1790183817757 elapsedMs=43
[scenario_lock] cleared source=event-v2:evt_019abcde-9000-7000-8000-000000000003:evx_01a0cf45-421d-700d-8000-68d6255d6b1a:traveller:1790183817757 reason=dialogueOpened serial=4
[dialogue] opened node=Start text="Merci, ma place est prête !"
[dialogue] dialogue closed
[scene_runtime] dialogue completed request=event-v2:evt_019abcde-9000-7000-8000-000000000003:evx_01a0cf45-421d-700d-8000-68d6255d6b1a:traveller:1790183817757 status=completed port=completed
[dialogue] finished
[step_studio_trace] npc_presence_applied map=jardin entity=chief present=true
[step_studio_trace] npc_presence_applied map=jardin entity=traveller present=true
[npc_patrol] read movement entity=chief pos=(8,10) size=1x1 mode=idle waypoints= loop=true pauseMs=0 stepMs=200
[npc_patrol] read movement entity=traveller pos=(10,10) size=1x1 mode=idle waypoints= loop=true pauseMs=0 stepMs=200
[step_studio_trace] npc_presence_applied map=jardin entity=chief present=true
[step_studio_trace] npc_presence_applied map=jardin entity=traveller present=true
[npc_patrol] read movement entity=chief pos=(8,10) size=1x1 mode=idle waypoints= loop=true pauseMs=0 stepMs=200
[npc_patrol] read movement entity=traveller pos=(10,10) size=1x1 mode=idle waypoints= loop=true pauseMs=0 stepMs=200
[dialogue] interaction entity=event-v2:evt_019abcde-9000-7000-8000-000000000005:evx_01a0cf45-4283-7010-8000-69152f77e7a3:finish:1790183817860
[dialogue] resolved dialogueId=finish
[dialogue] resolved file=dialogues/finish.yarn
[dialogue] requested startNode=Start
[scenario_lock] accepted source=event-v2:evt_019abcde-9000-7000-8000-000000000005:evx_01a0cf45-4283-7010-8000-69152f77e7a3:finish:1790183817860 phase=dialogueLoading serial=5
[dialogue] parsed 1 node(s) from /private/var/folders/b5/7gsfwzyd449_54n8l40h40gc0000gn/T/avelune_m3_story_wrnoDn/dialogues/finish.yarn
[dialogue] starting at node "Start"
[scene_runtime] dialogue content loaded request=event-v2:evt_019abcde-9000-7000-8000-000000000005:evx_01a0cf45-4283-7010-8000-69152f77e7a3:finish:1790183817860 elapsedMs=41
[scenario_lock] cleared source=event-v2:evt_019abcde-9000-7000-8000-000000000005:evx_01a0cf45-4283-7010-8000-69152f77e7a3:finish:1790183817860 reason=dialogueOpened serial=5
[dialogue] opened node=Start text="Tout est prêt, départ autorisé !"
[dialogue] dialogue closed
[scene_runtime] dialogue completed request=event-v2:evt_019abcde-9000-7000-8000-000000000005:evx_01a0cf45-4283-7010-8000-69152f77e7a3:finish:1790183817860 status=completed port=completed
[dialogue] finished
[step_studio_trace] npc_presence_applied map=jardin entity=chief present=true
[step_studio_trace] npc_presence_applied map=jardin entity=traveller present=true
[npc_patrol] read movement entity=chief pos=(8,10) size=1x1 mode=idle waypoints= loop=true pauseMs=0 stepMs=200
[npc_patrol] read movement entity=traveller pos=(10,10) size=1x1 mode=idle waypoints= loop=true pauseMs=0 stepMs=200
[step_studio_trace] npc_presence_applied map=jardin entity=chief present=true
[step_studio_trace] npc_presence_applied map=jardin entity=traveller present=true
[npc_patrol] read movement entity=chief pos=(8,10) size=1x1 mode=idle waypoints= loop=true pauseMs=0 stepMs=200
[npc_patrol] read movement entity=traveller pos=(10,10) size=1x1 mode=idle waypoints= loop=true pauseMs=0 stepMs=200
[dialogue] interaction entity=event-v2:evt_019abcde-9000-7000-8000-000000000006:evx_01a0cf45-42c3-7013-8000-693cbd5653e6:conclusion:1790183817924
[dialogue] resolved dialogueId=conclusion
[dialogue] resolved file=dialogues/conclusion.yarn
[dialogue] requested startNode=Start
[scenario_lock] accepted source=event-v2:evt_019abcde-9000-7000-8000-000000000006:evx_01a0cf45-42c3-7013-8000-693cbd5653e6:conclusion:1790183817924 phase=dialogueLoading serial=6
[dialogue] parsed 1 node(s) from /private/var/folders/b5/7gsfwzyd449_54n8l40h40gc0000gn/T/avelune_m3_story_wrnoDn/dialogues/conclusion.yarn
[dialogue] starting at node "Start"
[scene_runtime] dialogue content loaded request=event-v2:evt_019abcde-9000-7000-8000-000000000006:evx_01a0cf45-42c3-7013-8000-693cbd5653e6:conclusion:1790183817924 elapsedMs=53
[scenario_lock] cleared source=event-v2:evt_019abcde-9000-7000-8000-000000000006:evx_01a0cf45-42c3-7013-8000-693cbd5653e6:conclusion:1790183817924 reason=dialogueOpened serial=6
[dialogue] opened node=Start text="Merci encore pour votre aide."
[dialogue] dialogue closed
[scene_runtime] dialogue completed request=event-v2:evt_019abcde-9000-7000-8000-000000000006:evx_01a0cf45-42c3-7013-8000-693cbd5653e6:conclusion:1790183817924 status=completed port=completed
[dialogue] finished
[step_studio_trace] npc_presence_applied map=jardin entity=chief present=true
[step_studio_trace] npc_presence_applied map=jardin entity=traveller present=true
[npc_patrol] read movement entity=chief pos=(8,10) size=1x1 mode=idle waypoints= loop=true pauseMs=0 stepMs=200
[npc_patrol] read movement entity=traveller pos=(10,10) size=1x1 mode=idle waypoints= loop=true pauseMs=0 stepMs=200
[step_studio_trace] npc_presence_applied map=jardin entity=chief present=true
[step_studio_trace] npc_presence_applied map=jardin entity=traveller present=true
[npc_patrol] read movement entity=chief pos=(8,10) size=1x1 mode=idle waypoints= loop=true pauseMs=0 stepMs=200
[npc_patrol] read movement entity=traveller pos=(10,10) size=1x1 mode=idle waypoints= loop=true pauseMs=0 stepMs=200
[dialogue] interaction entity=event-v2:evt_019abcde-9000-7000-8000-000000000007:evx_01a0cf45-4326-7016-8000-6979ecca635c:zone:1790183818023
[dialogue] resolved dialogueId=zone
[dialogue] resolved file=dialogues/zone.yarn
[dialogue] requested startNode=Start
[scenario_lock] accepted source=event-v2:evt_019abcde-9000-7000-8000-000000000007:evx_01a0cf45-4326-7016-8000-6979ecca635c:zone:1790183818023 phase=dialogueLoading serial=7
[dialogue] parsed 1 node(s) from /private/var/folders/b5/7gsfwzyd449_54n8l40h40gc0000gn/T/avelune_m3_story_wrnoDn/dialogues/zone.yarn
[dialogue] starting at node "Start"
[scene_runtime] dialogue content loaded request=event-v2:evt_019abcde-9000-7000-8000-000000000007:evx_01a0cf45-4326-7016-8000-6979ecca635c:zone:1790183818023 elapsedMs=46
[scenario_lock] cleared source=event-v2:evt_019abcde-9000-7000-8000-000000000007:evx_01a0cf45-4326-7016-8000-6979ecca635c:zone:1790183818023 reason=dialogueOpened serial=7
[dialogue] opened node=Start text="Bienvenue sur le quai."
[dialogue] dialogue closed
[scene_runtime] dialogue completed request=event-v2:evt_019abcde-9000-7000-8000-000000000007:evx_01a0cf45-4326-7016-8000-6979ecca635c:zone:1790183818023 status=completed port=completed
[dialogue] finished
[step_studio_trace] npc_presence_applied map=jardin entity=chief present=true
[step_studio_trace] npc_presence_applied map=jardin entity=traveller present=true
[npc_patrol] read movement entity=chief pos=(8,10) size=1x1 mode=idle waypoints= loop=true pauseMs=0 stepMs=200
[npc_patrol] read movement entity=traveller pos=(10,10) size=1x1 mode=idle waypoints= loop=true pauseMs=0 stepMs=200
[step_studio_trace] npc_presence_applied map=jardin entity=chief present=true
[step_studio_trace] npc_presence_applied map=jardin entity=traveller present=true
[npc_patrol] read movement entity=chief pos=(8,10) size=1x1 mode=idle waypoints= loop=true pauseMs=0 stepMs=200
[npc_patrol] read movement entity=traveller pos=(10,10) size=1x1 mode=idle waypoints= loop=true pauseMs=0 stepMs=200
[step_studio_trace] runtime_save_requested map=jardin completedStepIds=[prepare, help, finish] completedCutsceneIds=[]
[runtime_game] tileset cache resolve requested=1
[runtime_game] tileset cache resolve ok result=1
[step_studio_trace] npc_mount_added map=jardin entity=chief
[step_studio_trace] npc_mount_added map=jardin entity=traveller
[step_studio_trace] npc_presence_applied map=jardin entity=chief present=true
[step_studio_trace] npc_presence_applied map=jardin entity=traveller present=true
[npc_patrol] read movement entity=chief pos=(8,10) size=1x1 mode=idle waypoints= loop=true pauseMs=0 stepMs=200
[npc_patrol] read movement entity=traveller pos=(10,10) size=1x1 mode=idle waypoints= loop=true pauseMs=0 stepMs=200
[step_studio_trace] npc_presence_applied map=jardin entity=chief present=true
[step_studio_trace] npc_presence_applied map=jardin entity=traveller present=true
[npc_patrol] read movement entity=chief pos=(8,10) size=1x1 mode=idle waypoints= loop=true pauseMs=0 stepMs=200
[npc_patrol] read movement entity=traveller pos=(10,10) size=1x1 mode=idle waypoints= loop=true pauseMs=0 stepMs=200
[step_studio_trace] npc_presence_applied map=jardin entity=chief present=true
[step_studio_trace] npc_presence_applied map=jardin entity=traveller present=true
[npc_patrol] read movement entity=chief pos=(8,10) size=1x1 mode=idle waypoints= loop=true pauseMs=0 stepMs=200
[npc_patrol] read movement entity=traveller pos=(10,10) size=1x1 mode=idle waypoints= loop=true pauseMs=0 stepMs=200
[step_studio_trace] npc_presence_applied map=jardin entity=chief present=true
[step_studio_trace] npc_presence_applied map=jardin entity=traveller present=true
[npc_patrol] read movement entity=chief pos=(8,10) size=1x1 mode=idle waypoints= loop=true pauseMs=0 stepMs=200
[npc_patrol] read movement entity=traveller pos=(10,10) size=1x1 mode=idle waypoints= loop=true pauseMs=0 stepMs=200
[step_studio_trace] npc_presence_applied map=jardin entity=chief present=true
[step_studio_trace] npc_presence_applied map=jardin entity=traveller present=true
[npc_patrol] read movement entity=chief pos=(8,10) size=1x1 mode=idle waypoints= loop=true pauseMs=0 stepMs=200
[npc_patrol] read movement entity=traveller pos=(10,10) size=1x1 mode=idle waypoints= loop=true pauseMs=0 stepMs=200
[step_studio_trace] npc_presence_applied map=jardin entity=chief present=true
[step_studio_trace] npc_presence_applied map=jardin entity=traveller present=true
[npc_patrol] read movement entity=chief pos=(8,10) size=1x1 mode=idle waypoints= loop=true pauseMs=0 stepMs=200
[npc_patrol] read movement entity=traveller pos=(10,10) size=1x1 mode=idle waypoints= loop=true pauseMs=0 stepMs=200
[step_studio_trace] npc_presence_applied map=jardin entity=chief present=true
[step_studio_trace] npc_presence_applied map=jardin entity=traveller present=true
[npc_patrol] read movement entity=chief pos=(8,10) size=1x1 mode=idle waypoints= loop=true pauseMs=0 stepMs=200
[npc_patrol] read movement entity=traveller pos=(10,10) size=1x1 mode=idle waypoints= loop=true pauseMs=0 stepMs=200
[event_v2] mapEnter activation=mapact_1790183818122615_2 map=jardin reason=saveRestore result=MapEnterProductionDispatchLegacyFallback
[load] game loaded from saveId=default
[runtime_loader] bundle load start projectFilePath=/private/var/folders/b5/7gsfwzyd449_54n8l40h40gc0000gn/T/avelune_m3_story_wrnoDn/project.json mapId=jardin
[runtime_loader] project manifest lookup path=/private/var/folders/b5/7gsfwzyd449_54n8l40h40gc0000gn/T/avelune_m3_story_wrnoDn/project.json
[runtime_loader] project manifest read ok bytes=34071
[runtime_loader] project manifest validated maps=2 tilesets=1 scenarios=0
[runtime_loader] bundle map resolved mapId=jardin relativePath=maps/jardin.json mapPath=/private/var/folders/b5/7gsfwzyd449_54n8l40h40gc0000gn/T/avelune_m3_story_wrnoDn/maps/jardin.json
[runtime_loader] map file lookup path=/private/var/folders/b5/7gsfwzyd449_54n8l40h40gc0000gn/T/avelune_m3_story_wrnoDn/maps/jardin.json
[runtime_loader] map file read ok bytes=19146
[runtime_loader] map validated id=jardin size=24x16 layers=3 entities=3 placedElements=3 warps=0 triggers=1
[runtime_loader] bundle tilesets collected ids=atelier
[runtime_loader] bundle tileset path id=atelier path=/private/var/folders/b5/7gsfwzyd449_54n8l40h40gc0000gn/T/avelune_m3_story_wrnoDn/assets/atelier.png
[runtime_loader] bundle load ok mapId=jardin projectRoot=/private/var/folders/b5/7gsfwzyd449_54n8l40h40gc0000gn/T/avelune_m3_story_wrnoDn tilesets=1
[runtime_game] tileset image load start map=jardin
[runtime_game] tileset cache resolve requested=1
[runtime_game] tileset cache resolve ok result=1
[runtime_game] onLoad start map=jardin projectFilePath=/private/var/folders/b5/7gsfwzyd449_54n8l40h40gc0000gn/T/avelune_m3_story_wrnoDn/project.json tilesets=1
[runtime_game] world build start map=jardin
[runtime] Map loaded: jardin, spawn at (8, 9)
[runtime_game] tileset image load ok count=1 map=jardin
[runtime_game] mount root map start map=jardin
[step_studio_trace] npc_mount_added map=jardin entity=chief
[step_studio_trace] npc_mount_added map=jardin entity=traveller
[step_studio_trace] npc_presence_applied map=jardin entity=chief present=true
[step_studio_trace] npc_presence_applied map=jardin entity=traveller present=true
[runtime_game] mount root map ok map=jardin
[npc_patrol] read movement entity=chief pos=(8,10) size=1x1 mode=idle waypoints= loop=true pauseMs=0 stepMs=200
[npc_patrol] read movement entity=traveller pos=(10,10) size=1x1 mode=idle waypoints= loop=true pauseMs=0 stepMs=200
[runtime_game] onLoad completed activeMapId=jardin
[runtime_loader] bundle load start projectFilePath=/private/var/folders/b5/7gsfwzyd449_54n8l40h40gc0000gn/T/avelune_m3_story_wrnoDn/project.json mapId=clairiere
[runtime_loader] project manifest lookup path=/private/var/folders/b5/7gsfwzyd449_54n8l40h40gc0000gn/T/avelune_m3_story_wrnoDn/project.json
[runtime_loader] project manifest read ok bytes=34071
[runtime_loader] project manifest validated maps=2 tilesets=1 scenarios=0
[runtime_loader] bundle map resolved mapId=clairiere relativePath=maps/clairiere.json mapPath=/private/var/folders/b5/7gsfwzyd449_54n8l40h40gc0000gn/T/avelune_m3_story_wrnoDn/maps/clairiere.json
[runtime_loader] map file lookup path=/private/var/folders/b5/7gsfwzyd449_54n8l40h40gc0000gn/T/avelune_m3_story_wrnoDn/maps/clairiere.json
[runtime_loader] map file read ok bytes=17187
[runtime_loader] map validated id=clairiere size=24x16 layers=3 entities=1 placedElements=3 warps=0 triggers=0
[runtime_loader] bundle tilesets collected ids=atelier
[runtime_loader] bundle tileset path id=atelier path=/private/var/folders/b5/7gsfwzyd449_54n8l40h40gc0000gn/T/avelune_m3_story_wrnoDn/assets/atelier.png
[runtime_loader] bundle load ok mapId=clairiere projectRoot=/private/var/folders/b5/7gsfwzyd449_54n8l40h40gc0000gn/T/avelune_m3_story_wrnoDn tilesets=1
[step_studio_trace] npc_presence_applied map=jardin entity=chief present=true
[step_studio_trace] npc_presence_applied map=jardin entity=traveller present=true
[npc_patrol] read movement entity=chief pos=(8,10) size=1x1 mode=idle waypoints= loop=true pauseMs=0 stepMs=200
[npc_patrol] read movement entity=traveller pos=(10,10) size=1x1 mode=idle waypoints= loop=true pauseMs=0 stepMs=200
[step_studio_trace] npc_presence_applied map=jardin entity=chief present=true
[step_studio_trace] npc_presence_applied map=jardin entity=traveller present=true
[npc_patrol] read movement entity=chief pos=(8,10) size=1x1 mode=idle waypoints= loop=true pauseMs=0 stepMs=200
[npc_patrol] read movement entity=traveller pos=(10,10) size=1x1 mode=idle waypoints= loop=true pauseMs=0 stepMs=200
[step_studio_trace] npc_presence_applied map=jardin entity=chief present=true
[step_studio_trace] npc_presence_applied map=jardin entity=traveller present=true
[npc_patrol] read movement entity=chief pos=(8,10) size=1x1 mode=idle waypoints= loop=true pauseMs=0 stepMs=200
[npc_patrol] read movement entity=traveller pos=(10,10) size=1x1 mode=idle waypoints= loop=true pauseMs=0 stepMs=200
[event_v2] mapEnter activation=mapact_1790183818567352_1 map=jardin reason=initialBoot result=MapEnterProductionDispatchLegacyFallback
[step_studio_trace] runtime_save_requested map=jardin completedStepIds=[] completedCutsceneIds=[]
03:00 +279: /Users/karim/Project/pokemonProject/apps/avelune_studio/test/cinematics_ui10_widget_test.dart: UI10 full Studio frame early composition with isolated real project
03:02 +280: /Users/karim/Project/pokemonProject/apps/avelune_studio/test/cinematics_ui10_widget_test.dart: UI10 full Studio frame early composition with isolated real project
03:03 +281: /Users/karim/Project/pokemonProject/apps/avelune_studio/test/cinematics_ui10_widget_test.dart: UI10 full Studio frame early composition with isolated real project
03:03 +282: /Users/karim/Project/pokemonProject/apps/avelune_studio/test/cinematics_ui10_widget_test.dart: UI10 full Studio frame early composition with isolated real project
03:05 +283: /Users/karim/Project/pokemonProject/apps/avelune_studio/test/cinematics_ui10_widget_test.dart: UI10 full Studio frame early composition with isolated real project
03:05 +284: /Users/karim/Project/pokemonProject/apps/avelune_studio/test/cinematics_ui10_widget_test.dart: UI10 full Studio frame early composition with isolated real project
03:05 +285: /Users/karim/Project/pokemonProject/apps/avelune_studio/test/cinematics_ui10_widget_test.dart: UI10 full Studio frame early composition with isolated real project
03:06 +286: /Users/karim/Project/pokemonProject/apps/avelune_studio/test/ui13_verification_runtime_test.dart: a receipt of another version is stale, never a success
03:07 +287: /Users/karim/Project/pokemonProject/apps/avelune_studio/test/ui13_verification_executor_test.dart: the real analysis runs outside the interface isolate
03:07 +288: /Users/karim/Project/pokemonProject/apps/avelune_studio/test/ui13_verification_executor_test.dart: the real analysis runs outside the interface isolate
03:07 +289: /Users/karim/Project/pokemonProject/apps/avelune_studio/test/ui13_verification_executor_test.dart: the real analysis runs outside the interface isolate
03:07 +290: /Users/karim/Project/pokemonProject/apps/avelune_studio/test/ui13_verification_executor_test.dart: the real analysis runs outside the interface isolate
03:07 +291: /Users/karim/Project/pokemonProject/apps/avelune_studio/test/ui13_verification_runtime_test.dart: a matching receipt is the only one that verifies runtime
03:08 +292: /Users/karim/Project/pokemonProject/apps/avelune_studio/test/ui13_verification_executor_test.dart: abandoning stops the work and adopts nothing
03:08 +293: /Users/karim/Project/pokemonProject/apps/avelune_studio/test/ui13_verification_runtime_test.dart: a failed run of this version is a failure, not a notRun
03:08 +294: /Users/karim/Project/pokemonProject/apps/avelune_studio/test/ui13_verification_executor_test.dart: a late reply never takes the place of the current state
03:08 +295: /Users/karim/Project/pokemonProject/apps/avelune_studio/test/ui13_verification_executor_test.dart: a replacing request keeps only its own answer
03:08 +296: /Users/karim/Project/pokemonProject/apps/avelune_studio/test/ui13_verification_executor_test.dart: closing the page drops the work and its answer
03:08 +297: /Users/karim/Project/pokemonProject/apps/avelune_studio/test/ui13_verification_executor_test.dart: a failed read leaves no synthetic green report
03:09 +298: /Users/karim/Project/pokemonProject/apps/avelune_studio/test/ui13_verification_executor_test.dart: a second launch while one runs starts no second job
03:09 +299: /Users/karim/Project/pokemonProject/apps/avelune_studio/test/stories/story_publication_ui07_test.dart: story action preserves concurrent image import and every map byte
03:10 +300: /Users/karim/Project/pokemonProject/apps/avelune_studio/test/stories/ui07_story_fixture_test.dart: rich fixture publishes real outcomes, owner relationship and modern scene link
03:10 +301: /Users/karim/Project/pokemonProject/apps/avelune_studio/test/stories/ui07_story_fixture_test.dart: rich fixture publishes real outcomes, owner relationship and modern scene link
03:11 +302: /Users/karim/Project/pokemonProject/apps/avelune_studio/test/stories/ui07_story_fixture_test.dart: rich fixture publishes real outcomes, owner relationship and modern scene link
03:11 +303: /Users/karim/Project/pokemonProject/apps/avelune_studio/test/stories/ui07_story_fixture_test.dart: construction fixture provides prerequisites but no authored stories
03:11 +304: /Users/karim/Project/pokemonProject/apps/avelune_studio/test/stories/story_sessions_ui07_test.dart: UI05 and UI07 share drafts, facts and publication without any map
03:12 +305: /Users/karim/Project/pokemonProject/apps/avelune_studio/test/stories/story_sessions_ui07_test.dart: secondary owner is edited, undone and saved from primary context
03:12 +306: /Users/karim/Project/pokemonProject/apps/avelune_studio/test/stories/story_publication_races_ui07_test.dart: edit during publication stays dirty, revertToBase=false
03:12 +307: /Users/karim/Project/pokemonProject/apps/avelune_studio/test/stories/story_publication_races_ui07_test.dart: edit during publication stays dirty, revertToBase=false
03:12 +308: /Users/karim/Project/pokemonProject/apps/avelune_studio/test/stories/story_publication_races_ui07_test.dart: edit during publication stays dirty, revertToBase=false
03:12 +309: /Users/karim/Project/pokemonProject/apps/avelune_studio/test/stories/story_publication_races_ui07_test.dart: edit during publication stays dirty, revertToBase=false
03:12 +310: /Users/karim/Project/pokemonProject/apps/avelune_studio/test/stories/story_publication_races_ui07_test.dart: edit during publication stays dirty, revertToBase=false
03:13 +311: /Users/karim/Project/pokemonProject/apps/avelune_studio/test/stories/story_publication_races_ui07_test.dart: edit during publication stays dirty, revertToBase=true
03:13 +312: /Users/karim/Project/pokemonProject/apps/avelune_studio/test/stories/story_publication_races_ui07_test.dart: late response after close does not replace the workspace catalog
03:13 +313: /Users/karim/Project/pokemonProject/apps/avelune_studio/test/stories/story_publication_races_ui07_test.dart: partial multi-owner failure reports written scope and keeps remaining draft
03:13 +314: /Users/karim/Project/pokemonProject/apps/avelune_studio/test/stories/story_document_commands_test.dart: metadata clears optional text and preserves unrelated fields
03:13 +315: /Users/karim/Project/pokemonProject/apps/avelune_studio/test/stories/story_document_commands_test.dart: late text for removed target never edits its parent
03:13 +316: /Users/karim/Project/pokemonProject/apps/avelune_studio/test/stories/story_document_commands_test.dart: empty story gains real chapter then step without fake placeholders
03:14 +317: /Users/karim/Project/pokemonProject/apps/avelune_studio/test/stories/story_reconciliation_ui07_test.dart: explicit reload reconciles target and preserves every unrelated dirty draft
03:14 +318: /Users/karim/Project/pokemonProject/apps/avelune_studio/test/stories/story_reconciliation_ui07_test.dart: explicit reload reconciles target and preserves every unrelated dirty draft
03:14 +319: /Users/karim/Project/pokemonProject/apps/avelune_studio/test/stories/story_reconciliation_ui07_test.dart: explicit reload reconciles target and preserves every unrelated dirty draft
03:14 +320: /Users/karim/Project/pokemonProject/apps/avelune_studio/test/stories/story_reconciliation_ui07_test.dart: explicit reload reconciles target and preserves every unrelated dirty draft
03:14 +321: /Users/karim/Project/pokemonProject/apps/avelune_studio/test/stories/story_reconciliation_ui07_test.dart: explicit reload reconciles target and preserves every unrelated dirty draft
03:14 +322: /Users/karim/Project/pokemonProject/apps/avelune_studio/test/stories/story_reconciliation_ui07_test.dart: explicit reload reconciles target and preserves every unrelated dirty draft
03:15 +323: /Users/karim/Project/pokemonProject/apps/avelune_studio/test/stories/story_reconciliation_ui07_test.dart: reload cannot discard changes newer than the confirmed snapshot
03:15 +324: /Users/karim/Project/pokemonProject/apps/avelune_studio/test/stories/story_reconciliation_ui07_test.dart: multi-owner deletion publishes consumers before referenced stories
03:15 +325: /Users/karim/Project/pokemonProject/apps/avelune_studio/test/architecture/architecture_boundaries_test.dart: application et domaine restent purs dans leur graphe transitif
03:15 +326: /Users/karim/Project/pokemonProject/apps/avelune_studio/test/architecture/architecture_boundaries_test.dart: presentation sans acces aux adaptateurs ou au filesystem
03:16 +327: /Users/karim/Project/pokemonProject/apps/avelune_studio/test/architecture/architecture_boundaries_test.dart: theme et widgets partages independants des features et de la DI
03:16 +328: /Users/karim/Project/pokemonProject/apps/avelune_studio/test/architecture/architecture_boundaries_test.dart: presentation centralisee et barrel DI limite aux exports
03:16 +329: /Users/karim/Project/pokemonProject/apps/avelune_studio/test/architecture/architecture_boundaries_test.dart: aucun import prive inter-package dans les sources Studio
03:16 +330: /Users/karim/Project/pokemonProject/apps/avelune_studio/test/architecture/architecture_boundaries_test.dart: aucune dependance vers ancien editeur
03:17 +331: /Users/karim/Project/pokemonProject/apps/avelune_studio/test/dialogues_ui09_nested_navigation_test.dart: nested events → scene → dialogue returns to exact owner
03:17 +332: /Users/karim/Project/pokemonProject/apps/avelune_studio/test/dialogues_ui09_nested_navigation_test.dart: nested events → scene → dialogue returns to exact owner
03:18 +333: /Users/karim/Project/pokemonProject/apps/avelune_studio/test/dialogues_ui09_nested_navigation_test.dart: nested events → scene → dialogue returns to exact owner
03:18 +334: /Users/karim/Project/pokemonProject/apps/avelune_studio/test/dialogues_ui09_nested_navigation_test.dart: nested events → scene → dialogue returns to exact owner
03:19 +335: /Users/karim/Project/pokemonProject/apps/avelune_studio/test/dialogues_ui09_nested_navigation_test.dart: nested events → scene → dialogue returns to exact owner
03:19 +336: /Users/karim/Project/pokemonProject/apps/avelune_studio/test/dialogues_ui09_nested_navigation_test.dart: nested events → scene → dialogue returns to exact owner
03:19 +337: /Users/karim/Project/pokemonProject/apps/avelune_studio/test/dialogues_ui09_nested_navigation_test.dart: nested events → scene → dialogue returns to exact owner
03:19 +338: /Users/karim/Project/pokemonProject/apps/avelune_studio/test/dialogues_ui09_nested_navigation_test.dart: nested events → scene → dialogue returns to exact owner
03:21 +339: /Users/karim/Project/pokemonProject/apps/avelune_studio/test/dialogues_ui09_nested_navigation_test.dart: nested events → scene → dialogue returns to exact owner
03:21 +340: /Users/karim/Project/pokemonProject/apps/avelune_studio/test/dialogues_ui09_nested_navigation_test.dart: nested events → scene → dialogue returns to exact owner
03:21 +341: /Users/karim/Project/pokemonProject/apps/avelune_studio/test/dialogues_ui09_nested_navigation_test.dart: nested events → scene → dialogue returns to exact owner
03:23 +342: /Users/karim/Project/pokemonProject/apps/avelune_studio/test/dialogues_ui09_nested_navigation_test.dart: nested events → scene → dialogue returns to exact owner
03:23 +343: /Users/karim/Project/pokemonProject/apps/avelune_studio/test/dialogues_ui09_nested_navigation_test.dart: nested events → scene → dialogue returns to exact owner
03:23 +344: /Users/karim/Project/pokemonProject/apps/avelune_studio/test/dialogues_ui09_nested_navigation_test.dart: nested stories → scene → dialogue returns to exact owner
03:24 +345: /Users/karim/Project/pokemonProject/apps/avelune_studio/test/dialogues_ui09_nested_navigation_test.dart: nested stories → scene → dialogue returns to exact owner
03:24 +346: /Users/karim/Project/pokemonProject/apps/avelune_studio/test/dialogues_ui09_nested_navigation_test.dart: nested stories → scene → dialogue returns to exact owner
03:24 +347: /Users/karim/Project/pokemonProject/apps/avelune_studio/test/dialogues_ui09_nested_navigation_test.dart: nested stories → scene → dialogue returns to exact owner
03:25 +348: /Users/karim/Project/pokemonProject/apps/avelune_studio/test/dialogues_ui09_nested_navigation_test.dart: nested stories → scene → dialogue returns to exact owner
03:25 +349: /Users/karim/Project/pokemonProject/apps/avelune_studio/test/dialogues_ui09_nested_navigation_test.dart: nested stories → scene → dialogue returns to exact owner
03:25 +350: /Users/karim/Project/pokemonProject/apps/avelune_studio/test/dialogues_ui09_nested_navigation_test.dart: nested stories → scene → dialogue returns to exact owner
03:25 +351: /Users/karim/Project/pokemonProject/apps/avelune_studio/test/dialogues_ui09_nested_navigation_test.dart: nested stories → scene → dialogue returns to exact owner
03:25 +352: /Users/karim/Project/pokemonProject/apps/avelune_studio/test/dialogues_ui09_nested_navigation_test.dart: nested stories → scene → dialogue returns to exact owner
03:27 +353: /Users/karim/Project/pokemonProject/apps/avelune_studio/test/dialogues_ui09_nested_navigation_test.dart: nested stories → scene → dialogue returns to exact owner
03:28 +354: /Users/karim/Project/pokemonProject/apps/avelune_studio/test/resource_io/terrain_navigation_ui04_test.dart: same image creates distinct drafts and reopening retains canonical identity
03:30 +355: /Users/karim/Project/pokemonProject/apps/avelune_studio/test/resource_io/terrain_resource_io_test.dart: draft, publish, paint, erase, save and fresh reopen use canonical resources
03:30 +356: /Users/karim/Project/pokemonProject/apps/avelune_studio/test/resource_io/terrain_navigation_ui04_test.dart: publication without maps selects library and never pretends to paint
03:31 +357: /Users/karim/Project/pokemonProject/apps/avelune_studio/test/resource_io/local_resource_adapter_test.dart: cancel before validation publishes no file or resource
03:31 +358: /Users/karim/Project/pokemonProject/apps/avelune_studio/test/resource_io/local_resource_adapter_test.dart: cancel before validation publishes no file or resource
03:31 +359: /Users/karim/Project/pokemonProject/apps/avelune_studio/test/resource_io/local_resource_adapter_test.dart: cancel before validation publishes no file or resource
03:31 +360: /Users/karim/Project/pokemonProject/apps/avelune_studio/test/resource_io/local_resource_adapter_test.dart: cancel before validation publishes no file or resource
03:31 +361: /Users/karim/Project/pokemonProject/apps/avelune_studio/test/resource_io/local_resource_adapter_test.dart: cancel before validation publishes no file or resource
03:31 +362: /Users/karim/Project/pokemonProject/apps/avelune_studio/test/resource_io/local_resource_adapter_test.dart: PNG imports atomically into durable catalogue with non-square grid
03:31 +363: /Users/karim/Project/pokemonProject/apps/avelune_studio/test/resource_io/local_resource_adapter_test.dart: dirty map survives import and saves against accepted receipt
03:31 +364: /Users/karim/Project/pokemonProject/apps/avelune_studio/test/resource_io/local_resource_adapter_test.dart: first decor category and definition commit together; variant preserves original
03:32 +365: /Users/karim/Project/pokemonProject/apps/avelune_studio/test/ui13_verification_identity_test.dart: two entities sharing an identifier stay two documents
03:32 +366: /Users/karim/Project/pokemonProject/apps/avelune_studio/test/ui13_verification_identity_test.dart: two entities sharing an identifier stay two documents
03:32 +367: /Users/karim/Project/pokemonProject/apps/avelune_studio/test/ui13_verification_identity_test.dart: two entities sharing an identifier stay two documents
03:32 +368: /Users/karim/Project/pokemonProject/apps/avelune_studio/test/ui13_verification_identity_test.dart: two entities sharing an identifier stay two documents
03:32 +369: /Users/karim/Project/pokemonProject/apps/avelune_studio/test/ui13_verification_identity_test.dart: two entities sharing an identifier stay two documents
03:32 +370: /Users/karim/Project/pokemonProject/apps/avelune_studio/test/ui13_verification_identity_test.dart: two entities sharing an identifier stay two documents
03:32 +371: /Users/karim/Project/pokemonProject/apps/avelune_studio/test/ui13_verification_identity_test.dart: an identifier answered by several documents is not guessed
03:32 +372: /Users/karim/Project/pokemonProject/apps/avelune_studio/test/ui13_verification_identity_test.dart: a fact never resolves to an entity of the same name
03:33 +373: /Users/karim/Project/pokemonProject/apps/avelune_studio/test/ui13_verification_identity_test.dart: every identity carries its kind, scope and parent
03:33 +374: /Users/karim/Project/pokemonProject/apps/avelune_studio/test/ui13_verification_identity_test.dart: a real diagnostic still finds its own document
03:33 +375: /Users/karim/Project/pokemonProject/apps/avelune_studio/test/cinematics_ui10_parity_viewport_test.dart: preview camera zoom shake fade uses playback transform and Stop restores author view
03:40 +376: /Users/karim/Project/pokemonProject/apps/avelune_studio/test/cinematics_ui10_nested_navigation_test.dart: UI10 nested events → scene → cinematic → dialogue returns to dirty owners
03:41 +377: /Users/karim/Project/pokemonProject/apps/avelune_studio/test/cinematics_ui10_nested_navigation_test.dart: UI10 nested events → scene → cinematic → dialogue returns to dirty owners
03:41 +378: /Users/karim/Project/pokemonProject/apps/avelune_studio/test/cinematics_ui10_nested_navigation_test.dart: UI10 nested events → scene → cinematic → dialogue returns to dirty owners
03:42 +379: /Users/karim/Project/pokemonProject/apps/avelune_studio/test/cinematics_ui10_nested_navigation_test.dart: UI10 nested events → scene → cinematic → dialogue returns to dirty owners
03:42 +380: /Users/karim/Project/pokemonProject/apps/avelune_studio/test/cinematics_ui10_nested_navigation_test.dart: UI10 nested events → scene → cinematic → dialogue returns to dirty owners
03:42 +381: /Users/karim/Project/pokemonProject/apps/avelune_studio/test/cinematics_ui10_nested_navigation_test.dart: UI10 nested events → scene → cinematic → dialogue returns to dirty owners
03:44 +382: /Users/karim/Project/pokemonProject/apps/avelune_studio/test/ui11_fixture_test.dart: UI11 isolated presentation fixture publishes real image and text
03:45 +383: /Users/karim/Project/pokemonProject/apps/avelune_studio/test/cinematics_ui10_nested_navigation_test.dart: UI10 nested stories → scene → cinematic → dialogue returns to dirty owners
03:47 +384: /Users/karim/Project/pokemonProject/apps/avelune_studio/test/cinematics_ui10_nested_navigation_test.dart: UI10 nested stories → scene → cinematic → dialogue returns to dirty owners
03:47 +385: /Users/karim/Project/pokemonProject/apps/avelune_studio/test/cinematics_ui10_nested_navigation_test.dart: UI10 nested stories → scene → cinematic → dialogue returns to dirty owners
03:50 +386: /Users/karim/Project/pokemonProject/apps/avelune_studio/test/cinematics_ui10_nested_navigation_test.dart: UI10 nested stories → scene → cinematic → dialogue returns to dirty owners
03:51 +387: /Users/karim/Project/pokemonProject/apps/avelune_studio/test/ui12_world_responsive_test.dart: UI12 stays usable at 1440
03:52 +388: /Users/karim/Project/pokemonProject/apps/avelune_studio/test/ui12_world_responsive_test.dart: UI12 stays usable at 1280
03:52 +389: /Users/karim/Project/pokemonProject/apps/avelune_studio/test/ui12_world_responsive_test.dart: UI12 stays usable at 1280
03:53 +390: /Users/karim/Project/pokemonProject/apps/avelune_studio/test/ui12_world_responsive_test.dart: UI12 stays usable at 1024
03:54 +391: /Users/karim/Project/pokemonProject/apps/avelune_studio/test/events_ui09_dialogue_fixture_test.dart: UI09 fixture opens editable canonical conversation, portrait and dirty consumer
03:55 +392: /Users/karim/Project/pokemonProject/apps/avelune_studio/test/events_ui08_legacy_consultation_test.dart: canonical historical projections preserve pages, scenario and registry
03:55 +393: /Users/karim/Project/pokemonProject/apps/avelune_studio/test/events_ui08_legacy_consultation_test.dart: historical library opens read-only detail without modern selection
03:56 +394: /Users/karim/Project/pokemonProject/apps/avelune_studio/test/ui11_presentation_library_test.dart: UI11 library visual ordering archives and restores the real asset
03:56 +395: /Users/karim/Project/pokemonProject/apps/avelune_studio/test/ui11_presentation_library_test.dart: UI11 library visual ordering archives and restores the real asset
03:58 +396: /Users/karim/Project/pokemonProject/apps/avelune_studio/test/ui11_presentation_library_test.dart: UI11 library visual ordering archives and restores the real asset
03:58 +397: /Users/karim/Project/pokemonProject/apps/avelune_studio/test/ui11_presentation_library_test.dart: UI11 library visual ordering archives and restores the real asset
03:58 +398: /Users/karim/Project/pokemonProject/apps/avelune_studio/test/ui11_presentation_library_test.dart: UI11 library visual ordering archives and restores the real asset
03:58 +399: /Users/karim/Project/pokemonProject/apps/avelune_studio/test/ui11_presentation_library_test.dart: UI11 library visual ordering archives and restores the real asset
03:58 +400: /Users/karim/Project/pokemonProject/apps/avelune_studio/test/ui11_presentation_library_test.dart: UI11 library visual ordering archives and restores the real asset
03:59 +401: /Users/karim/Project/pokemonProject/apps/avelune_studio/test/ui11_presentation_library_test.dart: UI11 library visual ordering archives and restores the real asset
03:59 +402: /Users/karim/Project/pokemonProject/apps/avelune_studio/test/ui11_presentation_library_test.dart: UI11 library visual ordering archives and restores the real asset
03:59 +403: /Users/karim/Project/pokemonProject/apps/avelune_studio/test/ui11_presentation_library_test.dart: UI11 library visual ordering archives and restores the real asset
03:59 +404: /Users/karim/Project/pokemonProject/apps/avelune_studio/test/ui11_presentation_library_test.dart: UI11 library visual ordering archives and restores the real asset
04:04 +405: /Users/karim/Project/pokemonProject/apps/avelune_studio/test/ui12_workspace_return_test.dart: a detour through a second consumer still returns to scene A
04:08 +406: /Users/karim/Project/pokemonProject/apps/avelune_studio/test/cinematics_ui10_renderer_test.dart: UI10 real map paints inside a new RepaintBoundary with unbounded recording clip
04:08 +407: /Users/karim/Project/pokemonProject/apps/avelune_studio/test/cinematics_ui10_renderer_test.dart: UI10 canonical actor renderer selects walk frames at absolute time and rewinds exactly
04:09 +408: /Users/karim/Project/pokemonProject/apps/avelune_studio/test/cinematics_ui10_renderer_test.dart: UI10 canonical actor renderer selects walk frames at absolute time and rewinds exactly
04:10 +409: /Users/karim/Project/pokemonProject/apps/avelune_studio/test/story_graph_canvas_test.dart: first declared outcome connects without a fabricated effect
04:10 +410: /Users/karim/Project/pokemonProject/apps/avelune_studio/test/story_graph_canvas_test.dart: outcome pointer uses exact second step after pan and zoom
04:10 +411: /Users/karim/Project/pokemonProject/apps/avelune_studio/test/story_graph_canvas_test.dart: fact pointer chooses exact completion slot and false value
04:10 +412: /Users/karim/Project/pokemonProject/apps/avelune_studio/test/story_graph_canvas_test.dart: secondary relationship keeps canonical owner outside displayed story
04:10 +413: /Users/karim/Project/pokemonProject/apps/avelune_studio/test/story_graph_canvas_test.dart: pointer cancellation and empty drop have zero mutations
04:10 +414: /Users/karim/Project/pokemonProject/apps/avelune_studio/test/application/m1_editing_test.dart: selection and inspection never create dirty state or history
04:10 +415: /Users/karim/Project/pokemonProject/apps/avelune_studio/test/story_graph_canvas_test.dart: group drag and view undo preserve canonical order and document
04:10 +416: /Users/karim/Project/pokemonProject/apps/avelune_studio/test/story_graph_canvas_test.dart: group drag and view undo preserve canonical order and document
04:10 +417: /Users/karim/Project/pokemonProject/apps/avelune_studio/test/story_graph_canvas_test.dart: group drag and view undo preserve canonical order and document
04:10 +418: /Users/karim/Project/pokemonProject/apps/avelune_studio/test/story_graph_canvas_test.dart: group drag and view undo preserve canonical order and document
04:10 +419: /Users/karim/Project/pokemonProject/apps/avelune_studio/test/story_graph_canvas_test.dart: group drag and view undo preserve canonical order and document
04:10 +420: /Users/karim/Project/pokemonProject/apps/avelune_studio/test/story_graph_canvas_test.dart: group drag and view undo preserve canonical order and document
04:10 +421: /Users/karim/Project/pokemonProject/apps/avelune_studio/test/story_graph_canvas_test.dart: group drag and view undo preserve canonical order and document
04:11 +422: /Users/karim/Project/pokemonProject/apps/avelune_studio/test/story_graph_canvas_test.dart: trackpad over chapter and text shortcuts never mutate story
04:11 +423: /Users/karim/Project/pokemonProject/apps/avelune_studio/test/story_graph_canvas_test.dart: curve hit testing resolves semantic edge away from its label
04:11 +424: /Users/karim/Project/pokemonProject/apps/avelune_studio/test/application/project_session_controller_test.dart: starts idle without reading a project
04:11 +425: /Users/karim/Project/pokemonProject/apps/avelune_studio/test/application/project_session_controller_test.dart: opens the requested project and propagates its actual identity
04:11 +426: /Users/karim/Project/pokemonProject/apps/avelune_studio/test/application/project_session_controller_test.dart: closes its current session exactly once and resets state
04:11 +427: /Users/karim/Project/pokemonProject/apps/avelune_studio/test/application/project_session_controller_test.dart: exposes ProjectOpenProblem.invalidPath and allows an explicit retry
04:11 +428: /Users/karim/Project/pokemonProject/apps/avelune_studio/test/application/project_session_controller_test.dart: exposes ProjectOpenProblem.pathNotPreserved and allows an explicit retry
04:11 +429: /Users/karim/Project/pokemonProject/apps/avelune_studio/test/application/project_session_controller_test.dart: exposes ProjectOpenProblem.directoryUnavailable and allows an explicit retry
04:11 +430: /Users/karim/Project/pokemonProject/apps/avelune_studio/test/application/project_session_controller_test.dart: exposes ProjectOpenProblem.manifestMissing and allows an explicit retry
04:11 +431: /Users/karim/Project/pokemonProject/apps/avelune_studio/test/application/project_session_controller_test.dart: exposes ProjectOpenProblem.manifestInvalid and allows an explicit retry
04:11 +432: /Users/karim/Project/pokemonProject/apps/avelune_studio/test/application/project_session_controller_test.dart: exposes ProjectOpenProblem.accessDenied and allows an explicit retry
04:11 +433: /Users/karim/Project/pokemonProject/apps/avelune_studio/test/application/project_session_controller_test.dart: exposes ProjectOpenProblem.readFailed and allows an explicit retry
04:11 +434: /Users/karim/Project/pokemonProject/apps/avelune_studio/test/application/project_session_controller_test.dart: maps an unexpected read error to an explicit failure
04:11 +435: /Users/karim/Project/pokemonProject/apps/avelune_studio/test/application/project_session_controller_test.dart: removing a listener stops future notifications
04:11 +436: /Users/karim/Project/pokemonProject/apps/avelune_studio/test/application/project_session_controller_test.dart: reading the projection never reopens the loaded project
04:11 +437: /Users/karim/Project/pokemonProject/apps/avelune_studio/test/application/project_session_controller_test.dart: dispose releases the active session and rejects future opens
04:12 +438: /Users/karim/Project/pokemonProject/apps/avelune_studio/test/application/m1_controller_test.dart: warm map activation keeps edits and loads project and maps only once
04:12 +439: /Users/karim/Project/pokemonProject/apps/avelune_studio/test/application/m1_controller_test.dart: late activation cannot replace the latest choice
04:12 +440: /Users/karim/Project/pokemonProject/apps/avelune_studio/test/application/m1_controller_test.dart: simultaneous requests for one map share the same load
04:12 +441: /Users/karim/Project/pokemonProject/apps/avelune_studio/test/application/m1_controller_test.dart: obsolete load failure does not replace current success
04:12 +442: /Users/karim/Project/pokemonProject/apps/avelune_studio/test/application/m1_controller_test.dart: disposed project initialization cannot trigger a map load
04:12 +443: /Users/karim/Project/pokemonProject/apps/avelune_studio/test/application/m1_controller_test.dart: disposed map completion cannot publish or retain a document
04:12 +444: /Users/karim/Project/pokemonProject/apps/avelune_studio/test/application/m1_controller_test.dart: save uses its snapshot and retains edits made during the write
04:12 +445: /Users/karim/Project/pokemonProject/apps/avelune_studio/test/application/m1_controller_test.dart: conflict keeps current, base revision and dirty for retry
04:12 +446: /Users/karim/Project/pokemonProject/apps/avelune_studio/test/application/m1_controller_test.dart: writeFailed keeps current, base revision and dirty for retry
04:12 +447: /Users/karim/Project/pokemonProject/apps/avelune_studio/test/application/m1_controller_test.dart: saveAll refuses closing if a document changed during save
04:12 +448: /Users/karim/Project/pokemonProject/apps/avelune_studio/test/application/m1_controller_test.dart: saveAll stops on failure and leaves every later document dirty
04:12 +449: /Users/karim/Project/pokemonProject/apps/avelune_studio/test/application/m1_controller_test.dart: disposed save completion cannot accept a new baseline
04:12 +450: /Users/karim/Project/pokemonProject/apps/avelune_studio/test/application/m1_controller_test.dart: a disposed empty controller cannot authorize saveAll close
04:12 +451: /Users/karim/Project/pokemonProject/apps/avelune_studio/test/application/m1_controller_test.dart: failed navigation preserves the previous dirty document
04:12 +452: /Users/karim/Project/pokemonProject/apps/avelune_studio/test/application/m1_controller_test.dart: saveAll succeeds only after all dirty documents finish sequentially
04:12 +453: /Users/karim/Project/pokemonProject/apps/avelune_studio/test/application/decor_draft_test.dart: decor conversion permits matching non-square grid and precisely rejects unsupported geometry
04:12 +454: /Users/karim/Project/pokemonProject/apps/avelune_studio/test/application/decor_draft_test.dart: variant creates independent identity and preserves animation, categories and advanced collision data
04:12 +455: /Users/karim/Project/pokemonProject/apps/avelune_studio/test/application/decor_draft_test.dart: new rectangle decor blocks selected cells and rejects blank name
04:13 +456: /Users/karim/Project/pokemonProject/apps/avelune_studio/test/application/project_session_races_test.dart: late A is released without replacing or closing ready B
04:13 +457: /Users/karim/Project/pokemonProject/apps/avelune_studio/test/application/project_session_races_test.dart: late A failure leaves ready B unchanged
04:13 +458: /Users/karim/Project/pokemonProject/apps/avelune_studio/test/application/project_session_races_test.dart: close during a read releases its late success and stays idle
04:13 +459: /Users/karim/Project/pokemonProject/apps/avelune_studio/test/application/project_session_races_test.dart: close during a read ignores its late failure
04:13 +460: /Users/karim/Project/pokemonProject/apps/avelune_studio/test/application/project_session_races_test.dart: dispose rejects late success without notifying detached views
04:13 +461: /Users/karim/Project/pokemonProject/apps/avelune_studio/test/application/project_session_races_test.dart: opening B retains A and a failed replacement leaves A available
04:13 +462: /Users/karim/Project/pokemonProject/apps/avelune_studio/test/application/project_session_races_test.dart: close while replacing releases previous and late candidate once each
04:13 +463: /Users/karim/Project/pokemonProject/apps/avelune_studio/test/application/project_session_races_test.dart: successful replacement publishes B before releasing A
04:13 +464: /Users/karim/Project/pokemonProject/apps/avelune_studio/test/application/project_session_races_test.dart: cancel keeps A ready and closes late B
04:13 +465: /Users/karim/Project/pokemonProject/apps/avelune_studio/test/application/project_session_races_test.dart: cancel without previous project stays idle after late failure
04:13 +466: /Users/karim/Project/pokemonProject/apps/avelune_studio/test/application/project_session_races_test.dart: dispose while replacing releases previous and late candidate
04:13 +467: /Users/karim/Project/pokemonProject/apps/avelune_studio/test/application/project_session_races_test.dart: latest replacement failure retains A despite older success
04:13 +468: /Users/karim/Project/pokemonProject/apps/avelune_studio/test/terrain_runtime_test.dart: new imported and published terrain renders its pixels in real runtime and walks
[runtime_loader] bundle load start projectFilePath=/private/var/folders/b5/7gsfwzyd449_54n8l40h40gc0000gn/T/studio_terrain_runtime_xnJmtL/project.json mapId=jardin
[runtime_loader] project manifest lookup path=/private/var/folders/b5/7gsfwzyd449_54n8l40h40gc0000gn/T/studio_terrain_runtime_xnJmtL/project.json
[runtime_loader] project manifest read ok bytes=43142
[runtime_loader] project manifest validated maps=2 tilesets=2 scenarios=0
[runtime_loader] bundle map resolved mapId=jardin relativePath=maps/jardin.json mapPath=/private/var/folders/b5/7gsfwzyd449_54n8l40h40gc0000gn/T/studio_terrain_runtime_xnJmtL/maps/jardin.json
[runtime_loader] map file lookup path=/private/var/folders/b5/7gsfwzyd449_54n8l40h40gc0000gn/T/studio_terrain_runtime_xnJmtL/maps/jardin.json
[runtime_loader] map file read ok bytes=22682
[runtime_loader] map validated id=jardin size=24x16 layers=4 entities=1 placedElements=3 warps=0 triggers=0
[runtime_loader] bundle tilesets collected ids=atelier,source_1790183891950864_4063237915
[runtime_loader] bundle tileset path id=atelier path=/private/var/folders/b5/7gsfwzyd449_54n8l40h40gc0000gn/T/studio_terrain_runtime_xnJmtL/assets/atelier.png
[runtime_loader] bundle tileset path id=source_1790183891950864_4063237915 path=/private/var/folders/b5/7gsfwzyd449_54n8l40h40gc0000gn/T/studio_terrain_runtime_xnJmtL/assets/.pokemap-store/9417e071d7b249ab91d1e45db390e4a3b5b332ee420f1ae0f5acd110df673697.blob
[runtime_loader] bundle load ok mapId=jardin projectRoot=/private/var/folders/b5/7gsfwzyd449_54n8l40h40gc0000gn/T/studio_terrain_runtime_xnJmtL tilesets=2
[runtime_game] tileset image load start map=jardin
[runtime_game] tileset cache resolve requested=2
[runtime_game] tileset cache resolve ok result=2
[runtime_game] onLoad start map=jardin projectFilePath=/private/var/folders/b5/7gsfwzyd449_54n8l40h40gc0000gn/T/studio_terrain_runtime_xnJmtL/project.json tilesets=2
[runtime_game] world build start map=jardin
[runtime] Map loaded: jardin, spawn at (8, 9)
[runtime_game] tileset image load ok count=2 map=jardin
[runtime_game] mount root map start map=jardin
[runtime_game] mount root map ok map=jardin
[runtime_game] onLoad completed activeMapId=jardin
[event_v2] mapEnter activation=mapact_1790183894077778_1 map=jardin reason=initialBoot result=MapEnterProductionDispatchLegacyFallback
04:16 +469: /Users/karim/Project/pokemonProject/apps/avelune_studio/test/cinematics_ui10_runtime_test.dart: UI10 real Flame cinematic animates before Scene continuation and restores authoring bytes
[runtime_loader] bundle load start projectFilePath=/private/var/folders/b5/7gsfwzyd449_54n8l40h40gc0000gn/T/avelune_ui06_TkiD2E/project.json mapId=jardin
[runtime_loader] project manifest lookup path=/private/var/folders/b5/7gsfwzyd449_54n8l40h40gc0000gn/T/avelune_ui06_TkiD2E/project.json
[runtime_loader] project manifest read ok bytes=33949
[runtime_loader] project manifest validated maps=2 tilesets=4 scenarios=1
[runtime_loader] bundle map resolved mapId=jardin relativePath=maps/jardin.json mapPath=/private/var/folders/b5/7gsfwzyd449_54n8l40h40gc0000gn/T/avelune_ui06_TkiD2E/maps/jardin.json
[runtime_loader] map file lookup path=/private/var/folders/b5/7gsfwzyd449_54n8l40h40gc0000gn/T/avelune_ui06_TkiD2E/maps/jardin.json
[runtime_loader] map file read ok bytes=18711
[runtime_loader] map validated id=jardin size=24x16 layers=2 entities=3 placedElements=6 warps=0 triggers=1
[runtime_loader] bundle tilesets collected ids=grass,path,actor,forest
[runtime_loader] bundle tileset path id=grass path=/private/var/folders/b5/7gsfwzyd449_54n8l40h40gc0000gn/T/avelune_ui06_TkiD2E/assets/ui10_grass.png
[runtime_loader] bundle tileset path id=path path=/private/var/folders/b5/7gsfwzyd449_54n8l40h40gc0000gn/T/avelune_ui06_TkiD2E/assets/ui10_path.png
[runtime_loader] bundle tileset path id=actor path=/private/var/folders/b5/7gsfwzyd449_54n8l40h40gc0000gn/T/avelune_ui06_TkiD2E/assets/ui10_actor.png
[runtime_loader] bundle tileset path id=forest path=/private/var/folders/b5/7gsfwzyd449_54n8l40h40gc0000gn/T/avelune_ui06_TkiD2E/assets/ui10_forest.png
[runtime_loader] bundle load ok mapId=jardin projectRoot=/private/var/folders/b5/7gsfwzyd449_54n8l40h40gc0000gn/T/avelune_ui06_TkiD2E tilesets=4
[runtime_game] tileset image load start map=jardin
[runtime_game] tileset cache resolve requested=4
[runtime_game] tileset cache resolve ok result=4
[runtime_game] onLoad start map=jardin projectFilePath=/private/var/folders/b5/7gsfwzyd449_54n8l40h40gc0000gn/T/avelune_ui06_TkiD2E/project.json tilesets=4
[runtime_game] world build start map=jardin
[runtime] Map loaded: jardin, spawn at (8, 9)
[runtime_game] tileset image load ok count=4 map=jardin
[runtime_game] mount root map start map=jardin
[step_studio_trace] npc_mount_added map=jardin entity=chief
[step_studio_trace] npc_mount_added map=jardin entity=traveller
[step_studio_trace] npc_presence_applied map=jardin entity=chief present=true
[step_studio_trace] npc_presence_applied map=jardin entity=traveller present=true
[runtime_game] mount root map ok map=jardin
[npc_patrol] read movement entity=chief pos=(13,7) size=1x1 mode=idle waypoints= loop=true pauseMs=0 stepMs=200
[npc_patrol] read movement entity=traveller pos=(10,9) size=1x1 mode=idle waypoints= loop=true pauseMs=0 stepMs=200
[runtime_game] onLoad completed activeMapId=jardin
[runtime_loader] bundle load start projectFilePath=/private/var/folders/b5/7gsfwzyd449_54n8l40h40gc0000gn/T/avelune_ui06_TkiD2E/project.json mapId=clairiere
[runtime_loader] project manifest lookup path=/private/var/folders/b5/7gsfwzyd449_54n8l40h40gc0000gn/T/avelune_ui06_TkiD2E/project.json
[runtime_loader] project manifest read ok bytes=33949
[runtime_loader] project manifest validated maps=2 tilesets=4 scenarios=1
[runtime_loader] bundle map resolved mapId=clairiere relativePath=maps/clairiere.json mapPath=/private/var/folders/b5/7gsfwzyd449_54n8l40h40gc0000gn/T/avelune_ui06_TkiD2E/maps/clairiere.json
[runtime_loader] map file lookup path=/private/var/folders/b5/7gsfwzyd449_54n8l40h40gc0000gn/T/avelune_ui06_TkiD2E/maps/clairiere.json
[runtime_loader] map file read ok bytes=16729
[runtime_loader] map validated id=clairiere size=24x16 layers=2 entities=1 placedElements=6 warps=0 triggers=0
[runtime_loader] bundle tilesets collected ids=grass,path,actor,forest
[runtime_loader] bundle tileset path id=grass path=/private/var/folders/b5/7gsfwzyd449_54n8l40h40gc0000gn/T/avelune_ui06_TkiD2E/assets/ui10_grass.png
[runtime_loader] bundle tileset path id=path path=/private/var/folders/b5/7gsfwzyd449_54n8l40h40gc0000gn/T/avelune_ui06_TkiD2E/assets/ui10_path.png
[runtime_loader] bundle tileset path id=actor path=/private/var/folders/b5/7gsfwzyd449_54n8l40h40gc0000gn/T/avelune_ui06_TkiD2E/assets/ui10_actor.png
[runtime_loader] bundle tileset path id=forest path=/private/var/folders/b5/7gsfwzyd449_54n8l40h40gc0000gn/T/avelune_ui06_TkiD2E/assets/ui10_forest.png
[runtime_loader] bundle load ok mapId=clairiere projectRoot=/private/var/folders/b5/7gsfwzyd449_54n8l40h40gc0000gn/T/avelune_ui06_TkiD2E tilesets=4
[step_studio_trace] npc_presence_applied map=jardin entity=chief present=true
[step_studio_trace] npc_presence_applied map=jardin entity=traveller present=true
[npc_patrol] read movement entity=chief pos=(13,7) size=1x1 mode=idle waypoints= loop=true pauseMs=0 stepMs=200
[npc_patrol] read movement entity=traveller pos=(10,9) size=1x1 mode=idle waypoints= loop=true pauseMs=0 stepMs=200
[step_studio_trace] npc_presence_applied map=jardin entity=chief present=true
[step_studio_trace] npc_presence_applied map=jardin entity=traveller present=true
[npc_patrol] read movement entity=chief pos=(13,7) size=1x1 mode=idle waypoints= loop=true pauseMs=0 stepMs=200
[npc_patrol] read movement entity=traveller pos=(10,9) size=1x1 mode=idle waypoints= loop=true pauseMs=0 stepMs=200
[event_v2] mapEnter activation=mapact_1790183895171727_1 map=jardin reason=initialBoot result=MapEnterProductionDispatchV2Handled
04:17 +470: /Users/karim/Project/pokemonProject/apps/avelune_studio/test/ui13_verification_scale_test.dart: UI13 stays usable at 1536
04:19 +470: /Users/karim/Project/pokemonProject/apps/avelune_studio/test/cinematics_ui10_runtime_test.dart: UI10 leaving real runtime cancels cinematic without continuation or event consumption
[runtime_loader] bundle load start projectFilePath=/private/var/folders/b5/7gsfwzyd449_54n8l40h40gc0000gn/T/avelune_ui06_1jblB9/project.json mapId=jardin
[runtime_loader] project manifest lookup path=/private/var/folders/b5/7gsfwzyd449_54n8l40h40gc0000gn/T/avelune_ui06_1jblB9/project.json
[runtime_loader] project manifest read ok bytes=33949
[runtime_loader] project manifest validated maps=2 tilesets=4 scenarios=1
[runtime_loader] bundle map resolved mapId=jardin relativePath=maps/jardin.json mapPath=/private/var/folders/b5/7gsfwzyd449_54n8l40h40gc0000gn/T/avelune_ui06_1jblB9/maps/jardin.json
[runtime_loader] map file lookup path=/private/var/folders/b5/7gsfwzyd449_54n8l40h40gc0000gn/T/avelune_ui06_1jblB9/maps/jardin.json
[runtime_loader] map file read ok bytes=18711
[runtime_loader] map validated id=jardin size=24x16 layers=2 entities=3 placedElements=6 warps=0 triggers=1
[runtime_loader] bundle tilesets collected ids=grass,path,actor,forest
[runtime_loader] bundle tileset path id=grass path=/private/var/folders/b5/7gsfwzyd449_54n8l40h40gc0000gn/T/avelune_ui06_1jblB9/assets/ui10_grass.png
[runtime_loader] bundle tileset path id=path path=/private/var/folders/b5/7gsfwzyd449_54n8l40h40gc0000gn/T/avelune_ui06_1jblB9/assets/ui10_path.png
[runtime_loader] bundle tileset path id=actor path=/private/var/folders/b5/7gsfwzyd449_54n8l40h40gc0000gn/T/avelune_ui06_1jblB9/assets/ui10_actor.png
[runtime_loader] bundle tileset path id=forest path=/private/var/folders/b5/7gsfwzyd449_54n8l40h40gc0000gn/T/avelune_ui06_1jblB9/assets/ui10_forest.png
[runtime_loader] bundle load ok mapId=jardin projectRoot=/private/var/folders/b5/7gsfwzyd449_54n8l40h40gc0000gn/T/avelune_ui06_1jblB9 tilesets=4
[runtime_game] tileset image load start map=jardin
[runtime_game] tileset cache resolve requested=4
[runtime_game] tileset cache resolve ok result=4
[runtime_game] onLoad start map=jardin projectFilePath=/private/var/folders/b5/7gsfwzyd449_54n8l40h40gc0000gn/T/avelune_ui06_1jblB9/project.json tilesets=4
[runtime_game] world build start map=jardin
[runtime] Map loaded: jardin, spawn at (8, 9)
[runtime_game] tileset image load ok count=4 map=jardin
[runtime_game] mount root map start map=jardin
[step_studio_trace] npc_mount_added map=jardin entity=chief
[step_studio_trace] npc_mount_added map=jardin entity=traveller
[step_studio_trace] npc_presence_applied map=jardin entity=chief present=true
[step_studio_trace] npc_presence_applied map=jardin entity=traveller present=true
[runtime_game] mount root map ok map=jardin
[npc_patrol] read movement entity=chief pos=(13,7) size=1x1 mode=idle waypoints= loop=true pauseMs=0 stepMs=200
[npc_patrol] read movement entity=traveller pos=(10,9) size=1x1 mode=idle waypoints= loop=true pauseMs=0 stepMs=200
[runtime_game] onLoad completed activeMapId=jardin
[runtime_loader] bundle load start projectFilePath=/private/var/folders/b5/7gsfwzyd449_54n8l40h40gc0000gn/T/avelune_ui06_1jblB9/project.json mapId=clairiere
[runtime_loader] project manifest lookup path=/private/var/folders/b5/7gsfwzyd449_54n8l40h40gc0000gn/T/avelune_ui06_1jblB9/project.json
[runtime_loader] project manifest read ok bytes=33949
04:19 +471: /Users/karim/Project/pokemonProject/apps/avelune_studio/test/cinematics_ui10_runtime_test.dart: UI10 leaving real runtime cancels cinematic without continuation or event consumption
[runtime_loader] project manifest validated maps=2 tilesets=4 scenarios=1
[runtime_loader] bundle map resolved mapId=clairiere relativePath=maps/clairiere.json mapPath=/private/var/folders/b5/7gsfwzyd449_54n8l40h40gc0000gn/T/avelune_ui06_1jblB9/maps/clairiere.json
[runtime_loader] map file lookup path=/private/var/folders/b5/7gsfwzyd449_54n8l40h40gc0000gn/T/avelune_ui06_1jblB9/maps/clairiere.json
[runtime_loader] map file read ok bytes=16729
[runtime_loader] map validated id=clairiere size=24x16 layers=2 entities=1 placedElements=6 warps=0 triggers=0
[runtime_loader] bundle tilesets collected ids=grass,path,actor,forest
[runtime_loader] bundle tileset path id=grass path=/private/var/folders/b5/7gsfwzyd449_54n8l40h40gc0000gn/T/avelune_ui06_1jblB9/assets/ui10_grass.png
[runtime_loader] bundle tileset path id=path path=/private/var/folders/b5/7gsfwzyd449_54n8l40h40gc0000gn/T/avelune_ui06_1jblB9/assets/ui10_path.png
[runtime_loader] bundle tileset path id=actor path=/private/var/folders/b5/7gsfwzyd449_54n8l40h40gc0000gn/T/avelune_ui06_1jblB9/assets/ui10_actor.png
[runtime_loader] bundle tileset path id=forest path=/private/var/folders/b5/7gsfwzyd449_54n8l40h40gc0000gn/T/avelune_ui06_1jblB9/assets/ui10_forest.png
[runtime_loader] bundle load ok mapId=clairiere projectRoot=/private/var/folders/b5/7gsfwzyd449_54n8l40h40gc0000gn/T/avelune_ui06_1jblB9 tilesets=4
[event_v2] mapEnter activation=mapact_1790183897278448_1 map=jardin reason=initialBoot result=MapEnterProductionDispatchFailed
[event_v2] mapEnter failure=Instance of 'NarrativeEventExecutionFailure'
04:19 +472: /Users/karim/Project/pokemonProject/apps/avelune_studio/test/ui13_verification_scale_test.dart: UI13 stays usable at 1440
04:20 +473: /Users/karim/Project/pokemonProject/apps/avelune_studio/test/ui13_verification_scale_test.dart: UI13 stays usable at 1280
04:20 +474: /Users/karim/Project/pokemonProject/apps/avelune_studio/test/dialogues_ui09_safety_test.dart: CmdS and CtrlS publish text while inspector keeps keyboard focus
04:22 +475: /Users/karim/Project/pokemonProject/apps/avelune_studio/test/dialogues_ui09_safety_test.dart: CmdS and CtrlS publish text while inspector keeps keyboard focus
04:23 +476: /Users/karim/Project/pokemonProject/apps/avelune_studio/test/dialogues_ui09_safety_test.dart: CmdS and CtrlS publish text while inspector keeps keyboard focus
04:26 +477: /Users/karim/Project/pokemonProject/apps/avelune_studio/test/cinematics_ui10_preview_runtime_parity_test.dart: preview matches real Flame actors camera shake fade at 16x16 reset=false
[runtime_loader] bundle load start projectFilePath=/private/var/folders/b5/7gsfwzyd449_54n8l40h40gc0000gn/T/avelune_ui06_maxs47/project.json mapId=jardin
[runtime_loader] project manifest lookup path=/private/var/folders/b5/7gsfwzyd449_54n8l40h40gc0000gn/T/avelune_ui06_maxs47/project.json
[runtime_loader] project manifest read ok bytes=17581
[runtime_loader] project manifest validated maps=2 tilesets=4 scenarios=1
[runtime_loader] bundle map resolved mapId=jardin relativePath=maps/jardin.json mapPath=/private/var/folders/b5/7gsfwzyd449_54n8l40h40gc0000gn/T/avelune_ui06_maxs47/maps/jardin.json
[runtime_loader] map file lookup path=/private/var/folders/b5/7gsfwzyd449_54n8l40h40gc0000gn/T/avelune_ui06_maxs47/maps/jardin.json
[runtime_loader] map file read ok bytes=17669
[runtime_loader] map validated id=jardin size=24x16 layers=2 entities=3 placedElements=3 warps=0 triggers=1
[runtime_loader] bundle tilesets collected ids=grass,path,actor,forest
[runtime_loader] bundle tileset path id=grass path=/private/var/folders/b5/7gsfwzyd449_54n8l40h40gc0000gn/T/avelune_ui06_maxs47/assets/ui10_grass.png
[runtime_loader] bundle tileset path id=path path=/private/var/folders/b5/7gsfwzyd449_54n8l40h40gc0000gn/T/avelune_ui06_maxs47/assets/ui10_path.png
[runtime_loader] bundle tileset path id=actor path=/private/var/folders/b5/7gsfwzyd449_54n8l40h40gc0000gn/T/avelune_ui06_maxs47/assets/ui10_actor.png
[runtime_loader] bundle tileset path id=forest path=/private/var/folders/b5/7gsfwzyd449_54n8l40h40gc0000gn/T/avelune_ui06_maxs47/assets/ui10_forest.png
[runtime_loader] bundle load ok mapId=jardin projectRoot=/private/var/folders/b5/7gsfwzyd449_54n8l40h40gc0000gn/T/avelune_ui06_maxs47 tilesets=4
[runtime_game] tileset image load start map=jardin
[runtime_game] tileset cache resolve requested=4
[runtime_game] tileset cache resolve ok result=4
[runtime_game] onLoad start map=jardin projectFilePath=/private/var/folders/b5/7gsfwzyd449_54n8l40h40gc0000gn/T/avelune_ui06_maxs47/project.json tilesets=4
[runtime_game] world build start map=jardin
[runtime] Map loaded: jardin, spawn at (8, 9)
[runtime_game] tileset image load ok count=4 map=jardin
[runtime_game] mount root map start map=jardin
[step_studio_trace] npc_mount_added map=jardin entity=chief
[step_studio_trace] npc_mount_added map=jardin entity=traveller
[step_studio_trace] npc_presence_applied map=jardin entity=chief present=true
[step_studio_trace] npc_presence_applied map=jardin entity=traveller present=true
[runtime_game] mount root map ok map=jardin
[npc_patrol] read movement entity=chief pos=(13,7) size=1x1 mode=idle waypoints= loop=true pauseMs=0 stepMs=200
[npc_patrol] read movement entity=traveller pos=(10,9) size=1x1 mode=idle waypoints= loop=true pauseMs=0 stepMs=200
[runtime_game] onLoad completed activeMapId=jardin
[runtime_loader] bundle load start projectFilePath=/private/var/folders/b5/7gsfwzyd449_54n8l40h40gc0000gn/T/avelune_ui06_maxs47/project.json mapId=clairiere
[runtime_loader] project manifest lookup path=/private/var/folders/b5/7gsfwzyd449_54n8l40h40gc0000gn/T/avelune_ui06_maxs47/project.json
[runtime_loader] project manifest read ok bytes=17581
[runtime_loader] project manifest validated maps=2 tilesets=4 scenarios=1
[runtime_loader] bundle map resolved mapId=clairiere relativePath=maps/clairiere.json mapPath=/private/var/folders/b5/7gsfwzyd449_54n8l40h40gc0000gn/T/avelune_ui06_maxs47/maps/clairiere.json
[runtime_loader] map file lookup path=/private/var/folders/b5/7gsfwzyd449_54n8l40h40gc0000gn/T/avelune_ui06_maxs47/maps/clairiere.json
[runtime_loader] map file read ok bytes=15687
[runtime_loader] map validated id=clairiere size=24x16 layers=2 entities=1 placedElements=3 warps=0 triggers=0
[runtime_loader] bundle tilesets collected ids=grass,path,actor,forest
[runtime_loader] bundle tileset path id=grass path=/private/var/folders/b5/7gsfwzyd449_54n8l40h40gc0000gn/T/avelune_ui06_maxs47/assets/ui10_grass.png
[runtime_loader] bundle tileset path id=path path=/private/var/folders/b5/7gsfwzyd449_54n8l40h40gc0000gn/T/avelune_ui06_maxs47/assets/ui10_path.png
[runtime_loader] bundle tileset path id=actor path=/private/var/folders/b5/7gsfwzyd449_54n8l40h40gc0000gn/T/avelune_ui06_maxs47/assets/ui10_actor.png
[runtime_loader] bundle tileset path id=forest path=/private/var/folders/b5/7gsfwzyd449_54n8l40h40gc0000gn/T/avelune_ui06_maxs47/assets/ui10_forest.png
[runtime_loader] bundle load ok mapId=clairiere projectRoot=/private/var/folders/b5/7gsfwzyd449_54n8l40h40gc0000gn/T/avelune_ui06_maxs47 tilesets=4
[step_studio_trace] npc_presence_applied map=jardin entity=chief present=true
[step_studio_trace] npc_presence_applied map=jardin entity=traveller present=true
[npc_patrol] read movement entity=chief pos=(13,7) size=1x1 mode=idle waypoints= loop=true pauseMs=0 stepMs=200
[npc_patrol] read movement entity=traveller pos=(10,9) size=1x1 mode=idle waypoints= loop=true pauseMs=0 stepMs=200
[step_studio_trace] npc_presence_applied map=jardin entity=chief present=true
[step_studio_trace] npc_presence_applied map=jardin entity=traveller present=true
[npc_patrol] read movement entity=chief pos=(13,7) size=1x1 mode=idle waypoints= loop=true pauseMs=0 stepMs=200
[npc_patrol] read movement entity=traveller pos=(10,9) size=1x1 mode=idle waypoints= loop=true pauseMs=0 stepMs=200
[event_v2] mapEnter activation=mapact_1790183905032844_1 map=jardin reason=initialBoot result=MapEnterProductionDispatchV2Handled
04:27 +478: /Users/karim/Project/pokemonProject/apps/avelune_studio/test/dialogues_ui09_safety_test.dart: invalid suite name on save stays visible without publishing
04:27 +479: /Users/karim/Project/pokemonProject/apps/avelune_studio/test/cinematics_ui10_preview_runtime_parity_test.dart: preview matches real Flame actors camera shake fade at 32x24 reset=false
[runtime_loader] bundle load start projectFilePath=/private/var/folders/b5/7gsfwzyd449_54n8l40h40gc0000gn/T/avelune_ui06_M5lzr6/project.json mapId=jardin
[runtime_loader] project manifest lookup path=/private/var/folders/b5/7gsfwzyd449_54n8l40h40gc0000gn/T/avelune_ui06_M5lzr6/project.json
[runtime_loader] project manifest read ok bytes=17578
[runtime_loader] project manifest validated maps=2 tilesets=4 scenarios=1
[runtime_loader] bundle map resolved mapId=jardin relativePath=maps/jardin.json mapPath=/private/var/folders/b5/7gsfwzyd449_54n8l40h40gc0000gn/T/avelune_ui06_M5lzr6/maps/jardin.json
[runtime_loader] map file lookup path=/private/var/folders/b5/7gsfwzyd449_54n8l40h40gc0000gn/T/avelune_ui06_M5lzr6/maps/jardin.json
[runtime_loader] map file read ok bytes=18711
[runtime_loader] map validated id=jardin size=24x16 layers=2 entities=3 placedElements=6 warps=0 triggers=1
[runtime_loader] bundle tilesets collected ids=grass,path,actor,forest
[runtime_loader] bundle tileset path id=grass path=/private/var/folders/b5/7gsfwzyd449_54n8l40h40gc0000gn/T/avelune_ui06_M5lzr6/assets/ui10_grass.png
[runtime_loader] bundle tileset path id=path path=/private/var/folders/b5/7gsfwzyd449_54n8l40h40gc0000gn/T/avelune_ui06_M5lzr6/assets/ui10_path.png
[runtime_loader] bundle tileset path id=actor path=/private/var/folders/b5/7gsfwzyd449_54n8l40h40gc0000gn/T/avelune_ui06_M5lzr6/assets/ui10_actor.png
[runtime_loader] bundle tileset path id=forest path=/private/var/folders/b5/7gsfwzyd449_54n8l40h40gc0000gn/T/avelune_ui06_M5lzr6/assets/ui10_forest.png
[runtime_loader] bundle load ok mapId=jardin projectRoot=/private/var/folders/b5/7gsfwzyd449_54n8l40h40gc0000gn/T/avelune_ui06_M5lzr6 tilesets=4
[runtime_game] tileset image load start map=jardin
[runtime_game] tileset cache resolve requested=4
[runtime_game] tileset cache resolve ok result=4
[runtime_game] onLoad start map=jardin projectFilePath=/private/var/folders/b5/7gsfwzyd449_54n8l40h40gc0000gn/T/avelune_ui06_M5lzr6/project.json tilesets=4
[runtime_game] world build start map=jardin
[runtime] Map loaded: jardin, spawn at (8, 9)
[runtime_game] tileset image load ok count=4 map=jardin
[runtime_game] mount root map start map=jardin
[step_studio_trace] npc_mount_added map=jardin entity=chief
[step_studio_trace] npc_mount_added map=jardin entity=traveller
[step_studio_trace] npc_presence_applied map=jardin entity=chief present=true
[step_studio_trace] npc_presence_applied map=jardin entity=traveller present=true
[runtime_game] mount root map ok map=jardin
[npc_patrol] read movement entity=chief pos=(13,7) size=1x1 mode=idle waypoints= loop=true pauseMs=0 stepMs=200
[npc_patrol] read movement entity=traveller pos=(10,9) size=1x1 mode=idle waypoints= loop=true pauseMs=0 stepMs=200
[runtime_game] onLoad completed activeMapId=jardin
[runtime_loader] bundle load start projectFilePath=/private/var/folders/b5/7gsfwzyd449_54n8l40h40gc0000gn/T/avelune_ui06_M5lzr6/project.json mapId=clairiere
[runtime_loader] project manifest lookup path=/private/var/folders/b5/7gsfwzyd449_54n8l40h40gc0000gn/T/avelune_ui06_M5lzr6/project.json
[runtime_loader] project manifest read ok bytes=17578
[runtime_loader] project manifest validated maps=2 tilesets=4 scenarios=1
[runtime_loader] bundle map resolved mapId=clairiere relativePath=maps/clairiere.json mapPath=/private/var/folders/b5/7gsfwzyd449_54n8l40h40gc0000gn/T/avelune_ui06_M5lzr6/maps/clairiere.json
[runtime_loader] map file lookup path=/private/var/folders/b5/7gsfwzyd449_54n8l40h40gc0000gn/T/avelune_ui06_M5lzr6/maps/clairiere.json
[runtime_loader] map file read ok bytes=16729
[runtime_loader] map validated id=clairiere size=24x16 layers=2 entities=1 placedElements=6 warps=0 triggers=0
[runtime_loader] bundle tilesets collected ids=grass,path,actor,forest
[runtime_loader] bundle tileset path id=grass path=/private/var/folders/b5/7gsfwzyd449_54n8l40h40gc0000gn/T/avelune_ui06_M5lzr6/assets/ui10_grass.png
[runtime_loader] bundle tileset path id=path path=/private/var/folders/b5/7gsfwzyd449_54n8l40h40gc0000gn/T/avelune_ui06_M5lzr6/assets/ui10_path.png
[runtime_loader] bundle tileset path id=actor path=/private/var/folders/b5/7gsfwzyd449_54n8l40h40gc0000gn/T/avelune_ui06_M5lzr6/assets/ui10_actor.png
[runtime_loader] bundle tileset path id=forest path=/private/var/folders/b5/7gsfwzyd449_54n8l40h40gc0000gn/T/avelune_ui06_M5lzr6/assets/ui10_forest.png
[runtime_loader] bundle load ok mapId=clairiere projectRoot=/private/var/folders/b5/7gsfwzyd449_54n8l40h40gc0000gn/T/avelune_ui06_M5lzr6 tilesets=4
[step_studio_trace] npc_presence_applied map=jardin entity=chief present=true
[step_studio_trace] npc_presence_applied map=jardin entity=traveller present=true
[npc_patrol] read movement entity=chief pos=(13,7) size=1x1 mode=idle waypoints= loop=true pauseMs=0 stepMs=200
[npc_patrol] read movement entity=traveller pos=(10,9) size=1x1 mode=idle waypoints= loop=true pauseMs=0 stepMs=200
[step_studio_trace] npc_presence_applied map=jardin entity=chief present=true
[step_studio_trace] npc_presence_applied map=jardin entity=traveller present=true
[npc_patrol] read movement entity=chief pos=(13,7) size=1x1 mode=idle waypoints= loop=true pauseMs=0 stepMs=200
[npc_patrol] read movement entity=traveller pos=(10,9) size=1x1 mode=idle waypoints= loop=true pauseMs=0 stepMs=200
[event_v2] mapEnter activation=mapact_1790183906867465_1 map=jardin reason=initialBoot result=MapEnterProductionDispatchV2Handled
04:29 +480: /Users/karim/Project/pokemonProject/apps/avelune_studio/test/dialogues_ui09_safety_test.dart: undo commits pending focused edit then restores exactly once
04:30 +481: /Users/karim/Project/pokemonProject/apps/avelune_studio/test/cinematics_ui10_preview_runtime_parity_test.dart: preview matches real Flame actors camera shake fade at 32x32 reset=true
[runtime_loader] bundle load start projectFilePath=/private/var/folders/b5/7gsfwzyd449_54n8l40h40gc0000gn/T/avelune_ui06_BpV0pV/project.json mapId=jardin
[runtime_loader] project manifest lookup path=/private/var/folders/b5/7gsfwzyd449_54n8l40h40gc0000gn/T/avelune_ui06_BpV0pV/project.json
[runtime_loader] project manifest read ok bytes=17668
[runtime_loader] project manifest validated maps=2 tilesets=4 scenarios=1
[runtime_loader] bundle map resolved mapId=jardin relativePath=maps/jardin.json mapPath=/private/var/folders/b5/7gsfwzyd449_54n8l40h40gc0000gn/T/avelune_ui06_BpV0pV/maps/jardin.json
[runtime_loader] map file lookup path=/private/var/folders/b5/7gsfwzyd449_54n8l40h40gc0000gn/T/avelune_ui06_BpV0pV/maps/jardin.json
[runtime_loader] map file read ok bytes=18711
[runtime_loader] map validated id=jardin size=24x16 layers=2 entities=3 placedElements=6 warps=0 triggers=1
[runtime_loader] bundle tilesets collected ids=grass,path,actor,forest
[runtime_loader] bundle tileset path id=grass path=/private/var/folders/b5/7gsfwzyd449_54n8l40h40gc0000gn/T/avelune_ui06_BpV0pV/assets/ui10_grass.png
[runtime_loader] bundle tileset path id=path path=/private/var/folders/b5/7gsfwzyd449_54n8l40h40gc0000gn/T/avelune_ui06_BpV0pV/assets/ui10_path.png
[runtime_loader] bundle tileset path id=actor path=/private/var/folders/b5/7gsfwzyd449_54n8l40h40gc0000gn/T/avelune_ui06_BpV0pV/assets/ui10_actor.png
[runtime_loader] bundle tileset path id=forest path=/private/var/folders/b5/7gsfwzyd449_54n8l40h40gc0000gn/T/avelune_ui06_BpV0pV/assets/ui10_forest.png
[runtime_loader] bundle load ok mapId=jardin projectRoot=/private/var/folders/b5/7gsfwzyd449_54n8l40h40gc0000gn/T/avelune_ui06_BpV0pV tilesets=4
[runtime_game] tileset image load start map=jardin
[runtime_game] tileset cache resolve requested=4
[runtime_game] tileset cache resolve ok result=4
[runtime_game] onLoad start map=jardin projectFilePath=/private/var/folders/b5/7gsfwzyd449_54n8l40h40gc0000gn/T/avelune_ui06_BpV0pV/project.json tilesets=4
[runtime_game] world build start map=jardin
[runtime] Map loaded: jardin, spawn at (8, 9)
[runtime_game] tileset image load ok count=4 map=jardin
[runtime_game] mount root map start map=jardin
[step_studio_trace] npc_mount_added map=jardin entity=chief
[step_studio_trace] npc_mount_added map=jardin entity=traveller
[step_studio_trace] npc_presence_applied map=jardin entity=chief present=true
[step_studio_trace] npc_presence_applied map=jardin entity=traveller present=true
[runtime_game] mount root map ok map=jardin
[npc_patrol] read movement entity=chief pos=(13,7) size=1x1 mode=idle waypoints= loop=true pauseMs=0 stepMs=200
[npc_patrol] read movement entity=traveller pos=(10,9) size=1x1 mode=idle waypoints= loop=true pauseMs=0 stepMs=200
[runtime_game] onLoad completed activeMapId=jardin
[runtime_loader] bundle load start projectFilePath=/private/var/folders/b5/7gsfwzyd449_54n8l40h40gc0000gn/T/avelune_ui06_BpV0pV/project.json mapId=clairiere
[runtime_loader] project manifest lookup path=/private/var/folders/b5/7gsfwzyd449_54n8l40h40gc0000gn/T/avelune_ui06_BpV0pV/project.json
[runtime_loader] project manifest read ok bytes=17668
[runtime_loader] project manifest validated maps=2 tilesets=4 scenarios=1
[runtime_loader] bundle map resolved mapId=clairiere relativePath=maps/clairiere.json mapPath=/private/var/folders/b5/7gsfwzyd449_54n8l40h40gc0000gn/T/avelune_ui06_BpV0pV/maps/clairiere.json
[runtime_loader] map file lookup path=/private/var/folders/b5/7gsfwzyd449_54n8l40h40gc0000gn/T/avelune_ui06_BpV0pV/maps/clairiere.json
[runtime_loader] map file read ok bytes=16729
[runtime_loader] map validated id=clairiere size=24x16 layers=2 entities=1 placedElements=6 warps=0 triggers=0
[runtime_loader] bundle tilesets collected ids=grass,path,actor,forest
[runtime_loader] bundle tileset path id=grass path=/private/var/folders/b5/7gsfwzyd449_54n8l40h40gc0000gn/T/avelune_ui06_BpV0pV/assets/ui10_grass.png
[runtime_loader] bundle tileset path id=path path=/private/var/folders/b5/7gsfwzyd449_54n8l40h40gc0000gn/T/avelune_ui06_BpV0pV/assets/ui10_path.png
[runtime_loader] bundle tileset path id=actor path=/private/var/folders/b5/7gsfwzyd449_54n8l40h40gc0000gn/T/avelune_ui06_BpV0pV/assets/ui10_actor.png
[runtime_loader] bundle tileset path id=forest path=/private/var/folders/b5/7gsfwzyd449_54n8l40h40gc0000gn/T/avelune_ui06_BpV0pV/assets/ui10_forest.png
[runtime_loader] bundle load ok mapId=clairiere projectRoot=/private/var/folders/b5/7gsfwzyd449_54n8l40h40gc0000gn/T/avelune_ui06_BpV0pV tilesets=4
[step_studio_trace] npc_presence_applied map=jardin entity=chief present=true
[step_studio_trace] npc_presence_applied map=jardin entity=traveller present=true
[npc_patrol] read movement entity=chief pos=(13,7) size=1x1 mode=idle waypoints= loop=true pauseMs=0 stepMs=200
[npc_patrol] read movement entity=traveller pos=(10,9) size=1x1 mode=idle waypoints= loop=true pauseMs=0 stepMs=200
[step_studio_trace] npc_presence_applied map=jardin entity=chief present=true
[step_studio_trace] npc_presence_applied map=jardin entity=traveller present=true
[npc_patrol] read movement entity=chief pos=(13,7) size=1x1 mode=idle waypoints= loop=true pauseMs=0 stepMs=200
[npc_patrol] read movement entity=traveller pos=(10,9) size=1x1 mode=idle waypoints= loop=true pauseMs=0 stepMs=200
[event_v2] mapEnter activation=mapact_1790183908979556_1 map=jardin reason=initialBoot result=MapEnterProductionDispatchV2Handled
04:31 +482: /Users/karim/Project/pokemonProject/apps/avelune_studio/test/dialogues_ui09_safety_test.dart: wire replacement confirms and semantic edit cancels pending wire
04:32 +483: /Users/karim/Project/pokemonProject/apps/avelune_studio/test/dialogues_ui09_safety_test.dart: wire replacement confirms and semantic edit cancels pending wire
04:32 +484: /Users/karim/Project/pokemonProject/apps/avelune_studio/test/dialogues_ui09_safety_test.dart: wire replacement confirms and semantic edit cancels pending wire
04:32 +485: /Users/karim/Project/pokemonProject/apps/avelune_studio/test/dialogues_ui09_safety_test.dart: wire replacement confirms and semantic edit cancels pending wire
04:32 +486: /Users/karim/Project/pokemonProject/apps/avelune_studio/test/dialogues_ui09_safety_test.dart: wire replacement confirms and semantic edit cancels pending wire
04:32 +487: /Users/karim/Project/pokemonProject/apps/avelune_studio/test/dialogues_ui09_safety_test.dart: wire replacement confirms and semantic edit cancels pending wire
04:32 +488: /Users/karim/Project/pokemonProject/apps/avelune_studio/test/dialogues_ui09_safety_test.dart: wire replacement confirms and semantic edit cancels pending wire
04:32 +489: /Users/karim/Project/pokemonProject/apps/avelune_studio/test/dialogues_ui09_safety_test.dart: wire replacement confirms and semantic edit cancels pending wire
04:32 +490: /Users/karim/Project/pokemonProject/apps/avelune_studio/test/dialogues_ui09_safety_test.dart: wire replacement confirms and semantic edit cancels pending wire
04:33 +491: /Users/karim/Project/pokemonProject/apps/avelune_studio/test/events/event_rename_ui09_test.dart: UI09 metadata rename preserves activation=true through history and publication
04:34 +492: /Users/karim/Project/pokemonProject/apps/avelune_studio/test/events/event_catalog_ui08_test.dart: library performs no map scan, explicit preparation caches unchanged catalogue
04:35 +493: /Users/karim/Project/pokemonProject/apps/avelune_studio/test/events/event_catalog_ui08_test.dart: library performs no map scan, explicit preparation caches unchanged catalogue
04:35 +494: /Users/karim/Project/pokemonProject/apps/avelune_studio/test/events/event_rename_ui09_test.dart: UI09 unchanged name is a true no-op and behavior edits still deactivate
04:35 +495: /Users/karim/Project/pokemonProject/apps/avelune_studio/test/events/event_catalog_ui08_test.dart: event consumed dependency blocks deleting its target
04:36 +496: /Users/karim/Project/pokemonProject/apps/avelune_studio/test/events/event_sources_ui08_test.dart: four canonical sources publish exact identity and leave existing maps and scenes alone
04:38 +497: /Users/karim/Project/pokemonProject/apps/avelune_studio/test/events/event_sources_ui08_test.dart: four canonical sources publish exact identity and leave existing maps and scenes alone
04:38 +498: /Users/karim/Project/pokemonProject/apps/avelune_studio/test/events/event_sources_ui08_test.dart: four canonical sources publish exact identity and leave existing maps and scenes alone
04:38 +499: /Users/karim/Project/pokemonProject/apps/avelune_studio/test/events/event_recovery_ui08_test.dart: clean reconciliation invalidates obsolete undo; dirty external change stays editable
04:39 +500: /Users/karim/Project/pokemonProject/apps/avelune_studio/test/events/event_recovery_ui08_test.dart: clean reconciliation invalidates obsolete undo; dirty external change stays editable
04:39 +501: /Users/karim/Project/pokemonProject/apps/avelune_studio/test/events/event_sources_ui08_test.dart: unavailable outcome does not replace source and full key is retained
04:40 +502: /Users/karim/Project/pokemonProject/apps/avelune_studio/test/events/event_publication_ui08_test.dart: external event-only edit conflicts without losing scene or draft; reload is targeted
04:41 +503: /Users/karim/Project/pokemonProject/apps/avelune_studio/test/events/event_publication_ui08_test.dart: external event-only edit conflicts without losing scene or draft; reload is targeted
04:41 +504: /Users/karim/Project/pokemonProject/apps/avelune_studio/test/events/event_flush_ui08_test.dart: saveAll awaits focused edit before capturing publication snapshot
04:42 +505: /Users/karim/Project/pokemonProject/apps/avelune_studio/test/events/event_publication_ui08_test.dart: edit during write retains newer draft and second save publishes it
04:42 +506: /Users/karim/Project/pokemonProject/apps/avelune_studio/test/events/event_publication_ui08_test.dart: edit during write retains newer draft and second save publishes it
04:42 +507: /Users/karim/Project/pokemonProject/apps/avelune_studio/test/events/event_flush_ui08_test.dart: failed focused edit flush reports error without publishing other drafts
04:42 +508: /Users/karim/Project/pokemonProject/apps/avelune_studio/test/events/event_publication_ui08_test.dart: close during write never installs an obsolete receipt
04:42 +509: /Users/karim/Project/pokemonProject/apps/avelune_studio/test/events/event_publication_ui08_test.dart: unrelated fact publication survives targeted event save
04:43 +510: /Users/karim/Project/pokemonProject/apps/avelune_studio/test/events/event_publication_ui08_test.dart: registry mode change is explicit and refuses active author drafts
04:44 +511: /Users/karim/Project/pokemonProject/apps/avelune_studio/test/events/event_workspace_ui08_test.dart: draft creation save reopens without inventing scene or changing registry mode
04:44 +512: /Users/karim/Project/pokemonProject/apps/avelune_studio/test/events/event_workspace_ui08_test.dart: renaming activated record preserves activation and history restores name
04:45 +513: /Users/karim/Project/pokemonProject/apps/avelune_studio/test/characters/dialogue_portrait_choice_test.dart: portrait names select canonical state without rewriting the line or speaker
04:45 +514: /Users/karim/Project/pokemonProject/apps/avelune_studio/test/characters/dialogue_portrait_choice_test.dart: portrait names select canonical state without rewriting the line or speaker
04:46 +515: /Users/karim/Project/pokemonProject/apps/avelune_studio/test/events/event_workspace_ui08_test.dart: nested expression retained, incompatible reset rejected atomically
04:46 +516: /Users/karim/Project/pokemonProject/apps/avelune_studio/test/events/event_workspace_ui08_test.dart: canonical simulation handles disabled configured and consumed states without writes
04:47 +517: /Users/karim/Project/pokemonProject/apps/avelune_studio/test/characters/character_editing_test.dart: place, move, duplicate, properties, deletion and undo use map history
04:47 +518: /Users/karim/Project/pokemonProject/apps/avelune_studio/test/characters/character_editing_test.dart: changing one instance property preserves all advanced payloads
04:47 +519: /Users/karim/Project/pokemonProject/apps/avelune_studio/test/characters/character_editing_test.dart: out of bounds does not add a history entry
04:47 +520: /Users/karim/Project/pokemonProject/apps/avelune_studio/test/characters/character_editing_test.dart: story source references block deletion with the canonical index
04:47 +521: /Users/karim/Project/pokemonProject/apps/avelune_studio/test/characters/character_render_io_test.dart: dedicated Character Studio asset uses canonical pixel source and shared image budget
04:48 +522: /Users/karim/Project/pokemonProject/apps/avelune_studio/test/characters/character_render_io_test.dart: existing sprite pixels render on map and instance survives canonical save/reopen
04:48 +523: /Users/karim/Project/pokemonProject/apps/avelune_studio/test/characters/character_canvas_test.dart: selection distinguishes covered character and decor without moving either
04:48 +524: /Users/karim/Project/pokemonProject/apps/avelune_studio/test/characters/character_canvas_test.dart: canvas places, drags once, cancels and draws a bounded story zone
04:49 +525: /Users/karim/Project/pokemonProject/apps/avelune_studio/test/characters/character_widgets_test.dart: palette and inspector support real instance edits at enlarged text
04:51 +526: /Users/karim/Project/pokemonProject/apps/avelune_studio/test/characters/character_compact_workspace_test.dart: enlarged text keeps palette and character inspector reachable over the map
04:52 +527: /Users/karim/Project/pokemonProject/apps/avelune_studio/test/characters/character_compact_workspace_test.dart: enlarged text keeps palette and character inspector reachable over the map
04:53 +528: /Users/karim/Project/pokemonProject/apps/avelune_studio/test/characters/character_compact_workspace_test.dart: keyboard deletion guards pending stories and duplication keeps independent instances
04:54 +529: /Users/karim/Project/pokemonProject/apps/avelune_studio/test/ui11_presentation_responsive_test.dart: UI11 responsive 1536 portrait and compare
04:55 +530: /Users/karim/Project/pokemonProject/apps/avelune_studio/test/ui11_presentation_responsive_test.dart: UI11 responsive 1536 portrait and compare
04:56 +531: /Users/karim/Project/pokemonProject/apps/avelune_studio/test/ui11_presentation_responsive_test.dart: UI11 responsive 1536 portrait and compare
04:57 +532: /Users/karim/Project/pokemonProject/apps/avelune_studio/test/ui11_presentation_responsive_test.dart: UI11 responsive 1536 portrait and compare
04:57 +533: /Users/karim/Project/pokemonProject/apps/avelune_studio/test/ui11_presentation_responsive_test.dart: UI11 responsive 1536 portrait and compare
04:57 +534: /Users/karim/Project/pokemonProject/apps/avelune_studio/test/ui11_presentation_responsive_test.dart: UI11 responsive 1536 portrait and compare
04:57 +535: /Users/karim/Project/pokemonProject/apps/avelune_studio/test/ui11_presentation_responsive_test.dart: UI11 responsive 1536 portrait and compare
04:57 +536: /Users/karim/Project/pokemonProject/apps/avelune_studio/test/ui11_presentation_responsive_test.dart: UI11 responsive 1536 portrait and compare
04:57 +537: /Users/karim/Project/pokemonProject/apps/avelune_studio/test/ui11_presentation_responsive_test.dart: UI11 responsive 1536 portrait and compare
04:59 +538: /Users/karim/Project/pokemonProject/apps/avelune_studio/test/ui11_presentation_responsive_test.dart: UI11 responsive 1536 portrait and compare
04:59 +539: /Users/karim/Project/pokemonProject/apps/avelune_studio/test/ui11_presentation_responsive_test.dart: UI11 responsive 1536 portrait and compare
04:59 +540: /Users/karim/Project/pokemonProject/apps/avelune_studio/test/ui11_presentation_responsive_test.dart: UI11 responsive 1536 portrait and compare
04:59 +541: /Users/karim/Project/pokemonProject/apps/avelune_studio/test/ui11_presentation_responsive_test.dart: UI11 responsive 1536 portrait and compare
04:59 +542: /Users/karim/Project/pokemonProject/apps/avelune_studio/test/ui11_presentation_responsive_test.dart: UI11 responsive 1536 portrait and compare
04:59 +543: /Users/karim/Project/pokemonProject/apps/avelune_studio/test/ui11_presentation_responsive_test.dart: UI11 responsive 1536 portrait and compare
04:59 +544: /Users/karim/Project/pokemonProject/apps/avelune_studio/test/ui11_presentation_responsive_test.dart: UI11 responsive 1536 portrait and compare
04:59 +545: /Users/karim/Project/pokemonProject/apps/avelune_studio/test/ui11_presentation_responsive_test.dart: UI11 responsive 1536 portrait and compare
04:59 +546: /Users/karim/Project/pokemonProject/apps/avelune_studio/test/ui11_presentation_responsive_test.dart: UI11 responsive 1536 portrait and compare
04:59 +547: /Users/karim/Project/pokemonProject/apps/avelune_studio/test/ui11_presentation_responsive_test.dart: UI11 responsive 1536 portrait and compare
04:59 +548: /Users/karim/Project/pokemonProject/apps/avelune_studio/test/ui11_presentation_responsive_test.dart: UI11 responsive 1536 portrait and compare
04:59 +549: /Users/karim/Project/pokemonProject/apps/avelune_studio/test/ui11_presentation_responsive_test.dart: UI11 responsive 1536 portrait and compare
05:00 +549: /Users/karim/Project/pokemonProject/apps/avelune_studio/test/infrastructure/studio_large_atlas_test.dart: isolated Train building atlas renders a real decor without loading its 329 atlas catalogue
  Skip: AVELUNE_PROJECT_COPY non fourni
05:00 +549 ~1: /Users/karim/Project/pokemonProject/apps/avelune_studio/test/ui11_presentation_responsive_test.dart: UI11 responsive 1536 portrait and compare
05:01 +550 ~1: /Users/karim/Project/pokemonProject/apps/avelune_studio/test/infrastructure/map_workspace_read_safety_test.dart: declared traversal is rejected before reading another file
05:01 +551 ~1: /Users/karim/Project/pokemonProject/apps/avelune_studio/test/ui11_presentation_responsive_test.dart: UI11 responsive 1440 portrait and compare
05:01 +552 ~1: /Users/karim/Project/pokemonProject/apps/avelune_studio/test/ui11_presentation_responsive_test.dart: UI11 responsive 1440 portrait and compare
05:01 +553 ~1: /Users/karim/Project/pokemonProject/apps/avelune_studio/test/ui11_presentation_responsive_test.dart: UI11 responsive 1440 portrait and compare
05:03 +554 ~1: /Users/karim/Project/pokemonProject/apps/avelune_studio/test/ui11_presentation_responsive_test.dart: UI11 responsive 1440 portrait and compare
05:03 +555 ~1: /Users/karim/Project/pokemonProject/apps/avelune_studio/test/ui11_presentation_responsive_test.dart: UI11 responsive 1440 portrait and compare
05:03 +556 ~1: /Users/karim/Project/pokemonProject/apps/avelune_studio/test/ui11_presentation_responsive_test.dart: UI11 responsive 1440 portrait and compare
05:03 +557 ~1: /Users/karim/Project/pokemonProject/apps/avelune_studio/test/ui11_presentation_responsive_test.dart: UI11 responsive 1440 portrait and compare
05:03 +558 ~1: /Users/karim/Project/pokemonProject/apps/avelune_studio/test/ui11_presentation_responsive_test.dart: UI11 responsive 1440 portrait and compare
05:04 +559 ~1: /Users/karim/Project/pokemonProject/apps/avelune_studio/test/ui11_presentation_responsive_test.dart: UI11 responsive 1440 portrait and compare
05:04 +560 ~1: /Users/karim/Project/pokemonProject/apps/avelune_studio/test/ui11_presentation_responsive_test.dart: UI11 responsive 1440 portrait and compare
05:04 +561 ~1: /Users/karim/Project/pokemonProject/apps/avelune_studio/test/ui11_presentation_responsive_test.dart: UI11 responsive 1440 portrait and compare
05:04 +562 ~1: /Users/karim/Project/pokemonProject/apps/avelune_studio/test/ui11_presentation_responsive_test.dart: UI11 responsive 1440 portrait and compare
05:04 +563 ~1: /Users/karim/Project/pokemonProject/apps/avelune_studio/test/ui11_presentation_responsive_test.dart: UI11 responsive 1440 portrait and compare
05:04 +564 ~1: /Users/karim/Project/pokemonProject/apps/avelune_studio/test/ui11_presentation_responsive_test.dart: UI11 responsive 1440 portrait and compare
05:04 +565 ~1: /Users/karim/Project/pokemonProject/apps/avelune_studio/test/ui11_presentation_responsive_test.dart: UI11 responsive 1440 portrait and compare
05:05 +566 ~1: /Users/karim/Project/pokemonProject/apps/avelune_studio/test/ui11_presentation_responsive_test.dart: UI11 responsive 1440 portrait and compare
05:05 +567 ~1: /Users/karim/Project/pokemonProject/apps/avelune_studio/test/ui11_presentation_responsive_test.dart: UI11 responsive 1440 portrait and compare
05:05 +568 ~1: /Users/karim/Project/pokemonProject/apps/avelune_studio/test/ui11_presentation_responsive_test.dart: UI11 responsive 1440 portrait and compare
05:05 +569 ~1: /Users/karim/Project/pokemonProject/apps/avelune_studio/test/ui11_presentation_responsive_test.dart: UI11 responsive 1440 portrait and compare
05:05 +570 ~1: /Users/karim/Project/pokemonProject/apps/avelune_studio/test/ui11_presentation_responsive_test.dart: UI11 responsive 1440 portrait and compare
05:05 +571 ~1: /Users/karim/Project/pokemonProject/apps/avelune_studio/test/ui11_presentation_responsive_test.dart: UI11 responsive 1440 portrait and compare
05:05 +572 ~1: /Users/karim/Project/pokemonProject/apps/avelune_studio/test/ui11_presentation_responsive_test.dart: UI11 responsive 1440 portrait and compare
05:05 +573 ~1: /Users/karim/Project/pokemonProject/apps/avelune_studio/test/ui11_presentation_responsive_test.dart: UI11 responsive 1440 portrait and compare
05:05 +574 ~1: /Users/karim/Project/pokemonProject/apps/avelune_studio/test/ui11_presentation_responsive_test.dart: UI11 responsive 1440 portrait and compare
05:05 +575 ~1: /Users/karim/Project/pokemonProject/apps/avelune_studio/test/ui11_presentation_responsive_test.dart: UI11 responsive 1440 portrait and compare
05:05 +576 ~1: /Users/karim/Project/pokemonProject/apps/avelune_studio/test/ui11_presentation_responsive_test.dart: UI11 responsive 1440 portrait and compare
05:05 +577 ~1: /Users/karim/Project/pokemonProject/apps/avelune_studio/test/ui11_presentation_responsive_test.dart: UI11 responsive 1440 portrait and compare
05:06 +578 ~1: /Users/karim/Project/pokemonProject/apps/avelune_studio/test/ui11_presentation_responsive_test.dart: UI11 responsive 1280 portrait and compare
05:06 +579 ~1: /Users/karim/Project/pokemonProject/apps/avelune_studio/test/ui11_presentation_responsive_test.dart: UI11 responsive 1280 portrait and compare
05:07 +580 ~1: /Users/karim/Project/pokemonProject/apps/avelune_studio/test/ui11_presentation_responsive_test.dart: UI11 responsive 1280 portrait and compare
05:08 +580 ~1: /Users/karim/Project/pokemonProject/apps/avelune_studio/test/infrastructure/studio_playtest_test.dart: saved example mounts real runtime, walks, and returns
[runtime_loader] bundle load start projectFilePath=/private/var/folders/b5/7gsfwzyd449_54n8l40h40gc0000gn/T/studio_playtest_CNdgP1/project.json mapId=jardin
[runtime_loader] project manifest lookup path=/private/var/folders/b5/7gsfwzyd449_54n8l40h40gc0000gn/T/studio_playtest_CNdgP1/project.json
[runtime_loader] project manifest read ok bytes=8480
[runtime_loader] project manifest validated maps=2 tilesets=1 scenarios=0
[runtime_loader] bundle map resolved mapId=jardin relativePath=maps/jardin.json mapPath=/private/var/folders/b5/7gsfwzyd449_54n8l40h40gc0000gn/T/studio_playtest_CNdgP1/maps/jardin.json
[runtime_loader] map file lookup path=/private/var/folders/b5/7gsfwzyd449_54n8l40h40gc0000gn/T/studio_playtest_CNdgP1/maps/jardin.json
[runtime_loader] map file read ok bytes=17182
[runtime_loader] map validated id=jardin size=24x16 layers=3 entities=1 placedElements=3 warps=0 triggers=0
[runtime_loader] bundle tilesets collected ids=atelier
[runtime_loader] bundle tileset path id=atelier path=/private/var/folders/b5/7gsfwzyd449_54n8l40h40gc0000gn/T/studio_playtest_CNdgP1/assets/atelier.png
[runtime_loader] bundle load ok mapId=jardin projectRoot=/private/var/folders/b5/7gsfwzyd449_54n8l40h40gc0000gn/T/studio_playtest_CNdgP1 tilesets=1
[runtime_game] tileset image load start map=jardin
[runtime_game] tileset cache resolve requested=1
[runtime_game] tileset cache resolve ok result=1
[runtime_game] onLoad start map=jardin projectFilePath=/private/var/folders/b5/7gsfwzyd449_54n8l40h40gc0000gn/T/studio_playtest_CNdgP1/project.json tilesets=1
[runtime_game] world build start map=jardin
[runtime] Map loaded: jardin, spawn at (8, 9)
[runtime_game] tileset image load ok count=1 map=jardin
[runtime_game] mount root map start map=jardin
[runtime_game] mount root map ok map=jardin
[runtime_game] onLoad completed activeMapId=jardin
[event_v2] mapEnter activation=mapact_1790183946407362_1 map=jardin reason=initialBoot result=MapEnterProductionDispatchLegacyFallback
05:08 +581 ~1: /Users/karim/Project/pokemonProject/apps/avelune_studio/test/ui11_presentation_responsive_test.dart: UI11 responsive 1280 portrait and compare
05:09 +582 ~1: /Users/karim/Project/pokemonProject/apps/avelune_studio/test/infrastructure/studio_terrain_brush_resources_test.dart: terrain brush loads only its shared resolver dependencies before any map stroke
05:09 +583 ~1: /Users/karim/Project/pokemonProject/apps/avelune_studio/test/ui11_presentation_responsive_test.dart: UI11 responsive 1024 portrait and compare
05:11 +584 ~1: /Users/karim/Project/pokemonProject/apps/avelune_studio/test/ui11_presentation_responsive_test.dart: UI11 responsive 1024 portrait and compare
05:11 +585 ~1: /Users/karim/Project/pokemonProject/apps/avelune_studio/test/ui11_presentation_responsive_test.dart: UI11 responsive 1024 portrait and compare
05:11 +586 ~1: /Users/karim/Project/pokemonProject/apps/avelune_studio/test/ui11_presentation_responsive_test.dart: UI11 responsive 1024 portrait and compare
05:11 +587 ~1: /Users/karim/Project/pokemonProject/apps/avelune_studio/test/ui11_presentation_responsive_test.dart: UI11 responsive 1024 portrait and compare
05:12 +588 ~1: /Users/karim/Project/pokemonProject/apps/avelune_studio/test/ui11_presentation_responsive_test.dart: UI11 responsive 1024 portrait and compare
05:12 +589 ~1: /Users/karim/Project/pokemonProject/apps/avelune_studio/test/ui11_presentation_responsive_test.dart: UI11 responsive 1024 portrait and compare
05:12 +590 ~1: /Users/karim/Project/pokemonProject/apps/avelune_studio/test/ui11_presentation_responsive_test.dart: UI11 responsive 1024 portrait and compare
05:13 +591 ~1: /Users/karim/Project/pokemonProject/apps/avelune_studio/test/infrastructure/m1_manifest_revision_test.dart: clean playtest recheck rejects changed manifest before map read and preserves saved work
05:14 +592 ~1: /Users/karim/Project/pokemonProject/apps/avelune_studio/test/cinematics_ui10_timeline_gesture_test.dart: UI10 timeline drag reorders and duration handle commits once with undo redo
05:20 +592 ~1: /Users/karim/Project/pokemonProject/apps/avelune_studio/test/ui06_scene_construction_test.dart: build both branches through palette, properties and wires then publish and reopen
UI06 construction: 8 blocs et 7 fils construits, publication
UI06 construction: publication terminée, relecture indépendante
05:20 +593 ~1: /Users/karim/Project/pokemonProject/apps/avelune_studio/test/cinematics_ui10_timeline_gesture_test.dart: UI10 timeline drag reorders and duration handle commits once with undo redo
05:22 +594 ~1: /Users/karim/Project/pokemonProject/apps/avelune_studio/test/ui11_presentation_busy_test.dart: UI11 a slow creation shows progress and blocks a second start
05:23 +595 ~1: /Users/karim/Project/pokemonProject/apps/avelune_studio/test/ui11_presentation_busy_test.dart: UI11 a slow creation shows progress and blocks a second start
05:27 +596 ~1: /Users/karim/Project/pokemonProject/apps/avelune_studio/test/m3_conditions_widgets_test.dart: real conditions and ordered sequence stay editable at enlarged text
05:29 +597 ~1: /Users/karim/Project/pokemonProject/apps/avelune_studio/test/ui12_world_close_test.dart: invalid rule input blocks global save until corrected
05:35 +598 ~1: /Users/karim/Project/pokemonProject/apps/avelune_studio/test/dialogues_ui09_visual_test.dart: UI09 early real widget capture and compact layout
05:36 +599 ~1: /Users/karim/Project/pokemonProject/apps/avelune_studio/test/ui12_world_close_test.dart: an incomplete rule is never silently dropped
05:37 +600 ~1: /Users/karim/Project/pokemonProject/apps/avelune_studio/test/ui12_world_navigation_test.dart: Histoire opens the states and rules page and comes back
05:39 +601 ~1: /Users/karim/Project/pokemonProject/apps/avelune_studio/test/ui12_world_navigation_test.dart: Histoire opens the states and rules page and comes back
05:40 +602 ~1: /Users/karim/Project/pokemonProject/apps/avelune_studio/test/presentation/ui08_event_focus_test.dart: UI08 focused name commits original owner on selection save and undo
05:41 +603 ~1: /Users/karim/Project/pokemonProject/apps/avelune_studio/test/presentation/ui08_event_focus_test.dart: UI08 focused name commits original owner on selection save and undo
05:43 +603 ~1: /Users/karim/Project/pokemonProject/apps/avelune_studio/test/presentation/project_path_submission_test.dart: submits trailing space exactly without invoking the picker
══╡ EXCEPTION CAUGHT BY FLUTTER TEST FRAMEWORK ╞════════════════════════════════════════════════════
The following StateError was thrown running a test:
Bad state: No element

When the exception was thrown, this was the stack:
#0      Iterable.single (dart:core/iterable.dart:694:25)
#1      WidgetController.element (package:flutter_test/src/controller.dart:888:30)
#2      WidgetController.ensureVisible (package:flutter_test/src/controller.dart:2389:32)
#3      tapVisible (file:///Users/karim/Project/pokemonProject/apps/avelune_studio/test/support/open_project_path.dart:27:16)
<asynchronous suspension>
#4      revealProjectPath (file:///Users/karim/Project/pokemonProject/apps/avelune_studio/test/support/open_project_path.dart:12:5)
<asynchronous suspension>
#5      enterProjectPath (file:///Users/karim/Project/pokemonProject/apps/avelune_studio/test/support/open_project_path.dart:20:3)
<asynchronous suspension>
#6      main.<anonymous closure> (file:///Users/karim/Project/pokemonProject/apps/avelune_studio/test/presentation/project_path_submission_test.dart:35:7)
<asynchronous suspension>
#7      testWidgets.<anonymous closure>.<anonymous closure> (package:flutter_test/src/widget_tester.dart:192:15)
<asynchronous suspension>
#8      TestWidgetsFlutterBinding._runTestBody (package:flutter_test/src/binding.dart:1978:5)
<asynchronous suspension>
<asynchronous suspension>
(elided one frame from package:stack_trace)

The test description was:
  submits trailing space exactly without invoking the picker
════════════════════════════════════════════════════════════════════════════════════════════════════
05:43 +603 ~1 -1: /Users/karim/Project/pokemonProject/apps/avelune_studio/test/presentation/ui08_event_focus_test.dart: UI08 focused name commits original owner on selection save and undo
05:43 +603 ~1 -1: /Users/karim/Project/pokemonProject/apps/avelune_studio/test/presentation/project_path_submission_test.dart: submits trailing space exactly without invoking the picker [E]
  Test failed. See exception logs above.
  The test description was: submits trailing space exactly without invoking the picker

05:44 +603 ~1 -1: /Users/karim/Project/pokemonProject/apps/avelune_studio/test/presentation/project_path_submission_test.dart: submits surrounding spaces exactly without invoking the picker
══╡ EXCEPTION CAUGHT BY FLUTTER TEST FRAMEWORK ╞════════════════════════════════════════════════════
The following StateError was thrown running a test:
Bad state: No element

When the exception was thrown, this was the stack:
#0      Iterable.single (dart:core/iterable.dart:694:25)
#1      WidgetController.element (package:flutter_test/src/controller.dart:888:30)
#2      WidgetController.ensureVisible (package:flutter_test/src/controller.dart:2389:32)
#3      tapVisible (file:///Users/karim/Project/pokemonProject/apps/avelune_studio/test/support/open_project_path.dart:27:16)
<asynchronous suspension>
#4      revealProjectPath (file:///Users/karim/Project/pokemonProject/apps/avelune_studio/test/support/open_project_path.dart:12:5)
<asynchronous suspension>
#5      enterProjectPath (file:///Users/karim/Project/pokemonProject/apps/avelune_studio/test/support/open_project_path.dart:20:3)
<asynchronous suspension>
#6      main.<anonymous closure> (file:///Users/karim/Project/pokemonProject/apps/avelune_studio/test/presentation/project_path_submission_test.dart:35:7)
<asynchronous suspension>
#7      testWidgets.<anonymous closure>.<anonymous closure> (package:flutter_test/src/widget_tester.dart:192:15)
<asynchronous suspension>
#8      TestWidgetsFlutterBinding._runTestBody (package:flutter_test/src/binding.dart:1978:5)
<asynchronous suspension>
<asynchronous suspension>
(elided one frame from package:stack_trace)

The test description was:
  submits surrounding spaces exactly without invoking the picker
════════════════════════════════════════════════════════════════════════════════════════════════════
05:44 +603 ~1 -2: /Users/karim/Project/pokemonProject/apps/avelune_studio/test/presentation/ui08_event_focus_test.dart: UI08 focused name commits original owner on selection save and undo
05:44 +603 ~1 -2: /Users/karim/Project/pokemonProject/apps/avelune_studio/test/presentation/project_path_submission_test.dart: submits surrounding spaces exactly without invoking the picker [E]
  Test failed. See exception logs above.
  The test description was: submits surrounding spaces exactly without invoking the picker

05:44 +603 ~1 -2: /Users/karim/Project/pokemonProject/apps/avelune_studio/test/presentation/project_path_submission_test.dart: submits whitespace only exactly without invoking the picker
══╡ EXCEPTION CAUGHT BY FLUTTER TEST FRAMEWORK ╞════════════════════════════════════════════════════
The following StateError was thrown running a test:
Bad state: No element

When the exception was thrown, this was the stack:
#0      Iterable.single (dart:core/iterable.dart:694:25)
#1      WidgetController.element (package:flutter_test/src/controller.dart:888:30)
#2      WidgetController.ensureVisible (package:flutter_test/src/controller.dart:2389:32)
#3      tapVisible (file:///Users/karim/Project/pokemonProject/apps/avelune_studio/test/support/open_project_path.dart:27:16)
<asynchronous suspension>
#4      revealProjectPath (file:///Users/karim/Project/pokemonProject/apps/avelune_studio/test/support/open_project_path.dart:12:5)
<asynchronous suspension>
#5      enterProjectPath (file:///Users/karim/Project/pokemonProject/apps/avelune_studio/test/support/open_project_path.dart:20:3)
<asynchronous suspension>
#6      main.<anonymous closure> (file:///Users/karim/Project/pokemonProject/apps/avelune_studio/test/presentation/project_path_submission_test.dart:35:7)
<asynchronous suspension>
#7      testWidgets.<anonymous closure>.<anonymous closure> (package:flutter_test/src/widget_tester.dart:192:15)
<asynchronous suspension>
#8      TestWidgetsFlutterBinding._runTestBody (package:flutter_test/src/binding.dart:1978:5)
<asynchronous suspension>
<asynchronous suspension>
(elided one frame from package:stack_trace)

The test description was:
  submits whitespace only exactly without invoking the picker
════════════════════════════════════════════════════════════════════════════════════════════════════
05:44 +603 ~1 -3: /Users/karim/Project/pokemonProject/apps/avelune_studio/test/presentation/ui08_event_focus_test.dart: UI08 focused name commits original owner on selection save and undo
05:44 +603 ~1 -3: /Users/karim/Project/pokemonProject/apps/avelune_studio/test/presentation/project_path_submission_test.dart: submits whitespace only exactly without invoking the picker [E]
  Test failed. See exception logs above.
  The test description was: submits whitespace only exactly without invoking the picker

05:44 +603 ~1 -3: /Users/karim/Project/pokemonProject/apps/avelune_studio/test/presentation/project_path_submission_test.dart: submits quoted path exactly without invoking the picker
══╡ EXCEPTION CAUGHT BY FLUTTER TEST FRAMEWORK ╞════════════════════════════════════════════════════
The following StateError was thrown running a test:
Bad state: No element

When the exception was thrown, this was the stack:
#0      Iterable.single (dart:core/iterable.dart:694:25)
#1      WidgetController.element (package:flutter_test/src/controller.dart:888:30)
#2      WidgetController.ensureVisible (package:flutter_test/src/controller.dart:2389:32)
#3      tapVisible (file:///Users/karim/Project/pokemonProject/apps/avelune_studio/test/support/open_project_path.dart:27:16)
<asynchronous suspension>
#4      revealProjectPath (file:///Users/karim/Project/pokemonProject/apps/avelune_studio/test/support/open_project_path.dart:12:5)
<asynchronous suspension>
#5      enterProjectPath (file:///Users/karim/Project/pokemonProject/apps/avelune_studio/test/support/open_project_path.dart:20:3)
<asynchronous suspension>
#6      main.<anonymous closure> (file:///Users/karim/Project/pokemonProject/apps/avelune_studio/test/presentation/project_path_submission_test.dart:35:7)
<asynchronous suspension>
#7      testWidgets.<anonymous closure>.<anonymous closure> (package:flutter_test/src/widget_tester.dart:192:15)
<asynchronous suspension>
#8      TestWidgetsFlutterBinding._runTestBody (package:flutter_test/src/binding.dart:1978:5)
<asynchronous suspension>
<asynchronous suspension>
(elided one frame from package:stack_trace)

The test description was:
  submits quoted path exactly without invoking the picker
════════════════════════════════════════════════════════════════════════════════════════════════════
05:44 +603 ~1 -4: /Users/karim/Project/pokemonProject/apps/avelune_studio/test/presentation/ui08_event_focus_test.dart: UI08 focused name commits original owner on selection save and undo
05:44 +603 ~1 -4: /Users/karim/Project/pokemonProject/apps/avelune_studio/test/presentation/project_path_submission_test.dart: submits quoted path exactly without invoking the picker [E]
  Test failed. See exception logs above.
  The test description was: submits quoted path exactly without invoking the picker

05:44 +603 ~1 -4: /Users/karim/Project/pokemonProject/apps/avelune_studio/test/presentation/project_path_submission_test.dart: submits unicode characters exactly without invoking the picker
══╡ EXCEPTION CAUGHT BY FLUTTER TEST FRAMEWORK ╞════════════════════════════════════════════════════
The following StateError was thrown running a test:
Bad state: No element

When the exception was thrown, this was the stack:
#0      Iterable.single (dart:core/iterable.dart:694:25)
#1      WidgetController.element (package:flutter_test/src/controller.dart:888:30)
#2      WidgetController.ensureVisible (package:flutter_test/src/controller.dart:2389:32)
#3      tapVisible (file:///Users/karim/Project/pokemonProject/apps/avelune_studio/test/support/open_project_path.dart:27:16)
<asynchronous suspension>
#4      revealProjectPath (file:///Users/karim/Project/pokemonProject/apps/avelune_studio/test/support/open_project_path.dart:12:5)
<asynchronous suspension>
#5      enterProjectPath (file:///Users/karim/Project/pokemonProject/apps/avelune_studio/test/support/open_project_path.dart:20:3)
<asynchronous suspension>
#6      main.<anonymous closure> (file:///Users/karim/Project/pokemonProject/apps/avelune_studio/test/presentation/project_path_submission_test.dart:35:7)
<asynchronous suspension>
#7      testWidgets.<anonymous closure>.<anonymous closure> (package:flutter_test/src/widget_tester.dart:192:15)
<asynchronous suspension>
#8      TestWidgetsFlutterBinding._runTestBody (package:flutter_test/src/binding.dart:1978:5)
<asynchronous suspension>
<asynchronous suspension>
(elided one frame from package:stack_trace)

The test description was:
  submits unicode characters exactly without invoking the picker
════════════════════════════════════════════════════════════════════════════════════════════════════
05:44 +603 ~1 -5: /Users/karim/Project/pokemonProject/apps/avelune_studio/test/presentation/ui08_event_focus_test.dart: UI08 focused name commits original owner on selection save and undo
05:44 +603 ~1 -5: /Users/karim/Project/pokemonProject/apps/avelune_studio/test/presentation/project_path_submission_test.dart: submits unicode characters exactly without invoking the picker [E]
  Test failed. See exception logs above.
  The test description was: submits unicode characters exactly without invoking the picker

05:45 +603 ~1 -5: /Users/karim/Project/pokemonProject/apps/avelune_studio/test/presentation/project_path_submission_test.dart: submits tilde exactly without invoking the picker
══╡ EXCEPTION CAUGHT BY FLUTTER TEST FRAMEWORK ╞════════════════════════════════════════════════════
The following StateError was thrown running a test:
Bad state: No element

When the exception was thrown, this was the stack:
#0      Iterable.single (dart:core/iterable.dart:694:25)
#1      WidgetController.element (package:flutter_test/src/controller.dart:888:30)
#2      WidgetController.ensureVisible (package:flutter_test/src/controller.dart:2389:32)
#3      tapVisible (file:///Users/karim/Project/pokemonProject/apps/avelune_studio/test/support/open_project_path.dart:27:16)
<asynchronous suspension>
#4      revealProjectPath (file:///Users/karim/Project/pokemonProject/apps/avelune_studio/test/support/open_project_path.dart:12:5)
<asynchronous suspension>
#5      enterProjectPath (file:///Users/karim/Project/pokemonProject/apps/avelune_studio/test/support/open_project_path.dart:20:3)
<asynchronous suspension>
#6      main.<anonymous closure> (file:///Users/karim/Project/pokemonProject/apps/avelune_studio/test/presentation/project_path_submission_test.dart:35:7)
<asynchronous suspension>
#7      testWidgets.<anonymous closure>.<anonymous closure> (package:flutter_test/src/widget_tester.dart:192:15)
<asynchronous suspension>
#8      TestWidgetsFlutterBinding._runTestBody (package:flutter_test/src/binding.dart:1978:5)
<asynchronous suspension>
<asynchronous suspension>
(elided one frame from package:stack_trace)

The test description was:
  submits tilde exactly without invoking the picker
════════════════════════════════════════════════════════════════════════════════════════════════════
05:45 +603 ~1 -6: /Users/karim/Project/pokemonProject/apps/avelune_studio/test/presentation/ui08_event_focus_test.dart: UI08 focused name commits original owner on selection save and undo
05:45 +603 ~1 -6: /Users/karim/Project/pokemonProject/apps/avelune_studio/test/presentation/project_path_submission_test.dart: submits tilde exactly without invoking the picker [E]
  Test failed. See exception logs above.
  The test description was: submits tilde exactly without invoking the picker

05:45 +603 ~1 -6: /Users/karim/Project/pokemonProject/apps/avelune_studio/test/presentation/project_path_submission_test.dart: passes the native trailing space unchanged to the session
══╡ EXCEPTION CAUGHT BY FLUTTER TEST FRAMEWORK ╞════════════════════════════════════════════════════
The following StateError was thrown running a test:
Bad state: No element

When the exception was thrown, this was the stack:
#0      Iterable.single (dart:core/iterable.dart:694:25)
#1      WidgetController.element (package:flutter_test/src/controller.dart:888:30)
#2      WidgetController.ensureVisible (package:flutter_test/src/controller.dart:2389:32)
#3      tapVisible (file:///Users/karim/Project/pokemonProject/apps/avelune_studio/test/support/open_project_path.dart:27:16)
<asynchronous suspension>
#4      revealProjectPath (file:///Users/karim/Project/pokemonProject/apps/avelune_studio/test/support/open_project_path.dart:12:5)
<asynchronous suspension>
#5      enterProjectPath (file:///Users/karim/Project/pokemonProject/apps/avelune_studio/test/support/open_project_path.dart:20:3)
<asynchronous suspension>
#6      main.<anonymous closure> (file:///Users/karim/Project/pokemonProject/apps/avelune_studio/test/presentation/project_path_submission_test.dart:58:5)
<asynchronous suspension>
#7      testWidgets.<anonymous closure>.<anonymous closure> (package:flutter_test/src/widget_tester.dart:192:15)
<asynchronous suspension>
#8      TestWidgetsFlutterBinding._runTestBody (package:flutter_test/src/binding.dart:1978:5)
<asynchronous suspension>
<asynchronous suspension>
(elided one frame from package:stack_trace)

The test description was:
  passes the native trailing space unchanged to the session
════════════════════════════════════════════════════════════════════════════════════════════════════
05:45 +603 ~1 -7: /Users/karim/Project/pokemonProject/apps/avelune_studio/test/presentation/ui08_event_focus_test.dart: UI08 focused name commits original owner on selection save and undo
05:45 +603 ~1 -7: /Users/karim/Project/pokemonProject/apps/avelune_studio/test/presentation/project_path_submission_test.dart: passes the native trailing space unchanged to the session [E]
  Test failed. See exception logs above.
  The test description was: passes the native trailing space unchanged to the session

05:45 +603 ~1 -7: /Users/karim/Project/pokemonProject/apps/avelune_studio/test/presentation/project_path_submission_test.dart: an actually empty field opens the picker without reading
══╡ EXCEPTION CAUGHT BY FLUTTER TEST FRAMEWORK ╞════════════════════════════════════════════════════
The following StateError was thrown running a test:
Bad state: No element

When the exception was thrown, this was the stack:
#0      Iterable.single (dart:core/iterable.dart:694:25)
#1      WidgetController.element (package:flutter_test/src/controller.dart:888:30)
#2      WidgetController.ensureVisible (package:flutter_test/src/controller.dart:2389:32)
#3      tapVisible (file:///Users/karim/Project/pokemonProject/apps/avelune_studio/test/support/open_project_path.dart:27:16)
<asynchronous suspension>
#4      revealProjectPath (file:///Users/karim/Project/pokemonProject/apps/avelune_studio/test/support/open_project_path.dart:12:5)
<asynchronous suspension>
#5      main.<anonymous closure> (file:///Users/karim/Project/pokemonProject/apps/avelune_studio/test/presentation/project_path_submission_test.dart:96:5)
<asynchronous suspension>
#6      testWidgets.<anonymous closure>.<anonymous closure> (package:flutter_test/src/widget_tester.dart:192:15)
<asynchronous suspension>
#7      TestWidgetsFlutterBinding._runTestBody (package:flutter_test/src/binding.dart:1978:5)
<asynchronous suspension>
<asynchronous suspension>
(elided one frame from package:stack_trace)

The test description was:
  an actually empty field opens the picker without reading
════════════════════════════════════════════════════════════════════════════════════════════════════
05:45 +603 ~1 -8: /Users/karim/Project/pokemonProject/apps/avelune_studio/test/presentation/ui08_event_focus_test.dart: UI08 focused name commits original owner on selection save and undo
05:45 +603 ~1 -8: /Users/karim/Project/pokemonProject/apps/avelune_studio/test/presentation/project_path_submission_test.dart: an actually empty field opens the picker without reading [E]
  Test failed. See exception logs above.
  The test description was: an actually empty field opens the picker without reading

05:46 +603 ~1 -8: /Users/karim/Project/pokemonProject/apps/avelune_studio/test/presentation/project_path_submission_test.dart: cancelling the picker preserves the session and entered text
══╡ EXCEPTION CAUGHT BY FLUTTER TEST FRAMEWORK ╞════════════════════════════════════════════════════
The following StateError was thrown running a test:
Bad state: No element

When the exception was thrown, this was the stack:
#0      Iterable.single (dart:core/iterable.dart:694:25)
#1      WidgetController.element (package:flutter_test/src/controller.dart:888:30)
#2      WidgetController.ensureVisible (package:flutter_test/src/controller.dart:2389:32)
#3      tapVisible (file:///Users/karim/Project/pokemonProject/apps/avelune_studio/test/support/open_project_path.dart:27:16)
<asynchronous suspension>
#4      revealProjectPath (file:///Users/karim/Project/pokemonProject/apps/avelune_studio/test/support/open_project_path.dart:12:5)
<asynchronous suspension>
#5      main.<anonymous closure> (file:///Users/karim/Project/pokemonProject/apps/avelune_studio/test/presentation/project_path_submission_test.dart:125:5)
<asynchronous suspension>
#6      testWidgets.<anonymous closure>.<anonymous closure> (package:flutter_test/src/widget_tester.dart:192:15)
<asynchronous suspension>
#7      TestWidgetsFlutterBinding._runTestBody (package:flutter_test/src/binding.dart:1978:5)
<asynchronous suspension>
<asynchronous suspension>
(elided one frame from package:stack_trace)

The test description was:
  cancelling the picker preserves the session and entered text
════════════════════════════════════════════════════════════════════════════════════════════════════
05:46 +603 ~1 -9: /Users/karim/Project/pokemonProject/apps/avelune_studio/test/presentation/ui08_event_focus_test.dart: UI08 focused name commits original owner on selection save and undo
05:46 +603 ~1 -9: /Users/karim/Project/pokemonProject/apps/avelune_studio/test/presentation/project_path_submission_test.dart: cancelling the picker preserves the session and entered text [E]
  Test failed. See exception logs above.
  The test description was: cancelling the picker preserves the session and entered text

05:46 +603 ~1 -9: /Users/karim/Project/pokemonProject/apps/avelune_studio/test/presentation/project_path_submission_test.dart: shows the typed refusal in French and accepts a corrected path
══╡ EXCEPTION CAUGHT BY FLUTTER TEST FRAMEWORK ╞════════════════════════════════════════════════════
The following StateError was thrown running a test:
Bad state: No element

When the exception was thrown, this was the stack:
#0      Iterable.single (dart:core/iterable.dart:694:25)
#1      WidgetController.element (package:flutter_test/src/controller.dart:888:30)
#2      WidgetController.ensureVisible (package:flutter_test/src/controller.dart:2389:32)
#3      tapVisible (file:///Users/karim/Project/pokemonProject/apps/avelune_studio/test/support/open_project_path.dart:27:16)
<asynchronous suspension>
#4      revealProjectPath (file:///Users/karim/Project/pokemonProject/apps/avelune_studio/test/support/open_project_path.dart:12:5)
<asynchronous suspension>
#5      enterProjectPath (file:///Users/karim/Project/pokemonProject/apps/avelune_studio/test/support/open_project_path.dart:20:3)
<asynchronous suspension>
#6      main.<anonymous closure> (file:///Users/karim/Project/pokemonProject/apps/avelune_studio/test/presentation/project_path_submission_test.dart:146:7)
<asynchronous suspension>
#7      testWidgets.<anonymous closure>.<anonymous closure> (package:flutter_test/src/widget_tester.dart:192:15)
<asynchronous suspension>
#8      TestWidgetsFlutterBinding._runTestBody (package:flutter_test/src/binding.dart:1978:5)
<asynchronous suspension>
<asynchronous suspension>
(elided one frame from package:stack_trace)

The test description was:
  shows the typed refusal in French and accepts a corrected path
════════════════════════════════════════════════════════════════════════════════════════════════════
05:46 +603 ~1 -10: /Users/karim/Project/pokemonProject/apps/avelune_studio/test/presentation/ui08_event_focus_test.dart: UI08 focused name commits original owner on selection save and undo
05:46 +603 ~1 -10: /Users/karim/Project/pokemonProject/apps/avelune_studio/test/presentation/project_path_submission_test.dart: shows the typed refusal in French and accepts a corrected path [E]
  Test failed. See exception logs above.
  The test description was: shows the typed refusal in French and accepts a corrected path

05:46 +604 ~1 -10: /Users/karim/Project/pokemonProject/apps/avelune_studio/test/presentation/ui08_event_focus_test.dart: UI08 focused name commits original owner on selection save and undo
05:48 +605 ~1 -10: /Users/karim/Project/pokemonProject/apps/avelune_studio/test/presentation/ui08_event_focus_test.dart: UI08 focused name commits original owner on selection save and undo
05:48 +606 ~1 -10: /Users/karim/Project/pokemonProject/apps/avelune_studio/test/presentation/ui08_event_focus_test.dart: UI08 focused name commits original owner on selection save and undo
05:48 +607 ~1 -10: /Users/karim/Project/pokemonProject/apps/avelune_studio/test/presentation/ui08_event_focus_test.dart: UI08 focused name commits original owner on selection save and undo
05:49 +608 ~1 -10: /Users/karim/Project/pokemonProject/apps/avelune_studio/test/presentation/ui04_terrain_journey_test.dart: UI04 source rules trial publication and map preserve the current session
05:55 +609 ~1 -10: /Users/karim/Project/pokemonProject/apps/avelune_studio/test/presentation/ui04_terrain_journey_test.dart: UI04 source rules trial publication and map preserve the current session
06:05 +610 ~1 -10: /Users/karim/Project/pokemonProject/apps/avelune_studio/test/presentation/ui04_terrain_journey_test.dart: UI04 source rules trial publication and map preserve the current session
06:06 +611 ~1 -10: /Users/karim/Project/pokemonProject/apps/avelune_studio/test/presentation/ui03_resource_journey_test.dart: UI03 real previews selection search return and compact detail
06:07 +612 ~1 -10: /Users/karim/Project/pokemonProject/apps/avelune_studio/test/presentation/ui03_resource_journey_test.dart: UI03 real previews selection search return and compact detail
06:08 +613 ~1 -10: /Users/karim/Project/pokemonProject/apps/avelune_studio/test/presentation/ui03_resource_journey_test.dart: UI03 real previews selection search return and compact detail
06:08 +614 ~1 -10: /Users/karim/Project/pokemonProject/apps/avelune_studio/test/presentation/ui03_resource_journey_test.dart: UI03 real previews selection search return and compact detail
06:10 +615 ~1 -10: /Users/karim/Project/pokemonProject/apps/avelune_studio/test/presentation/ui03_resource_journey_test.dart: UI03 real previews selection search return and compact detail
06:10 +616 ~1 -10: /Users/karim/Project/pokemonProject/apps/avelune_studio/test/presentation/ui03_resource_journey_test.dart: UI03 real previews selection search return and compact detail
06:10 +617 ~1 -10: /Users/karim/Project/pokemonProject/apps/avelune_studio/test/presentation/ui03_resource_journey_test.dart: UI03 real previews selection search return and compact detail
06:10 +618 ~1 -10: /Users/karim/Project/pokemonProject/apps/avelune_studio/test/presentation/ui03_resource_journey_test.dart: UI03 real previews selection search return and compact detail
06:16 +619 ~1 -10: /Users/karim/Project/pokemonProject/apps/avelune_studio/test/presentation/ui03_resource_journey_test.dart: UI03 real previews selection search return and compact detail
06:18 +620 ~1 -10: /Users/karim/Project/pokemonProject/apps/avelune_studio/test/presentation/ui03_resource_journey_test.dart: UI03 real previews selection search return and compact detail
06:18 +621 ~1 -10: /Users/karim/Project/pokemonProject/apps/avelune_studio/test/presentation/ui03_resource_journey_test.dart: UI03 real previews selection search return and compact detail
06:18 +622 ~1 -10: /Users/karim/Project/pokemonProject/apps/avelune_studio/test/presentation/ui03_resource_journey_test.dart: UI03 real previews selection search return and compact detail
06:18 +623 ~1 -10: /Users/karim/Project/pokemonProject/apps/avelune_studio/test/presentation/ui03_resource_journey_test.dart: UI03 real previews selection search return and compact detail
06:18 +624 ~1 -10: /Users/karim/Project/pokemonProject/apps/avelune_studio/test/presentation/ui03_resource_journey_test.dart: UI03 real previews selection search return and compact detail
06:20 +625 ~1 -10: /Users/karim/Project/pokemonProject/apps/avelune_studio/test/presentation/ui02_map_journey_test.dart: UI02 real map, overlap, shared home and responsive viewport
06:23 +626 ~1 -10: /Users/karim/Project/pokemonProject/apps/avelune_studio/test/presentation/ui02_map_journey_test.dart: UI02 real map, overlap, shared home and responsive viewport
06:24 +627 ~1 -10: /Users/karim/Project/pokemonProject/apps/avelune_studio/test/presentation/ui02_map_journey_test.dart: UI02 real map, overlap, shared home and responsive viewport
06:25 +628 ~1 -10: /Users/karim/Project/pokemonProject/apps/avelune_studio/test/presentation/ui02_map_journey_test.dart: UI02 real map, overlap, shared home and responsive viewport
06:33 +629 ~1 -10: /Users/karim/Project/pokemonProject/apps/avelune_studio/test/presentation/ui02_map_journey_test.dart: UI02 real map, overlap, shared home and responsive viewport
06:34 +630 ~1 -10: /Users/karim/Project/pokemonProject/apps/avelune_studio/test/presentation/ui05_narrative_overview_links_test.dart: scene draft remains with its owner after returning to overview
06:36 +631 ~1 -10: /Users/karim/Project/pokemonProject/apps/avelune_studio/test/presentation/ui05_narrative_overview_links_test.dart: scene draft remains with its owner after returning to overview
06:38 +632 ~1 -10: /Users/karim/Project/pokemonProject/apps/avelune_studio/test/presentation/desktop_workspace_layout_test.dart: real stress workspace stays usable across desktop sizes and diagnostics
06:41 +633 ~1 -10: /Users/karim/Project/pokemonProject/apps/avelune_studio/test/presentation/desktop_workspace_layout_test.dart: real stress workspace stays usable across desktop sizes and diagnostics
══╡ EXCEPTION CAUGHT BY FLUTTER TEST FRAMEWORK ╞════════════════════════════════════════════════════
The following TestFailure was thrown running a test:
Expected: null
  Actual: FlutterError:<A RenderFlex overflowed by 188 pixels on the bottom.>
Layout Size(1280.0, 800.0) avec texte ×1.75

When the exception was thrown, this was the stack:
#4      main.<anonymous closure> (file:///Users/karim/Project/pokemonProject/apps/avelune_studio/test/presentation/desktop_workspace_layout_test.dart:97:11)
<asynchronous suspension>
#5      testWidgets.<anonymous closure>.<anonymous closure> (package:flutter_test/src/widget_tester.dart:192:15)
<asynchronous suspension>
#6      TestWidgetsFlutterBinding._runTestBody (package:flutter_test/src/binding.dart:1978:5)
<asynchronous suspension>
<asynchronous suspension>
(elided one frame from package:stack_trace)

This was caught by the test expectation on the following line:
  file:///Users/karim/Project/pokemonProject/apps/avelune_studio/test/presentation/desktop_workspace_layout_test.dart line 97
The test description was:
  real stress workspace stays usable across desktop sizes and diagnostics
════════════════════════════════════════════════════════════════════════════════════════════════════
06:41 +633 ~1 -11: /Users/karim/Project/pokemonProject/apps/avelune_studio/test/presentation/desktop_workspace_layout_test.dart: real stress workspace stays usable across desktop sizes and diagnostics [E]
  Test failed. See exception logs above.
  The test description was: real stress workspace stays usable across desktop sizes and diagnostics

06:42 +633 ~1 -11: /Users/karim/Project/pokemonProject/apps/avelune_studio/test/presentation/m3_workspace_actions_test.dart: failed narrative publication blocks runtime and saving close without losing either map
06:43 +634 ~1 -11: /Users/karim/Project/pokemonProject/apps/avelune_studio/test/presentation/studio_app_test.dart: releases the path field while the native picker owns input
══╡ EXCEPTION CAUGHT BY FLUTTER TEST FRAMEWORK ╞════════════════════════════════════════════════════
The following StateError was thrown running a test:
Bad state: No element

When the exception was thrown, this was the stack:
#0      Iterable.single (dart:core/iterable.dart:694:25)
#1      WidgetController.element (package:flutter_test/src/controller.dart:888:30)
#2      WidgetController.ensureVisible (package:flutter_test/src/controller.dart:2389:32)
#3      tapVisible (file:///Users/karim/Project/pokemonProject/apps/avelune_studio/test/support/open_project_path.dart:27:16)
<asynchronous suspension>
#4      revealProjectPath (file:///Users/karim/Project/pokemonProject/apps/avelune_studio/test/support/open_project_path.dart:12:5)
<asynchronous suspension>
#5      enterProjectPath (file:///Users/karim/Project/pokemonProject/apps/avelune_studio/test/support/open_project_path.dart:20:3)
<asynchronous suspension>
#6      main.<anonymous closure> (file:///Users/karim/Project/pokemonProject/apps/avelune_studio/test/presentation/studio_app_test.dart:23:5)
<asynchronous suspension>
#7      testWidgets.<anonymous closure>.<anonymous closure> (package:flutter_test/src/widget_tester.dart:192:15)
<asynchronous suspension>
#8      TestWidgetsFlutterBinding._runTestBody (package:flutter_test/src/binding.dart:1978:5)
<asynchronous suspension>
<asynchronous suspension>
(elided one frame from package:stack_trace)

The test description was:
  releases the path field while the native picker owns input
════════════════════════════════════════════════════════════════════════════════════════════════════
06:44 +634 ~1 -12: /Users/karim/Project/pokemonProject/apps/avelune_studio/test/presentation/decor_collision_mask_test.dart: six cells remain visible and compact; last cell can toggle
06:44 +634 ~1 -12: /Users/karim/Project/pokemonProject/apps/avelune_studio/test/presentation/studio_app_test.dart: releases the path field while the native picker owns input [E]
  Test failed. See exception logs above.
  The test description was: releases the path field while the native picker owns input

06:44 +635 ~1 -12: /Users/karim/Project/pokemonProject/apps/avelune_studio/test/presentation/decor_collision_mask_test.dart: six cells remain visible and compact; last cell can toggle
06:44 +636 ~1 -12: /Users/karim/Project/pokemonProject/apps/avelune_studio/test/presentation/studio_app_test.dart: opens from the native selection, displays identity and closes
══╡ EXCEPTION CAUGHT BY FLUTTER TEST FRAMEWORK ╞════════════════════════════════════════════════════
The following TestFailure was thrown running a test:
Expected: exactly one matching candidate
  Actual: _TextWidgetFinder:<Found 0 widgets with text "Lecture du projet…": []>
   Which: means none were found but one was expected

When the exception was thrown, this was the stack:
#4      main.<anonymous closure> (file:///Users/karim/Project/pokemonProject/apps/avelune_studio/test/presentation/studio_app_test.dart:54:5)
<asynchronous suspension>
#5      testWidgets.<anonymous closure>.<anonymous closure> (package:flutter_test/src/widget_tester.dart:192:15)
<asynchronous suspension>
#6      TestWidgetsFlutterBinding._runTestBody (package:flutter_test/src/binding.dart:1978:5)
<asynchronous suspension>
<asynchronous suspension>
(elided one frame from package:stack_trace)

This was caught by the test expectation on the following line:
  file:///Users/karim/Project/pokemonProject/apps/avelune_studio/test/presentation/studio_app_test.dart line 54
The test description was:
  opens from the native selection, displays identity and closes
════════════════════════════════════════════════════════════════════════════════════════════════════
06:44 +636 ~1 -13: /Users/karim/Project/pokemonProject/apps/avelune_studio/test/presentation/decor_collision_mask_test.dart: narrow tall mask fits every row within 200 pixels
06:44 +636 ~1 -13: /Users/karim/Project/pokemonProject/apps/avelune_studio/test/presentation/studio_app_test.dart: opens from the native selection, displays identity and closes [E]
  Test failed. See exception logs above.
  The test description was: opens from the native selection, displays identity and closes

06:45 +636 ~1 -13: /Users/karim/Project/pokemonProject/apps/avelune_studio/test/presentation/studio_app_test.dart: shows an actionable failure and retries the entered directory
══╡ EXCEPTION CAUGHT BY FLUTTER TEST FRAMEWORK ╞════════════════════════════════════════════════════
The following StateError was thrown running a test:
Bad state: No element

When the exception was thrown, this was the stack:
#0      Iterable.single (dart:core/iterable.dart:694:25)
#1      WidgetController.element (package:flutter_test/src/controller.dart:888:30)
#2      WidgetController.ensureVisible (package:flutter_test/src/controller.dart:2389:32)
#3      tapVisible (file:///Users/karim/Project/pokemonProject/apps/avelune_studio/test/support/open_project_path.dart:27:16)
<asynchronous suspension>
#4      revealProjectPath (file:///Users/karim/Project/pokemonProject/apps/avelune_studio/test/support/open_project_path.dart:12:5)
<asynchronous suspension>
#5      enterProjectPath (file:///Users/karim/Project/pokemonProject/apps/avelune_studio/test/support/open_project_path.dart:20:3)
<asynchronous suspension>
#6      main.<anonymous closure> (file:///Users/karim/Project/pokemonProject/apps/avelune_studio/test/presentation/studio_app_test.dart:74:5)
<asynchronous suspension>
#7      testWidgets.<anonymous closure>.<anonymous closure> (package:flutter_test/src/widget_tester.dart:192:15)
<asynchronous suspension>
#8      TestWidgetsFlutterBinding._runTestBody (package:flutter_test/src/binding.dart:1978:5)
<asynchronous suspension>
<asynchronous suspension>
(elided one frame from package:stack_trace)

The test description was:
  shows an actionable failure and retries the entered directory
════════════════════════════════════════════════════════════════════════════════════════════════════
06:45 +636 ~1 -14: /Users/karim/Project/pokemonProject/apps/avelune_studio/test/presentation/decor_collision_mask_test.dart: narrow tall mask fits every row within 200 pixels
06:45 +636 ~1 -14: /Users/karim/Project/pokemonProject/apps/avelune_studio/test/presentation/studio_app_test.dart: shows an actionable failure and retries the entered directory [E]
  Test failed. See exception logs above.
  The test description was: shows an actionable failure and retries the entered directory

06:45 +637 ~1 -14: /Users/karim/Project/pokemonProject/apps/avelune_studio/test/presentation/studio_app_test.dart: rebuilds and resizes without recreating or reloading a session
══╡ EXCEPTION CAUGHT BY FLUTTER TEST FRAMEWORK ╞════════════════════════════════════════════════════
The following TestFailure was thrown running a test:
Expected: null
  Actual: FlutterError:<A RenderFlex overflowed by 10.0 pixels on the bottom.>

When the exception was thrown, this was the stack:
#4      main.<anonymous closure> (file:///Users/karim/Project/pokemonProject/apps/avelune_studio/test/presentation/studio_app_test.dart:120:7)
<asynchronous suspension>
#5      testWidgets.<anonymous closure>.<anonymous closure> (package:flutter_test/src/widget_tester.dart:192:15)
<asynchronous suspension>
#6      TestWidgetsFlutterBinding._runTestBody (package:flutter_test/src/binding.dart:1978:5)
<asynchronous suspension>
<asynchronous suspension>
(elided one frame from package:stack_trace)

This was caught by the test expectation on the following line:
  file:///Users/karim/Project/pokemonProject/apps/avelune_studio/test/presentation/studio_app_test.dart line 120
The test description was:
  rebuilds and resizes without recreating or reloading a session
════════════════════════════════════════════════════════════════════════════════════════════════════
06:45 +637 ~1 -15: /Users/karim/Project/pokemonProject/apps/avelune_studio/test/presentation/studio_app_test.dart: rebuilds and resizes without recreating or reloading a session [E]
  Test failed. See exception logs above.
  The test description was: rebuilds and resizes without recreating or reloading a session

06:45 +637 ~1 -15: /Users/karim/Project/pokemonProject/apps/avelune_studio/test/presentation/studio_app_test.dart: supports keyboard submission and focus traversal
══╡ EXCEPTION CAUGHT BY FLUTTER TEST FRAMEWORK ╞════════════════════════════════════════════════════
The following StateError was thrown running a test:
Bad state: No element

When the exception was thrown, this was the stack:
#0      Iterable.single (dart:core/iterable.dart:694:25)
#1      WidgetController.element (package:flutter_test/src/controller.dart:888:30)
#2      WidgetController.ensureVisible (package:flutter_test/src/controller.dart:2389:32)
#3      tapVisible (file:///Users/karim/Project/pokemonProject/apps/avelune_studio/test/support/open_project_path.dart:27:16)
<asynchronous suspension>
#4      revealProjectPath (file:///Users/karim/Project/pokemonProject/apps/avelune_studio/test/support/open_project_path.dart:12:5)
<asynchronous suspension>
#5      enterProjectPath (file:///Users/karim/Project/pokemonProject/apps/avelune_studio/test/support/open_project_path.dart:20:3)
<asynchronous suspension>
#6      main.<anonymous closure> (file:///Users/karim/Project/pokemonProject/apps/avelune_studio/test/presentation/studio_app_test.dart:135:5)
<asynchronous suspension>
#7      testWidgets.<anonymous closure>.<anonymous closure> (package:flutter_test/src/widget_tester.dart:192:15)
<asynchronous suspension>
#8      TestWidgetsFlutterBinding._runTestBody (package:flutter_test/src/binding.dart:1978:5)
<asynchronous suspension>
<asynchronous suspension>
(elided one frame from package:stack_trace)

The test description was:
  supports keyboard submission and focus traversal
════════════════════════════════════════════════════════════════════════════════════════════════════
06:45 +637 ~1 -16: /Users/karim/Project/pokemonProject/apps/avelune_studio/test/presentation/studio_app_test.dart: supports keyboard submission and focus traversal [E]
  Test failed. See exception logs above.
  The test description was: supports keyboard submission and focus traversal

06:45 +637 ~1 -16: /Users/karim/Project/pokemonProject/apps/avelune_studio/test/presentation/studio_app_test.dart: cancels a pending read and disposes its late result
══╡ EXCEPTION CAUGHT BY FLUTTER TEST FRAMEWORK ╞════════════════════════════════════════════════════
The following StateError was thrown running a test:
Bad state: No element

When the exception was thrown, this was the stack:
#0      Iterable.single (dart:core/iterable.dart:694:25)
#1      WidgetController.element (package:flutter_test/src/controller.dart:888:30)
#2      WidgetController.ensureVisible (package:flutter_test/src/controller.dart:2389:32)
#3      tapVisible (file:///Users/karim/Project/pokemonProject/apps/avelune_studio/test/support/open_project_path.dart:27:16)
<asynchronous suspension>
#4      main.<anonymous closure> (file:///Users/karim/Project/pokemonProject/apps/avelune_studio/test/presentation/studio_app_test.dart:154:5)
<asynchronous suspension>
#5      testWidgets.<anonymous closure>.<anonymous closure> (package:flutter_test/src/widget_tester.dart:192:15)
<asynchronous suspension>
#6      TestWidgetsFlutterBinding._runTestBody (package:flutter_test/src/binding.dart:1978:5)
<asynchronous suspension>
<asynchronous suspension>
(elided one frame from package:stack_trace)

The test description was:
  cancels a pending read and disposes its late result
════════════════════════════════════════════════════════════════════════════════════════════════════
06:46 +637 ~1 -17: /Users/karim/Project/pokemonProject/apps/avelune_studio/test/presentation/ui05_narrative_overview_navigation_test.dart: overview opens the exact story and step without publishing
06:46 +637 ~1 -17: /Users/karim/Project/pokemonProject/apps/avelune_studio/test/presentation/studio_app_test.dart: cancels a pending read and disposes its late result [E]
  Test failed. See exception logs above.
  The test description was: cancels a pending read and disposes its late result

06:46 +638 ~1 -17: /Users/karim/Project/pokemonProject/apps/avelune_studio/test/presentation/ui05_narrative_overview_navigation_test.dart: overview opens the exact story and step without publishing
06:49 +639 ~1 -17: /Users/karim/Project/pokemonProject/apps/avelune_studio/test/presentation/ui05_narrative_overview_navigation_test.dart: overview opens the exact story and step without publishing
06:50 +640 ~1 -17: /Users/karim/Project/pokemonProject/apps/avelune_studio/test/presentation/ui05_narrative_overview_navigation_test.dart: overview opens the exact story and step without publishing
06:51 +641 ~1 -17: /Users/karim/Project/pokemonProject/apps/avelune_studio/test/presentation/ui05_narrative_overview_navigation_test.dart: overview opens the exact story and step without publishing
06:52 +642 ~1 -17: /Users/karim/Project/pokemonProject/apps/avelune_studio/test/presentation/ui05_narrative_overview_navigation_test.dart: overview opens the exact story and step without publishing
06:52 +643 ~1 -17: /Users/karim/Project/pokemonProject/apps/avelune_studio/test/presentation/ui05_narrative_overview_navigation_test.dart: overview opens the exact story and step without publishing
06:52 +644 ~1 -17: /Users/karim/Project/pokemonProject/apps/avelune_studio/test/presentation/ui05_narrative_overview_navigation_test.dart: overview opens the exact story and step without publishing
06:53 +645 ~1 -17: /Users/karim/Project/pokemonProject/apps/avelune_studio/test/presentation/ui05_narrative_overview_navigation_test.dart: search and map shortcut preserve the author project
06:53 +645 ~2 -17: /Users/karim/Project/pokemonProject/apps/avelune_studio/test/presentation/ui05_narrative_overview_navigation_test.dart: search and map shortcut preserve the author project
06:54 +646 ~2 -17: /Users/karim/Project/pokemonProject/apps/avelune_studio/test/presentation/ui05_narrative_overview_navigation_test.dart: search and map shortcut preserve the author project
06:55 +647 ~2 -17: /Users/karim/Project/pokemonProject/apps/avelune_studio/test/presentation/ui05_narrative_overview_navigation_test.dart: search and map shortcut preserve the author project
06:55 +648 ~2 -17: /Users/karim/Project/pokemonProject/apps/avelune_studio/test/presentation/ui05_narrative_overview_navigation_test.dart: search and map shortcut preserve the author project
06:55 +649 ~2 -17: /Users/karim/Project/pokemonProject/apps/avelune_studio/test/presentation/ui05_narrative_overview_navigation_test.dart: search and map shortcut preserve the author project
06:55 +650 ~2 -17: /Users/karim/Project/pokemonProject/apps/avelune_studio/test/presentation/ui05_narrative_overview_navigation_test.dart: search and map shortcut preserve the author project
06:55 +651 ~2 -17: /Users/karim/Project/pokemonProject/apps/avelune_studio/test/presentation/ui05_narrative_overview_navigation_test.dart: search and map shortcut preserve the author project
06:55 +652 ~2 -17: /Users/karim/Project/pokemonProject/apps/avelune_studio/test/presentation/ui05_narrative_overview_navigation_test.dart: search and map shortcut preserve the author project
06:55 +653 ~2 -17: /Users/karim/Project/pokemonProject/apps/avelune_studio/test/presentation/ui05_narrative_overview_navigation_test.dart: search and map shortcut preserve the author project
06:55 +654 ~2 -17: /Users/karim/Project/pokemonProject/apps/avelune_studio/test/presentation/ui05_narrative_overview_navigation_test.dart: search and map shortcut preserve the author project
06:55 +655 ~2 -17: /Users/karim/Project/pokemonProject/apps/avelune_studio/test/presentation/ui05_narrative_overview_navigation_test.dart: search and map shortcut preserve the author project
06:56 +656 ~2 -17: /Users/karim/Project/pokemonProject/apps/avelune_studio/test/presentation/ui05_narrative_overview_navigation_test.dart: search and map shortcut preserve the author project
06:56 +657 ~2 -17: /Users/karim/Project/pokemonProject/apps/avelune_studio/test/presentation/ui05_narrative_overview_navigation_test.dart: search and map shortcut preserve the author project
06:56 +658 ~2 -17: /Users/karim/Project/pokemonProject/apps/avelune_studio/test/presentation/ui05_narrative_overview_navigation_test.dart: search and map shortcut preserve the author project
06:56 +659 ~2 -17: /Users/karim/Project/pokemonProject/apps/avelune_studio/test/presentation/ui05_narrative_overview_navigation_test.dart: search and map shortcut preserve the author project
06:56 +660 ~2 -17: /Users/karim/Project/pokemonProject/apps/avelune_studio/test/presentation/ui05_narrative_overview_navigation_test.dart: search and map shortcut preserve the author project
06:56 +661 ~2 -17: /Users/karim/Project/pokemonProject/apps/avelune_studio/test/presentation/ui05_narrative_overview_navigation_test.dart: search and map shortcut preserve the author project
06:56 +662 ~2 -17: /Users/karim/Project/pokemonProject/apps/avelune_studio/test/presentation/ui05_narrative_overview_navigation_test.dart: search and map shortcut preserve the author project
06:57 +663 ~2 -17: /Users/karim/Project/pokemonProject/apps/avelune_studio/test/presentation/ui05_narrative_overview_navigation_test.dart: search and map shortcut preserve the author project
06:59 +664 ~2 -17: /Users/karim/Project/pokemonProject/apps/avelune_studio/test/presentation/ui05_narrative_overview_navigation_test.dart: search and map shortcut preserve the author project
06:59 +665 ~2 -17: /Users/karim/Project/pokemonProject/apps/avelune_studio/test/presentation/ui05_narrative_overview_navigation_test.dart: search and map shortcut preserve the author project
06:59 +666 ~2 -17: /Users/karim/Project/pokemonProject/apps/avelune_studio/test/presentation/ui05_narrative_overview_navigation_test.dart: search and map shortcut preserve the author project
07:00 +667 ~2 -17: /Users/karim/Project/pokemonProject/apps/avelune_studio/test/presentation/ui05_narrative_overview_navigation_test.dart: search and map shortcut preserve the author project
07:00 +668 ~2 -17: /Users/karim/Project/pokemonProject/apps/avelune_studio/test/presentation/ui08_event_playtest_test.dart: launch refuses selection changing during asynchronous read
07:00 +669 ~2 -17: /Users/karim/Project/pokemonProject/apps/avelune_studio/test/presentation/ui08_event_playtest_test.dart: launch refuses record changing during asynchronous read
07:00 +670 ~2 -17: /Users/karim/Project/pokemonProject/apps/avelune_studio/test/presentation/ui08_event_playtest_test.dart: launch refuses map changing during asynchronous read
07:00 +671 ~2 -17: /Users/karim/Project/pokemonProject/apps/avelune_studio/test/presentation/ui08_event_playtest_test.dart: launch refuses project changing during asynchronous read
07:01 +672 ~2 -17: /Users/karim/Project/pokemonProject/apps/avelune_studio/test/presentation/ui08_event_playtest_test.dart: flush failure blocks close and both playtest routes without rejected UI futures
07:01 +673 ~2 -17: /Users/karim/Project/pokemonProject/apps/avelune_studio/test/presentation/ui11_scene_presentation_binding_test.dart: typed linked callbacks retain scene draft, selection and viewport
07:02 +674 ~2 -17: /Users/karim/Project/pokemonProject/apps/avelune_studio/test/presentation/m3_authoring_journey_test.dart: author edits choices conditions and story, publishes and reopens
07:03 +675 ~2 -17: /Users/karim/Project/pokemonProject/apps/avelune_studio/test/presentation/m3_authoring_journey_test.dart: author edits choices conditions and story, publishes and reopens
07:11 +676 ~2 -17: /Users/karim/Project/pokemonProject/apps/avelune_studio/test/presentation/m3_authoring_journey_test.dart: author edits choices conditions and story, publishes and reopens
07:12 +677 ~2 -17: /Users/karim/Project/pokemonProject/apps/avelune_studio/test/presentation/ui07_story_selection_test.dart: UI07 rapid selection commits only original target and removed target remains unavailable
07:16 +678 ~2 -17: /Users/karim/Project/pokemonProject/apps/avelune_studio/test/presentation/ui06_scene_navigation_test.dart: UI06 advanced interaction opens exact scene and draft survives navigation and refused close
07:19 +679 ~2 -17: /Users/karim/Project/pokemonProject/apps/avelune_studio/test/presentation/ui07_story_selection_test.dart: UI07 homonym story IDs and filtering retain the exact active dirty document
07:19 +680 ~2 -17: /Users/karim/Project/pokemonProject/apps/avelune_studio/test/presentation/ui07_story_selection_test.dart: UI07 coherence reveals the actual missing reference from structure without publishing
07:21 +681 ~2 -17: /Users/karim/Project/pokemonProject/apps/avelune_studio/test/presentation/m2_end_to_end_test.dart: real import decor terrain save reload and runtime journey
07:23 +682 ~2 -17: /Users/karim/Project/pokemonProject/apps/avelune_studio/test/presentation/m2_end_to_end_test.dart: real import decor terrain save reload and runtime journey
[runtime_loader] bundle load start projectFilePath=/private/var/folders/b5/7gsfwzyd449_54n8l40h40gc0000gn/T/avelune_m2_ui_DU1DrG/project.json mapId=jardin
[runtime_loader] project manifest lookup path=/private/var/folders/b5/7gsfwzyd449_54n8l40h40gc0000gn/T/avelune_m2_ui_DU1DrG/project.json
[runtime_loader] project manifest read ok bytes=45398
[runtime_loader] project manifest validated maps=2 tilesets=2 scenarios=0
[runtime_loader] bundle map resolved mapId=jardin relativePath=maps/jardin.json mapPath=/private/var/folders/b5/7gsfwzyd449_54n8l40h40gc0000gn/T/avelune_m2_ui_DU1DrG/maps/jardin.json
[runtime_loader] map file lookup path=/private/var/folders/b5/7gsfwzyd449_54n8l40h40gc0000gn/T/avelune_m2_ui_DU1DrG/maps/jardin.json
[runtime_loader] map file read ok bytes=23842
[runtime_loader] map validated id=jardin size=24x16 layers=4 entities=1 placedElements=6 warps=0 triggers=0
[runtime_loader] bundle tilesets collected ids=atelier,source_1790184081250838_2247882201
[runtime_loader] bundle tileset path id=atelier path=/private/var/folders/b5/7gsfwzyd449_54n8l40h40gc0000gn/T/avelune_m2_ui_DU1DrG/assets/atelier.png
[runtime_loader] bundle tileset path id=source_1790184081250838_2247882201 path=/private/var/folders/b5/7gsfwzyd449_54n8l40h40gc0000gn/T/avelune_m2_ui_DU1DrG/assets/.pokemap-store/410a5c9667c98ac02aab06b022caa817b619b07228972c838d3c023576cff8a8.blob
[runtime_loader] bundle load ok mapId=jardin projectRoot=/private/var/folders/b5/7gsfwzyd449_54n8l40h40gc0000gn/T/avelune_m2_ui_DU1DrG tilesets=2
[runtime_game] tileset image load start map=jardin
[runtime_game] tileset cache resolve requested=2
[runtime_game] tileset cache resolve ok result=2
[runtime_game] onLoad start map=jardin projectFilePath=/private/var/folders/b5/7gsfwzyd449_54n8l40h40gc0000gn/T/avelune_m2_ui_DU1DrG/project.json tilesets=2
[runtime_game] world build start map=jardin
[runtime] Map loaded: jardin, spawn at (8, 9)
[runtime_game] tileset image load ok count=2 map=jardin
[runtime_game] mount root map start map=jardin
[runtime_game] mount root map ok map=jardin
[runtime_game] onLoad completed activeMapId=jardin
[event_v2] mapEnter activation=mapact_1790184093140351_1 map=jardin reason=initialBoot result=MapEnterProductionDispatchLegacyFallback
07:38 +683 ~2 -17: /Users/karim/Project/pokemonProject/apps/avelune_studio/test/presentation/ui08_event_journey_test.dart: UI08 complete source conditions scene publication simulation and returns
07:40 +684 ~2 -17: /Users/karim/Project/pokemonProject/apps/avelune_studio/test/presentation/m2_end_to_end_test.dart: large resource library remains usable at narrow enlarged text
07:41 +685 ~2 -17: /Users/karim/Project/pokemonProject/apps/avelune_studio/test/presentation/studio_gallery_test.dart: gallery controls resources and tokens remain usable: desktop
07:42 +686 ~2 -17: /Users/karim/Project/pokemonProject/apps/avelune_studio/test/presentation/studio_gallery_test.dart: gallery controls resources and tokens remain usable: desktop
07:42 +687 ~2 -17: /Users/karim/Project/pokemonProject/apps/avelune_studio/test/presentation/ui02_palette_test.dart: inline atlas selects real tile and preserves zoom across tabs
07:42 +688 ~2 -17: /Users/karim/Project/pokemonProject/apps/avelune_studio/test/presentation/studio_gallery_test.dart: gallery controls resources and tokens remain usable: compact-large-text
07:43 +689 ~2 -17: /Users/karim/Project/pokemonProject/apps/avelune_studio/test/presentation/brush_retention_transition_test.dart: tool integration retains one brush with hidden palette and small budget
07:44 +690 ~2 -17: /Users/karim/Project/pokemonProject/apps/avelune_studio/test/presentation/brush_retention_transition_test.dart: tool integration retains one brush with hidden palette and small budget
07:44 +691 ~2 -17: /Users/karim/Project/pokemonProject/apps/avelune_studio/test/presentation/brush_retention_transition_test.dart: tool integration retains one brush with hidden palette and small budget
07:46 +692 ~2 -17: /Users/karim/Project/pokemonProject/apps/avelune_studio/test/presentation/brush_retention_transition_test.dart: tool integration retains one brush with hidden palette and small budget
07:46 +693 ~2 -17: /Users/karim/Project/pokemonProject/apps/avelune_studio/test/presentation/brush_retention_transition_test.dart: tool integration retains one brush with hidden palette and small budget
07:46 +694 ~2 -17: /Users/karim/Project/pokemonProject/apps/avelune_studio/test/presentation/brush_retention_transition_test.dart: tool integration retains one brush with hidden palette and small budget
07:50 +695 ~2 -17: /Users/karim/Project/pokemonProject/apps/avelune_studio/test/presentation/ui05_narrative_overview_collection_test.dart: large story collections keep the overview bounded and searchable
07:51 +696 ~2 -17: /Users/karim/Project/pokemonProject/apps/avelune_studio/test/presentation/ui06_scene_action_form_test.dart: action edits preserve opaque metadata until explicit apply
07:52 +697 ~2 -17: /Users/karim/Project/pokemonProject/apps/avelune_studio/test/presentation/ui05_narrative_overview_collection_test.dart: filter leaves a neutral detail until a visible story is selected
07:52 +698 ~2 -17: /Users/karim/Project/pokemonProject/apps/avelune_studio/test/presentation/ui05_narrative_overview_collection_test.dart: filter leaves a neutral detail until a visible story is selected
07:53 +699 ~2 -17: /Users/karim/Project/pokemonProject/apps/avelune_studio/test/presentation/ui05_narrative_overview_collection_test.dart: filter leaves a neutral detail until a visible story is selected
07:53 +700 ~2 -17: /Users/karim/Project/pokemonProject/apps/avelune_studio/test/presentation/ui05_narrative_overview_collection_test.dart: overview creates a scene and an event through their owners
07:57 +701 ~2 -17: /Users/karim/Project/pokemonProject/apps/avelune_studio/test/presentation/ui05_story_journey_test.dart: UI05 story overview reads canonical fixture without mutations
07:59 +702 ~2 -17: /Users/karim/Project/pokemonProject/apps/avelune_studio/test/presentation/ui05_story_journey_test.dart: UI05 story overview reads canonical fixture without mutations
08:02 +703 ~2 -17: /Users/karim/Project/pokemonProject/apps/avelune_studio/test/presentation/ui05_narrative_artwork_test.dart: overview uses project artwork for hero, story, and scene
08:02 +704 ~2 -17: /Users/karim/Project/pokemonProject/apps/avelune_studio/test/presentation/ui05_narrative_artwork_test.dart: a project without storylines features its real scenes
08:04 +705 ~2 -17: /Users/karim/Project/pokemonProject/apps/avelune_studio/test/presentation/ui08_event_sources_test.dart: UI08 four real sources preserve exact targets and Escape cancels without writes
08:11 +706 ~2 -17: /Users/karim/Project/pokemonProject/apps/avelune_studio/test/presentation/ui08_event_sources_test.dart: UI08 four real sources preserve exact targets and Escape cancels without writes
08:13 +707 ~2 -17: /Users/karim/Project/pokemonProject/apps/avelune_studio/test/presentation/ui05_narrative_overview_landing_test.dart: history map shortcut disarms placement and eraser before canvas input
08:15 +708 ~2 -17: /Users/karim/Project/pokemonProject/apps/avelune_studio/test/presentation/resource_detail_ui03_test.dart: terrain category is canonical and missing maps are explained
08:15 +709 ~2 -17: /Users/karim/Project/pokemonProject/apps/avelune_studio/test/presentation/resource_detail_ui03_test.dart: use action stays visible while detail scrolls at 150 percent
08:15 +710 ~2 -17: /Users/karim/Project/pokemonProject/apps/avelune_studio/test/presentation/resource_detail_ui03_test.dart: unprepared image retains an honest tile-use destination
08:15 +711 ~2 -17: /Users/karim/Project/pokemonProject/apps/avelune_studio/test/presentation/resource_detail_ui03_test.dart: terrain example resolves distinct edges using real tile IDs
08:16 +712 ~2 -17: /Users/karim/Project/pokemonProject/apps/avelune_studio/test/terrain_creation_test.dart: source respects rectangular cells, margins, spacing and exact frame pixels
08:16 +713 ~2 -17: /Users/karim/Project/pokemonProject/apps/avelune_studio/test/terrain_creation_test.dart: all 16 native cardinal contexts resolve their own assigned candidate
08:16 +714 ~2 -17: /Users/karim/Project/pokemonProject/apps/avelune_studio/test/terrain_creation_test.dart: scratch paint and erase update neighbor rule using canonical resolver
08:16 +715 ~2 -17: /Users/karim/Project/pokemonProject/apps/avelune_studio/test/terrain_creation_test.dart: incomplete draft saves through existing contract and resumes unchanged
08:16 +716 ~2 -17: /Users/karim/Project/pokemonProject/apps/avelune_studio/test/terrain_creation_test.dart: publication failure retains editable draft and never writes a map
08:16 +717 ~2 -17: /Users/karim/Project/pokemonProject/apps/avelune_studio/test/terrain_creation_test.dart: one brush gesture creates support, paints, undoes and reloads same resolution
08:16 +718 ~2 -17: /Users/karim/Project/pokemonProject/apps/avelune_studio/test/ui13_verification_host_recovery_test.dart: saving from an editor during a control frees the page
08:20 +719 ~2 -17: /Users/karim/Project/pokemonProject/apps/avelune_studio/test/ui13_verification_host_recovery_test.dart: saving from an editor during a control frees the page
08:21 +720 ~2 -17: /Users/karim/Project/pokemonProject/apps/avelune_studio/test/game_export/studio_game_export_cancel_test.dart: cancel before confirmed replacement preserves existing bytes
08:22 +721 ~2 -17: /Users/karim/Project/pokemonProject/apps/avelune_studio/test/game_export/studio_game_export_cancel_test.dart: cancel during destination existence check prevents writing
08:22 +722 ~2 -17: /Users/karim/Project/pokemonProject/apps/avelune_studio/test/game_export/studio_game_export_cancel_test.dart: project invalidation before writing produces no late success
08:23 +723 ~2 -17: /Users/karim/Project/pokemonProject/apps/avelune_studio/test/game_export/studio_game_export_service_test.dart: small desktop sheet keeps fields and actions reachable
08:24 +724 ~2 -17: /Users/karim/Project/pokemonProject/apps/avelune_studio/test/game_export/studio_game_export_service_test.dart: small desktop sheet keeps fields and actions reachable
08:24 +725 ~2 -17: /Users/karim/Project/pokemonProject/apps/avelune_studio/test/game_export/studio_game_export_service_test.dart: small desktop sheet keeps fields and actions reachable
08:26 +726 ~2 -17: /Users/karim/Project/pokemonProject/apps/avelune_studio/test/game_export/studio_game_export_service_test.dart: small desktop sheet keeps fields and actions reachable
08:26 +727 ~2 -17: /Users/karim/Project/pokemonProject/apps/avelune_studio/test/game_export/studio_game_export_service_test.dart: small desktop sheet keeps fields and actions reachable
08:26 +728 ~2 -17: /Users/karim/Project/pokemonProject/apps/avelune_studio/test/game_export/studio_game_export_control_test.dart: missing source resource prevents the package
08:28 +729 ~2 -17: /Users/karim/Project/pokemonProject/apps/avelune_studio/test/game_export/studio_game_export_control_test.dart: missing source resource prevents the package
08:30 +730 ~2 -17: /Users/karim/Project/pokemonProject/apps/avelune_studio/test/game_export/studio_game_export_service_test.dart: a rejected owner save keeps the interaction draft and blocks export
08:31 +731 ~2 -17: /Users/karim/Project/pokemonProject/apps/avelune_studio/test/game_export/studio_game_export_service_test.dart: a rejected owner save keeps the interaction draft and blocks export
08:31 +732 ~2 -17: /Users/karim/Project/pokemonProject/apps/avelune_studio/test/game_export/studio_game_export_service_test.dart: a rejected owner save keeps the interaction draft and blocks export
08:31 +733 ~2 -17: /Users/karim/Project/pokemonProject/apps/avelune_studio/test/game_export/studio_game_export_service_test.dart: a rejected owner save keeps the interaction draft and blocks export
08:32 +734 ~2 -17: /Users/karim/Project/pokemonProject/apps/avelune_studio/test/game_export/studio_game_export_service_test.dart: a rejected owner save keeps the interaction draft and blocks export
08:32 +735 ~2 -17: /Users/karim/Project/pokemonProject/apps/avelune_studio/test/game_export/studio_game_export_service_test.dart: a rejected owner save keeps the interaction draft and blocks export
08:32 +736 ~2 -17: /Users/karim/Project/pokemonProject/apps/avelune_studio/test/game_export/studio_game_export_control_test.dart: canonical writer does not fall back over an existing file
08:32 +737 ~2 -17: /Users/karim/Project/pokemonProject/apps/avelune_studio/test/game_export/studio_game_export_service_test.dart: declining replacement preserves an existing package
08:34 +738 ~2 -17: /Users/karim/Project/pokemonProject/apps/avelune_studio/test/game_export/studio_game_export_close_test.dart: unreadable profile permits workspace and window exit without a draft
08:37 +739 ~2 -17: /Users/karim/Project/pokemonProject/apps/avelune_studio/test/game_export/studio_game_export_service_test.dart: Studio exports the saved two-map story through its own page
08:39 +740 ~2 -17: /Users/karim/Project/pokemonProject/apps/avelune_studio/test/game_export/studio_game_export_service_test.dart: Studio exports the saved two-map story through its own page
08:40 +741 ~2 -17: /Users/karim/Project/pokemonProject/apps/avelune_studio/test/game_export/studio_game_export_close_test.dart: cancelled export keeps every exit guard until cleanup finishes
08:40 +742 ~2 -17: /Users/karim/Project/pokemonProject/apps/avelune_studio/test/game_export/studio_game_export_close_test.dart: cancelled export keeps every exit guard until cleanup finishes
08:44 +743 ~2 -17: /Users/karim/Project/pokemonProject/apps/avelune_studio/test/game_export/studio_game_export_project_switch_test.dart: home opens a modal on its mounted project and exports a package
08:49 +744 ~2 -17: /Users/karim/Project/pokemonProject/apps/avelune_studio/test/game_export/studio_game_export_project_switch_test.dart: home opens a modal on its mounted project and exports a package
08:50 +745 ~2 -17: /Users/karim/Project/pokemonProject/apps/avelune_studio/test/ui12_world_global_close_test.dart: invalid input on a clean rule still requires an explicit choice
08:52 +746 ~2 -17: /Users/karim/Project/pokemonProject/apps/avelune_studio/test/ui12_world_global_close_test.dart: invalid input on a clean rule still requires an explicit choice
08:53 +747 ~2 -17: /Users/karim/Project/pokemonProject/apps/avelune_studio/test/ui12_world_global_close_test.dart: a failed rule keeps close blocked after its new state is saved
08:54 +748 ~2 -17: /Users/karim/Project/pokemonProject/apps/avelune_studio/test/ui12_world_global_close_test.dart: a failed rule keeps close blocked after its new state is saved
08:54 +749 ~2 -17: /Users/karim/Project/pokemonProject/apps/avelune_studio/test/ui12_world_global_close_test.dart: a failed rule keeps close blocked after its new state is saved
08:54 +750 ~2 -17: /Users/karim/Project/pokemonProject/apps/avelune_studio/test/ui12_world_global_close_test.dart: a failed rule keeps close blocked after its new state is saved
08:54 +751 ~2 -17: /Users/karim/Project/pokemonProject/apps/avelune_studio/test/ui12_world_global_close_test.dart: a failed rule keeps close blocked after its new state is saved
08:56 +752 ~2 -17: /Users/karim/Project/pokemonProject/apps/avelune_studio/test/map_workspace/zone_visual_test.dart: the encounter zone inspector holds the charter
08:56 +753 ~2 -17: /Users/karim/Project/pokemonProject/apps/avelune_studio/test/map_workspace/zone_visual_test.dart: the hazard zone inspector holds the charter
08:56 +754 ~2 -17: /Users/karim/Project/pokemonProject/apps/avelune_studio/test/map_workspace/context_keyboard_test.dart: the menu takes the focus and gives it back on Escape
08:57 +755 ~2 -17: /Users/karim/Project/pokemonProject/apps/avelune_studio/test/map_workspace/trigger_visual_test.dart: the story zone inspector holds the charter
08:57 +756 ~2 -17: /Users/karim/Project/pokemonProject/apps/avelune_studio/test/map_workspace/trigger_visual_test.dart: the story zone inspector holds the charter
08:58 +757 ~2 -17: /Users/karim/Project/pokemonProject/apps/avelune_studio/test/map_workspace/trigger_visual_test.dart: the story zone inspector holds the charter
08:58 +758 ~2 -17: /Users/karim/Project/pokemonProject/apps/avelune_studio/test/map_workspace/trigger_visual_test.dart: the story zone inspector holds the charter
08:59 +759 ~2 -17: /Users/karim/Project/pokemonProject/apps/avelune_studio/test/map_workspace/keyboard_delete_host_test.dart: the Delete keys refuse a character an unsaved world rule targets
09:00 +760 ~2 -17: /Users/karim/Project/pokemonProject/apps/avelune_studio/test/map_workspace/keyboard_delete_host_test.dart: the Delete keys refuse a character an unsaved world rule targets
09:00 +761 ~2 -17: /Users/karim/Project/pokemonProject/apps/avelune_studio/test/map_workspace/keyboard_delete_host_test.dart: the Delete keys refuse a character an unsaved world rule targets
09:02 +762 ~2 -17: /Users/karim/Project/pokemonProject/apps/avelune_studio/test/map_workspace/keyboard_delete_host_test.dart: the Delete keys refuse a character an unsaved world rule targets
09:02 +763 ~2 -17: /Users/karim/Project/pokemonProject/apps/avelune_studio/test/map_workspace/keyboard_delete_host_test.dart: the Delete keys refuse a character an unsaved world rule targets
09:02 +764 ~2 -17: /Users/karim/Project/pokemonProject/apps/avelune_studio/test/map_workspace/keyboard_delete_host_test.dart: the Delete keys refuse a character an unsaved world rule targets
09:03 +764 ~2 -17: /Users/karim/Project/pokemonProject/apps/avelune_studio/test/map_workspace/warp_disk_journey_test.dart: a warp saved on disk really carries the player to the other map
[runtime_loader] bundle load start projectFilePath=/private/var/folders/b5/7gsfwzyd449_54n8l40h40gc0000gn/T/avelune_asmap_bXO4eE/project.json mapId=jardin
[runtime_loader] project manifest lookup path=/private/var/folders/b5/7gsfwzyd449_54n8l40h40gc0000gn/T/avelune_asmap_bXO4eE/project.json
[runtime_loader] project manifest read ok bytes=8480
09:03 +765 ~2 -17: /Users/karim/Project/pokemonProject/apps/avelune_studio/test/map_workspace/warp_disk_journey_test.dart: a warp saved on disk really carries the player to the other map
[runtime_loader] project manifest validated maps=2 tilesets=1 scenarios=0
[runtime_loader] bundle map resolved mapId=jardin relativePath=maps/jardin.json mapPath=/private/var/folders/b5/7gsfwzyd449_54n8l40h40gc0000gn/T/avelune_asmap_bXO4eE/maps/jardin.json
[runtime_loader] map file lookup path=/private/var/folders/b5/7gsfwzyd449_54n8l40h40gc0000gn/T/avelune_asmap_bXO4eE/maps/jardin.json
[runtime_loader] map file read ok bytes=17566
[runtime_loader] map validated id=jardin size=24x16 layers=3 entities=1 placedElements=3 warps=1 triggers=0
[runtime_loader] bundle tilesets collected ids=atelier
[runtime_loader] bundle tileset path id=atelier path=/private/var/folders/b5/7gsfwzyd449_54n8l40h40gc0000gn/T/avelune_asmap_bXO4eE/assets/atelier.png
[runtime_loader] bundle load ok mapId=jardin projectRoot=/private/var/folders/b5/7gsfwzyd449_54n8l40h40gc0000gn/T/avelune_asmap_bXO4eE tilesets=1
[runtime_loader] bundle load start projectFilePath=/private/var/folders/b5/7gsfwzyd449_54n8l40h40gc0000gn/T/avelune_asmap_bXO4eE/project.json mapId=clairiere
[runtime_loader] bundle map resolved mapId=clairiere relativePath=maps/clairiere.json mapPath=/private/var/folders/b5/7gsfwzyd449_54n8l40h40gc0000gn/T/avelune_asmap_bXO4eE/maps/clairiere.json
[runtime_loader] map file lookup path=/private/var/folders/b5/7gsfwzyd449_54n8l40h40gc0000gn/T/avelune_asmap_bXO4eE/maps/clairiere.json
[runtime_loader] map file read ok bytes=17187
[runtime_loader] map validated id=clairiere size=24x16 layers=3 entities=1 placedElements=3 warps=0 triggers=0
[runtime_loader] bundle tilesets collected ids=atelier
[runtime_loader] bundle tileset path id=atelier path=/private/var/folders/b5/7gsfwzyd449_54n8l40h40gc0000gn/T/avelune_asmap_bXO4eE/assets/atelier.png
[runtime_loader] bundle load ok mapId=clairiere projectRoot=/private/var/folders/b5/7gsfwzyd449_54n8l40h40gc0000gn/T/avelune_asmap_bXO4eE tilesets=1
09:04 +766 ~2 -17: /Users/karim/Project/pokemonProject/apps/avelune_studio/test/map_workspace/keyboard_delete_host_test.dart: a configured event that is not saved yet protects its character
09:04 +766 ~2 -17: /Users/karim/Project/pokemonProject/apps/avelune_studio/test/map_workspace/warp_disk_journey_test.dart: a warp saved as bump does not fire on a plain step
[runtime_loader] bundle load start projectFilePath=/private/var/folders/b5/7gsfwzyd449_54n8l40h40gc0000gn/T/avelune_asmap_SKsv5D/project.json mapId=jardin
[runtime_loader] project manifest lookup path=/private/var/folders/b5/7gsfwzyd449_54n8l40h40gc0000gn/T/avelune_asmap_SKsv5D/project.json
[runtime_loader] project manifest read ok bytes=8480
[runtime_loader] project manifest validated maps=2 tilesets=1 scenarios=0
[runtime_loader] bundle map resolved mapId=jardin relativePath=maps/jardin.json mapPath=/private/var/folders/b5/7gsfwzyd449_54n8l40h40gc0000gn/T/avelune_asmap_SKsv5D/maps/jardin.json
[runtime_loader] map file lookup path=/private/var/folders/b5/7gsfwzyd449_54n8l40h40gc0000gn/T/avelune_asmap_SKsv5D/maps/jardin.json
[runtime_loader] map file read ok bytes=17565
[runtime_loader] map validated id=jardin size=24x16 layers=3 entities=1 placedElements=3 warps=1 triggers=0
[runtime_loader] bundle tilesets collected ids=atelier
[runtime_loader] bundle tileset path id=atelier path=/private/var/folders/b5/7gsfwzyd449_54n8l40h40gc0000gn/T/avelune_asmap_SKsv5D/assets/atelier.png
[runtime_loader] bundle load ok mapId=jardin projectRoot=/private/var/folders/b5/7gsfwzyd449_54n8l40h40gc0000gn/T/avelune_asmap_SKsv5D tilesets=1
09:04 +767 ~2 -17: /Users/karim/Project/pokemonProject/apps/avelune_studio/test/map_workspace/keyboard_delete_host_test.dart: a configured event that is not saved yet protects its character
09:05 +768 ~2 -17: /Users/karim/Project/pokemonProject/apps/avelune_studio/test/map_workspace/keyboard_delete_host_test.dart: a configured event that is not saved yet protects its character
09:06 +769 ~2 -17: /Users/karim/Project/pokemonProject/apps/avelune_studio/test/map_workspace/keyboard_delete_host_test.dart: a configured event that is not saved yet protects its character
09:06 +770 ~2 -17: /Users/karim/Project/pokemonProject/apps/avelune_studio/test/map_workspace/keyboard_delete_host_test.dart: a rule on a twin id elsewhere blocks nothing, and the deletion undoes
09:07 +771 ~2 -17: /Users/karim/Project/pokemonProject/apps/avelune_studio/test/map_workspace/keyboard_delete_host_test.dart: a rule on a twin id elsewhere blocks nothing, and the deletion undoes
09:07 +772 ~2 -17: /Users/karim/Project/pokemonProject/apps/avelune_studio/test/map_workspace/keyboard_delete_host_test.dart: a rule on a twin id elsewhere blocks nothing, and the deletion undoes
09:07 +773 ~2 -17: /Users/karim/Project/pokemonProject/apps/avelune_studio/test/map_workspace/keyboard_delete_host_test.dart: a rule on a twin id elsewhere blocks nothing, and the deletion undoes
09:07 +774 ~2 -17: /Users/karim/Project/pokemonProject/apps/avelune_studio/test/map_workspace/keyboard_delete_host_test.dart: a rule on a twin id elsewhere blocks nothing, and the deletion undoes
09:07 +775 ~2 -17: /Users/karim/Project/pokemonProject/apps/avelune_studio/test/map_workspace/keyboard_delete_host_test.dart: a rule on a twin id elsewhere blocks nothing, and the deletion undoes
09:07 +776 ~2 -17: /Users/karim/Project/pokemonProject/apps/avelune_studio/test/map_workspace/keyboard_delete_host_test.dart: a rule on a twin id elsewhere blocks nothing, and the deletion undoes
09:09 +777 ~2 -17: /Users/karim/Project/pokemonProject/apps/avelune_studio/test/map_workspace/warp_visual_test.dart: the warp palette and inspector hold the charter at Size(1536.0, 1024.0)
09:09 +778 ~2 -17: /Users/karim/Project/pokemonProject/apps/avelune_studio/test/map_workspace/keyboard_delete_host_test.dart: Delete never acts behind an open context menu
09:09 +779 ~2 -17: /Users/karim/Project/pokemonProject/apps/avelune_studio/test/map_workspace/keyboard_delete_host_test.dart: Delete never acts behind an open context menu
09:10 +780 ~2 -17: /Users/karim/Project/pokemonProject/apps/avelune_studio/test/map_workspace/keyboard_delete_host_test.dart: a story zone whose interaction is being written refuses both paths
09:12 +781 ~2 -17: /Users/karim/Project/pokemonProject/apps/avelune_studio/test/map_workspace/keyboard_delete_host_test.dart: a story zone whose interaction is being written refuses both paths
09:13 +782 ~2 -17: /Users/karim/Project/pokemonProject/apps/avelune_studio/test/map_workspace/keyboard_delete_host_test.dart: a story zone whose interaction is being written refuses both paths
09:13 +783 ~2 -17: /Users/karim/Project/pokemonProject/apps/avelune_studio/test/map_workspace/context_menu_host_test.dart: Propriétés reaches the inspector even when it is compact
09:13 +784 ~2 -17: /Users/karim/Project/pokemonProject/apps/avelune_studio/test/map_workspace/keyboard_delete_host_test.dart: every family the menu deletes, the keyboard deletes and undoes
09:14 +785 ~2 -17: /Users/karim/Project/pokemonProject/apps/avelune_studio/test/map_workspace/keyboard_delete_host_test.dart: every family the menu deletes, the keyboard deletes and undoes
09:15 +786 ~2 -17: /Users/karim/Project/pokemonProject/apps/avelune_studio/test/map_workspace/keyboard_delete_host_test.dart: every family the menu deletes, the keyboard deletes and undoes
09:15 +787 ~2 -17: /Users/karim/Project/pokemonProject/apps/avelune_studio/test/map_workspace/keyboard_delete_host_test.dart: every family the menu deletes, the keyboard deletes and undoes
09:15 +788 ~2 -17: /Users/karim/Project/pokemonProject/apps/avelune_studio/test/map_workspace/keyboard_delete_host_test.dart: every family the menu deletes, the keyboard deletes and undoes
09:16 +789 ~2 -17: /Users/karim/Project/pokemonProject/apps/avelune_studio/test/map_workspace/warp_editing_test.dart: a placed warp keeps the destination that was chosen
09:16 +790 ~2 -17: /Users/karim/Project/pokemonProject/apps/avelune_studio/test/map_workspace/warp_editing_test.dart: only the project maps are offered as destinations
09:16 +791 ~2 -17: /Users/karim/Project/pokemonProject/apps/avelune_studio/test/map_workspace/warp_editing_test.dart: a destination removed from the project is named, not hidden
09:16 +792 ~2 -17: /Users/karim/Project/pokemonProject/apps/avelune_studio/test/map_workspace/warp_editing_test.dart: moving a warp leaves the other families untouched
09:16 +793 ~2 -17: /Users/karim/Project/pokemonProject/apps/avelune_studio/test/map_workspace/warp_editing_test.dart: retargeting goes through the shared validation
09:16 +794 ~2 -17: /Users/karim/Project/pokemonProject/apps/avelune_studio/test/map_workspace/warp_editing_test.dart: placement, move and deletion are undoable step by step
09:16 +795 ~2 -17: /Users/karim/Project/pokemonProject/apps/avelune_studio/test/map_workspace/inspector_fields_undo_test.dart: an undone sign title is not re-applied when leaving the field
09:17 +796 ~2 -17: /Users/karim/Project/pokemonProject/apps/avelune_studio/test/map_workspace/inspector_fields_undo_test.dart: an undone sign title is not re-applied when leaving the field
09:17 +797 ~2 -17: /Users/karim/Project/pokemonProject/apps/avelune_studio/test/map_workspace/inspector_fields_undo_test.dart: an undone sign title is not re-applied when leaving the field
09:17 +798 ~2 -17: /Users/karim/Project/pokemonProject/apps/avelune_studio/test/map_workspace/inspector_fields_undo_test.dart: an undone sign title is not re-applied when leaving the field
09:17 +799 ~2 -17: /Users/karim/Project/pokemonProject/apps/avelune_studio/test/map_workspace/inspector_fields_undo_test.dart: an undone sign title is not re-applied when leaving the field
09:17 +800 ~2 -17: /Users/karim/Project/pokemonProject/apps/avelune_studio/test/map_workspace/inspector_fields_undo_test.dart: an undone sign title is not re-applied when leaving the field
09:17 +801 ~2 -17: /Users/karim/Project/pokemonProject/apps/avelune_studio/test/map_workspace/inspector_fields_undo_test.dart: an undone sign title is not re-applied when leaving the field
09:18 +802 ~2 -17: /Users/karim/Project/pokemonProject/apps/avelune_studio/test/map_workspace/entity_deletion_guard_test.dart: the inspector blocks and explains instead of deleting
09:18 +803 ~2 -17: /Users/karim/Project/pokemonProject/apps/avelune_studio/test/map_workspace/entity_deletion_guard_test.dart: the inspector blocks and explains instead of deleting
09:18 +804 ~2 -17: /Users/karim/Project/pokemonProject/apps/avelune_studio/test/map_workspace/entity_deletion_guard_test.dart: the inspector blocks and explains instead of deleting
09:18 +805 ~2 -17: /Users/karim/Project/pokemonProject/apps/avelune_studio/test/map_workspace/entity_deletion_guard_test.dart: the inspector blocks and explains instead of deleting
09:18 +806 ~2 -17: /Users/karim/Project/pokemonProject/apps/avelune_studio/test/map_workspace/inspector_fields_undo_test.dart: an invalid arrival cell is refused and the field restored
09:18 +807 ~2 -17: /Users/karim/Project/pokemonProject/apps/avelune_studio/test/map_workspace/inspector_fields_undo_test.dart: an invalid arrival cell is refused and the field restored
09:18 +808 ~2 -17: /Users/karim/Project/pokemonProject/apps/avelune_studio/test/map_workspace/inspector_fields_undo_test.dart: saving while a field still has focus keeps the entry
09:19 +809 ~2 -17: /Users/karim/Project/pokemonProject/apps/avelune_studio/test/map_workspace/entity_editing_test.dart: a map without a player start cannot be played at all
09:19 +810 ~2 -17: /Users/karim/Project/pokemonProject/apps/avelune_studio/test/map_workspace/entity_editing_test.dart: the player start follows the author when it is moved
09:19 +811 ~2 -17: /Users/karim/Project/pokemonProject/apps/avelune_studio/test/map_workspace/entity_editing_test.dart: a spawn placed for something else is not a player start
09:19 +812 ~2 -17: /Users/karim/Project/pokemonProject/apps/avelune_studio/test/map_workspace/entity_editing_test.dart: a sign carries its own text and blocks the way
09:19 +813 ~2 -17: /Users/karim/Project/pokemonProject/apps/avelune_studio/test/map_workspace/entity_editing_test.dart: these families never answer for a character
09:19 +814 ~2 -17: /Users/karim/Project/pokemonProject/apps/avelune_studio/test/map_workspace/entity_editing_test.dart: placing, editing and deleting are undoable step by step
09:19 +815 ~2 -17: /Users/karim/Project/pokemonProject/apps/avelune_studio/test/map_workspace/context_move_test.dart: a gameplay zone is really moved by the menu action
09:20 +816 ~2 -17: /Users/karim/Project/pokemonProject/apps/avelune_studio/test/map_workspace/context_move_test.dart: a gameplay zone is really moved by the menu action
09:21 +817 ~2 -17: /Users/karim/Project/pokemonProject/apps/avelune_studio/test/map_workspace/context_move_test.dart: a gameplay zone is really moved by the menu action
09:21 +818 ~2 -17: /Users/karim/Project/pokemonProject/apps/avelune_studio/test/map_workspace/context_move_test.dart: a gameplay zone is really moved by the menu action
09:21 +819 ~2 -17: /Users/karim/Project/pokemonProject/apps/avelune_studio/test/map_workspace/context_move_test.dart: a gameplay zone is really moved by the menu action
09:21 +820 ~2 -17: /Users/karim/Project/pokemonProject/apps/avelune_studio/test/map_workspace/trigger_editing_test.dart: clicking with the story tool finds the zone again
09:21 +821 ~2 -17: /Users/karim/Project/pokemonProject/apps/avelune_studio/test/map_workspace/trigger_editing_test.dart: clicking with the story tool finds the zone again
09:21 +822 ~2 -17: /Users/karim/Project/pokemonProject/apps/avelune_studio/test/map_workspace/context_move_test.dart: a character under the zone does not move instead of it
09:22 +823 ~2 -17: /Users/karim/Project/pokemonProject/apps/avelune_studio/test/map_workspace/story_zone_reopen_host_test.dart: an interaction never saved reopens from the map with its own draft
09:25 +824 ~2 -17: /Users/karim/Project/pokemonProject/apps/avelune_studio/test/map_workspace/story_zone_reopen_host_test.dart: an interaction never saved reopens from the map with its own draft
══╡ EXCEPTION CAUGHT BY FLUTTER TEST FRAMEWORK ╞════════════════════════════════════════════════════
The following TestFailure was thrown running a test:
Expected: exactly one matching candidate
  Actual: _TypeWidgetFinder:<Found 0 widgets with type "NarrativeInteractionPane": []>
   Which: means none were found but one was expected
round 0 opened the draft

When the exception was thrown, this was the stack:
#4      main.<anonymous closure> (file:///Users/karim/Project/pokemonProject/apps/avelune_studio/test/map_workspace/story_zone_reopen_host_test.dart:80:9)
<asynchronous suspension>
#5      testWidgets.<anonymous closure>.<anonymous closure> (package:flutter_test/src/widget_tester.dart:192:15)
<asynchronous suspension>
#6      TestWidgetsFlutterBinding._runTestBody (package:flutter_test/src/binding.dart:1978:5)
<asynchronous suspension>
<asynchronous suspension>
(elided one frame from package:stack_trace)

This was caught by the test expectation on the following line:
  file:///Users/karim/Project/pokemonProject/apps/avelune_studio/test/map_workspace/story_zone_reopen_host_test.dart line 80
The test description was:
  an interaction never saved reopens from the map with its own draft
════════════════════════════════════════════════════════════════════════════════════════════════════
09:28 +824 ~2 -18: /Users/karim/Project/pokemonProject/apps/avelune_studio/test/map_workspace/decor_move_host_test.dart: a move made through the menu is saved and read back independently
09:28 +824 ~2 -18: /Users/karim/Project/pokemonProject/apps/avelune_studio/test/map_workspace/story_zone_reopen_host_test.dart: an interaction never saved reopens from the map with its own draft [E]
  Test failed. See exception logs above.
  The test description was: an interaction never saved reopens from the map with its own draft

09:28 +825 ~2 -18: /Users/karim/Project/pokemonProject/apps/avelune_studio/test/map_workspace/story_zone_reopen_host_test.dart: a saved interaction edited again reopens its current simplified draft
09:30 +826 ~2 -18: /Users/karim/Project/pokemonProject/apps/avelune_studio/test/map_workspace/story_zone_reopen_host_test.dart: a saved interaction edited again reopens its current simplified draft
09:31 +827 ~2 -18: /Users/karim/Project/pokemonProject/apps/avelune_studio/test/map_workspace/story_zone_reopen_host_test.dart: a saved interaction edited again reopens its current simplified draft
══╡ EXCEPTION CAUGHT BY FLUTTER TEST FRAMEWORK ╞════════════════════════════════════════════════════
The following TestFailure was thrown running a test:
Expected: exactly one matching candidate
  Actual: _TypeWidgetFinder:<Found 0 widgets with type "NarrativeInteractionPane": []>
   Which: means none were found but one was expected

When the exception was thrown, this was the stack:
#4      main.<anonymous closure> (file:///Users/karim/Project/pokemonProject/apps/avelune_studio/test/map_workspace/story_zone_reopen_host_test.dart:149:7)
<asynchronous suspension>
#5      testWidgets.<anonymous closure>.<anonymous closure> (package:flutter_test/src/widget_tester.dart:192:15)
<asynchronous suspension>
#6      TestWidgetsFlutterBinding._runTestBody (package:flutter_test/src/binding.dart:1978:5)
<asynchronous suspension>
<asynchronous suspension>
(elided one frame from package:stack_trace)

This was caught by the test expectation on the following line:
  file:///Users/karim/Project/pokemonProject/apps/avelune_studio/test/map_workspace/story_zone_reopen_host_test.dart line 149
The test description was:
  a saved interaction edited again reopens its current simplified draft
════════════════════════════════════════════════════════════════════════════════════════════════════
09:32 +827 ~2 -19: /Users/karim/Project/pokemonProject/apps/avelune_studio/test/map_workspace/decor_move_host_test.dart: Escape during the preview cancels the move without a mutation
09:32 +827 ~2 -19: /Users/karim/Project/pokemonProject/apps/avelune_studio/test/map_workspace/story_zone_reopen_host_test.dart: a saved interaction edited again reopens its current simplified draft [E]
  Test failed. See exception logs above.
  The test description was: a saved interaction edited again reopens its current simplified draft

09:33 +828 ~2 -19: /Users/karim/Project/pokemonProject/apps/avelune_studio/test/map_workspace/story_zone_reopen_host_test.dart: a saved zone interaction opens in its events owner
09:33 +829 ~2 -19: /Users/karim/Project/pokemonProject/apps/avelune_studio/test/map_workspace/decor_move_host_test.dart: Escape during an armed story zone preview leaves the zone in place
09:34 +830 ~2 -19: /Users/karim/Project/pokemonProject/apps/avelune_studio/test/map_workspace/story_zone_reopen_host_test.dart: a late read never reopens the zone once the author went elsewhere
09:35 +831 ~2 -19: /Users/karim/Project/pokemonProject/apps/avelune_studio/test/map_workspace/decor_move_host_test.dart: choosing another tool releases the armed move and its instruction
09:35 +832 ~2 -19: /Users/karim/Project/pokemonProject/apps/avelune_studio/test/map_workspace/story_zone_reopen_host_test.dart: several interactions on one zone offer only those, then open the one
══╡ EXCEPTION CAUGHT BY FLUTTER TEST FRAMEWORK ╞════════════════════════════════════════════════════
The following TestFailure was thrown running a test:
Expected: exactly one matching candidate
  Actual: _TypeWidgetFinder:<Found 0 widgets with type "NarrativeInteractionPane": []>
   Which: means none were found but one was expected

When the exception was thrown, this was the stack:
#4      main.<anonymous closure> (file:///Users/karim/Project/pokemonProject/apps/avelune_studio/test/map_workspace/story_zone_reopen_host_test.dart:231:7)
<asynchronous suspension>
#5      testWidgets.<anonymous closure>.<anonymous closure> (package:flutter_test/src/widget_tester.dart:192:15)
<asynchronous suspension>
#6      TestWidgetsFlutterBinding._runTestBody (package:flutter_test/src/binding.dart:1978:5)
<asynchronous suspension>
<asynchronous suspension>
(elided one frame from package:stack_trace)

This was caught by the test expectation on the following line:
  file:///Users/karim/Project/pokemonProject/apps/avelune_studio/test/map_workspace/story_zone_reopen_host_test.dart line 231
The test description was:
  several interactions on one zone offer only those, then open the one
════════════════════════════════════════════════════════════════════════════════════════════════════
09:38 +832 ~2 -20: /Users/karim/Project/pokemonProject/apps/avelune_studio/test/map_workspace/decor_move_host_test.dart: an armed move never comes back after a round trip to another map
09:38 +832 ~2 -20: /Users/karim/Project/pokemonProject/apps/avelune_studio/test/map_workspace/story_zone_reopen_host_test.dart: several interactions on one zone offer only those, then open the one [E]
  Test failed. See exception logs above.
  The test description was: several interactions on one zone offer only those, then open the one

09:39 +833 ~2 -20: /Users/karim/Project/pokemonProject/apps/avelune_studio/test/map_workspace/warp_player_journey_test.dart: a warp authored in Studio moves the player to the other map
[runtime_loader] bundle load start projectFilePath=/private/var/folders/b5/7gsfwzyd449_54n8l40h40gc0000gn/T/avelune_player_qw8BJ9/project.json mapId=jardin
[runtime_loader] project manifest lookup path=/private/var/folders/b5/7gsfwzyd449_54n8l40h40gc0000gn/T/avelune_player_qw8BJ9/project.json
[runtime_loader] project manifest read ok bytes=8480
[runtime_loader] project manifest validated maps=2 tilesets=1 scenarios=0
[runtime_loader] bundle map resolved mapId=jardin relativePath=maps/jardin.json mapPath=/private/var/folders/b5/7gsfwzyd449_54n8l40h40gc0000gn/T/avelune_player_qw8BJ9/maps/jardin.json
[runtime_loader] map file lookup path=/private/var/folders/b5/7gsfwzyd449_54n8l40h40gc0000gn/T/avelune_player_qw8BJ9/maps/jardin.json
[runtime_loader] map file read ok bytes=17566
[runtime_loader] map validated id=jardin size=24x16 layers=3 entities=1 placedElements=3 warps=1 triggers=0
[runtime_loader] bundle tilesets collected ids=atelier
[runtime_loader] bundle tileset path id=atelier path=/private/var/folders/b5/7gsfwzyd449_54n8l40h40gc0000gn/T/avelune_player_qw8BJ9/assets/atelier.png
[runtime_loader] bundle load ok mapId=jardin projectRoot=/private/var/folders/b5/7gsfwzyd449_54n8l40h40gc0000gn/T/avelune_player_qw8BJ9 tilesets=1
[runtime_game] tileset image load start map=jardin
[runtime_game] tileset cache resolve requested=1
[runtime_game] tileset cache resolve ok result=1
[runtime_game] onLoad start map=jardin projectFilePath=/private/var/folders/b5/7gsfwzyd449_54n8l40h40gc0000gn/T/avelune_player_qw8BJ9/project.json tilesets=1
[runtime_game] world build start map=jardin
[runtime] Map loaded: jardin, spawn at (4, 4)
[runtime_game] tileset image load ok count=1 map=jardin
[runtime_game] mount root map start map=jardin
[runtime_game] mount root map ok map=jardin
[runtime_loader] bundle load start projectFilePath=/private/var/folders/b5/7gsfwzyd449_54n8l40h40gc0000gn/T/avelune_player_qw8BJ9/project.json mapId=clairiere
[runtime_loader] project manifest lookup path=/private/var/folders/b5/7gsfwzyd449_54n8l40h40gc0000gn/T/avelune_player_qw8BJ9/project.json
[runtime_game] onLoad completed activeMapId=jardin
[event_v2] mapEnter activation=mapact_1790184217609515_1 map=jardin reason=initialBoot result=MapEnterProductionDispatchLegacyFallback
[runtime_loader] project manifest read ok bytes=8480
[runtime_loader] project manifest validated maps=2 tilesets=1 scenarios=0
[runtime_loader] bundle map resolved mapId=clairiere relativePath=maps/clairiere.json mapPath=/private/var/folders/b5/7gsfwzyd449_54n8l40h40gc0000gn/T/avelune_player_qw8BJ9/maps/clairiere.json
[runtime_loader] map file lookup path=/private/var/folders/b5/7gsfwzyd449_54n8l40h40gc0000gn/T/avelune_player_qw8BJ9/maps/clairiere.json
[warp] Triggered warp warp-1790184217326371-0 mode=onEnter -> map=clairiere pos=(7, 3)
[runtime_loader] map file read ok bytes=17187
[runtime_loader] map validated id=clairiere size=24x16 layers=3 entities=1 placedElements=3 warps=0 triggers=0
[runtime_loader] bundle tilesets collected ids=atelier
[runtime_loader] bundle tileset path id=atelier path=/private/var/folders/b5/7gsfwzyd449_54n8l40h40gc0000gn/T/avelune_player_qw8BJ9/assets/atelier.png
[runtime_loader] bundle load ok mapId=clairiere projectRoot=/private/var/folders/b5/7gsfwzyd449_54n8l40h40gc0000gn/T/avelune_player_qw8BJ9 tilesets=1
[runtime_game] tileset cache resolve requested=1
[runtime_game] tileset cache resolve ok result=1
[warp] start transition warp=warp-1790184217326371-0 map=jardin -> clairiere target=(7, 3)
[perf][warp] loadBundle=0ms
[warp] target map loaded id=clairiere
[warp] fade out durationMs=170
[perf][warp] worldInitial=0ms
[warp] loading target map visuals id=clairiere
[runtime_game] tileset cache resolve requested=1
[runtime_game] tileset cache resolve ok result=1
[perf][warp] loadTilesets=0ms
[perf][warp] loadBorderAssets=0ms
[perf][warp] revalidateBorderBeforeSwap=0ms
[perf][warp] mountMap=0ms
[warp] player placed at map=clairiere pos=(7, 3)
[perf][warp] configureCamera=0ms
[perf][warp] preloadConnectionsKickoff=0ms
[perf][warp] prewarmWarpsKickoff=0ms
[perf][warp] prewarmBattleKickoff=0ms
[perf][warp] pruneLoadedMaps=0ms
[perf][warp] refreshWorldNpcPresence=0ms
[warp] fade in durationMs=170
[perf][warp] total=16ms
[warp] transition completed
[warp] gameplay unlocked map=clairiere pos=(7, 3)
[event_v2] mapEnter activation=mapact_1790184217724113_2 map=clairiere reason=warp result=MapEnterProductionDispatchLegacyFallback
09:39 +834 ~2 -20: /Users/karim/Project/pokemonProject/apps/avelune_studio/test/map_workspace/context_identity_host_test.dart: twin ids in two families stay distinct rows of the real menu
09:39 +834 ~2 -20: /Users/karim/Project/pokemonProject/apps/avelune_studio/test/map_workspace/warp_player_journey_test.dart: a warp saved as bump keeps the player on the departure map
[runtime_loader] bundle load start projectFilePath=/private/var/folders/b5/7gsfwzyd449_54n8l40h40gc0000gn/T/avelune_player_ZgpqFZ/project.json mapId=jardin
[runtime_loader] project manifest lookup path=/private/var/folders/b5/7gsfwzyd449_54n8l40h40gc0000gn/T/avelune_player_ZgpqFZ/project.json
[runtime_loader] project manifest read ok bytes=8480
[runtime_loader] project manifest validated maps=2 tilesets=1 scenarios=0
[runtime_loader] bundle map resolved mapId=jardin relativePath=maps/jardin.json mapPath=/private/var/folders/b5/7gsfwzyd449_54n8l40h40gc0000gn/T/avelune_player_ZgpqFZ/maps/jardin.json
[runtime_loader] map file lookup path=/private/var/folders/b5/7gsfwzyd449_54n8l40h40gc0000gn/T/avelune_player_ZgpqFZ/maps/jardin.json
[runtime_loader] map file read ok bytes=17565
[runtime_loader] map validated id=jardin size=24x16 layers=3 entities=1 placedElements=3 warps=1 triggers=0
[runtime_loader] bundle tilesets collected ids=atelier
[runtime_loader] bundle tileset path id=atelier path=/private/var/folders/b5/7gsfwzyd449_54n8l40h40gc0000gn/T/avelune_player_ZgpqFZ/assets/atelier.png
[runtime_loader] bundle load ok mapId=jardin projectRoot=/private/var/folders/b5/7gsfwzyd449_54n8l40h40gc0000gn/T/avelune_player_ZgpqFZ tilesets=1
[runtime_game] tileset image load start map=jardin
[runtime_game] tileset cache resolve requested=1
[runtime_game] tileset cache resolve ok result=1
[runtime_game] onLoad start map=jardin projectFilePath=/private/var/folders/b5/7gsfwzyd449_54n8l40h40gc0000gn/T/avelune_player_ZgpqFZ/project.json tilesets=1
[runtime_game] world build start map=jardin
[runtime] Map loaded: jardin, spawn at (4, 4)
[runtime_game] tileset image load ok count=1 map=jardin
[runtime_game] mount root map start map=jardin
[runtime_game] mount root map ok map=jardin
[runtime_loader] bundle load start projectFilePath=/private/var/folders/b5/7gsfwzyd449_54n8l40h40gc0000gn/T/avelune_player_ZgpqFZ/project.json mapId=clairiere
[runtime_loader] project manifest lookup path=/private/var/folders/b5/7gsfwzyd449_54n8l40h40gc0000gn/T/avelune_player_ZgpqFZ/project.json
[runtime_game] onLoad completed activeMapId=jardin
[event_v2] mapEnter activation=mapact_1790184217799345_1 map=jardin reason=initialBoot result=MapEnterProductionDispatchLegacyFallback
[runtime_loader] project manifest read ok bytes=8480
[runtime_loader] project manifest validated maps=2 tilesets=1 scenarios=0
[runtime_loader] bundle map resolved mapId=clairiere relativePath=maps/clairiere.json mapPath=/private/var/folders/b5/7gsfwzyd449_54n8l40h40gc0000gn/T/avelune_player_ZgpqFZ/maps/clairiere.json
[runtime_loader] map file lookup path=/private/var/folders/b5/7gsfwzyd449_54n8l40h40gc0000gn/T/avelune_player_ZgpqFZ/maps/clairiere.json
[runtime_loader] map file read ok bytes=17187
[runtime_loader] map validated id=clairiere size=24x16 layers=3 entities=1 placedElements=3 warps=0 triggers=0
[runtime_loader] bundle tilesets collected ids=atelier
[runtime_loader] bundle tileset path id=atelier path=/private/var/folders/b5/7gsfwzyd449_54n8l40h40gc0000gn/T/avelune_player_ZgpqFZ/assets/atelier.png
[runtime_loader] bundle load ok mapId=clairiere projectRoot=/private/var/folders/b5/7gsfwzyd449_54n8l40h40gc0000gn/T/avelune_player_ZgpqFZ tilesets=1
[runtime_game] tileset cache resolve requested=1
[runtime_game] tileset cache resolve ok result=1
09:39 +835 ~2 -20: /Users/karim/Project/pokemonProject/apps/avelune_studio/test/map_workspace/context_identity_host_test.dart: twin ids in two families stay distinct rows of the real menu
09:41 +836 ~2 -20: /Users/karim/Project/pokemonProject/apps/avelune_studio/test/map_workspace/context_identity_host_test.dart: twin ids in two families stay distinct rows of the real menu
09:41 +837 ~2 -20: /Users/karim/Project/pokemonProject/apps/avelune_studio/test/map_workspace/context_identity_host_test.dart: twin ids in two families stay distinct rows of the real menu
09:41 +838 ~2 -20: /Users/karim/Project/pokemonProject/apps/avelune_studio/test/map_workspace/context_identity_host_test.dart: twin ids in two families stay distinct rows of the real menu
09:41 +839 ~2 -20: /Users/karim/Project/pokemonProject/apps/avelune_studio/test/map_workspace/context_identity_host_test.dart: twin ids in two families stay distinct rows of the real menu
09:42 +840 ~2 -20: /Users/karim/Project/pokemonProject/apps/avelune_studio/test/map_workspace/draft_reference_guard_test.dart: an unsaved world rule draft protects the entity it targets
09:42 +841 ~2 -20: /Users/karim/Project/pokemonProject/apps/avelune_studio/test/map_workspace/context_identity_host_test.dart: Shift+F10 reopens the menu on the target chosen in the stack
09:42 +842 ~2 -20: /Users/karim/Project/pokemonProject/apps/avelune_studio/test/map_workspace/context_identity_host_test.dart: Shift+F10 reopens the menu on the target chosen in the stack
09:42 +843 ~2 -20: /Users/karim/Project/pokemonProject/apps/avelune_studio/test/map_workspace/context_identity_host_test.dart: Shift+F10 reopens the menu on the target chosen in the stack
09:42 +844 ~2 -20: /Users/karim/Project/pokemonProject/apps/avelune_studio/test/map_workspace/context_identity_host_test.dart: Shift+F10 reopens the menu on the target chosen in the stack
09:42 +845 ~2 -20: /Users/karim/Project/pokemonProject/apps/avelune_studio/test/map_workspace/context_identity_host_test.dart: Shift+F10 reopens the menu on the target chosen in the stack
09:42 +846 ~2 -20: /Users/karim/Project/pokemonProject/apps/avelune_studio/test/map_workspace/context_identity_host_test.dart: Shift+F10 reopens the menu on the target chosen in the stack
09:44 +847 ~2 -20: /Users/karim/Project/pokemonProject/apps/avelune_studio/test/map_workspace/context_identity_host_test.dart: Shift+F10 reopens the menu on the target chosen in the stack
09:44 +848 ~2 -20: /Users/karim/Project/pokemonProject/apps/avelune_studio/test/map_workspace/selection_identity_test.dart: choosing a character drops the sign selection
09:44 +849 ~2 -20: /Users/karim/Project/pokemonProject/apps/avelune_studio/test/map_workspace/context_identity_host_test.dart: a deleted target is never replaced by its homonym on Shift+F10
09:45 +850 ~2 -20: /Users/karim/Project/pokemonProject/apps/avelune_studio/test/map_workspace/context_identity_host_test.dart: a deleted target is never replaced by its homonym on Shift+F10
09:45 +851 ~2 -20: /Users/karim/Project/pokemonProject/apps/avelune_studio/test/map_workspace/context_identity_host_test.dart: a deleted target is never replaced by its homonym on Shift+F10
09:45 +852 ~2 -20: /Users/karim/Project/pokemonProject/apps/avelune_studio/test/map_workspace/context_identity_host_test.dart: a deleted target is never replaced by its homonym on Shift+F10
09:45 +853 ~2 -20: /Users/karim/Project/pokemonProject/apps/avelune_studio/test/map_workspace/context_identity_host_test.dart: a deleted target is never replaced by its homonym on Shift+F10
09:45 +854 ~2 -20: /Users/karim/Project/pokemonProject/apps/avelune_studio/test/map_workspace/context_identity_host_test.dart: a deleted target is never replaced by its homonym on Shift+F10
09:45 +855 ~2 -20: /Users/karim/Project/pokemonProject/apps/avelune_studio/test/map_workspace/context_identity_host_test.dart: a deleted target is never replaced by its homonym on Shift+F10
09:46 +856 ~2 -20: /Users/karim/Project/pokemonProject/apps/avelune_studio/test/map_workspace/warp_canvas_test.dart: choosing a destination then clicking places the warp
09:46 +857 ~2 -20: /Users/karim/Project/pokemonProject/apps/avelune_studio/test/map_workspace/context_identity_host_test.dart: a map change really closes the menu, it does not only hide it
09:46 +858 ~2 -20: /Users/karim/Project/pokemonProject/apps/avelune_studio/test/map_workspace/context_identity_host_test.dart: a map change really closes the menu, it does not only hide it
09:46 +859 ~2 -20: /Users/karim/Project/pokemonProject/apps/avelune_studio/test/map_workspace/context_identity_host_test.dart: a map change really closes the menu, it does not only hide it
09:47 +860 ~2 -20: /Users/karim/Project/pokemonProject/apps/avelune_studio/test/map_workspace/context_identity_host_test.dart: a map change really closes the menu, it does not only hide it
09:48 +861 ~2 -20: /Users/karim/Project/pokemonProject/apps/avelune_studio/test/map_workspace/save_while_typing_test.dart: the Save button applies the entry still being written
09:49 +862 ~2 -20: /Users/karim/Project/pokemonProject/apps/avelune_studio/test/map_workspace/save_while_typing_test.dart: the Save button applies the entry still being written
09:49 +863 ~2 -20: /Users/karim/Project/pokemonProject/apps/avelune_studio/test/map_workspace/save_while_typing_test.dart: the Save button applies the entry still being written
09:49 +864 ~2 -20: /Users/karim/Project/pokemonProject/apps/avelune_studio/test/map_workspace/save_while_typing_test.dart: the Save button applies the entry still being written
09:50 +865 ~2 -20: /Users/karim/Project/pokemonProject/apps/avelune_studio/test/map_workspace/save_while_typing_test.dart: the Save button applies the entry still being written
09:50 +866 ~2 -20: /Users/karim/Project/pokemonProject/apps/avelune_studio/test/map_workspace/save_while_typing_test.dart: the Save button applies the entry still being written
09:50 +867 ~2 -20: /Users/karim/Project/pokemonProject/apps/avelune_studio/test/map_workspace/save_while_typing_test.dart: the Save button applies the entry still being written
09:50 +868 ~2 -20: /Users/karim/Project/pokemonProject/apps/avelune_studio/test/map_workspace/save_while_typing_test.dart: the Save button applies the entry still being written
09:50 +869 ~2 -20: /Users/karim/Project/pokemonProject/apps/avelune_studio/test/map_workspace/save_while_typing_test.dart: the Save button applies the entry still being written
09:50 +870 ~2 -20: /Users/karim/Project/pokemonProject/apps/avelune_studio/test/map_workspace/save_while_typing_test.dart: the Save button applies the entry still being written
09:51 +871 ~2 -20: /Users/karim/Project/pokemonProject/apps/avelune_studio/test/map_workspace/save_while_typing_test.dart: the Save button applies the entry still being written
09:51 +872 ~2 -20: /Users/karim/Project/pokemonProject/apps/avelune_studio/test/map_workspace/save_while_typing_test.dart: the Save button applies the entry still being written
09:51 +873 ~2 -20: /Users/karim/Project/pokemonProject/apps/avelune_studio/test/map_workspace/save_while_typing_test.dart: the Save button applies the entry still being written
09:51 +874 ~2 -20: /Users/karim/Project/pokemonProject/apps/avelune_studio/test/map_workspace/save_while_typing_test.dart: the Save button applies the entry still being written
09:52 +875 ~2 -20: /Users/karim/Project/pokemonProject/apps/avelune_studio/test/map_workspace/save_while_typing_test.dart: the save shortcut works from inside a field
09:52 +876 ~2 -20: /Users/karim/Project/pokemonProject/apps/avelune_studio/test/map_workspace/save_while_typing_test.dart: the save shortcut works from inside a field
09:52 +877 ~2 -20: /Users/karim/Project/pokemonProject/apps/avelune_studio/test/map_workspace/save_while_typing_test.dart: the save shortcut works from inside a field
09:52 +878 ~2 -20: /Users/karim/Project/pokemonProject/apps/avelune_studio/test/map_workspace/save_while_typing_test.dart: the save shortcut works from inside a field
09:53 +879 ~2 -20: /Users/karim/Project/pokemonProject/apps/avelune_studio/test/map_workspace/save_while_typing_test.dart: the save shortcut works from inside a field
09:53 +880 ~2 -20: /Users/karim/Project/pokemonProject/apps/avelune_studio/test/map_workspace/save_while_typing_test.dart: the save shortcut works from inside a field
09:53 +881 ~2 -20: /Users/karim/Project/pokemonProject/apps/avelune_studio/test/map_workspace/save_while_typing_test.dart: the save shortcut works from inside a field
09:53 +882 ~2 -20: /Users/karim/Project/pokemonProject/apps/avelune_studio/test/map_workspace/save_while_typing_test.dart: the save shortcut works from inside a field
09:53 +883 ~2 -20: /Users/karim/Project/pokemonProject/apps/avelune_studio/test/map_workspace/save_while_typing_test.dart: the save shortcut works from inside a field
09:53 +884 ~2 -20: /Users/karim/Project/pokemonProject/apps/avelune_studio/test/map_workspace/save_while_typing_test.dart: the save shortcut works from inside a field
09:54 +885 ~2 -20: /Users/karim/Project/pokemonProject/apps/avelune_studio/test/map_workspace/save_while_typing_test.dart: the save shortcut works from inside a field
09:54 +886 ~2 -20: /Users/karim/Project/pokemonProject/apps/avelune_studio/test/map_workspace/save_while_typing_test.dart: the save shortcut works from inside a field
09:54 +887 ~2 -20: /Users/karim/Project/pokemonProject/apps/avelune_studio/test/map_workspace/save_while_typing_test.dart: deleting is still refused while the author types
09:55 +888 ~2 -20: Some tests failed.

Failing tests:
  /Users/karim/Project/pokemonProject/apps/avelune_studio/test/map_workspace/story_zone_reopen_host_test.dart: a saved interaction edited again reopens its current simplified draft
  /Users/karim/Project/pokemonProject/apps/avelune_studio/test/map_workspace/story_zone_reopen_host_test.dart: an interaction never saved reopens from the map with its own draft
  /Users/karim/Project/pokemonProject/apps/avelune_studio/test/map_workspace/story_zone_reopen_host_test.dart: several interactions on one zone offer only those, then open the one
  /Users/karim/Project/pokemonProject/apps/avelune_studio/test/presentation/desktop_workspace_layout_test.dart: real stress workspace stays usable across desktop sizes and diagnostics
  ... and 16 more
