{
  "formatVersion": 2,
  "gate": "PMCP-085",
  "resources": [
    {
      "resourceKind": "badge",
      "canonicalOwnerKind": "campaignContent",
      "cells": [
        {
          "capability": "inventory",
          "status": "SUPPORTED",
          "evidence": [
            "AuthoringFullParityCatalog:badge->campaignContent"
          ]
        },
        {
          "capability": "read",
          "status": "SUPPORTED",
          "evidence": [
            "AuthoringReadApi/ProjectQueryService:campaignContent"
          ]
        },
        {
          "capability": "mutation",
          "status": "SUPPORTED",
          "evidence": [
            "AuthoringMutationDispatcher:campaignContent"
          ]
        },
        {
          "capability": "fidelity",
          "status": "SUPPORTED",
          "evidence": [
            "JSON round-trip and domain contract tests:campaignContent"
          ]
        },
        {
          "capability": "references",
          "status": "SUPPORTED",
          "evidence": [
            "ProjectReferenceIndex and domain impact tests:campaignContent"
          ]
        },
        {
          "capability": "safety",
          "status": "SUPPORTED",
          "evidence": [
            "plan/dry-run/CAS/permission/confirmation:campaignContent"
          ]
        },
        {
          "capability": "durability",
          "status": "SUPPORTED",
          "evidence": [
            "receipt/journal/recovery:campaignContent"
          ]
        },
        {
          "capability": "replay",
          "status": "SUPPORTED",
          "evidence": [
            "durable idempotency ledger:campaignContent"
          ]
        },
        {
          "capability": "history",
          "status": "SUPPORTED",
          "evidence": [
            "history/undo forward receipt:campaignContent"
          ]
        },
        {
          "capability": "visualization",
          "status": "NOT_APPLICABLE",
          "justification": "badge has no visual surface; rendering its owning aggregate would misrepresent this resource."
        },
        {
          "capability": "runtime",
          "status": "SUPPORTED",
          "evidence": [
            "pokemap_playtest and runtime consumer:badge"
          ]
        },
        {
          "capability": "agentUx",
          "status": "SUPPORTED",
          "evidence": [
            "describe/schema/batch/pagination/field-mask:badge"
          ]
        },
        {
          "capability": "parity",
          "status": "SUPPORTED",
          "evidence": [
            "direct/editor/CLI/MCP canonical dispatcher:campaignContent"
          ]
        },
        {
          "capability": "contract",
          "status": "SUPPORTED",
          "evidence": [
            "PMCP-085 shared golden receipt:campaignContent"
          ]
        }
      ]
    },
    {
      "resourceKind": "borderBlueprint",
      "canonicalOwnerKind": "project",
      "cells": [
        {
          "capability": "inventory",
          "status": "SUPPORTED",
          "evidence": [
            "AuthoringFullParityCatalog:borderBlueprint->project"
          ]
        },
        {
          "capability": "read",
          "status": "SUPPORTED",
          "evidence": [
            "AuthoringReadApi/ProjectQueryService:project"
          ]
        },
        {
          "capability": "mutation",
          "status": "SUPPORTED",
          "evidence": [
            "AuthoringMutationDispatcher:project"
          ]
        },
        {
          "capability": "fidelity",
          "status": "SUPPORTED",
          "evidence": [
            "JSON round-trip and domain contract tests:project"
          ]
        },
        {
          "capability": "references",
          "status": "SUPPORTED",
          "evidence": [
            "ProjectReferenceIndex and domain impact tests:project"
          ]
        },
        {
          "capability": "safety",
          "status": "SUPPORTED",
          "evidence": [
            "plan/dry-run/CAS/permission/confirmation:project"
          ]
        },
        {
          "capability": "durability",
          "status": "SUPPORTED",
          "evidence": [
            "receipt/journal/recovery:project"
          ]
        },
        {
          "capability": "replay",
          "status": "SUPPORTED",
          "evidence": [
            "durable idempotency ledger:project"
          ]
        },
        {
          "capability": "history",
          "status": "SUPPORTED",
          "evidence": [
            "history/undo forward receipt:project"
          ]
        },
        {
          "capability": "visualization",
          "status": "SUPPORTED",
          "evidence": [
            "pokemap_render revision-bound asset-accurate preview:borderBlueprint"
          ]
        },
        {
          "capability": "runtime",
          "status": "SUPPORTED",
          "evidence": [
            "pokemap_playtest and runtime consumer:borderBlueprint"
          ]
        },
        {
          "capability": "agentUx",
          "status": "SUPPORTED",
          "evidence": [
            "describe/schema/batch/pagination/field-mask:borderBlueprint"
          ]
        },
        {
          "capability": "parity",
          "status": "SUPPORTED",
          "evidence": [
            "direct/editor/CLI/MCP canonical dispatcher:project"
          ]
        },
        {
          "capability": "contract",
          "status": "SUPPORTED",
          "evidence": [
            "PMCP-085 shared golden receipt:project"
          ]
        }
      ]
    },
    {
      "resourceKind": "borderFeature",
      "canonicalOwnerKind": "map",
      "cells": [
        {
          "capability": "inventory",
          "status": "SUPPORTED",
          "evidence": [
            "AuthoringFullParityCatalog:borderFeature->map"
          ]
        },
        {
          "capability": "read",
          "status": "SUPPORTED",
          "evidence": [
            "AuthoringReadApi/ProjectQueryService:map"
          ]
        },
        {
          "capability": "mutation",
          "status": "SUPPORTED",
          "evidence": [
            "AuthoringMutationDispatcher:map"
          ]
        },
        {
          "capability": "fidelity",
          "status": "SUPPORTED",
          "evidence": [
            "JSON round-trip and domain contract tests:map"
          ]
        },
        {
          "capability": "references",
          "status": "SUPPORTED",
          "evidence": [
            "ProjectReferenceIndex and domain impact tests:map"
          ]
        },
        {
          "capability": "safety",
          "status": "SUPPORTED",
          "evidence": [
            "plan/dry-run/CAS/permission/confirmation:map"
          ]
        },
        {
          "capability": "durability",
          "status": "SUPPORTED",
          "evidence": [
            "receipt/journal/recovery:map"
          ]
        },
        {
          "capability": "replay",
          "status": "SUPPORTED",
          "evidence": [
            "durable idempotency ledger:map"
          ]
        },
        {
          "capability": "history",
          "status": "SUPPORTED",
          "evidence": [
            "history/undo forward receipt:map"
          ]
        },
        {
          "capability": "visualization",
          "status": "SUPPORTED",
          "evidence": [
            "pokemap_render revision-bound asset-accurate preview:borderFeature"
          ]
        },
        {
          "capability": "runtime",
          "status": "SUPPORTED",
          "evidence": [
            "pokemap_playtest and runtime consumer:borderFeature"
          ]
        },
        {
          "capability": "agentUx",
          "status": "SUPPORTED",
          "evidence": [
            "describe/schema/batch/pagination/field-mask:borderFeature"
          ]
        },
        {
          "capability": "parity",
          "status": "SUPPORTED",
          "evidence": [
            "direct/editor/CLI/MCP canonical dispatcher:map"
          ]
        },
        {
          "capability": "contract",
          "status": "SUPPORTED",
          "evidence": [
            "PMCP-085 shared golden receipt:map"
          ]
        }
      ]
    },
    {
      "resourceKind": "borderSnapshot",
      "canonicalOwnerKind": "project",
      "cells": [
        {
          "capability": "inventory",
          "status": "SUPPORTED",
          "evidence": [
            "AuthoringFullParityCatalog:borderSnapshot->project"
          ]
        },
        {
          "capability": "read",
          "status": "SUPPORTED",
          "evidence": [
            "AuthoringReadApi/ProjectQueryService:project"
          ]
        },
        {
          "capability": "mutation",
          "status": "SUPPORTED",
          "evidence": [
            "AuthoringMutationDispatcher:project"
          ]
        },
        {
          "capability": "fidelity",
          "status": "SUPPORTED",
          "evidence": [
            "JSON round-trip and domain contract tests:project"
          ]
        },
        {
          "capability": "references",
          "status": "SUPPORTED",
          "evidence": [
            "ProjectReferenceIndex and domain impact tests:project"
          ]
        },
        {
          "capability": "safety",
          "status": "SUPPORTED",
          "evidence": [
            "plan/dry-run/CAS/permission/confirmation:project"
          ]
        },
        {
          "capability": "durability",
          "status": "SUPPORTED",
          "evidence": [
            "receipt/journal/recovery:project"
          ]
        },
        {
          "capability": "replay",
          "status": "SUPPORTED",
          "evidence": [
            "durable idempotency ledger:project"
          ]
        },
        {
          "capability": "history",
          "status": "SUPPORTED",
          "evidence": [
            "history/undo forward receipt:project"
          ]
        },
        {
          "capability": "visualization",
          "status": "SUPPORTED",
          "evidence": [
            "pokemap_render revision-bound asset-accurate preview:borderSnapshot"
          ]
        },
        {
          "capability": "runtime",
          "status": "SUPPORTED",
          "evidence": [
            "pokemap_playtest and runtime consumer:borderSnapshot"
          ]
        },
        {
          "capability": "agentUx",
          "status": "SUPPORTED",
          "evidence": [
            "describe/schema/batch/pagination/field-mask:borderSnapshot"
          ]
        },
        {
          "capability": "parity",
          "status": "SUPPORTED",
          "evidence": [
            "direct/editor/CLI/MCP canonical dispatcher:project"
          ]
        },
        {
          "capability": "contract",
          "status": "SUPPORTED",
          "evidence": [
            "PMCP-085 shared golden receipt:project"
          ]
        }
      ]
    },
    {
      "resourceKind": "character",
      "canonicalOwnerKind": "campaignContent",
      "cells": [
        {
          "capability": "inventory",
          "status": "SUPPORTED",
          "evidence": [
            "AuthoringFullParityCatalog:character->campaignContent"
          ]
        },
        {
          "capability": "read",
          "status": "SUPPORTED",
          "evidence": [
            "AuthoringReadApi/ProjectQueryService:campaignContent"
          ]
        },
        {
          "capability": "mutation",
          "status": "SUPPORTED",
          "evidence": [
            "AuthoringMutationDispatcher:campaignContent"
          ]
        },
        {
          "capability": "fidelity",
          "status": "SUPPORTED",
          "evidence": [
            "JSON round-trip and domain contract tests:campaignContent"
          ]
        },
        {
          "capability": "references",
          "status": "SUPPORTED",
          "evidence": [
            "ProjectReferenceIndex and domain impact tests:campaignContent"
          ]
        },
        {
          "capability": "safety",
          "status": "SUPPORTED",
          "evidence": [
            "plan/dry-run/CAS/permission/confirmation:campaignContent"
          ]
        },
        {
          "capability": "durability",
          "status": "SUPPORTED",
          "evidence": [
            "receipt/journal/recovery:campaignContent"
          ]
        },
        {
          "capability": "replay",
          "status": "SUPPORTED",
          "evidence": [
            "durable idempotency ledger:campaignContent"
          ]
        },
        {
          "capability": "history",
          "status": "SUPPORTED",
          "evidence": [
            "history/undo forward receipt:campaignContent"
          ]
        },
        {
          "capability": "visualization",
          "status": "NOT_APPLICABLE",
          "justification": "character has no visual surface; rendering its owning aggregate would misrepresent this resource."
        },
        {
          "capability": "runtime",
          "status": "SUPPORTED",
          "evidence": [
            "pokemap_playtest and runtime consumer:character"
          ]
        },
        {
          "capability": "agentUx",
          "status": "SUPPORTED",
          "evidence": [
            "describe/schema/batch/pagination/field-mask:character"
          ]
        },
        {
          "capability": "parity",
          "status": "SUPPORTED",
          "evidence": [
            "direct/editor/CLI/MCP canonical dispatcher:campaignContent"
          ]
        },
        {
          "capability": "contract",
          "status": "SUPPORTED",
          "evidence": [
            "PMCP-085 shared golden receipt:campaignContent"
          ]
        }
      ]
    },
    {
      "resourceKind": "characterStudioCatalog",
      "canonicalOwnerKind": "project",
      "cells": [
        {
          "capability": "inventory",
          "status": "SUPPORTED",
          "evidence": [
            "AuthoringFullParityCatalog:characterStudioCatalog->project"
          ]
        },
        {
          "capability": "read",
          "status": "SUPPORTED",
          "evidence": [
            "AuthoringReadApi/ProjectQueryService:project"
          ]
        },
        {
          "capability": "mutation",
          "status": "SUPPORTED",
          "evidence": [
            "AuthoringMutationDispatcher:project"
          ]
        },
        {
          "capability": "fidelity",
          "status": "SUPPORTED",
          "evidence": [
            "JSON round-trip and domain contract tests:project"
          ]
        },
        {
          "capability": "references",
          "status": "SUPPORTED",
          "evidence": [
            "ProjectReferenceIndex and domain impact tests:project"
          ]
        },
        {
          "capability": "safety",
          "status": "SUPPORTED",
          "evidence": [
            "plan/dry-run/CAS/permission/confirmation:project"
          ]
        },
        {
          "capability": "durability",
          "status": "SUPPORTED",
          "evidence": [
            "receipt/journal/recovery:project"
          ]
        },
        {
          "capability": "replay",
          "status": "SUPPORTED",
          "evidence": [
            "durable idempotency ledger:project"
          ]
        },
        {
          "capability": "history",
          "status": "SUPPORTED",
          "evidence": [
            "history/undo forward receipt:project"
          ]
        },
        {
          "capability": "visualization",
          "status": "NOT_APPLICABLE",
          "justification": "characterStudioCatalog has no visual surface; rendering its owning aggregate would misrepresent this resource."
        },
        {
          "capability": "runtime",
          "status": "SUPPORTED",
          "evidence": [
            "pokemap_playtest and runtime consumer:characterStudioCatalog"
          ]
        },
        {
          "capability": "agentUx",
          "status": "SUPPORTED",
          "evidence": [
            "describe/schema/batch/pagination/field-mask:characterStudioCatalog"
          ]
        },
        {
          "capability": "parity",
          "status": "SUPPORTED",
          "evidence": [
            "direct/editor/CLI/MCP canonical dispatcher:project"
          ]
        },
        {
          "capability": "contract",
          "status": "SUPPORTED",
          "evidence": [
            "PMCP-085 shared golden receipt:project"
          ]
        }
      ]
    },
    {
      "resourceKind": "characterStudioCharacter",
      "canonicalOwnerKind": "project",
      "cells": [
        {
          "capability": "inventory",
          "status": "SUPPORTED",
          "evidence": [
            "AuthoringFullParityCatalog:characterStudioCharacter->project"
          ]
        },
        {
          "capability": "read",
          "status": "SUPPORTED",
          "evidence": [
            "AuthoringReadApi/ProjectQueryService:project"
          ]
        },
        {
          "capability": "mutation",
          "status": "SUPPORTED",
          "evidence": [
            "AuthoringMutationDispatcher:project"
          ]
        },
        {
          "capability": "fidelity",
          "status": "SUPPORTED",
          "evidence": [
            "JSON round-trip and domain contract tests:project"
          ]
        },
        {
          "capability": "references",
          "status": "SUPPORTED",
          "evidence": [
            "ProjectReferenceIndex and domain impact tests:project"
          ]
        },
        {
          "capability": "safety",
          "status": "SUPPORTED",
          "evidence": [
            "plan/dry-run/CAS/permission/confirmation:project"
          ]
        },
        {
          "capability": "durability",
          "status": "SUPPORTED",
          "evidence": [
            "receipt/journal/recovery:project"
          ]
        },
        {
          "capability": "replay",
          "status": "SUPPORTED",
          "evidence": [
            "durable idempotency ledger:project"
          ]
        },
        {
          "capability": "history",
          "status": "SUPPORTED",
          "evidence": [
            "history/undo forward receipt:project"
          ]
        },
        {
          "capability": "visualization",
          "status": "NOT_APPLICABLE",
          "justification": "characterStudioCharacter has no visual surface; rendering its owning aggregate would misrepresent this resource."
        },
        {
          "capability": "runtime",
          "status": "SUPPORTED",
          "evidence": [
            "pokemap_playtest and runtime consumer:characterStudioCharacter"
          ]
        },
        {
          "capability": "agentUx",
          "status": "SUPPORTED",
          "evidence": [
            "describe/schema/batch/pagination/field-mask:characterStudioCharacter"
          ]
        },
        {
          "capability": "parity",
          "status": "SUPPORTED",
          "evidence": [
            "direct/editor/CLI/MCP canonical dispatcher:project"
          ]
        },
        {
          "capability": "contract",
          "status": "SUPPORTED",
          "evidence": [
            "PMCP-085 shared golden receipt:project"
          ]
        }
      ]
    },
    {
      "resourceKind": "characterStudioDependency",
      "canonicalOwnerKind": "project",
      "cells": [
        {
          "capability": "inventory",
          "status": "SUPPORTED",
          "evidence": [
            "AuthoringFullParityCatalog:characterStudioDependency->project"
          ]
        },
        {
          "capability": "read",
          "status": "SUPPORTED",
          "evidence": [
            "AuthoringReadApi/ProjectQueryService:project"
          ]
        },
        {
          "capability": "mutation",
          "status": "SUPPORTED",
          "evidence": [
            "AuthoringMutationDispatcher:project"
          ]
        },
        {
          "capability": "fidelity",
          "status": "SUPPORTED",
          "evidence": [
            "JSON round-trip and domain contract tests:project"
          ]
        },
        {
          "capability": "references",
          "status": "SUPPORTED",
          "evidence": [
            "ProjectReferenceIndex and domain impact tests:project"
          ]
        },
        {
          "capability": "safety",
          "status": "SUPPORTED",
          "evidence": [
            "plan/dry-run/CAS/permission/confirmation:project"
          ]
        },
        {
          "capability": "durability",
          "status": "SUPPORTED",
          "evidence": [
            "receipt/journal/recovery:project"
          ]
        },
        {
          "capability": "replay",
          "status": "SUPPORTED",
          "evidence": [
            "durable idempotency ledger:project"
          ]
        },
        {
          "capability": "history",
          "status": "SUPPORTED",
          "evidence": [
            "history/undo forward receipt:project"
          ]
        },
        {
          "capability": "visualization",
          "status": "NOT_APPLICABLE",
          "justification": "characterStudioDependency has no visual surface; rendering its owning aggregate would misrepresent this resource."
        },
        {
          "capability": "runtime",
          "status": "SUPPORTED",
          "evidence": [
            "pokemap_playtest and runtime consumer:characterStudioDependency"
          ]
        },
        {
          "capability": "agentUx",
          "status": "SUPPORTED",
          "evidence": [
            "describe/schema/batch/pagination/field-mask:characterStudioDependency"
          ]
        },
        {
          "capability": "parity",
          "status": "SUPPORTED",
          "evidence": [
            "direct/editor/CLI/MCP canonical dispatcher:project"
          ]
        },
        {
          "capability": "contract",
          "status": "SUPPORTED",
          "evidence": [
            "PMCP-085 shared golden receipt:project"
          ]
        }
      ]
    },
    {
      "resourceKind": "characterStudioReadiness",
      "canonicalOwnerKind": "project",
      "cells": [
        {
          "capability": "inventory",
          "status": "SUPPORTED",
          "evidence": [
            "AuthoringFullParityCatalog:characterStudioReadiness->project"
          ]
        },
        {
          "capability": "read",
          "status": "SUPPORTED",
          "evidence": [
            "AuthoringReadApi/ProjectQueryService:project"
          ]
        },
        {
          "capability": "mutation",
          "status": "SUPPORTED",
          "evidence": [
            "AuthoringMutationDispatcher:project"
          ]
        },
        {
          "capability": "fidelity",
          "status": "SUPPORTED",
          "evidence": [
            "JSON round-trip and domain contract tests:project"
          ]
        },
        {
          "capability": "references",
          "status": "SUPPORTED",
          "evidence": [
            "ProjectReferenceIndex and domain impact tests:project"
          ]
        },
        {
          "capability": "safety",
          "status": "SUPPORTED",
          "evidence": [
            "plan/dry-run/CAS/permission/confirmation:project"
          ]
        },
        {
          "capability": "durability",
          "status": "SUPPORTED",
          "evidence": [
            "receipt/journal/recovery:project"
          ]
        },
        {
          "capability": "replay",
          "status": "SUPPORTED",
          "evidence": [
            "durable idempotency ledger:project"
          ]
        },
        {
          "capability": "history",
          "status": "SUPPORTED",
          "evidence": [
            "history/undo forward receipt:project"
          ]
        },
        {
          "capability": "visualization",
          "status": "NOT_APPLICABLE",
          "justification": "characterStudioReadiness has no visual surface; rendering its owning aggregate would misrepresent this resource."
        },
        {
          "capability": "runtime",
          "status": "SUPPORTED",
          "evidence": [
            "pokemap_playtest and runtime consumer:characterStudioReadiness"
          ]
        },
        {
          "capability": "agentUx",
          "status": "SUPPORTED",
          "evidence": [
            "describe/schema/batch/pagination/field-mask:characterStudioReadiness"
          ]
        },
        {
          "capability": "parity",
          "status": "SUPPORTED",
          "evidence": [
            "direct/editor/CLI/MCP canonical dispatcher:project"
          ]
        },
        {
          "capability": "contract",
          "status": "SUPPORTED",
          "evidence": [
            "PMCP-085 shared golden receipt:project"
          ]
        }
      ]
    },
    {
      "resourceKind": "cinematic",
      "canonicalOwnerKind": "cinematic",
      "cells": [
        {
          "capability": "inventory",
          "status": "SUPPORTED",
          "evidence": [
            "AuthoringFullParityCatalog:cinematic->cinematic"
          ]
        },
        {
          "capability": "read",
          "status": "SUPPORTED",
          "evidence": [
            "AuthoringReadApi/ProjectQueryService:cinematic"
          ]
        },
        {
          "capability": "mutation",
          "status": "SUPPORTED",
          "evidence": [
            "AuthoringMutationDispatcher:cinematic"
          ]
        },
        {
          "capability": "fidelity",
          "status": "SUPPORTED",
          "evidence": [
            "JSON round-trip and domain contract tests:cinematic"
          ]
        },
        {
          "capability": "references",
          "status": "SUPPORTED",
          "evidence": [
            "ProjectReferenceIndex and domain impact tests:cinematic"
          ]
        },
        {
          "capability": "safety",
          "status": "SUPPORTED",
          "evidence": [
            "plan/dry-run/CAS/permission/confirmation:cinematic"
          ]
        },
        {
          "capability": "durability",
          "status": "SUPPORTED",
          "evidence": [
            "receipt/journal/recovery:cinematic"
          ]
        },
        {
          "capability": "replay",
          "status": "SUPPORTED",
          "evidence": [
            "durable idempotency ledger:cinematic"
          ]
        },
        {
          "capability": "history",
          "status": "SUPPORTED",
          "evidence": [
            "history/undo forward receipt:cinematic"
          ]
        },
        {
          "capability": "visualization",
          "status": "SUPPORTED",
          "evidence": [
            "pokemap_render revision-bound asset-accurate preview:cinematic"
          ]
        },
        {
          "capability": "runtime",
          "status": "SUPPORTED",
          "evidence": [
            "pokemap_playtest and runtime consumer:cinematic"
          ]
        },
        {
          "capability": "agentUx",
          "status": "SUPPORTED",
          "evidence": [
            "describe/schema/batch/pagination/field-mask:cinematic"
          ]
        },
        {
          "capability": "parity",
          "status": "SUPPORTED",
          "evidence": [
            "direct/editor/CLI/MCP canonical dispatcher:cinematic"
          ]
        },
        {
          "capability": "contract",
          "status": "SUPPORTED",
          "evidence": [
            "PMCP-085 shared golden receipt:cinematic"
          ]
        }
      ]
    },
    {
      "resourceKind": "cinematicLibraryCatalog",
      "canonicalOwnerKind": "project",
      "cells": [
        {
          "capability": "inventory",
          "status": "SUPPORTED",
          "evidence": [
            "AuthoringFullParityCatalog:cinematicLibraryCatalog->project"
          ]
        },
        {
          "capability": "read",
          "status": "SUPPORTED",
          "evidence": [
            "AuthoringReadApi/ProjectQueryService:project"
          ]
        },
        {
          "capability": "mutation",
          "status": "SUPPORTED",
          "evidence": [
            "AuthoringMutationDispatcher:project"
          ]
        },
        {
          "capability": "fidelity",
          "status": "SUPPORTED",
          "evidence": [
            "JSON round-trip and domain contract tests:project"
          ]
        },
        {
          "capability": "references",
          "status": "SUPPORTED",
          "evidence": [
            "ProjectReferenceIndex and domain impact tests:project"
          ]
        },
        {
          "capability": "safety",
          "status": "SUPPORTED",
          "evidence": [
            "plan/dry-run/CAS/permission/confirmation:project"
          ]
        },
        {
          "capability": "durability",
          "status": "SUPPORTED",
          "evidence": [
            "receipt/journal/recovery:project"
          ]
        },
        {
          "capability": "replay",
          "status": "SUPPORTED",
          "evidence": [
            "durable idempotency ledger:project"
          ]
        },
        {
          "capability": "history",
          "status": "SUPPORTED",
          "evidence": [
            "history/undo forward receipt:project"
          ]
        },
        {
          "capability": "visualization",
          "status": "NOT_APPLICABLE",
          "justification": "cinematicLibraryCatalog has no visual surface; rendering its owning aggregate would misrepresent this resource."
        },
        {
          "capability": "runtime",
          "status": "SUPPORTED",
          "evidence": [
            "pokemap_playtest and runtime consumer:cinematicLibraryCatalog"
          ]
        },
        {
          "capability": "agentUx",
          "status": "SUPPORTED",
          "evidence": [
            "describe/schema/batch/pagination/field-mask:cinematicLibraryCatalog"
          ]
        },
        {
          "capability": "parity",
          "status": "SUPPORTED",
          "evidence": [
            "direct/editor/CLI/MCP canonical dispatcher:project"
          ]
        },
        {
          "capability": "contract",
          "status": "SUPPORTED",
          "evidence": [
            "PMCP-085 shared golden receipt:project"
          ]
        }
      ]
    },
    {
      "resourceKind": "cinematicLibraryEntry",
      "canonicalOwnerKind": "cinematicLibraryCatalog",
      "cells": [
        {
          "capability": "inventory",
          "status": "SUPPORTED",
          "evidence": [
            "AuthoringFullParityCatalog:cinematicLibraryEntry->cinematicLibraryCatalog"
          ]
        },
        {
          "capability": "read",
          "status": "SUPPORTED",
          "evidence": [
            "AuthoringReadApi/ProjectQueryService:cinematicLibraryCatalog"
          ]
        },
        {
          "capability": "mutation",
          "status": "SUPPORTED",
          "evidence": [
            "AuthoringMutationDispatcher:cinematicLibraryCatalog"
          ]
        },
        {
          "capability": "fidelity",
          "status": "SUPPORTED",
          "evidence": [
            "JSON round-trip and domain contract tests:cinematicLibraryCatalog"
          ]
        },
        {
          "capability": "references",
          "status": "SUPPORTED",
          "evidence": [
            "ProjectReferenceIndex and domain impact tests:cinematicLibraryCatalog"
          ]
        },
        {
          "capability": "safety",
          "status": "SUPPORTED",
          "evidence": [
            "plan/dry-run/CAS/permission/confirmation:cinematicLibraryCatalog"
          ]
        },
        {
          "capability": "durability",
          "status": "SUPPORTED",
          "evidence": [
            "receipt/journal/recovery:cinematicLibraryCatalog"
          ]
        },
        {
          "capability": "replay",
          "status": "SUPPORTED",
          "evidence": [
            "durable idempotency ledger:cinematicLibraryCatalog"
          ]
        },
        {
          "capability": "history",
          "status": "SUPPORTED",
          "evidence": [
            "history/undo forward receipt:cinematicLibraryCatalog"
          ]
        },
        {
          "capability": "visualization",
          "status": "NOT_APPLICABLE",
          "justification": "cinematicLibraryEntry has no visual surface; rendering its owning aggregate would misrepresent this resource."
        },
        {
          "capability": "runtime",
          "status": "SUPPORTED",
          "evidence": [
            "pokemap_playtest and runtime consumer:cinematicLibraryEntry"
          ]
        },
        {
          "capability": "agentUx",
          "status": "SUPPORTED",
          "evidence": [
            "describe/schema/batch/pagination/field-mask:cinematicLibraryEntry"
          ]
        },
        {
          "capability": "parity",
          "status": "SUPPORTED",
          "evidence": [
            "direct/editor/CLI/MCP canonical dispatcher:cinematicLibraryCatalog"
          ]
        },
        {
          "capability": "contract",
          "status": "SUPPORTED",
          "evidence": [
            "PMCP-085 shared golden receipt:cinematicLibraryCatalog"
          ]
        }
      ]
    },
    {
      "resourceKind": "cinematicLibraryFolder",
      "canonicalOwnerKind": "cinematicLibraryCatalog",
      "cells": [
        {
          "capability": "inventory",
          "status": "SUPPORTED",
          "evidence": [
            "AuthoringFullParityCatalog:cinematicLibraryFolder->cinematicLibraryCatalog"
          ]
        },
        {
          "capability": "read",
          "status": "SUPPORTED",
          "evidence": [
            "AuthoringReadApi/ProjectQueryService:cinematicLibraryCatalog"
          ]
        },
        {
          "capability": "mutation",
          "status": "SUPPORTED",
          "evidence": [
            "AuthoringMutationDispatcher:cinematicLibraryCatalog"
          ]
        },
        {
          "capability": "fidelity",
          "status": "SUPPORTED",
          "evidence": [
            "JSON round-trip and domain contract tests:cinematicLibraryCatalog"
          ]
        },
        {
          "capability": "references",
          "status": "SUPPORTED",
          "evidence": [
            "ProjectReferenceIndex and domain impact tests:cinematicLibraryCatalog"
          ]
        },
        {
          "capability": "safety",
          "status": "SUPPORTED",
          "evidence": [
            "plan/dry-run/CAS/permission/confirmation:cinematicLibraryCatalog"
          ]
        },
        {
          "capability": "durability",
          "status": "SUPPORTED",
          "evidence": [
            "receipt/journal/recovery:cinematicLibraryCatalog"
          ]
        },
        {
          "capability": "replay",
          "status": "SUPPORTED",
          "evidence": [
            "durable idempotency ledger:cinematicLibraryCatalog"
          ]
        },
        {
          "capability": "history",
          "status": "SUPPORTED",
          "evidence": [
            "history/undo forward receipt:cinematicLibraryCatalog"
          ]
        },
        {
          "capability": "visualization",
          "status": "NOT_APPLICABLE",
          "justification": "cinematicLibraryFolder has no visual surface; rendering its owning aggregate would misrepresent this resource."
        },
        {
          "capability": "runtime",
          "status": "SUPPORTED",
          "evidence": [
            "pokemap_playtest and runtime consumer:cinematicLibraryFolder"
          ]
        },
        {
          "capability": "agentUx",
          "status": "SUPPORTED",
          "evidence": [
            "describe/schema/batch/pagination/field-mask:cinematicLibraryFolder"
          ]
        },
        {
          "capability": "parity",
          "status": "SUPPORTED",
          "evidence": [
            "direct/editor/CLI/MCP canonical dispatcher:cinematicLibraryCatalog"
          ]
        },
        {
          "capability": "contract",
          "status": "SUPPORTED",
          "evidence": [
            "PMCP-085 shared golden receipt:cinematicLibraryCatalog"
          ]
        }
      ]
    },
    {
      "resourceKind": "cinematicMediaAsset",
      "canonicalOwnerKind": "cinematic",
      "cells": [
        {
          "capability": "inventory",
          "status": "SUPPORTED",
          "evidence": [
            "AuthoringFullParityCatalog:cinematicMediaAsset->cinematic"
          ]
        },
        {
          "capability": "read",
          "status": "SUPPORTED",
          "evidence": [
            "AuthoringReadApi/ProjectQueryService:cinematic"
          ]
        },
        {
          "capability": "mutation",
          "status": "SUPPORTED",
          "evidence": [
            "AuthoringMutationDispatcher:cinematic"
          ]
        },
        {
          "capability": "fidelity",
          "status": "SUPPORTED",
          "evidence": [
            "JSON round-trip and domain contract tests:cinematic"
          ]
        },
        {
          "capability": "references",
          "status": "SUPPORTED",
          "evidence": [
            "ProjectReferenceIndex and domain impact tests:cinematic"
          ]
        },
        {
          "capability": "safety",
          "status": "SUPPORTED",
          "evidence": [
            "plan/dry-run/CAS/permission/confirmation:cinematic"
          ]
        },
        {
          "capability": "durability",
          "status": "SUPPORTED",
          "evidence": [
            "receipt/journal/recovery:cinematic"
          ]
        },
        {
          "capability": "replay",
          "status": "SUPPORTED",
          "evidence": [
            "durable idempotency ledger:cinematic"
          ]
        },
        {
          "capability": "history",
          "status": "SUPPORTED",
          "evidence": [
            "history/undo forward receipt:cinematic"
          ]
        },
        {
          "capability": "visualization",
          "status": "SUPPORTED",
          "evidence": [
            "pokemap_render revision-bound asset-accurate preview:cinematicMediaAsset"
          ]
        },
        {
          "capability": "runtime",
          "status": "SUPPORTED",
          "evidence": [
            "pokemap_playtest and runtime consumer:cinematicMediaAsset"
          ]
        },
        {
          "capability": "agentUx",
          "status": "SUPPORTED",
          "evidence": [
            "describe/schema/batch/pagination/field-mask:cinematicMediaAsset"
          ]
        },
        {
          "capability": "parity",
          "status": "SUPPORTED",
          "evidence": [
            "direct/editor/CLI/MCP canonical dispatcher:cinematic"
          ]
        },
        {
          "capability": "contract",
          "status": "SUPPORTED",
          "evidence": [
            "PMCP-085 shared golden receipt:cinematic"
          ]
        }
      ]
    },
    {
      "resourceKind": "dialogue",
      "canonicalOwnerKind": "dialogue",
      "cells": [
        {
          "capability": "inventory",
          "status": "SUPPORTED",
          "evidence": [
            "AuthoringFullParityCatalog:dialogue->dialogue"
          ]
        },
        {
          "capability": "read",
          "status": "SUPPORTED",
          "evidence": [
            "AuthoringReadApi/ProjectQueryService:dialogue"
          ]
        },
        {
          "capability": "mutation",
          "status": "SUPPORTED",
          "evidence": [
            "AuthoringMutationDispatcher:dialogue"
          ]
        },
        {
          "capability": "fidelity",
          "status": "SUPPORTED",
          "evidence": [
            "JSON round-trip and domain contract tests:dialogue"
          ]
        },
        {
          "capability": "references",
          "status": "SUPPORTED",
          "evidence": [
            "ProjectReferenceIndex and domain impact tests:dialogue"
          ]
        },
        {
          "capability": "safety",
          "status": "SUPPORTED",
          "evidence": [
            "plan/dry-run/CAS/permission/confirmation:dialogue"
          ]
        },
        {
          "capability": "durability",
          "status": "SUPPORTED",
          "evidence": [
            "receipt/journal/recovery:dialogue"
          ]
        },
        {
          "capability": "replay",
          "status": "SUPPORTED",
          "evidence": [
            "durable idempotency ledger:dialogue"
          ]
        },
        {
          "capability": "history",
          "status": "SUPPORTED",
          "evidence": [
            "history/undo forward receipt:dialogue"
          ]
        },
        {
          "capability": "visualization",
          "status": "NOT_APPLICABLE",
          "justification": "dialogue has no visual surface; rendering its owning aggregate would misrepresent this resource."
        },
        {
          "capability": "runtime",
          "status": "SUPPORTED",
          "evidence": [
            "pokemap_playtest and runtime consumer:dialogue"
          ]
        },
        {
          "capability": "agentUx",
          "status": "SUPPORTED",
          "evidence": [
            "describe/schema/batch/pagination/field-mask:dialogue"
          ]
        },
        {
          "capability": "parity",
          "status": "SUPPORTED",
          "evidence": [
            "direct/editor/CLI/MCP canonical dispatcher:dialogue"
          ]
        },
        {
          "capability": "contract",
          "status": "SUPPORTED",
          "evidence": [
            "PMCP-085 shared golden receipt:dialogue"
          ]
        }
      ]
    },
    {
      "resourceKind": "dialogueFolder",
      "canonicalOwnerKind": "project",
      "cells": [
        {
          "capability": "inventory",
          "status": "SUPPORTED",
          "evidence": [
            "AuthoringFullParityCatalog:dialogueFolder->project"
          ]
        },
        {
          "capability": "read",
          "status": "SUPPORTED",
          "evidence": [
            "AuthoringReadApi/ProjectQueryService:project"
          ]
        },
        {
          "capability": "mutation",
          "status": "SUPPORTED",
          "evidence": [
            "AuthoringMutationDispatcher:project"
          ]
        },
        {
          "capability": "fidelity",
          "status": "SUPPORTED",
          "evidence": [
            "JSON round-trip and domain contract tests:project"
          ]
        },
        {
          "capability": "references",
          "status": "SUPPORTED",
          "evidence": [
            "ProjectReferenceIndex and domain impact tests:project"
          ]
        },
        {
          "capability": "safety",
          "status": "SUPPORTED",
          "evidence": [
            "plan/dry-run/CAS/permission/confirmation:project"
          ]
        },
        {
          "capability": "durability",
          "status": "SUPPORTED",
          "evidence": [
            "receipt/journal/recovery:project"
          ]
        },
        {
          "capability": "replay",
          "status": "SUPPORTED",
          "evidence": [
            "durable idempotency ledger:project"
          ]
        },
        {
          "capability": "history",
          "status": "SUPPORTED",
          "evidence": [
            "history/undo forward receipt:project"
          ]
        },
        {
          "capability": "visualization",
          "status": "NOT_APPLICABLE",
          "justification": "dialogueFolder has no visual surface; rendering its owning aggregate would misrepresent this resource."
        },
        {
          "capability": "runtime",
          "status": "SUPPORTED",
          "evidence": [
            "pokemap_playtest and runtime consumer:dialogueFolder"
          ]
        },
        {
          "capability": "agentUx",
          "status": "SUPPORTED",
          "evidence": [
            "describe/schema/batch/pagination/field-mask:dialogueFolder"
          ]
        },
        {
          "capability": "parity",
          "status": "SUPPORTED",
          "evidence": [
            "direct/editor/CLI/MCP canonical dispatcher:project"
          ]
        },
        {
          "capability": "contract",
          "status": "SUPPORTED",
          "evidence": [
            "PMCP-085 shared golden receipt:project"
          ]
        }
      ]
    },
    {
      "resourceKind": "element",
      "canonicalOwnerKind": "project",
      "cells": [
        {
          "capability": "inventory",
          "status": "SUPPORTED",
          "evidence": [
            "AuthoringFullParityCatalog:element->project"
          ]
        },
        {
          "capability": "read",
          "status": "SUPPORTED",
          "evidence": [
            "AuthoringReadApi/ProjectQueryService:project"
          ]
        },
        {
          "capability": "mutation",
          "status": "SUPPORTED",
          "evidence": [
            "AuthoringMutationDispatcher:project"
          ]
        },
        {
          "capability": "fidelity",
          "status": "SUPPORTED",
          "evidence": [
            "JSON round-trip and domain contract tests:project"
          ]
        },
        {
          "capability": "references",
          "status": "SUPPORTED",
          "evidence": [
            "ProjectReferenceIndex and domain impact tests:project"
          ]
        },
        {
          "capability": "safety",
          "status": "SUPPORTED",
          "evidence": [
            "plan/dry-run/CAS/permission/confirmation:project"
          ]
        },
        {
          "capability": "durability",
          "status": "SUPPORTED",
          "evidence": [
            "receipt/journal/recovery:project"
          ]
        },
        {
          "capability": "replay",
          "status": "SUPPORTED",
          "evidence": [
            "durable idempotency ledger:project"
          ]
        },
        {
          "capability": "history",
          "status": "SUPPORTED",
          "evidence": [
            "history/undo forward receipt:project"
          ]
        },
        {
          "capability": "visualization",
          "status": "SUPPORTED",
          "evidence": [
            "pokemap_render revision-bound asset-accurate preview:element"
          ]
        },
        {
          "capability": "runtime",
          "status": "SUPPORTED",
          "evidence": [
            "pokemap_playtest and runtime consumer:element"
          ]
        },
        {
          "capability": "agentUx",
          "status": "SUPPORTED",
          "evidence": [
            "describe/schema/batch/pagination/field-mask:element"
          ]
        },
        {
          "capability": "parity",
          "status": "SUPPORTED",
          "evidence": [
            "direct/editor/CLI/MCP canonical dispatcher:project"
          ]
        },
        {
          "capability": "contract",
          "status": "SUPPORTED",
          "evidence": [
            "PMCP-085 shared golden receipt:project"
          ]
        }
      ]
    },
    {
      "resourceKind": "elementCategory",
      "canonicalOwnerKind": "project",
      "cells": [
        {
          "capability": "inventory",
          "status": "SUPPORTED",
          "evidence": [
            "AuthoringFullParityCatalog:elementCategory->project"
          ]
        },
        {
          "capability": "read",
          "status": "SUPPORTED",
          "evidence": [
            "AuthoringReadApi/ProjectQueryService:project"
          ]
        },
        {
          "capability": "mutation",
          "status": "SUPPORTED",
          "evidence": [
            "AuthoringMutationDispatcher:project"
          ]
        },
        {
          "capability": "fidelity",
          "status": "SUPPORTED",
          "evidence": [
            "JSON round-trip and domain contract tests:project"
          ]
        },
        {
          "capability": "references",
          "status": "SUPPORTED",
          "evidence": [
            "ProjectReferenceIndex and domain impact tests:project"
          ]
        },
        {
          "capability": "safety",
          "status": "SUPPORTED",
          "evidence": [
            "plan/dry-run/CAS/permission/confirmation:project"
          ]
        },
        {
          "capability": "durability",
          "status": "SUPPORTED",
          "evidence": [
            "receipt/journal/recovery:project"
          ]
        },
        {
          "capability": "replay",
          "status": "SUPPORTED",
          "evidence": [
            "durable idempotency ledger:project"
          ]
        },
        {
          "capability": "history",
          "status": "SUPPORTED",
          "evidence": [
            "history/undo forward receipt:project"
          ]
        },
        {
          "capability": "visualization",
          "status": "NOT_APPLICABLE",
          "justification": "elementCategory has no visual surface; rendering its owning aggregate would misrepresent this resource."
        },
        {
          "capability": "runtime",
          "status": "SUPPORTED",
          "evidence": [
            "pokemap_playtest and runtime consumer:elementCategory"
          ]
        },
        {
          "capability": "agentUx",
          "status": "SUPPORTED",
          "evidence": [
            "describe/schema/batch/pagination/field-mask:elementCategory"
          ]
        },
        {
          "capability": "parity",
          "status": "SUPPORTED",
          "evidence": [
            "direct/editor/CLI/MCP canonical dispatcher:project"
          ]
        },
        {
          "capability": "contract",
          "status": "SUPPORTED",
          "evidence": [
            "PMCP-085 shared golden receipt:project"
          ]
        }
      ]
    },
    {
      "resourceKind": "encounterEntry",
      "canonicalOwnerKind": "campaignContent",
      "cells": [
        {
          "capability": "inventory",
          "status": "SUPPORTED",
          "evidence": [
            "AuthoringFullParityCatalog:encounterEntry->campaignContent"
          ]
        },
        {
          "capability": "read",
          "status": "SUPPORTED",
          "evidence": [
            "AuthoringReadApi/ProjectQueryService:campaignContent"
          ]
        },
        {
          "capability": "mutation",
          "status": "SUPPORTED",
          "evidence": [
            "AuthoringMutationDispatcher:campaignContent"
          ]
        },
        {
          "capability": "fidelity",
          "status": "SUPPORTED",
          "evidence": [
            "JSON round-trip and domain contract tests:campaignContent"
          ]
        },
        {
          "capability": "references",
          "status": "SUPPORTED",
          "evidence": [
            "ProjectReferenceIndex and domain impact tests:campaignContent"
          ]
        },
        {
          "capability": "safety",
          "status": "SUPPORTED",
          "evidence": [
            "plan/dry-run/CAS/permission/confirmation:campaignContent"
          ]
        },
        {
          "capability": "durability",
          "status": "SUPPORTED",
          "evidence": [
            "receipt/journal/recovery:campaignContent"
          ]
        },
        {
          "capability": "replay",
          "status": "SUPPORTED",
          "evidence": [
            "durable idempotency ledger:campaignContent"
          ]
        },
        {
          "capability": "history",
          "status": "SUPPORTED",
          "evidence": [
            "history/undo forward receipt:campaignContent"
          ]
        },
        {
          "capability": "visualization",
          "status": "NOT_APPLICABLE",
          "justification": "encounterEntry has no visual surface; rendering its owning aggregate would misrepresent this resource."
        },
        {
          "capability": "runtime",
          "status": "SUPPORTED",
          "evidence": [
            "pokemap_playtest and runtime consumer:encounterEntry"
          ]
        },
        {
          "capability": "agentUx",
          "status": "SUPPORTED",
          "evidence": [
            "describe/schema/batch/pagination/field-mask:encounterEntry"
          ]
        },
        {
          "capability": "parity",
          "status": "SUPPORTED",
          "evidence": [
            "direct/editor/CLI/MCP canonical dispatcher:campaignContent"
          ]
        },
        {
          "capability": "contract",
          "status": "SUPPORTED",
          "evidence": [
            "PMCP-085 shared golden receipt:campaignContent"
          ]
        }
      ]
    },
    {
      "resourceKind": "encounterTable",
      "canonicalOwnerKind": "campaignContent",
      "cells": [
        {
          "capability": "inventory",
          "status": "SUPPORTED",
          "evidence": [
            "AuthoringFullParityCatalog:encounterTable->campaignContent"
          ]
        },
        {
          "capability": "read",
          "status": "SUPPORTED",
          "evidence": [
            "AuthoringReadApi/ProjectQueryService:campaignContent"
          ]
        },
        {
          "capability": "mutation",
          "status": "SUPPORTED",
          "evidence": [
            "AuthoringMutationDispatcher:campaignContent"
          ]
        },
        {
          "capability": "fidelity",
          "status": "SUPPORTED",
          "evidence": [
            "JSON round-trip and domain contract tests:campaignContent"
          ]
        },
        {
          "capability": "references",
          "status": "SUPPORTED",
          "evidence": [
            "ProjectReferenceIndex and domain impact tests:campaignContent"
          ]
        },
        {
          "capability": "safety",
          "status": "SUPPORTED",
          "evidence": [
            "plan/dry-run/CAS/permission/confirmation:campaignContent"
          ]
        },
        {
          "capability": "durability",
          "status": "SUPPORTED",
          "evidence": [
            "receipt/journal/recovery:campaignContent"
          ]
        },
        {
          "capability": "replay",
          "status": "SUPPORTED",
          "evidence": [
            "durable idempotency ledger:campaignContent"
          ]
        },
        {
          "capability": "history",
          "status": "SUPPORTED",
          "evidence": [
            "history/undo forward receipt:campaignContent"
          ]
        },
        {
          "capability": "visualization",
          "status": "NOT_APPLICABLE",
          "justification": "encounterTable has no visual surface; rendering its owning aggregate would misrepresent this resource."
        },
        {
          "capability": "runtime",
          "status": "SUPPORTED",
          "evidence": [
            "pokemap_playtest and runtime consumer:encounterTable"
          ]
        },
        {
          "capability": "agentUx",
          "status": "SUPPORTED",
          "evidence": [
            "describe/schema/batch/pagination/field-mask:encounterTable"
          ]
        },
        {
          "capability": "parity",
          "status": "SUPPORTED",
          "evidence": [
            "direct/editor/CLI/MCP canonical dispatcher:campaignContent"
          ]
        },
        {
          "capability": "contract",
          "status": "SUPPORTED",
          "evidence": [
            "PMCP-085 shared golden receipt:campaignContent"
          ]
        }
      ]
    },
    {
      "resourceKind": "environmentPreset",
      "canonicalOwnerKind": "project",
      "cells": [
        {
          "capability": "inventory",
          "status": "SUPPORTED",
          "evidence": [
            "AuthoringFullParityCatalog:environmentPreset->project"
          ]
        },
        {
          "capability": "read",
          "status": "SUPPORTED",
          "evidence": [
            "AuthoringReadApi/ProjectQueryService:project"
          ]
        },
        {
          "capability": "mutation",
          "status": "SUPPORTED",
          "evidence": [
            "AuthoringMutationDispatcher:project"
          ]
        },
        {
          "capability": "fidelity",
          "status": "SUPPORTED",
          "evidence": [
            "JSON round-trip and domain contract tests:project"
          ]
        },
        {
          "capability": "references",
          "status": "SUPPORTED",
          "evidence": [
            "ProjectReferenceIndex and domain impact tests:project"
          ]
        },
        {
          "capability": "safety",
          "status": "SUPPORTED",
          "evidence": [
            "plan/dry-run/CAS/permission/confirmation:project"
          ]
        },
        {
          "capability": "durability",
          "status": "SUPPORTED",
          "evidence": [
            "receipt/journal/recovery:project"
          ]
        },
        {
          "capability": "replay",
          "status": "SUPPORTED",
          "evidence": [
            "durable idempotency ledger:project"
          ]
        },
        {
          "capability": "history",
          "status": "SUPPORTED",
          "evidence": [
            "history/undo forward receipt:project"
          ]
        },
        {
          "capability": "visualization",
          "status": "SUPPORTED",
          "evidence": [
            "pokemap_render revision-bound asset-accurate preview:environmentPreset"
          ]
        },
        {
          "capability": "runtime",
          "status": "SUPPORTED",
          "evidence": [
            "pokemap_playtest and runtime consumer:environmentPreset"
          ]
        },
        {
          "capability": "agentUx",
          "status": "SUPPORTED",
          "evidence": [
            "describe/schema/batch/pagination/field-mask:environmentPreset"
          ]
        },
        {
          "capability": "parity",
          "status": "SUPPORTED",
          "evidence": [
            "direct/editor/CLI/MCP canonical dispatcher:project"
          ]
        },
        {
          "capability": "contract",
          "status": "SUPPORTED",
          "evidence": [
            "PMCP-085 shared golden receipt:project"
          ]
        }
      ]
    },
    {
      "resourceKind": "gamePackage",
      "canonicalOwnerKind": "project",
      "cells": [
        {
          "capability": "inventory",
          "status": "SUPPORTED",
          "evidence": [
            "AuthoringFullParityCatalog:gamePackage->project"
          ]
        },
        {
          "capability": "read",
          "status": "SUPPORTED",
          "evidence": [
            "AuthoringReadApi/ProjectQueryService:project"
          ]
        },
        {
          "capability": "mutation",
          "status": "NOT_APPLICABLE",
          "justification": "gamePackage is a derived, content-addressed release artifact. It is built and inspected by the release gate, never mutated in-place."
        },
        {
          "capability": "fidelity",
          "status": "SUPPORTED",
          "evidence": [
            "JSON round-trip and domain contract tests:project"
          ]
        },
        {
          "capability": "references",
          "status": "NOT_APPLICABLE",
          "justification": "gamePackage is a derived, content-addressed release artifact. It is built and inspected by the release gate, never mutated in-place."
        },
        {
          "capability": "safety",
          "status": "SUPPORTED",
          "evidence": [
            "plan/dry-run/CAS/permission/confirmation:project"
          ]
        },
        {
          "capability": "durability",
          "status": "NOT_APPLICABLE",
          "justification": "gamePackage is a derived, content-addressed release artifact. It is built and inspected by the release gate, never mutated in-place."
        },
        {
          "capability": "replay",
          "status": "NOT_APPLICABLE",
          "justification": "gamePackage is a derived, content-addressed release artifact. It is built and inspected by the release gate, never mutated in-place."
        },
        {
          "capability": "history",
          "status": "NOT_APPLICABLE",
          "justification": "gamePackage is a derived, content-addressed release artifact. It is built and inspected by the release gate, never mutated in-place."
        },
        {
          "capability": "visualization",
          "status": "NOT_APPLICABLE",
          "justification": "gamePackage has no visual surface; rendering its owning aggregate would misrepresent this resource."
        },
        {
          "capability": "runtime",
          "status": "SUPPORTED",
          "evidence": [
            "pokemap_playtest and runtime consumer:gamePackage"
          ]
        },
        {
          "capability": "agentUx",
          "status": "SUPPORTED",
          "evidence": [
            "describe/schema/batch/pagination/field-mask:gamePackage"
          ]
        },
        {
          "capability": "parity",
          "status": "NOT_APPLICABLE",
          "justification": "gamePackage is a derived, content-addressed release artifact. It is built and inspected by the release gate, never mutated in-place."
        },
        {
          "capability": "contract",
          "status": "NOT_APPLICABLE",
          "justification": "gamePackage is a derived, content-addressed release artifact. It is built and inspected by the release gate, never mutated in-place."
        }
      ]
    },
    {
      "resourceKind": "gameSave",
      "canonicalOwnerKind": "sandboxPlayerState",
      "cells": [
        {
          "capability": "inventory",
          "status": "SUPPORTED",
          "evidence": [
            "AuthoringFullParityCatalog:gameSave->sandboxPlayerState"
          ]
        },
        {
          "capability": "read",
          "status": "SUPPORTED",
          "evidence": [
            "AuthoringReadApi/ProjectQueryService:sandboxPlayerState"
          ]
        },
        {
          "capability": "mutation",
          "status": "NOT_APPLICABLE",
          "justification": "gameSave is exercised only as detached sandbox state. Production save mutation/history is intentionally outside the authoring API."
        },
        {
          "capability": "fidelity",
          "status": "SUPPORTED",
          "evidence": [
            "JSON round-trip and domain contract tests:sandboxPlayerState"
          ]
        },
        {
          "capability": "references",
          "status": "NOT_APPLICABLE",
          "justification": "gameSave is exercised only as detached sandbox state. Production save mutation/history is intentionally outside the authoring API."
        },
        {
          "capability": "safety",
          "status": "SUPPORTED",
          "evidence": [
            "plan/dry-run/CAS/permission/confirmation:sandboxPlayerState"
          ]
        },
        {
          "capability": "durability",
          "status": "NOT_APPLICABLE",
          "justification": "gameSave is exercised only as detached sandbox state. Production save mutation/history is intentionally outside the authoring API."
        },
        {
          "capability": "replay",
          "status": "NOT_APPLICABLE",
          "justification": "gameSave is exercised only as detached sandbox state. Production save mutation/history is intentionally outside the authoring API."
        },
        {
          "capability": "history",
          "status": "NOT_APPLICABLE",
          "justification": "gameSave is exercised only as detached sandbox state. Production save mutation/history is intentionally outside the authoring API."
        },
        {
          "capability": "visualization",
          "status": "NOT_APPLICABLE",
          "justification": "gameSave has no visual surface; rendering its owning aggregate would misrepresent this resource."
        },
        {
          "capability": "runtime",
          "status": "SUPPORTED",
          "evidence": [
            "pokemap_playtest and runtime consumer:gameSave"
          ]
        },
        {
          "capability": "agentUx",
          "status": "SUPPORTED",
          "evidence": [
            "describe/schema/batch/pagination/field-mask:gameSave"
          ]
        },
        {
          "capability": "parity",
          "status": "NOT_APPLICABLE",
          "justification": "gameSave is exercised only as detached sandbox state. Production save mutation/history is intentionally outside the authoring API."
        },
        {
          "capability": "contract",
          "status": "NOT_APPLICABLE",
          "justification": "gameSave is exercised only as detached sandbox state. Production save mutation/history is intentionally outside the authoring API."
        }
      ]
    },
    {
      "resourceKind": "itemCatalog",
      "canonicalOwnerKind": "itemCatalog",
      "cells": [
        {
          "capability": "inventory",
          "status": "SUPPORTED",
          "evidence": [
            "AuthoringFullParityCatalog:itemCatalog->itemCatalog"
          ]
        },
        {
          "capability": "read",
          "status": "SUPPORTED",
          "evidence": [
            "AuthoringReadApi/ProjectQueryService:itemCatalog"
          ]
        },
        {
          "capability": "mutation",
          "status": "SUPPORTED",
          "evidence": [
            "AuthoringMutationDispatcher:itemCatalog"
          ]
        },
        {
          "capability": "fidelity",
          "status": "SUPPORTED",
          "evidence": [
            "JSON round-trip and domain contract tests:itemCatalog"
          ]
        },
        {
          "capability": "references",
          "status": "SUPPORTED",
          "evidence": [
            "ProjectReferenceIndex and domain impact tests:itemCatalog"
          ]
        },
        {
          "capability": "safety",
          "status": "SUPPORTED",
          "evidence": [
            "plan/dry-run/CAS/permission/confirmation:itemCatalog"
          ]
        },
        {
          "capability": "durability",
          "status": "SUPPORTED",
          "evidence": [
            "receipt/journal/recovery:itemCatalog"
          ]
        },
        {
          "capability": "replay",
          "status": "SUPPORTED",
          "evidence": [
            "durable idempotency ledger:itemCatalog"
          ]
        },
        {
          "capability": "history",
          "status": "SUPPORTED",
          "evidence": [
            "history/undo forward receipt:itemCatalog"
          ]
        },
        {
          "capability": "visualization",
          "status": "NOT_APPLICABLE",
          "justification": "itemCatalog has no visual surface; rendering its owning aggregate would misrepresent this resource."
        },
        {
          "capability": "runtime",
          "status": "SUPPORTED",
          "evidence": [
            "pokemap_playtest and runtime consumer:itemCatalog"
          ]
        },
        {
          "capability": "agentUx",
          "status": "SUPPORTED",
          "evidence": [
            "describe/schema/batch/pagination/field-mask:itemCatalog"
          ]
        },
        {
          "capability": "parity",
          "status": "SUPPORTED",
          "evidence": [
            "direct/editor/CLI/MCP canonical dispatcher:itemCatalog"
          ]
        },
        {
          "capability": "contract",
          "status": "SUPPORTED",
          "evidence": [
            "PMCP-085 shared golden receipt:itemCatalog"
          ]
        }
      ]
    },
    {
      "resourceKind": "itemDefinition",
      "canonicalOwnerKind": "itemCatalog",
      "cells": [
        {
          "capability": "inventory",
          "status": "SUPPORTED",
          "evidence": [
            "AuthoringFullParityCatalog:itemDefinition->itemCatalog"
          ]
        },
        {
          "capability": "read",
          "status": "SUPPORTED",
          "evidence": [
            "AuthoringReadApi/ProjectQueryService:itemCatalog"
          ]
        },
        {
          "capability": "mutation",
          "status": "SUPPORTED",
          "evidence": [
            "AuthoringMutationDispatcher:itemCatalog"
          ]
        },
        {
          "capability": "fidelity",
          "status": "SUPPORTED",
          "evidence": [
            "JSON round-trip and domain contract tests:itemCatalog"
          ]
        },
        {
          "capability": "references",
          "status": "SUPPORTED",
          "evidence": [
            "ProjectReferenceIndex and domain impact tests:itemCatalog"
          ]
        },
        {
          "capability": "safety",
          "status": "SUPPORTED",
          "evidence": [
            "plan/dry-run/CAS/permission/confirmation:itemCatalog"
          ]
        },
        {
          "capability": "durability",
          "status": "SUPPORTED",
          "evidence": [
            "receipt/journal/recovery:itemCatalog"
          ]
        },
        {
          "capability": "replay",
          "status": "SUPPORTED",
          "evidence": [
            "durable idempotency ledger:itemCatalog"
          ]
        },
        {
          "capability": "history",
          "status": "SUPPORTED",
          "evidence": [
            "history/undo forward receipt:itemCatalog"
          ]
        },
        {
          "capability": "visualization",
          "status": "NOT_APPLICABLE",
          "justification": "itemDefinition has no visual surface; rendering its owning aggregate would misrepresent this resource."
        },
        {
          "capability": "runtime",
          "status": "SUPPORTED",
          "evidence": [
            "pokemap_playtest and runtime consumer:itemDefinition"
          ]
        },
        {
          "capability": "agentUx",
          "status": "SUPPORTED",
          "evidence": [
            "describe/schema/batch/pagination/field-mask:itemDefinition"
          ]
        },
        {
          "capability": "parity",
          "status": "SUPPORTED",
          "evidence": [
            "direct/editor/CLI/MCP canonical dispatcher:itemCatalog"
          ]
        },
        {
          "capability": "contract",
          "status": "SUPPORTED",
          "evidence": [
            "PMCP-085 shared golden receipt:itemCatalog"
          ]
        }
      ]
    },
    {
      "resourceKind": "itemReadiness",
      "canonicalOwnerKind": "itemCatalog",
      "cells": [
        {
          "capability": "inventory",
          "status": "SUPPORTED",
          "evidence": [
            "AuthoringFullParityCatalog:itemReadiness->itemCatalog"
          ]
        },
        {
          "capability": "read",
          "status": "SUPPORTED",
          "evidence": [
            "AuthoringReadApi/ProjectQueryService:itemCatalog"
          ]
        },
        {
          "capability": "mutation",
          "status": "SUPPORTED",
          "evidence": [
            "AuthoringMutationDispatcher:itemCatalog"
          ]
        },
        {
          "capability": "fidelity",
          "status": "SUPPORTED",
          "evidence": [
            "JSON round-trip and domain contract tests:itemCatalog"
          ]
        },
        {
          "capability": "references",
          "status": "SUPPORTED",
          "evidence": [
            "ProjectReferenceIndex and domain impact tests:itemCatalog"
          ]
        },
        {
          "capability": "safety",
          "status": "SUPPORTED",
          "evidence": [
            "plan/dry-run/CAS/permission/confirmation:itemCatalog"
          ]
        },
        {
          "capability": "durability",
          "status": "SUPPORTED",
          "evidence": [
            "receipt/journal/recovery:itemCatalog"
          ]
        },
        {
          "capability": "replay",
          "status": "SUPPORTED",
          "evidence": [
            "durable idempotency ledger:itemCatalog"
          ]
        },
        {
          "capability": "history",
          "status": "SUPPORTED",
          "evidence": [
            "history/undo forward receipt:itemCatalog"
          ]
        },
        {
          "capability": "visualization",
          "status": "NOT_APPLICABLE",
          "justification": "itemReadiness has no visual surface; rendering its owning aggregate would misrepresent this resource."
        },
        {
          "capability": "runtime",
          "status": "SUPPORTED",
          "evidence": [
            "pokemap_playtest and runtime consumer:itemReadiness"
          ]
        },
        {
          "capability": "agentUx",
          "status": "SUPPORTED",
          "evidence": [
            "describe/schema/batch/pagination/field-mask:itemReadiness"
          ]
        },
        {
          "capability": "parity",
          "status": "SUPPORTED",
          "evidence": [
            "direct/editor/CLI/MCP canonical dispatcher:itemCatalog"
          ]
        },
        {
          "capability": "contract",
          "status": "SUPPORTED",
          "evidence": [
            "PMCP-085 shared golden receipt:itemCatalog"
          ]
        }
      ]
    },
    {
      "resourceKind": "itemUsage",
      "canonicalOwnerKind": "itemCatalog",
      "cells": [
        {
          "capability": "inventory",
          "status": "SUPPORTED",
          "evidence": [
            "AuthoringFullParityCatalog:itemUsage->itemCatalog"
          ]
        },
        {
          "capability": "read",
          "status": "SUPPORTED",
          "evidence": [
            "AuthoringReadApi/ProjectQueryService:itemCatalog"
          ]
        },
        {
          "capability": "mutation",
          "status": "SUPPORTED",
          "evidence": [
            "AuthoringMutationDispatcher:itemCatalog"
          ]
        },
        {
          "capability": "fidelity",
          "status": "SUPPORTED",
          "evidence": [
            "JSON round-trip and domain contract tests:itemCatalog"
          ]
        },
        {
          "capability": "references",
          "status": "SUPPORTED",
          "evidence": [
            "ProjectReferenceIndex and domain impact tests:itemCatalog"
          ]
        },
        {
          "capability": "safety",
          "status": "SUPPORTED",
          "evidence": [
            "plan/dry-run/CAS/permission/confirmation:itemCatalog"
          ]
        },
        {
          "capability": "durability",
          "status": "SUPPORTED",
          "evidence": [
            "receipt/journal/recovery:itemCatalog"
          ]
        },
        {
          "capability": "replay",
          "status": "SUPPORTED",
          "evidence": [
            "durable idempotency ledger:itemCatalog"
          ]
        },
        {
          "capability": "history",
          "status": "SUPPORTED",
          "evidence": [
            "history/undo forward receipt:itemCatalog"
          ]
        },
        {
          "capability": "visualization",
          "status": "NOT_APPLICABLE",
          "justification": "itemUsage has no visual surface; rendering its owning aggregate would misrepresent this resource."
        },
        {
          "capability": "runtime",
          "status": "SUPPORTED",
          "evidence": [
            "pokemap_playtest and runtime consumer:itemUsage"
          ]
        },
        {
          "capability": "agentUx",
          "status": "SUPPORTED",
          "evidence": [
            "describe/schema/batch/pagination/field-mask:itemUsage"
          ]
        },
        {
          "capability": "parity",
          "status": "SUPPORTED",
          "evidence": [
            "direct/editor/CLI/MCP canonical dispatcher:itemCatalog"
          ]
        },
        {
          "capability": "contract",
          "status": "SUPPORTED",
          "evidence": [
            "PMCP-085 shared golden receipt:itemCatalog"
          ]
        }
      ]
    },
    {
      "resourceKind": "map",
      "canonicalOwnerKind": "map",
      "cells": [
        {
          "capability": "inventory",
          "status": "SUPPORTED",
          "evidence": [
            "AuthoringFullParityCatalog:map->map"
          ]
        },
        {
          "capability": "read",
          "status": "SUPPORTED",
          "evidence": [
            "AuthoringReadApi/ProjectQueryService:map"
          ]
        },
        {
          "capability": "mutation",
          "status": "SUPPORTED",
          "evidence": [
            "AuthoringMutationDispatcher:map"
          ]
        },
        {
          "capability": "fidelity",
          "status": "SUPPORTED",
          "evidence": [
            "JSON round-trip and domain contract tests:map"
          ]
        },
        {
          "capability": "references",
          "status": "SUPPORTED",
          "evidence": [
            "ProjectReferenceIndex and domain impact tests:map"
          ]
        },
        {
          "capability": "safety",
          "status": "SUPPORTED",
          "evidence": [
            "plan/dry-run/CAS/permission/confirmation:map"
          ]
        },
        {
          "capability": "durability",
          "status": "SUPPORTED",
          "evidence": [
            "receipt/journal/recovery:map"
          ]
        },
        {
          "capability": "replay",
          "status": "SUPPORTED",
          "evidence": [
            "durable idempotency ledger:map"
          ]
        },
        {
          "capability": "history",
          "status": "SUPPORTED",
          "evidence": [
            "history/undo forward receipt:map"
          ]
        },
        {
          "capability": "visualization",
          "status": "SUPPORTED",
          "evidence": [
            "pokemap_render revision-bound asset-accurate preview:map"
          ]
        },
        {
          "capability": "runtime",
          "status": "SUPPORTED",
          "evidence": [
            "pokemap_playtest and runtime consumer:map"
          ]
        },
        {
          "capability": "agentUx",
          "status": "SUPPORTED",
          "evidence": [
            "describe/schema/batch/pagination/field-mask:map"
          ]
        },
        {
          "capability": "parity",
          "status": "SUPPORTED",
          "evidence": [
            "direct/editor/CLI/MCP canonical dispatcher:map"
          ]
        },
        {
          "capability": "contract",
          "status": "SUPPORTED",
          "evidence": [
            "PMCP-085 shared golden receipt:map"
          ]
        }
      ]
    },
    {
      "resourceKind": "mapConnection",
      "canonicalOwnerKind": "mapConnection",
      "cells": [
        {
          "capability": "inventory",
          "status": "SUPPORTED",
          "evidence": [
            "AuthoringFullParityCatalog:mapConnection->mapConnection"
          ]
        },
        {
          "capability": "read",
          "status": "SUPPORTED",
          "evidence": [
            "AuthoringReadApi/ProjectQueryService:mapConnection"
          ]
        },
        {
          "capability": "mutation",
          "status": "SUPPORTED",
          "evidence": [
            "AuthoringMutationDispatcher:mapConnection"
          ]
        },
        {
          "capability": "fidelity",
          "status": "SUPPORTED",
          "evidence": [
            "JSON round-trip and domain contract tests:mapConnection"
          ]
        },
        {
          "capability": "references",
          "status": "SUPPORTED",
          "evidence": [
            "ProjectReferenceIndex and domain impact tests:mapConnection"
          ]
        },
        {
          "capability": "safety",
          "status": "SUPPORTED",
          "evidence": [
            "plan/dry-run/CAS/permission/confirmation:mapConnection"
          ]
        },
        {
          "capability": "durability",
          "status": "SUPPORTED",
          "evidence": [
            "receipt/journal/recovery:mapConnection"
          ]
        },
        {
          "capability": "replay",
          "status": "SUPPORTED",
          "evidence": [
            "durable idempotency ledger:mapConnection"
          ]
        },
        {
          "capability": "history",
          "status": "SUPPORTED",
          "evidence": [
            "history/undo forward receipt:mapConnection"
          ]
        },
        {
          "capability": "visualization",
          "status": "NOT_APPLICABLE",
          "justification": "mapConnection has no visual surface; rendering its owning aggregate would misrepresent this resource."
        },
        {
          "capability": "runtime",
          "status": "SUPPORTED",
          "evidence": [
            "pokemap_playtest and runtime consumer:mapConnection"
          ]
        },
        {
          "capability": "agentUx",
          "status": "SUPPORTED",
          "evidence": [
            "describe/schema/batch/pagination/field-mask:mapConnection"
          ]
        },
        {
          "capability": "parity",
          "status": "SUPPORTED",
          "evidence": [
            "direct/editor/CLI/MCP canonical dispatcher:mapConnection"
          ]
        },
        {
          "capability": "contract",
          "status": "SUPPORTED",
          "evidence": [
            "PMCP-085 shared golden receipt:mapConnection"
          ]
        }
      ]
    },
    {
      "resourceKind": "mapEntity",
      "canonicalOwnerKind": "map",
      "cells": [
        {
          "capability": "inventory",
          "status": "SUPPORTED",
          "evidence": [
            "AuthoringFullParityCatalog:mapEntity->map"
          ]
        },
        {
          "capability": "read",
          "status": "SUPPORTED",
          "evidence": [
            "AuthoringReadApi/ProjectQueryService:map"
          ]
        },
        {
          "capability": "mutation",
          "status": "SUPPORTED",
          "evidence": [
            "AuthoringMutationDispatcher:map"
          ]
        },
        {
          "capability": "fidelity",
          "status": "SUPPORTED",
          "evidence": [
            "JSON round-trip and domain contract tests:map"
          ]
        },
        {
          "capability": "references",
          "status": "SUPPORTED",
          "evidence": [
            "ProjectReferenceIndex and domain impact tests:map"
          ]
        },
        {
          "capability": "safety",
          "status": "SUPPORTED",
          "evidence": [
            "plan/dry-run/CAS/permission/confirmation:map"
          ]
        },
        {
          "capability": "durability",
          "status": "SUPPORTED",
          "evidence": [
            "receipt/journal/recovery:map"
          ]
        },
        {
          "capability": "replay",
          "status": "SUPPORTED",
          "evidence": [
            "durable idempotency ledger:map"
          ]
        },
        {
          "capability": "history",
          "status": "SUPPORTED",
          "evidence": [
            "history/undo forward receipt:map"
          ]
        },
        {
          "capability": "visualization",
          "status": "SUPPORTED",
          "evidence": [
            "pokemap_render revision-bound asset-accurate preview:mapEntity"
          ]
        },
        {
          "capability": "runtime",
          "status": "SUPPORTED",
          "evidence": [
            "pokemap_playtest and runtime consumer:mapEntity"
          ]
        },
        {
          "capability": "agentUx",
          "status": "SUPPORTED",
          "evidence": [
            "describe/schema/batch/pagination/field-mask:mapEntity"
          ]
        },
        {
          "capability": "parity",
          "status": "SUPPORTED",
          "evidence": [
            "direct/editor/CLI/MCP canonical dispatcher:map"
          ]
        },
        {
          "capability": "contract",
          "status": "SUPPORTED",
          "evidence": [
            "PMCP-085 shared golden receipt:map"
          ]
        }
      ]
    },
    {
      "resourceKind": "mapEvent",
      "canonicalOwnerKind": "map",
      "cells": [
        {
          "capability": "inventory",
          "status": "SUPPORTED",
          "evidence": [
            "AuthoringFullParityCatalog:mapEvent->map"
          ]
        },
        {
          "capability": "read",
          "status": "SUPPORTED",
          "evidence": [
            "AuthoringReadApi/ProjectQueryService:map"
          ]
        },
        {
          "capability": "mutation",
          "status": "SUPPORTED",
          "evidence": [
            "AuthoringMutationDispatcher:map"
          ]
        },
        {
          "capability": "fidelity",
          "status": "SUPPORTED",
          "evidence": [
            "JSON round-trip and domain contract tests:map"
          ]
        },
        {
          "capability": "references",
          "status": "SUPPORTED",
          "evidence": [
            "ProjectReferenceIndex and domain impact tests:map"
          ]
        },
        {
          "capability": "safety",
          "status": "SUPPORTED",
          "evidence": [
            "plan/dry-run/CAS/permission/confirmation:map"
          ]
        },
        {
          "capability": "durability",
          "status": "SUPPORTED",
          "evidence": [
            "receipt/journal/recovery:map"
          ]
        },
        {
          "capability": "replay",
          "status": "SUPPORTED",
          "evidence": [
            "durable idempotency ledger:map"
          ]
        },
        {
          "capability": "history",
          "status": "SUPPORTED",
          "evidence": [
            "history/undo forward receipt:map"
          ]
        },
        {
          "capability": "visualization",
          "status": "SUPPORTED",
          "evidence": [
            "pokemap_render revision-bound asset-accurate preview:mapEvent"
          ]
        },
        {
          "capability": "runtime",
          "status": "SUPPORTED",
          "evidence": [
            "pokemap_playtest and runtime consumer:mapEvent"
          ]
        },
        {
          "capability": "agentUx",
          "status": "SUPPORTED",
          "evidence": [
            "describe/schema/batch/pagination/field-mask:mapEvent"
          ]
        },
        {
          "capability": "parity",
          "status": "SUPPORTED",
          "evidence": [
            "direct/editor/CLI/MCP canonical dispatcher:map"
          ]
        },
        {
          "capability": "contract",
          "status": "SUPPORTED",
          "evidence": [
            "PMCP-085 shared golden receipt:map"
          ]
        }
      ]
    },
    {
      "resourceKind": "mapGameplayZone",
      "canonicalOwnerKind": "map",
      "cells": [
        {
          "capability": "inventory",
          "status": "SUPPORTED",
          "evidence": [
            "AuthoringFullParityCatalog:mapGameplayZone->map"
          ]
        },
        {
          "capability": "read",
          "status": "SUPPORTED",
          "evidence": [
            "AuthoringReadApi/ProjectQueryService:map"
          ]
        },
        {
          "capability": "mutation",
          "status": "SUPPORTED",
          "evidence": [
            "AuthoringMutationDispatcher:map"
          ]
        },
        {
          "capability": "fidelity",
          "status": "SUPPORTED",
          "evidence": [
            "JSON round-trip and domain contract tests:map"
          ]
        },
        {
          "capability": "references",
          "status": "SUPPORTED",
          "evidence": [
            "ProjectReferenceIndex and domain impact tests:map"
          ]
        },
        {
          "capability": "safety",
          "status": "SUPPORTED",
          "evidence": [
            "plan/dry-run/CAS/permission/confirmation:map"
          ]
        },
        {
          "capability": "durability",
          "status": "SUPPORTED",
          "evidence": [
            "receipt/journal/recovery:map"
          ]
        },
        {
          "capability": "replay",
          "status": "SUPPORTED",
          "evidence": [
            "durable idempotency ledger:map"
          ]
        },
        {
          "capability": "history",
          "status": "SUPPORTED",
          "evidence": [
            "history/undo forward receipt:map"
          ]
        },
        {
          "capability": "visualization",
          "status": "SUPPORTED",
          "evidence": [
            "pokemap_render revision-bound asset-accurate preview:mapGameplayZone"
          ]
        },
        {
          "capability": "runtime",
          "status": "SUPPORTED",
          "evidence": [
            "pokemap_playtest and runtime consumer:mapGameplayZone"
          ]
        },
        {
          "capability": "agentUx",
          "status": "SUPPORTED",
          "evidence": [
            "describe/schema/batch/pagination/field-mask:mapGameplayZone"
          ]
        },
        {
          "capability": "parity",
          "status": "SUPPORTED",
          "evidence": [
            "direct/editor/CLI/MCP canonical dispatcher:map"
          ]
        },
        {
          "capability": "contract",
          "status": "SUPPORTED",
          "evidence": [
            "PMCP-085 shared golden receipt:map"
          ]
        }
      ]
    },
    {
      "resourceKind": "mapGroup",
      "canonicalOwnerKind": "project",
      "cells": [
        {
          "capability": "inventory",
          "status": "SUPPORTED",
          "evidence": [
            "AuthoringFullParityCatalog:mapGroup->project"
          ]
        },
        {
          "capability": "read",
          "status": "SUPPORTED",
          "evidence": [
            "AuthoringReadApi/ProjectQueryService:project"
          ]
        },
        {
          "capability": "mutation",
          "status": "SUPPORTED",
          "evidence": [
            "AuthoringMutationDispatcher:project"
          ]
        },
        {
          "capability": "fidelity",
          "status": "SUPPORTED",
          "evidence": [
            "JSON round-trip and domain contract tests:project"
          ]
        },
        {
          "capability": "references",
          "status": "SUPPORTED",
          "evidence": [
            "ProjectReferenceIndex and domain impact tests:project"
          ]
        },
        {
          "capability": "safety",
          "status": "SUPPORTED",
          "evidence": [
            "plan/dry-run/CAS/permission/confirmation:project"
          ]
        },
        {
          "capability": "durability",
          "status": "SUPPORTED",
          "evidence": [
            "receipt/journal/recovery:project"
          ]
        },
        {
          "capability": "replay",
          "status": "SUPPORTED",
          "evidence": [
            "durable idempotency ledger:project"
          ]
        },
        {
          "capability": "history",
          "status": "SUPPORTED",
          "evidence": [
            "history/undo forward receipt:project"
          ]
        },
        {
          "capability": "visualization",
          "status": "NOT_APPLICABLE",
          "justification": "mapGroup has no visual surface; rendering its owning aggregate would misrepresent this resource."
        },
        {
          "capability": "runtime",
          "status": "SUPPORTED",
          "evidence": [
            "pokemap_playtest and runtime consumer:mapGroup"
          ]
        },
        {
          "capability": "agentUx",
          "status": "SUPPORTED",
          "evidence": [
            "describe/schema/batch/pagination/field-mask:mapGroup"
          ]
        },
        {
          "capability": "parity",
          "status": "SUPPORTED",
          "evidence": [
            "direct/editor/CLI/MCP canonical dispatcher:project"
          ]
        },
        {
          "capability": "contract",
          "status": "SUPPORTED",
          "evidence": [
            "PMCP-085 shared golden receipt:project"
          ]
        }
      ]
    },
    {
      "resourceKind": "mapLayer",
      "canonicalOwnerKind": "map",
      "cells": [
        {
          "capability": "inventory",
          "status": "SUPPORTED",
          "evidence": [
            "AuthoringFullParityCatalog:mapLayer->map"
          ]
        },
        {
          "capability": "read",
          "status": "SUPPORTED",
          "evidence": [
            "AuthoringReadApi/ProjectQueryService:map"
          ]
        },
        {
          "capability": "mutation",
          "status": "SUPPORTED",
          "evidence": [
            "AuthoringMutationDispatcher:map"
          ]
        },
        {
          "capability": "fidelity",
          "status": "SUPPORTED",
          "evidence": [
            "JSON round-trip and domain contract tests:map"
          ]
        },
        {
          "capability": "references",
          "status": "SUPPORTED",
          "evidence": [
            "ProjectReferenceIndex and domain impact tests:map"
          ]
        },
        {
          "capability": "safety",
          "status": "SUPPORTED",
          "evidence": [
            "plan/dry-run/CAS/permission/confirmation:map"
          ]
        },
        {
          "capability": "durability",
          "status": "SUPPORTED",
          "evidence": [
            "receipt/journal/recovery:map"
          ]
        },
        {
          "capability": "replay",
          "status": "SUPPORTED",
          "evidence": [
            "durable idempotency ledger:map"
          ]
        },
        {
          "capability": "history",
          "status": "SUPPORTED",
          "evidence": [
            "history/undo forward receipt:map"
          ]
        },
        {
          "capability": "visualization",
          "status": "SUPPORTED",
          "evidence": [
            "pokemap_render revision-bound asset-accurate preview:mapLayer"
          ]
        },
        {
          "capability": "runtime",
          "status": "SUPPORTED",
          "evidence": [
            "pokemap_playtest and runtime consumer:mapLayer"
          ]
        },
        {
          "capability": "agentUx",
          "status": "SUPPORTED",
          "evidence": [
            "describe/schema/batch/pagination/field-mask:mapLayer"
          ]
        },
        {
          "capability": "parity",
          "status": "SUPPORTED",
          "evidence": [
            "direct/editor/CLI/MCP canonical dispatcher:map"
          ]
        },
        {
          "capability": "contract",
          "status": "SUPPORTED",
          "evidence": [
            "PMCP-085 shared golden receipt:map"
          ]
        }
      ]
    },
    {
      "resourceKind": "mapPlacedElement",
      "canonicalOwnerKind": "map",
      "cells": [
        {
          "capability": "inventory",
          "status": "SUPPORTED",
          "evidence": [
            "AuthoringFullParityCatalog:mapPlacedElement->map"
          ]
        },
        {
          "capability": "read",
          "status": "SUPPORTED",
          "evidence": [
            "AuthoringReadApi/ProjectQueryService:map"
          ]
        },
        {
          "capability": "mutation",
          "status": "SUPPORTED",
          "evidence": [
            "AuthoringMutationDispatcher:map"
          ]
        },
        {
          "capability": "fidelity",
          "status": "SUPPORTED",
          "evidence": [
            "JSON round-trip and domain contract tests:map"
          ]
        },
        {
          "capability": "references",
          "status": "SUPPORTED",
          "evidence": [
            "ProjectReferenceIndex and domain impact tests:map"
          ]
        },
        {
          "capability": "safety",
          "status": "SUPPORTED",
          "evidence": [
            "plan/dry-run/CAS/permission/confirmation:map"
          ]
        },
        {
          "capability": "durability",
          "status": "SUPPORTED",
          "evidence": [
            "receipt/journal/recovery:map"
          ]
        },
        {
          "capability": "replay",
          "status": "SUPPORTED",
          "evidence": [
            "durable idempotency ledger:map"
          ]
        },
        {
          "capability": "history",
          "status": "SUPPORTED",
          "evidence": [
            "history/undo forward receipt:map"
          ]
        },
        {
          "capability": "visualization",
          "status": "SUPPORTED",
          "evidence": [
            "pokemap_render revision-bound asset-accurate preview:mapPlacedElement"
          ]
        },
        {
          "capability": "runtime",
          "status": "SUPPORTED",
          "evidence": [
            "pokemap_playtest and runtime consumer:mapPlacedElement"
          ]
        },
        {
          "capability": "agentUx",
          "status": "SUPPORTED",
          "evidence": [
            "describe/schema/batch/pagination/field-mask:mapPlacedElement"
          ]
        },
        {
          "capability": "parity",
          "status": "SUPPORTED",
          "evidence": [
            "direct/editor/CLI/MCP canonical dispatcher:map"
          ]
        },
        {
          "capability": "contract",
          "status": "SUPPORTED",
          "evidence": [
            "PMCP-085 shared golden receipt:map"
          ]
        }
      ]
    },
    {
      "resourceKind": "mapTrigger",
      "canonicalOwnerKind": "map",
      "cells": [
        {
          "capability": "inventory",
          "status": "SUPPORTED",
          "evidence": [
            "AuthoringFullParityCatalog:mapTrigger->map"
          ]
        },
        {
          "capability": "read",
          "status": "SUPPORTED",
          "evidence": [
            "AuthoringReadApi/ProjectQueryService:map"
          ]
        },
        {
          "capability": "mutation",
          "status": "SUPPORTED",
          "evidence": [
            "AuthoringMutationDispatcher:map"
          ]
        },
        {
          "capability": "fidelity",
          "status": "SUPPORTED",
          "evidence": [
            "JSON round-trip and domain contract tests:map"
          ]
        },
        {
          "capability": "references",
          "status": "SUPPORTED",
          "evidence": [
            "ProjectReferenceIndex and domain impact tests:map"
          ]
        },
        {
          "capability": "safety",
          "status": "SUPPORTED",
          "evidence": [
            "plan/dry-run/CAS/permission/confirmation:map"
          ]
        },
        {
          "capability": "durability",
          "status": "SUPPORTED",
          "evidence": [
            "receipt/journal/recovery:map"
          ]
        },
        {
          "capability": "replay",
          "status": "SUPPORTED",
          "evidence": [
            "durable idempotency ledger:map"
          ]
        },
        {
          "capability": "history",
          "status": "SUPPORTED",
          "evidence": [
            "history/undo forward receipt:map"
          ]
        },
        {
          "capability": "visualization",
          "status": "NOT_APPLICABLE",
          "justification": "mapTrigger has no visual surface; rendering its owning aggregate would misrepresent this resource."
        },
        {
          "capability": "runtime",
          "status": "SUPPORTED",
          "evidence": [
            "pokemap_playtest and runtime consumer:mapTrigger"
          ]
        },
        {
          "capability": "agentUx",
          "status": "SUPPORTED",
          "evidence": [
            "describe/schema/batch/pagination/field-mask:mapTrigger"
          ]
        },
        {
          "capability": "parity",
          "status": "SUPPORTED",
          "evidence": [
            "direct/editor/CLI/MCP canonical dispatcher:map"
          ]
        },
        {
          "capability": "contract",
          "status": "SUPPORTED",
          "evidence": [
            "PMCP-085 shared golden receipt:map"
          ]
        }
      ]
    },
    {
      "resourceKind": "mapWarp",
      "canonicalOwnerKind": "map",
      "cells": [
        {
          "capability": "inventory",
          "status": "SUPPORTED",
          "evidence": [
            "AuthoringFullParityCatalog:mapWarp->map"
          ]
        },
        {
          "capability": "read",
          "status": "SUPPORTED",
          "evidence": [
            "AuthoringReadApi/ProjectQueryService:map"
          ]
        },
        {
          "capability": "mutation",
          "status": "SUPPORTED",
          "evidence": [
            "AuthoringMutationDispatcher:map"
          ]
        },
        {
          "capability": "fidelity",
          "status": "SUPPORTED",
          "evidence": [
            "JSON round-trip and domain contract tests:map"
          ]
        },
        {
          "capability": "references",
          "status": "SUPPORTED",
          "evidence": [
            "ProjectReferenceIndex and domain impact tests:map"
          ]
        },
        {
          "capability": "safety",
          "status": "SUPPORTED",
          "evidence": [
            "plan/dry-run/CAS/permission/confirmation:map"
          ]
        },
        {
          "capability": "durability",
          "status": "SUPPORTED",
          "evidence": [
            "receipt/journal/recovery:map"
          ]
        },
        {
          "capability": "replay",
          "status": "SUPPORTED",
          "evidence": [
            "durable idempotency ledger:map"
          ]
        },
        {
          "capability": "history",
          "status": "SUPPORTED",
          "evidence": [
            "history/undo forward receipt:map"
          ]
        },
        {
          "capability": "visualization",
          "status": "NOT_APPLICABLE",
          "justification": "mapWarp has no visual surface; rendering its owning aggregate would misrepresent this resource."
        },
        {
          "capability": "runtime",
          "status": "SUPPORTED",
          "evidence": [
            "pokemap_playtest and runtime consumer:mapWarp"
          ]
        },
        {
          "capability": "agentUx",
          "status": "SUPPORTED",
          "evidence": [
            "describe/schema/batch/pagination/field-mask:mapWarp"
          ]
        },
        {
          "capability": "parity",
          "status": "SUPPORTED",
          "evidence": [
            "direct/editor/CLI/MCP canonical dispatcher:map"
          ]
        },
        {
          "capability": "contract",
          "status": "SUPPORTED",
          "evidence": [
            "PMCP-085 shared golden receipt:map"
          ]
        }
      ]
    },
    {
      "resourceKind": "narrativeEvent",
      "canonicalOwnerKind": "eventV2",
      "cells": [
        {
          "capability": "inventory",
          "status": "SUPPORTED",
          "evidence": [
            "AuthoringFullParityCatalog:narrativeEvent->eventV2"
          ]
        },
        {
          "capability": "read",
          "status": "SUPPORTED",
          "evidence": [
            "AuthoringReadApi/ProjectQueryService:eventV2"
          ]
        },
        {
          "capability": "mutation",
          "status": "SUPPORTED",
          "evidence": [
            "AuthoringMutationDispatcher:eventV2"
          ]
        },
        {
          "capability": "fidelity",
          "status": "SUPPORTED",
          "evidence": [
            "JSON round-trip and domain contract tests:eventV2"
          ]
        },
        {
          "capability": "references",
          "status": "SUPPORTED",
          "evidence": [
            "ProjectReferenceIndex and domain impact tests:eventV2"
          ]
        },
        {
          "capability": "safety",
          "status": "SUPPORTED",
          "evidence": [
            "plan/dry-run/CAS/permission/confirmation:eventV2"
          ]
        },
        {
          "capability": "durability",
          "status": "SUPPORTED",
          "evidence": [
            "receipt/journal/recovery:eventV2"
          ]
        },
        {
          "capability": "replay",
          "status": "SUPPORTED",
          "evidence": [
            "durable idempotency ledger:eventV2"
          ]
        },
        {
          "capability": "history",
          "status": "SUPPORTED",
          "evidence": [
            "history/undo forward receipt:eventV2"
          ]
        },
        {
          "capability": "visualization",
          "status": "NOT_APPLICABLE",
          "justification": "narrativeEvent has no visual surface; rendering its owning aggregate would misrepresent this resource."
        },
        {
          "capability": "runtime",
          "status": "SUPPORTED",
          "evidence": [
            "pokemap_playtest and runtime consumer:narrativeEvent"
          ]
        },
        {
          "capability": "agentUx",
          "status": "SUPPORTED",
          "evidence": [
            "describe/schema/batch/pagination/field-mask:narrativeEvent"
          ]
        },
        {
          "capability": "parity",
          "status": "SUPPORTED",
          "evidence": [
            "direct/editor/CLI/MCP canonical dispatcher:eventV2"
          ]
        },
        {
          "capability": "contract",
          "status": "SUPPORTED",
          "evidence": [
            "PMCP-085 shared golden receipt:eventV2"
          ]
        }
      ]
    },
    {
      "resourceKind": "narrativeFact",
      "canonicalOwnerKind": "fact",
      "cells": [
        {
          "capability": "inventory",
          "status": "SUPPORTED",
          "evidence": [
            "AuthoringFullParityCatalog:narrativeFact->fact"
          ]
        },
        {
          "capability": "read",
          "status": "SUPPORTED",
          "evidence": [
            "AuthoringReadApi/ProjectQueryService:fact"
          ]
        },
        {
          "capability": "mutation",
          "status": "SUPPORTED",
          "evidence": [
            "AuthoringMutationDispatcher:fact"
          ]
        },
        {
          "capability": "fidelity",
          "status": "SUPPORTED",
          "evidence": [
            "JSON round-trip and domain contract tests:fact"
          ]
        },
        {
          "capability": "references",
          "status": "SUPPORTED",
          "evidence": [
            "ProjectReferenceIndex and domain impact tests:fact"
          ]
        },
        {
          "capability": "safety",
          "status": "SUPPORTED",
          "evidence": [
            "plan/dry-run/CAS/permission/confirmation:fact"
          ]
        },
        {
          "capability": "durability",
          "status": "SUPPORTED",
          "evidence": [
            "receipt/journal/recovery:fact"
          ]
        },
        {
          "capability": "replay",
          "status": "SUPPORTED",
          "evidence": [
            "durable idempotency ledger:fact"
          ]
        },
        {
          "capability": "history",
          "status": "SUPPORTED",
          "evidence": [
            "history/undo forward receipt:fact"
          ]
        },
        {
          "capability": "visualization",
          "status": "NOT_APPLICABLE",
          "justification": "narrativeFact has no visual surface; rendering its owning aggregate would misrepresent this resource."
        },
        {
          "capability": "runtime",
          "status": "SUPPORTED",
          "evidence": [
            "pokemap_playtest and runtime consumer:narrativeFact"
          ]
        },
        {
          "capability": "agentUx",
          "status": "SUPPORTED",
          "evidence": [
            "describe/schema/batch/pagination/field-mask:narrativeFact"
          ]
        },
        {
          "capability": "parity",
          "status": "SUPPORTED",
          "evidence": [
            "direct/editor/CLI/MCP canonical dispatcher:fact"
          ]
        },
        {
          "capability": "contract",
          "status": "SUPPORTED",
          "evidence": [
            "PMCP-085 shared golden receipt:fact"
          ]
        }
      ]
    },
    {
      "resourceKind": "pokemonAbility",
      "canonicalOwnerKind": "pokemonDocument",
      "cells": [
        {
          "capability": "inventory",
          "status": "SUPPORTED",
          "evidence": [
            "AuthoringFullParityCatalog:pokemonAbility->pokemonDocument"
          ]
        },
        {
          "capability": "read",
          "status": "SUPPORTED",
          "evidence": [
            "AuthoringReadApi/ProjectQueryService:pokemonDocument"
          ]
        },
        {
          "capability": "mutation",
          "status": "SUPPORTED",
          "evidence": [
            "AuthoringMutationDispatcher:pokemonDocument"
          ]
        },
        {
          "capability": "fidelity",
          "status": "SUPPORTED",
          "evidence": [
            "JSON round-trip and domain contract tests:pokemonDocument"
          ]
        },
        {
          "capability": "references",
          "status": "SUPPORTED",
          "evidence": [
            "ProjectReferenceIndex and domain impact tests:pokemonDocument"
          ]
        },
        {
          "capability": "safety",
          "status": "SUPPORTED",
          "evidence": [
            "plan/dry-run/CAS/permission/confirmation:pokemonDocument"
          ]
        },
        {
          "capability": "durability",
          "status": "SUPPORTED",
          "evidence": [
            "receipt/journal/recovery:pokemonDocument"
          ]
        },
        {
          "capability": "replay",
          "status": "SUPPORTED",
          "evidence": [
            "durable idempotency ledger:pokemonDocument"
          ]
        },
        {
          "capability": "history",
          "status": "SUPPORTED",
          "evidence": [
            "history/undo forward receipt:pokemonDocument"
          ]
        },
        {
          "capability": "visualization",
          "status": "NOT_APPLICABLE",
          "justification": "pokemonAbility has no visual surface; rendering its owning aggregate would misrepresent this resource."
        },
        {
          "capability": "runtime",
          "status": "SUPPORTED",
          "evidence": [
            "pokemap_playtest and runtime consumer:pokemonAbility"
          ]
        },
        {
          "capability": "agentUx",
          "status": "SUPPORTED",
          "evidence": [
            "describe/schema/batch/pagination/field-mask:pokemonAbility"
          ]
        },
        {
          "capability": "parity",
          "status": "SUPPORTED",
          "evidence": [
            "direct/editor/CLI/MCP canonical dispatcher:pokemonDocument"
          ]
        },
        {
          "capability": "contract",
          "status": "SUPPORTED",
          "evidence": [
            "PMCP-085 shared golden receipt:pokemonDocument"
          ]
        }
      ]
    },
    {
      "resourceKind": "pokemonCatalog",
      "canonicalOwnerKind": "pokemonDocument",
      "cells": [
        {
          "capability": "inventory",
          "status": "SUPPORTED",
          "evidence": [
            "AuthoringFullParityCatalog:pokemonCatalog->pokemonDocument"
          ]
        },
        {
          "capability": "read",
          "status": "SUPPORTED",
          "evidence": [
            "AuthoringReadApi/ProjectQueryService:pokemonDocument"
          ]
        },
        {
          "capability": "mutation",
          "status": "SUPPORTED",
          "evidence": [
            "AuthoringMutationDispatcher:pokemonDocument"
          ]
        },
        {
          "capability": "fidelity",
          "status": "SUPPORTED",
          "evidence": [
            "JSON round-trip and domain contract tests:pokemonDocument"
          ]
        },
        {
          "capability": "references",
          "status": "SUPPORTED",
          "evidence": [
            "ProjectReferenceIndex and domain impact tests:pokemonDocument"
          ]
        },
        {
          "capability": "safety",
          "status": "SUPPORTED",
          "evidence": [
            "plan/dry-run/CAS/permission/confirmation:pokemonDocument"
          ]
        },
        {
          "capability": "durability",
          "status": "SUPPORTED",
          "evidence": [
            "receipt/journal/recovery:pokemonDocument"
          ]
        },
        {
          "capability": "replay",
          "status": "SUPPORTED",
          "evidence": [
            "durable idempotency ledger:pokemonDocument"
          ]
        },
        {
          "capability": "history",
          "status": "SUPPORTED",
          "evidence": [
            "history/undo forward receipt:pokemonDocument"
          ]
        },
        {
          "capability": "visualization",
          "status": "NOT_APPLICABLE",
          "justification": "pokemonCatalog has no visual surface; rendering its owning aggregate would misrepresent this resource."
        },
        {
          "capability": "runtime",
          "status": "SUPPORTED",
          "evidence": [
            "pokemap_playtest and runtime consumer:pokemonCatalog"
          ]
        },
        {
          "capability": "agentUx",
          "status": "SUPPORTED",
          "evidence": [
            "describe/schema/batch/pagination/field-mask:pokemonCatalog"
          ]
        },
        {
          "capability": "parity",
          "status": "SUPPORTED",
          "evidence": [
            "direct/editor/CLI/MCP canonical dispatcher:pokemonDocument"
          ]
        },
        {
          "capability": "contract",
          "status": "SUPPORTED",
          "evidence": [
            "PMCP-085 shared golden receipt:pokemonDocument"
          ]
        }
      ]
    },
    {
      "resourceKind": "pokemonEvolution",
      "canonicalOwnerKind": "pokemonDocument",
      "cells": [
        {
          "capability": "inventory",
          "status": "SUPPORTED",
          "evidence": [
            "AuthoringFullParityCatalog:pokemonEvolution->pokemonDocument"
          ]
        },
        {
          "capability": "read",
          "status": "SUPPORTED",
          "evidence": [
            "AuthoringReadApi/ProjectQueryService:pokemonDocument"
          ]
        },
        {
          "capability": "mutation",
          "status": "SUPPORTED",
          "evidence": [
            "AuthoringMutationDispatcher:pokemonDocument"
          ]
        },
        {
          "capability": "fidelity",
          "status": "SUPPORTED",
          "evidence": [
            "JSON round-trip and domain contract tests:pokemonDocument"
          ]
        },
        {
          "capability": "references",
          "status": "SUPPORTED",
          "evidence": [
            "ProjectReferenceIndex and domain impact tests:pokemonDocument"
          ]
        },
        {
          "capability": "safety",
          "status": "SUPPORTED",
          "evidence": [
            "plan/dry-run/CAS/permission/confirmation:pokemonDocument"
          ]
        },
        {
          "capability": "durability",
          "status": "SUPPORTED",
          "evidence": [
            "receipt/journal/recovery:pokemonDocument"
          ]
        },
        {
          "capability": "replay",
          "status": "SUPPORTED",
          "evidence": [
            "durable idempotency ledger:pokemonDocument"
          ]
        },
        {
          "capability": "history",
          "status": "SUPPORTED",
          "evidence": [
            "history/undo forward receipt:pokemonDocument"
          ]
        },
        {
          "capability": "visualization",
          "status": "NOT_APPLICABLE",
          "justification": "pokemonEvolution has no visual surface; rendering its owning aggregate would misrepresent this resource."
        },
        {
          "capability": "runtime",
          "status": "SUPPORTED",
          "evidence": [
            "pokemap_playtest and runtime consumer:pokemonEvolution"
          ]
        },
        {
          "capability": "agentUx",
          "status": "SUPPORTED",
          "evidence": [
            "describe/schema/batch/pagination/field-mask:pokemonEvolution"
          ]
        },
        {
          "capability": "parity",
          "status": "SUPPORTED",
          "evidence": [
            "direct/editor/CLI/MCP canonical dispatcher:pokemonDocument"
          ]
        },
        {
          "capability": "contract",
          "status": "SUPPORTED",
          "evidence": [
            "PMCP-085 shared golden receipt:pokemonDocument"
          ]
        }
      ]
    },
    {
      "resourceKind": "pokemonForm",
      "canonicalOwnerKind": "pokemonDocument",
      "cells": [
        {
          "capability": "inventory",
          "status": "SUPPORTED",
          "evidence": [
            "AuthoringFullParityCatalog:pokemonForm->pokemonDocument"
          ]
        },
        {
          "capability": "read",
          "status": "SUPPORTED",
          "evidence": [
            "AuthoringReadApi/ProjectQueryService:pokemonDocument"
          ]
        },
        {
          "capability": "mutation",
          "status": "SUPPORTED",
          "evidence": [
            "AuthoringMutationDispatcher:pokemonDocument"
          ]
        },
        {
          "capability": "fidelity",
          "status": "SUPPORTED",
          "evidence": [
            "JSON round-trip and domain contract tests:pokemonDocument"
          ]
        },
        {
          "capability": "references",
          "status": "SUPPORTED",
          "evidence": [
            "ProjectReferenceIndex and domain impact tests:pokemonDocument"
          ]
        },
        {
          "capability": "safety",
          "status": "SUPPORTED",
          "evidence": [
            "plan/dry-run/CAS/permission/confirmation:pokemonDocument"
          ]
        },
        {
          "capability": "durability",
          "status": "SUPPORTED",
          "evidence": [
            "receipt/journal/recovery:pokemonDocument"
          ]
        },
        {
          "capability": "replay",
          "status": "SUPPORTED",
          "evidence": [
            "durable idempotency ledger:pokemonDocument"
          ]
        },
        {
          "capability": "history",
          "status": "SUPPORTED",
          "evidence": [
            "history/undo forward receipt:pokemonDocument"
          ]
        },
        {
          "capability": "visualization",
          "status": "SUPPORTED",
          "evidence": [
            "pokemap_render revision-bound asset-accurate preview:pokemonForm"
          ]
        },
        {
          "capability": "runtime",
          "status": "SUPPORTED",
          "evidence": [
            "pokemap_playtest and runtime consumer:pokemonForm"
          ]
        },
        {
          "capability": "agentUx",
          "status": "SUPPORTED",
          "evidence": [
            "describe/schema/batch/pagination/field-mask:pokemonForm"
          ]
        },
        {
          "capability": "parity",
          "status": "SUPPORTED",
          "evidence": [
            "direct/editor/CLI/MCP canonical dispatcher:pokemonDocument"
          ]
        },
        {
          "capability": "contract",
          "status": "SUPPORTED",
          "evidence": [
            "PMCP-085 shared golden receipt:pokemonDocument"
          ]
        }
      ]
    },
    {
      "resourceKind": "pokemonItem",
      "canonicalOwnerKind": "pokemonDocument",
      "cells": [
        {
          "capability": "inventory",
          "status": "SUPPORTED",
          "evidence": [
            "AuthoringFullParityCatalog:pokemonItem->pokemonDocument"
          ]
        },
        {
          "capability": "read",
          "status": "SUPPORTED",
          "evidence": [
            "AuthoringReadApi/ProjectQueryService:pokemonDocument"
          ]
        },
        {
          "capability": "mutation",
          "status": "SUPPORTED",
          "evidence": [
            "AuthoringMutationDispatcher:pokemonDocument"
          ]
        },
        {
          "capability": "fidelity",
          "status": "SUPPORTED",
          "evidence": [
            "JSON round-trip and domain contract tests:pokemonDocument"
          ]
        },
        {
          "capability": "references",
          "status": "SUPPORTED",
          "evidence": [
            "ProjectReferenceIndex and domain impact tests:pokemonDocument"
          ]
        },
        {
          "capability": "safety",
          "status": "SUPPORTED",
          "evidence": [
            "plan/dry-run/CAS/permission/confirmation:pokemonDocument"
          ]
        },
        {
          "capability": "durability",
          "status": "SUPPORTED",
          "evidence": [
            "receipt/journal/recovery:pokemonDocument"
          ]
        },
        {
          "capability": "replay",
          "status": "SUPPORTED",
          "evidence": [
            "durable idempotency ledger:pokemonDocument"
          ]
        },
        {
          "capability": "history",
          "status": "SUPPORTED",
          "evidence": [
            "history/undo forward receipt:pokemonDocument"
          ]
        },
        {
          "capability": "visualization",
          "status": "NOT_APPLICABLE",
          "justification": "pokemonItem has no visual surface; rendering its owning aggregate would misrepresent this resource."
        },
        {
          "capability": "runtime",
          "status": "SUPPORTED",
          "evidence": [
            "pokemap_playtest and runtime consumer:pokemonItem"
          ]
        },
        {
          "capability": "agentUx",
          "status": "SUPPORTED",
          "evidence": [
            "describe/schema/batch/pagination/field-mask:pokemonItem"
          ]
        },
        {
          "capability": "parity",
          "status": "SUPPORTED",
          "evidence": [
            "direct/editor/CLI/MCP canonical dispatcher:pokemonDocument"
          ]
        },
        {
          "capability": "contract",
          "status": "SUPPORTED",
          "evidence": [
            "PMCP-085 shared golden receipt:pokemonDocument"
          ]
        }
      ]
    },
    {
      "resourceKind": "pokemonLearnset",
      "canonicalOwnerKind": "pokemonDocument",
      "cells": [
        {
          "capability": "inventory",
          "status": "SUPPORTED",
          "evidence": [
            "AuthoringFullParityCatalog:pokemonLearnset->pokemonDocument"
          ]
        },
        {
          "capability": "read",
          "status": "SUPPORTED",
          "evidence": [
            "AuthoringReadApi/ProjectQueryService:pokemonDocument"
          ]
        },
        {
          "capability": "mutation",
          "status": "SUPPORTED",
          "evidence": [
            "AuthoringMutationDispatcher:pokemonDocument"
          ]
        },
        {
          "capability": "fidelity",
          "status": "SUPPORTED",
          "evidence": [
            "JSON round-trip and domain contract tests:pokemonDocument"
          ]
        },
        {
          "capability": "references",
          "status": "SUPPORTED",
          "evidence": [
            "ProjectReferenceIndex and domain impact tests:pokemonDocument"
          ]
        },
        {
          "capability": "safety",
          "status": "SUPPORTED",
          "evidence": [
            "plan/dry-run/CAS/permission/confirmation:pokemonDocument"
          ]
        },
        {
          "capability": "durability",
          "status": "SUPPORTED",
          "evidence": [
            "receipt/journal/recovery:pokemonDocument"
          ]
        },
        {
          "capability": "replay",
          "status": "SUPPORTED",
          "evidence": [
            "durable idempotency ledger:pokemonDocument"
          ]
        },
        {
          "capability": "history",
          "status": "SUPPORTED",
          "evidence": [
            "history/undo forward receipt:pokemonDocument"
          ]
        },
        {
          "capability": "visualization",
          "status": "NOT_APPLICABLE",
          "justification": "pokemonLearnset has no visual surface; rendering its owning aggregate would misrepresent this resource."
        },
        {
          "capability": "runtime",
          "status": "SUPPORTED",
          "evidence": [
            "pokemap_playtest and runtime consumer:pokemonLearnset"
          ]
        },
        {
          "capability": "agentUx",
          "status": "SUPPORTED",
          "evidence": [
            "describe/schema/batch/pagination/field-mask:pokemonLearnset"
          ]
        },
        {
          "capability": "parity",
          "status": "SUPPORTED",
          "evidence": [
            "direct/editor/CLI/MCP canonical dispatcher:pokemonDocument"
          ]
        },
        {
          "capability": "contract",
          "status": "SUPPORTED",
          "evidence": [
            "PMCP-085 shared golden receipt:pokemonDocument"
          ]
        }
      ]
    },
    {
      "resourceKind": "pokemonMedia",
      "canonicalOwnerKind": "pokemonDocument",
      "cells": [
        {
          "capability": "inventory",
          "status": "SUPPORTED",
          "evidence": [
            "AuthoringFullParityCatalog:pokemonMedia->pokemonDocument"
          ]
        },
        {
          "capability": "read",
          "status": "SUPPORTED",
          "evidence": [
            "AuthoringReadApi/ProjectQueryService:pokemonDocument"
          ]
        },
        {
          "capability": "mutation",
          "status": "SUPPORTED",
          "evidence": [
            "AuthoringMutationDispatcher:pokemonDocument"
          ]
        },
        {
          "capability": "fidelity",
          "status": "SUPPORTED",
          "evidence": [
            "JSON round-trip and domain contract tests:pokemonDocument"
          ]
        },
        {
          "capability": "references",
          "status": "SUPPORTED",
          "evidence": [
            "ProjectReferenceIndex and domain impact tests:pokemonDocument"
          ]
        },
        {
          "capability": "safety",
          "status": "SUPPORTED",
          "evidence": [
            "plan/dry-run/CAS/permission/confirmation:pokemonDocument"
          ]
        },
        {
          "capability": "durability",
          "status": "SUPPORTED",
          "evidence": [
            "receipt/journal/recovery:pokemonDocument"
          ]
        },
        {
          "capability": "replay",
          "status": "SUPPORTED",
          "evidence": [
            "durable idempotency ledger:pokemonDocument"
          ]
        },
        {
          "capability": "history",
          "status": "SUPPORTED",
          "evidence": [
            "history/undo forward receipt:pokemonDocument"
          ]
        },
        {
          "capability": "visualization",
          "status": "SUPPORTED",
          "evidence": [
            "pokemap_render revision-bound asset-accurate preview:pokemonMedia"
          ]
        },
        {
          "capability": "runtime",
          "status": "SUPPORTED",
          "evidence": [
            "pokemap_playtest and runtime consumer:pokemonMedia"
          ]
        },
        {
          "capability": "agentUx",
          "status": "SUPPORTED",
          "evidence": [
            "describe/schema/batch/pagination/field-mask:pokemonMedia"
          ]
        },
        {
          "capability": "parity",
          "status": "SUPPORTED",
          "evidence": [
            "direct/editor/CLI/MCP canonical dispatcher:pokemonDocument"
          ]
        },
        {
          "capability": "contract",
          "status": "SUPPORTED",
          "evidence": [
            "PMCP-085 shared golden receipt:pokemonDocument"
          ]
        }
      ]
    },
    {
      "resourceKind": "pokemonMove",
      "canonicalOwnerKind": "pokemonDocument",
      "cells": [
        {
          "capability": "inventory",
          "status": "SUPPORTED",
          "evidence": [
            "AuthoringFullParityCatalog:pokemonMove->pokemonDocument"
          ]
        },
        {
          "capability": "read",
          "status": "SUPPORTED",
          "evidence": [
            "AuthoringReadApi/ProjectQueryService:pokemonDocument"
          ]
        },
        {
          "capability": "mutation",
          "status": "SUPPORTED",
          "evidence": [
            "AuthoringMutationDispatcher:pokemonDocument"
          ]
        },
        {
          "capability": "fidelity",
          "status": "SUPPORTED",
          "evidence": [
            "JSON round-trip and domain contract tests:pokemonDocument"
          ]
        },
        {
          "capability": "references",
          "status": "SUPPORTED",
          "evidence": [
            "ProjectReferenceIndex and domain impact tests:pokemonDocument"
          ]
        },
        {
          "capability": "safety",
          "status": "SUPPORTED",
          "evidence": [
            "plan/dry-run/CAS/permission/confirmation:pokemonDocument"
          ]
        },
        {
          "capability": "durability",
          "status": "SUPPORTED",
          "evidence": [
            "receipt/journal/recovery:pokemonDocument"
          ]
        },
        {
          "capability": "replay",
          "status": "SUPPORTED",
          "evidence": [
            "durable idempotency ledger:pokemonDocument"
          ]
        },
        {
          "capability": "history",
          "status": "SUPPORTED",
          "evidence": [
            "history/undo forward receipt:pokemonDocument"
          ]
        },
        {
          "capability": "visualization",
          "status": "NOT_APPLICABLE",
          "justification": "pokemonMove has no visual surface; rendering its owning aggregate would misrepresent this resource."
        },
        {
          "capability": "runtime",
          "status": "SUPPORTED",
          "evidence": [
            "pokemap_playtest and runtime consumer:pokemonMove"
          ]
        },
        {
          "capability": "agentUx",
          "status": "SUPPORTED",
          "evidence": [
            "describe/schema/batch/pagination/field-mask:pokemonMove"
          ]
        },
        {
          "capability": "parity",
          "status": "SUPPORTED",
          "evidence": [
            "direct/editor/CLI/MCP canonical dispatcher:pokemonDocument"
          ]
        },
        {
          "capability": "contract",
          "status": "SUPPORTED",
          "evidence": [
            "PMCP-085 shared golden receipt:pokemonDocument"
          ]
        }
      ]
    },
    {
      "resourceKind": "pokemonRuleset",
      "canonicalOwnerKind": "project",
      "cells": [
        {
          "capability": "inventory",
          "status": "SUPPORTED",
          "evidence": [
            "AuthoringFullParityCatalog:pokemonRuleset->project"
          ]
        },
        {
          "capability": "read",
          "status": "SUPPORTED",
          "evidence": [
            "AuthoringReadApi/ProjectQueryService:project"
          ]
        },
        {
          "capability": "mutation",
          "status": "SUPPORTED",
          "evidence": [
            "AuthoringMutationDispatcher:project"
          ]
        },
        {
          "capability": "fidelity",
          "status": "SUPPORTED",
          "evidence": [
            "JSON round-trip and domain contract tests:project"
          ]
        },
        {
          "capability": "references",
          "status": "SUPPORTED",
          "evidence": [
            "ProjectReferenceIndex and domain impact tests:project"
          ]
        },
        {
          "capability": "safety",
          "status": "SUPPORTED",
          "evidence": [
            "plan/dry-run/CAS/permission/confirmation:project"
          ]
        },
        {
          "capability": "durability",
          "status": "SUPPORTED",
          "evidence": [
            "receipt/journal/recovery:project"
          ]
        },
        {
          "capability": "replay",
          "status": "SUPPORTED",
          "evidence": [
            "durable idempotency ledger:project"
          ]
        },
        {
          "capability": "history",
          "status": "SUPPORTED",
          "evidence": [
            "history/undo forward receipt:project"
          ]
        },
        {
          "capability": "visualization",
          "status": "NOT_APPLICABLE",
          "justification": "pokemonRuleset has no visual surface; rendering its owning aggregate would misrepresent this resource."
        },
        {
          "capability": "runtime",
          "status": "SUPPORTED",
          "evidence": [
            "pokemap_playtest and runtime consumer:pokemonRuleset"
          ]
        },
        {
          "capability": "agentUx",
          "status": "SUPPORTED",
          "evidence": [
            "describe/schema/batch/pagination/field-mask:pokemonRuleset"
          ]
        },
        {
          "capability": "parity",
          "status": "SUPPORTED",
          "evidence": [
            "direct/editor/CLI/MCP canonical dispatcher:project"
          ]
        },
        {
          "capability": "contract",
          "status": "SUPPORTED",
          "evidence": [
            "PMCP-085 shared golden receipt:project"
          ]
        }
      ]
    },
    {
      "resourceKind": "pokemonSpecies",
      "canonicalOwnerKind": "pokemonDocument",
      "cells": [
        {
          "capability": "inventory",
          "status": "SUPPORTED",
          "evidence": [
            "AuthoringFullParityCatalog:pokemonSpecies->pokemonDocument"
          ]
        },
        {
          "capability": "read",
          "status": "SUPPORTED",
          "evidence": [
            "AuthoringReadApi/ProjectQueryService:pokemonDocument"
          ]
        },
        {
          "capability": "mutation",
          "status": "SUPPORTED",
          "evidence": [
            "AuthoringMutationDispatcher:pokemonDocument"
          ]
        },
        {
          "capability": "fidelity",
          "status": "SUPPORTED",
          "evidence": [
            "JSON round-trip and domain contract tests:pokemonDocument"
          ]
        },
        {
          "capability": "references",
          "status": "SUPPORTED",
          "evidence": [
            "ProjectReferenceIndex and domain impact tests:pokemonDocument"
          ]
        },
        {
          "capability": "safety",
          "status": "SUPPORTED",
          "evidence": [
            "plan/dry-run/CAS/permission/confirmation:pokemonDocument"
          ]
        },
        {
          "capability": "durability",
          "status": "SUPPORTED",
          "evidence": [
            "receipt/journal/recovery:pokemonDocument"
          ]
        },
        {
          "capability": "replay",
          "status": "SUPPORTED",
          "evidence": [
            "durable idempotency ledger:pokemonDocument"
          ]
        },
        {
          "capability": "history",
          "status": "SUPPORTED",
          "evidence": [
            "history/undo forward receipt:pokemonDocument"
          ]
        },
        {
          "capability": "visualization",
          "status": "SUPPORTED",
          "evidence": [
            "pokemap_render revision-bound asset-accurate preview:pokemonSpecies"
          ]
        },
        {
          "capability": "runtime",
          "status": "SUPPORTED",
          "evidence": [
            "pokemap_playtest and runtime consumer:pokemonSpecies"
          ]
        },
        {
          "capability": "agentUx",
          "status": "SUPPORTED",
          "evidence": [
            "describe/schema/batch/pagination/field-mask:pokemonSpecies"
          ]
        },
        {
          "capability": "parity",
          "status": "SUPPORTED",
          "evidence": [
            "direct/editor/CLI/MCP canonical dispatcher:pokemonDocument"
          ]
        },
        {
          "capability": "contract",
          "status": "SUPPORTED",
          "evidence": [
            "PMCP-085 shared golden receipt:pokemonDocument"
          ]
        }
      ]
    },
    {
      "resourceKind": "pokemonType",
      "canonicalOwnerKind": "pokemonDocument",
      "cells": [
        {
          "capability": "inventory",
          "status": "SUPPORTED",
          "evidence": [
            "AuthoringFullParityCatalog:pokemonType->pokemonDocument"
          ]
        },
        {
          "capability": "read",
          "status": "SUPPORTED",
          "evidence": [
            "AuthoringReadApi/ProjectQueryService:pokemonDocument"
          ]
        },
        {
          "capability": "mutation",
          "status": "SUPPORTED",
          "evidence": [
            "AuthoringMutationDispatcher:pokemonDocument"
          ]
        },
        {
          "capability": "fidelity",
          "status": "SUPPORTED",
          "evidence": [
            "JSON round-trip and domain contract tests:pokemonDocument"
          ]
        },
        {
          "capability": "references",
          "status": "SUPPORTED",
          "evidence": [
            "ProjectReferenceIndex and domain impact tests:pokemonDocument"
          ]
        },
        {
          "capability": "safety",
          "status": "SUPPORTED",
          "evidence": [
            "plan/dry-run/CAS/permission/confirmation:pokemonDocument"
          ]
        },
        {
          "capability": "durability",
          "status": "SUPPORTED",
          "evidence": [
            "receipt/journal/recovery:pokemonDocument"
          ]
        },
        {
          "capability": "replay",
          "status": "SUPPORTED",
          "evidence": [
            "durable idempotency ledger:pokemonDocument"
          ]
        },
        {
          "capability": "history",
          "status": "SUPPORTED",
          "evidence": [
            "history/undo forward receipt:pokemonDocument"
          ]
        },
        {
          "capability": "visualization",
          "status": "NOT_APPLICABLE",
          "justification": "pokemonType has no visual surface; rendering its owning aggregate would misrepresent this resource."
        },
        {
          "capability": "runtime",
          "status": "SUPPORTED",
          "evidence": [
            "pokemap_playtest and runtime consumer:pokemonType"
          ]
        },
        {
          "capability": "agentUx",
          "status": "SUPPORTED",
          "evidence": [
            "describe/schema/batch/pagination/field-mask:pokemonType"
          ]
        },
        {
          "capability": "parity",
          "status": "SUPPORTED",
          "evidence": [
            "direct/editor/CLI/MCP canonical dispatcher:pokemonDocument"
          ]
        },
        {
          "capability": "contract",
          "status": "SUPPORTED",
          "evidence": [
            "PMCP-085 shared golden receipt:pokemonDocument"
          ]
        }
      ]
    },
    {
      "resourceKind": "presentationCinematic",
      "canonicalOwnerKind": "project",
      "cells": [
        {
          "capability": "inventory",
          "status": "SUPPORTED",
          "evidence": [
            "AuthoringFullParityCatalog:presentationCinematic->project"
          ]
        },
        {
          "capability": "read",
          "status": "SUPPORTED",
          "evidence": [
            "AuthoringReadApi/ProjectQueryService:project"
          ]
        },
        {
          "capability": "mutation",
          "status": "SUPPORTED",
          "evidence": [
            "AuthoringMutationDispatcher:project"
          ]
        },
        {
          "capability": "fidelity",
          "status": "SUPPORTED",
          "evidence": [
            "JSON round-trip and domain contract tests:project"
          ]
        },
        {
          "capability": "references",
          "status": "SUPPORTED",
          "evidence": [
            "ProjectReferenceIndex and domain impact tests:project"
          ]
        },
        {
          "capability": "safety",
          "status": "SUPPORTED",
          "evidence": [
            "plan/dry-run/CAS/permission/confirmation:project"
          ]
        },
        {
          "capability": "durability",
          "status": "SUPPORTED",
          "evidence": [
            "receipt/journal/recovery:project"
          ]
        },
        {
          "capability": "replay",
          "status": "SUPPORTED",
          "evidence": [
            "durable idempotency ledger:project"
          ]
        },
        {
          "capability": "history",
          "status": "SUPPORTED",
          "evidence": [
            "history/undo forward receipt:project"
          ]
        },
        {
          "capability": "visualization",
          "status": "NOT_APPLICABLE",
          "justification": "presentationCinematic has no visual surface; rendering its owning aggregate would misrepresent this resource."
        },
        {
          "capability": "runtime",
          "status": "SUPPORTED",
          "evidence": [
            "pokemap_playtest and runtime consumer:presentationCinematic"
          ]
        },
        {
          "capability": "agentUx",
          "status": "SUPPORTED",
          "evidence": [
            "describe/schema/batch/pagination/field-mask:presentationCinematic"
          ]
        },
        {
          "capability": "parity",
          "status": "SUPPORTED",
          "evidence": [
            "direct/editor/CLI/MCP canonical dispatcher:project"
          ]
        },
        {
          "capability": "contract",
          "status": "SUPPORTED",
          "evidence": [
            "PMCP-085 shared golden receipt:project"
          ]
        }
      ]
    },
    {
      "resourceKind": "presentationCinematicTemplate",
      "canonicalOwnerKind": "project",
      "cells": [
        {
          "capability": "inventory",
          "status": "SUPPORTED",
          "evidence": [
            "AuthoringFullParityCatalog:presentationCinematicTemplate->project"
          ]
        },
        {
          "capability": "read",
          "status": "SUPPORTED",
          "evidence": [
            "AuthoringReadApi/ProjectQueryService:project"
          ]
        },
        {
          "capability": "mutation",
          "status": "SUPPORTED",
          "evidence": [
            "AuthoringMutationDispatcher:project"
          ]
        },
        {
          "capability": "fidelity",
          "status": "SUPPORTED",
          "evidence": [
            "JSON round-trip and domain contract tests:project"
          ]
        },
        {
          "capability": "references",
          "status": "SUPPORTED",
          "evidence": [
            "ProjectReferenceIndex and domain impact tests:project"
          ]
        },
        {
          "capability": "safety",
          "status": "SUPPORTED",
          "evidence": [
            "plan/dry-run/CAS/permission/confirmation:project"
          ]
        },
        {
          "capability": "durability",
          "status": "SUPPORTED",
          "evidence": [
            "receipt/journal/recovery:project"
          ]
        },
        {
          "capability": "replay",
          "status": "SUPPORTED",
          "evidence": [
            "durable idempotency ledger:project"
          ]
        },
        {
          "capability": "history",
          "status": "SUPPORTED",
          "evidence": [
            "history/undo forward receipt:project"
          ]
        },
        {
          "capability": "visualization",
          "status": "NOT_APPLICABLE",
          "justification": "presentationCinematicTemplate has no visual surface; rendering its owning aggregate would misrepresent this resource."
        },
        {
          "capability": "runtime",
          "status": "SUPPORTED",
          "evidence": [
            "pokemap_playtest and runtime consumer:presentationCinematicTemplate"
          ]
        },
        {
          "capability": "agentUx",
          "status": "SUPPORTED",
          "evidence": [
            "describe/schema/batch/pagination/field-mask:presentationCinematicTemplate"
          ]
        },
        {
          "capability": "parity",
          "status": "SUPPORTED",
          "evidence": [
            "direct/editor/CLI/MCP canonical dispatcher:project"
          ]
        },
        {
          "capability": "contract",
          "status": "SUPPORTED",
          "evidence": [
            "PMCP-085 shared golden receipt:project"
          ]
        }
      ]
    },
    {
      "resourceKind": "presentationClip",
      "canonicalOwnerKind": "presentationCinematic",
      "cells": [
        {
          "capability": "inventory",
          "status": "SUPPORTED",
          "evidence": [
            "AuthoringFullParityCatalog:presentationClip->presentationCinematic"
          ]
        },
        {
          "capability": "read",
          "status": "SUPPORTED",
          "evidence": [
            "AuthoringReadApi/ProjectQueryService:presentationCinematic"
          ]
        },
        {
          "capability": "mutation",
          "status": "SUPPORTED",
          "evidence": [
            "AuthoringMutationDispatcher:presentationCinematic"
          ]
        },
        {
          "capability": "fidelity",
          "status": "SUPPORTED",
          "evidence": [
            "JSON round-trip and domain contract tests:presentationCinematic"
          ]
        },
        {
          "capability": "references",
          "status": "SUPPORTED",
          "evidence": [
            "ProjectReferenceIndex and domain impact tests:presentationCinematic"
          ]
        },
        {
          "capability": "safety",
          "status": "SUPPORTED",
          "evidence": [
            "plan/dry-run/CAS/permission/confirmation:presentationCinematic"
          ]
        },
        {
          "capability": "durability",
          "status": "SUPPORTED",
          "evidence": [
            "receipt/journal/recovery:presentationCinematic"
          ]
        },
        {
          "capability": "replay",
          "status": "SUPPORTED",
          "evidence": [
            "durable idempotency ledger:presentationCinematic"
          ]
        },
        {
          "capability": "history",
          "status": "SUPPORTED",
          "evidence": [
            "history/undo forward receipt:presentationCinematic"
          ]
        },
        {
          "capability": "visualization",
          "status": "NOT_APPLICABLE",
          "justification": "presentationClip has no visual surface; rendering its owning aggregate would misrepresent this resource."
        },
        {
          "capability": "runtime",
          "status": "SUPPORTED",
          "evidence": [
            "pokemap_playtest and runtime consumer:presentationClip"
          ]
        },
        {
          "capability": "agentUx",
          "status": "SUPPORTED",
          "evidence": [
            "describe/schema/batch/pagination/field-mask:presentationClip"
          ]
        },
        {
          "capability": "parity",
          "status": "SUPPORTED",
          "evidence": [
            "direct/editor/CLI/MCP canonical dispatcher:presentationCinematic"
          ]
        },
        {
          "capability": "contract",
          "status": "SUPPORTED",
          "evidence": [
            "PMCP-085 shared golden receipt:presentationCinematic"
          ]
        }
      ]
    },
    {
      "resourceKind": "presentationLayer",
      "canonicalOwnerKind": "presentationCinematic",
      "cells": [
        {
          "capability": "inventory",
          "status": "SUPPORTED",
          "evidence": [
            "AuthoringFullParityCatalog:presentationLayer->presentationCinematic"
          ]
        },
        {
          "capability": "read",
          "status": "SUPPORTED",
          "evidence": [
            "AuthoringReadApi/ProjectQueryService:presentationCinematic"
          ]
        },
        {
          "capability": "mutation",
          "status": "SUPPORTED",
          "evidence": [
            "AuthoringMutationDispatcher:presentationCinematic"
          ]
        },
        {
          "capability": "fidelity",
          "status": "SUPPORTED",
          "evidence": [
            "JSON round-trip and domain contract tests:presentationCinematic"
          ]
        },
        {
          "capability": "references",
          "status": "SUPPORTED",
          "evidence": [
            "ProjectReferenceIndex and domain impact tests:presentationCinematic"
          ]
        },
        {
          "capability": "safety",
          "status": "SUPPORTED",
          "evidence": [
            "plan/dry-run/CAS/permission/confirmation:presentationCinematic"
          ]
        },
        {
          "capability": "durability",
          "status": "SUPPORTED",
          "evidence": [
            "receipt/journal/recovery:presentationCinematic"
          ]
        },
        {
          "capability": "replay",
          "status": "SUPPORTED",
          "evidence": [
            "durable idempotency ledger:presentationCinematic"
          ]
        },
        {
          "capability": "history",
          "status": "SUPPORTED",
          "evidence": [
            "history/undo forward receipt:presentationCinematic"
          ]
        },
        {
          "capability": "visualization",
          "status": "NOT_APPLICABLE",
          "justification": "presentationLayer has no visual surface; rendering its owning aggregate would misrepresent this resource."
        },
        {
          "capability": "runtime",
          "status": "SUPPORTED",
          "evidence": [
            "pokemap_playtest and runtime consumer:presentationLayer"
          ]
        },
        {
          "capability": "agentUx",
          "status": "SUPPORTED",
          "evidence": [
            "describe/schema/batch/pagination/field-mask:presentationLayer"
          ]
        },
        {
          "capability": "parity",
          "status": "SUPPORTED",
          "evidence": [
            "direct/editor/CLI/MCP canonical dispatcher:presentationCinematic"
          ]
        },
        {
          "capability": "contract",
          "status": "SUPPORTED",
          "evidence": [
            "PMCP-085 shared golden receipt:presentationCinematic"
          ]
        }
      ]
    },
    {
      "resourceKind": "presentationPreviewContext",
      "canonicalOwnerKind": "project",
      "cells": [
        {
          "capability": "inventory",
          "status": "SUPPORTED",
          "evidence": [
            "AuthoringFullParityCatalog:presentationPreviewContext->project"
          ]
        },
        {
          "capability": "read",
          "status": "SUPPORTED",
          "evidence": [
            "AuthoringReadApi/ProjectQueryService:project"
          ]
        },
        {
          "capability": "mutation",
          "status": "SUPPORTED",
          "evidence": [
            "AuthoringMutationDispatcher:project"
          ]
        },
        {
          "capability": "fidelity",
          "status": "SUPPORTED",
          "evidence": [
            "JSON round-trip and domain contract tests:project"
          ]
        },
        {
          "capability": "references",
          "status": "SUPPORTED",
          "evidence": [
            "ProjectReferenceIndex and domain impact tests:project"
          ]
        },
        {
          "capability": "safety",
          "status": "SUPPORTED",
          "evidence": [
            "plan/dry-run/CAS/permission/confirmation:project"
          ]
        },
        {
          "capability": "durability",
          "status": "SUPPORTED",
          "evidence": [
            "receipt/journal/recovery:project"
          ]
        },
        {
          "capability": "replay",
          "status": "SUPPORTED",
          "evidence": [
            "durable idempotency ledger:project"
          ]
        },
        {
          "capability": "history",
          "status": "SUPPORTED",
          "evidence": [
            "history/undo forward receipt:project"
          ]
        },
        {
          "capability": "visualization",
          "status": "NOT_APPLICABLE",
          "justification": "presentationPreviewContext has no visual surface; rendering its owning aggregate would misrepresent this resource."
        },
        {
          "capability": "runtime",
          "status": "SUPPORTED",
          "evidence": [
            "pokemap_playtest and runtime consumer:presentationPreviewContext"
          ]
        },
        {
          "capability": "agentUx",
          "status": "SUPPORTED",
          "evidence": [
            "describe/schema/batch/pagination/field-mask:presentationPreviewContext"
          ]
        },
        {
          "capability": "parity",
          "status": "SUPPORTED",
          "evidence": [
            "direct/editor/CLI/MCP canonical dispatcher:project"
          ]
        },
        {
          "capability": "contract",
          "status": "SUPPORTED",
          "evidence": [
            "PMCP-085 shared golden receipt:project"
          ]
        }
      ]
    },
    {
      "resourceKind": "presentationTrack",
      "canonicalOwnerKind": "presentationCinematic",
      "cells": [
        {
          "capability": "inventory",
          "status": "SUPPORTED",
          "evidence": [
            "AuthoringFullParityCatalog:presentationTrack->presentationCinematic"
          ]
        },
        {
          "capability": "read",
          "status": "SUPPORTED",
          "evidence": [
            "AuthoringReadApi/ProjectQueryService:presentationCinematic"
          ]
        },
        {
          "capability": "mutation",
          "status": "SUPPORTED",
          "evidence": [
            "AuthoringMutationDispatcher:presentationCinematic"
          ]
        },
        {
          "capability": "fidelity",
          "status": "SUPPORTED",
          "evidence": [
            "JSON round-trip and domain contract tests:presentationCinematic"
          ]
        },
        {
          "capability": "references",
          "status": "SUPPORTED",
          "evidence": [
            "ProjectReferenceIndex and domain impact tests:presentationCinematic"
          ]
        },
        {
          "capability": "safety",
          "status": "SUPPORTED",
          "evidence": [
            "plan/dry-run/CAS/permission/confirmation:presentationCinematic"
          ]
        },
        {
          "capability": "durability",
          "status": "SUPPORTED",
          "evidence": [
            "receipt/journal/recovery:presentationCinematic"
          ]
        },
        {
          "capability": "replay",
          "status": "SUPPORTED",
          "evidence": [
            "durable idempotency ledger:presentationCinematic"
          ]
        },
        {
          "capability": "history",
          "status": "SUPPORTED",
          "evidence": [
            "history/undo forward receipt:presentationCinematic"
          ]
        },
        {
          "capability": "visualization",
          "status": "NOT_APPLICABLE",
          "justification": "presentationTrack has no visual surface; rendering its owning aggregate would misrepresent this resource."
        },
        {
          "capability": "runtime",
          "status": "SUPPORTED",
          "evidence": [
            "pokemap_playtest and runtime consumer:presentationTrack"
          ]
        },
        {
          "capability": "agentUx",
          "status": "SUPPORTED",
          "evidence": [
            "describe/schema/batch/pagination/field-mask:presentationTrack"
          ]
        },
        {
          "capability": "parity",
          "status": "SUPPORTED",
          "evidence": [
            "direct/editor/CLI/MCP canonical dispatcher:presentationCinematic"
          ]
        },
        {
          "capability": "contract",
          "status": "SUPPORTED",
          "evidence": [
            "PMCP-085 shared golden receipt:presentationCinematic"
          ]
        }
      ]
    },
    {
      "resourceKind": "presentationVisualFolder",
      "canonicalOwnerKind": "presentationCinematic",
      "cells": [
        {
          "capability": "inventory",
          "status": "SUPPORTED",
          "evidence": [
            "AuthoringFullParityCatalog:presentationVisualFolder->presentationCinematic"
          ]
        },
        {
          "capability": "read",
          "status": "SUPPORTED",
          "evidence": [
            "AuthoringReadApi/ProjectQueryService:presentationCinematic"
          ]
        },
        {
          "capability": "mutation",
          "status": "SUPPORTED",
          "evidence": [
            "AuthoringMutationDispatcher:presentationCinematic"
          ]
        },
        {
          "capability": "fidelity",
          "status": "SUPPORTED",
          "evidence": [
            "JSON round-trip and domain contract tests:presentationCinematic"
          ]
        },
        {
          "capability": "references",
          "status": "SUPPORTED",
          "evidence": [
            "ProjectReferenceIndex and domain impact tests:presentationCinematic"
          ]
        },
        {
          "capability": "safety",
          "status": "SUPPORTED",
          "evidence": [
            "plan/dry-run/CAS/permission/confirmation:presentationCinematic"
          ]
        },
        {
          "capability": "durability",
          "status": "SUPPORTED",
          "evidence": [
            "receipt/journal/recovery:presentationCinematic"
          ]
        },
        {
          "capability": "replay",
          "status": "SUPPORTED",
          "evidence": [
            "durable idempotency ledger:presentationCinematic"
          ]
        },
        {
          "capability": "history",
          "status": "SUPPORTED",
          "evidence": [
            "history/undo forward receipt:presentationCinematic"
          ]
        },
        {
          "capability": "visualization",
          "status": "NOT_APPLICABLE",
          "justification": "presentationVisualFolder has no visual surface; rendering its owning aggregate would misrepresent this resource."
        },
        {
          "capability": "runtime",
          "status": "SUPPORTED",
          "evidence": [
            "pokemap_playtest and runtime consumer:presentationVisualFolder"
          ]
        },
        {
          "capability": "agentUx",
          "status": "SUPPORTED",
          "evidence": [
            "describe/schema/batch/pagination/field-mask:presentationVisualFolder"
          ]
        },
        {
          "capability": "parity",
          "status": "SUPPORTED",
          "evidence": [
            "direct/editor/CLI/MCP canonical dispatcher:presentationCinematic"
          ]
        },
        {
          "capability": "contract",
          "status": "SUPPORTED",
          "evidence": [
            "PMCP-085 shared golden receipt:presentationCinematic"
          ]
        }
      ]
    },
    {
      "resourceKind": "project",
      "canonicalOwnerKind": "project",
      "cells": [
        {
          "capability": "inventory",
          "status": "SUPPORTED",
          "evidence": [
            "AuthoringFullParityCatalog:project->project"
          ]
        },
        {
          "capability": "read",
          "status": "SUPPORTED",
          "evidence": [
            "AuthoringReadApi/ProjectQueryService:project"
          ]
        },
        {
          "capability": "mutation",
          "status": "SUPPORTED",
          "evidence": [
            "AuthoringMutationDispatcher:project"
          ]
        },
        {
          "capability": "fidelity",
          "status": "SUPPORTED",
          "evidence": [
            "JSON round-trip and domain contract tests:project"
          ]
        },
        {
          "capability": "references",
          "status": "SUPPORTED",
          "evidence": [
            "ProjectReferenceIndex and domain impact tests:project"
          ]
        },
        {
          "capability": "safety",
          "status": "SUPPORTED",
          "evidence": [
            "plan/dry-run/CAS/permission/confirmation:project"
          ]
        },
        {
          "capability": "durability",
          "status": "SUPPORTED",
          "evidence": [
            "receipt/journal/recovery:project"
          ]
        },
        {
          "capability": "replay",
          "status": "SUPPORTED",
          "evidence": [
            "durable idempotency ledger:project"
          ]
        },
        {
          "capability": "history",
          "status": "SUPPORTED",
          "evidence": [
            "history/undo forward receipt:project"
          ]
        },
        {
          "capability": "visualization",
          "status": "NOT_APPLICABLE",
          "justification": "project has no visual surface; rendering its owning aggregate would misrepresent this resource."
        },
        {
          "capability": "runtime",
          "status": "SUPPORTED",
          "evidence": [
            "pokemap_playtest and runtime consumer:project"
          ]
        },
        {
          "capability": "agentUx",
          "status": "SUPPORTED",
          "evidence": [
            "describe/schema/batch/pagination/field-mask:project"
          ]
        },
        {
          "capability": "parity",
          "status": "SUPPORTED",
          "evidence": [
            "direct/editor/CLI/MCP canonical dispatcher:project"
          ]
        },
        {
          "capability": "contract",
          "status": "SUPPORTED",
          "evidence": [
            "PMCP-085 shared golden receipt:project"
          ]
        }
      ]
    },
    {
      "resourceKind": "projectNewGameConfig",
      "canonicalOwnerKind": "project",
      "cells": [
        {
          "capability": "inventory",
          "status": "SUPPORTED",
          "evidence": [
            "AuthoringFullParityCatalog:projectNewGameConfig->project"
          ]
        },
        {
          "capability": "read",
          "status": "SUPPORTED",
          "evidence": [
            "AuthoringReadApi/ProjectQueryService:project"
          ]
        },
        {
          "capability": "mutation",
          "status": "SUPPORTED",
          "evidence": [
            "AuthoringMutationDispatcher:project"
          ]
        },
        {
          "capability": "fidelity",
          "status": "SUPPORTED",
          "evidence": [
            "JSON round-trip and domain contract tests:project"
          ]
        },
        {
          "capability": "references",
          "status": "SUPPORTED",
          "evidence": [
            "ProjectReferenceIndex and domain impact tests:project"
          ]
        },
        {
          "capability": "safety",
          "status": "SUPPORTED",
          "evidence": [
            "plan/dry-run/CAS/permission/confirmation:project"
          ]
        },
        {
          "capability": "durability",
          "status": "SUPPORTED",
          "evidence": [
            "receipt/journal/recovery:project"
          ]
        },
        {
          "capability": "replay",
          "status": "SUPPORTED",
          "evidence": [
            "durable idempotency ledger:project"
          ]
        },
        {
          "capability": "history",
          "status": "SUPPORTED",
          "evidence": [
            "history/undo forward receipt:project"
          ]
        },
        {
          "capability": "visualization",
          "status": "NOT_APPLICABLE",
          "justification": "projectNewGameConfig has no visual surface; rendering its owning aggregate would misrepresent this resource."
        },
        {
          "capability": "runtime",
          "status": "SUPPORTED",
          "evidence": [
            "pokemap_playtest and runtime consumer:projectNewGameConfig"
          ]
        },
        {
          "capability": "agentUx",
          "status": "SUPPORTED",
          "evidence": [
            "describe/schema/batch/pagination/field-mask:projectNewGameConfig"
          ]
        },
        {
          "capability": "parity",
          "status": "SUPPORTED",
          "evidence": [
            "direct/editor/CLI/MCP canonical dispatcher:project"
          ]
        },
        {
          "capability": "contract",
          "status": "SUPPORTED",
          "evidence": [
            "PMCP-085 shared golden receipt:project"
          ]
        }
      ]
    },
    {
      "resourceKind": "projectPokemonConfig",
      "canonicalOwnerKind": "project",
      "cells": [
        {
          "capability": "inventory",
          "status": "SUPPORTED",
          "evidence": [
            "AuthoringFullParityCatalog:projectPokemonConfig->project"
          ]
        },
        {
          "capability": "read",
          "status": "SUPPORTED",
          "evidence": [
            "AuthoringReadApi/ProjectQueryService:project"
          ]
        },
        {
          "capability": "mutation",
          "status": "SUPPORTED",
          "evidence": [
            "AuthoringMutationDispatcher:project"
          ]
        },
        {
          "capability": "fidelity",
          "status": "SUPPORTED",
          "evidence": [
            "JSON round-trip and domain contract tests:project"
          ]
        },
        {
          "capability": "references",
          "status": "SUPPORTED",
          "evidence": [
            "ProjectReferenceIndex and domain impact tests:project"
          ]
        },
        {
          "capability": "safety",
          "status": "SUPPORTED",
          "evidence": [
            "plan/dry-run/CAS/permission/confirmation:project"
          ]
        },
        {
          "capability": "durability",
          "status": "SUPPORTED",
          "evidence": [
            "receipt/journal/recovery:project"
          ]
        },
        {
          "capability": "replay",
          "status": "SUPPORTED",
          "evidence": [
            "durable idempotency ledger:project"
          ]
        },
        {
          "capability": "history",
          "status": "SUPPORTED",
          "evidence": [
            "history/undo forward receipt:project"
          ]
        },
        {
          "capability": "visualization",
          "status": "NOT_APPLICABLE",
          "justification": "projectPokemonConfig has no visual surface; rendering its owning aggregate would misrepresent this resource."
        },
        {
          "capability": "runtime",
          "status": "SUPPORTED",
          "evidence": [
            "pokemap_playtest and runtime consumer:projectPokemonConfig"
          ]
        },
        {
          "capability": "agentUx",
          "status": "SUPPORTED",
          "evidence": [
            "describe/schema/batch/pagination/field-mask:projectPokemonConfig"
          ]
        },
        {
          "capability": "parity",
          "status": "SUPPORTED",
          "evidence": [
            "direct/editor/CLI/MCP canonical dispatcher:project"
          ]
        },
        {
          "capability": "contract",
          "status": "SUPPORTED",
          "evidence": [
            "PMCP-085 shared golden receipt:project"
          ]
        }
      ]
    },
    {
      "resourceKind": "projectPresentationPreset",
      "canonicalOwnerKind": "project",
      "cells": [
        {
          "capability": "inventory",
          "status": "SUPPORTED",
          "evidence": [
            "AuthoringFullParityCatalog:projectPresentationPreset->project"
          ]
        },
        {
          "capability": "read",
          "status": "SUPPORTED",
          "evidence": [
            "AuthoringReadApi/ProjectQueryService:project"
          ]
        },
        {
          "capability": "mutation",
          "status": "SUPPORTED",
          "evidence": [
            "AuthoringMutationDispatcher:project"
          ]
        },
        {
          "capability": "fidelity",
          "status": "SUPPORTED",
          "evidence": [
            "JSON round-trip and domain contract tests:project"
          ]
        },
        {
          "capability": "references",
          "status": "SUPPORTED",
          "evidence": [
            "ProjectReferenceIndex and domain impact tests:project"
          ]
        },
        {
          "capability": "safety",
          "status": "SUPPORTED",
          "evidence": [
            "plan/dry-run/CAS/permission/confirmation:project"
          ]
        },
        {
          "capability": "durability",
          "status": "SUPPORTED",
          "evidence": [
            "receipt/journal/recovery:project"
          ]
        },
        {
          "capability": "replay",
          "status": "SUPPORTED",
          "evidence": [
            "durable idempotency ledger:project"
          ]
        },
        {
          "capability": "history",
          "status": "SUPPORTED",
          "evidence": [
            "history/undo forward receipt:project"
          ]
        },
        {
          "capability": "visualization",
          "status": "NOT_APPLICABLE",
          "justification": "projectPresentationPreset has no visual surface; rendering its owning aggregate would misrepresent this resource."
        },
        {
          "capability": "runtime",
          "status": "SUPPORTED",
          "evidence": [
            "pokemap_playtest and runtime consumer:projectPresentationPreset"
          ]
        },
        {
          "capability": "agentUx",
          "status": "SUPPORTED",
          "evidence": [
            "describe/schema/batch/pagination/field-mask:projectPresentationPreset"
          ]
        },
        {
          "capability": "parity",
          "status": "SUPPORTED",
          "evidence": [
            "direct/editor/CLI/MCP canonical dispatcher:project"
          ]
        },
        {
          "capability": "contract",
          "status": "SUPPORTED",
          "evidence": [
            "PMCP-085 shared golden receipt:project"
          ]
        }
      ]
    },
    {
      "resourceKind": "projectPresentationProfile",
      "canonicalOwnerKind": "project",
      "cells": [
        {
          "capability": "inventory",
          "status": "SUPPORTED",
          "evidence": [
            "AuthoringFullParityCatalog:projectPresentationProfile->project"
          ]
        },
        {
          "capability": "read",
          "status": "SUPPORTED",
          "evidence": [
            "AuthoringReadApi/ProjectQueryService:project"
          ]
        },
        {
          "capability": "mutation",
          "status": "SUPPORTED",
          "evidence": [
            "AuthoringMutationDispatcher:project"
          ]
        },
        {
          "capability": "fidelity",
          "status": "SUPPORTED",
          "evidence": [
            "JSON round-trip and domain contract tests:project"
          ]
        },
        {
          "capability": "references",
          "status": "SUPPORTED",
          "evidence": [
            "ProjectReferenceIndex and domain impact tests:project"
          ]
        },
        {
          "capability": "safety",
          "status": "SUPPORTED",
          "evidence": [
            "plan/dry-run/CAS/permission/confirmation:project"
          ]
        },
        {
          "capability": "durability",
          "status": "SUPPORTED",
          "evidence": [
            "receipt/journal/recovery:project"
          ]
        },
        {
          "capability": "replay",
          "status": "SUPPORTED",
          "evidence": [
            "durable idempotency ledger:project"
          ]
        },
        {
          "capability": "history",
          "status": "SUPPORTED",
          "evidence": [
            "history/undo forward receipt:project"
          ]
        },
        {
          "capability": "visualization",
          "status": "NOT_APPLICABLE",
          "justification": "projectPresentationProfile has no visual surface; rendering its owning aggregate would misrepresent this resource."
        },
        {
          "capability": "runtime",
          "status": "SUPPORTED",
          "evidence": [
            "pokemap_playtest and runtime consumer:projectPresentationProfile"
          ]
        },
        {
          "capability": "agentUx",
          "status": "SUPPORTED",
          "evidence": [
            "describe/schema/batch/pagination/field-mask:projectPresentationProfile"
          ]
        },
        {
          "capability": "parity",
          "status": "SUPPORTED",
          "evidence": [
            "direct/editor/CLI/MCP canonical dispatcher:project"
          ]
        },
        {
          "capability": "contract",
          "status": "SUPPORTED",
          "evidence": [
            "PMCP-085 shared golden receipt:project"
          ]
        }
      ]
    },
    {
      "resourceKind": "projectSettings",
      "canonicalOwnerKind": "project",
      "cells": [
        {
          "capability": "inventory",
          "status": "SUPPORTED",
          "evidence": [
            "AuthoringFullParityCatalog:projectSettings->project"
          ]
        },
        {
          "capability": "read",
          "status": "SUPPORTED",
          "evidence": [
            "AuthoringReadApi/ProjectQueryService:project"
          ]
        },
        {
          "capability": "mutation",
          "status": "SUPPORTED",
          "evidence": [
            "AuthoringMutationDispatcher:project"
          ]
        },
        {
          "capability": "fidelity",
          "status": "SUPPORTED",
          "evidence": [
            "JSON round-trip and domain contract tests:project"
          ]
        },
        {
          "capability": "references",
          "status": "SUPPORTED",
          "evidence": [
            "ProjectReferenceIndex and domain impact tests:project"
          ]
        },
        {
          "capability": "safety",
          "status": "SUPPORTED",
          "evidence": [
            "plan/dry-run/CAS/permission/confirmation:project"
          ]
        },
        {
          "capability": "durability",
          "status": "SUPPORTED",
          "evidence": [
            "receipt/journal/recovery:project"
          ]
        },
        {
          "capability": "replay",
          "status": "SUPPORTED",
          "evidence": [
            "durable idempotency ledger:project"
          ]
        },
        {
          "capability": "history",
          "status": "SUPPORTED",
          "evidence": [
            "history/undo forward receipt:project"
          ]
        },
        {
          "capability": "visualization",
          "status": "NOT_APPLICABLE",
          "justification": "projectSettings has no visual surface; rendering its owning aggregate would misrepresent this resource."
        },
        {
          "capability": "runtime",
          "status": "SUPPORTED",
          "evidence": [
            "pokemap_playtest and runtime consumer:projectSettings"
          ]
        },
        {
          "capability": "agentUx",
          "status": "SUPPORTED",
          "evidence": [
            "describe/schema/batch/pagination/field-mask:projectSettings"
          ]
        },
        {
          "capability": "parity",
          "status": "SUPPORTED",
          "evidence": [
            "direct/editor/CLI/MCP canonical dispatcher:project"
          ]
        },
        {
          "capability": "contract",
          "status": "SUPPORTED",
          "evidence": [
            "PMCP-085 shared golden receipt:project"
          ]
        }
      ]
    },
    {
      "resourceKind": "projectedBuildingShadowPreset",
      "canonicalOwnerKind": "project",
      "cells": [
        {
          "capability": "inventory",
          "status": "SUPPORTED",
          "evidence": [
            "AuthoringFullParityCatalog:projectedBuildingShadowPreset->project"
          ]
        },
        {
          "capability": "read",
          "status": "SUPPORTED",
          "evidence": [
            "AuthoringReadApi/ProjectQueryService:project"
          ]
        },
        {
          "capability": "mutation",
          "status": "SUPPORTED",
          "evidence": [
            "AuthoringMutationDispatcher:project"
          ]
        },
        {
          "capability": "fidelity",
          "status": "SUPPORTED",
          "evidence": [
            "JSON round-trip and domain contract tests:project"
          ]
        },
        {
          "capability": "references",
          "status": "SUPPORTED",
          "evidence": [
            "ProjectReferenceIndex and domain impact tests:project"
          ]
        },
        {
          "capability": "safety",
          "status": "SUPPORTED",
          "evidence": [
            "plan/dry-run/CAS/permission/confirmation:project"
          ]
        },
        {
          "capability": "durability",
          "status": "SUPPORTED",
          "evidence": [
            "receipt/journal/recovery:project"
          ]
        },
        {
          "capability": "replay",
          "status": "SUPPORTED",
          "evidence": [
            "durable idempotency ledger:project"
          ]
        },
        {
          "capability": "history",
          "status": "SUPPORTED",
          "evidence": [
            "history/undo forward receipt:project"
          ]
        },
        {
          "capability": "visualization",
          "status": "SUPPORTED",
          "evidence": [
            "pokemap_render revision-bound asset-accurate preview:projectedBuildingShadowPreset"
          ]
        },
        {
          "capability": "runtime",
          "status": "SUPPORTED",
          "evidence": [
            "pokemap_playtest and runtime consumer:projectedBuildingShadowPreset"
          ]
        },
        {
          "capability": "agentUx",
          "status": "SUPPORTED",
          "evidence": [
            "describe/schema/batch/pagination/field-mask:projectedBuildingShadowPreset"
          ]
        },
        {
          "capability": "parity",
          "status": "SUPPORTED",
          "evidence": [
            "direct/editor/CLI/MCP canonical dispatcher:project"
          ]
        },
        {
          "capability": "contract",
          "status": "SUPPORTED",
          "evidence": [
            "PMCP-085 shared golden receipt:project"
          ]
        }
      ]
    },
    {
      "resourceKind": "railJourney",
      "canonicalOwnerKind": "railJourney",
      "cells": [
        {
          "capability": "inventory",
          "status": "SUPPORTED",
          "evidence": [
            "AuthoringFullParityCatalog:railJourney->railJourney"
          ]
        },
        {
          "capability": "read",
          "status": "SUPPORTED",
          "evidence": [
            "AuthoringReadApi/ProjectQueryService:railJourney"
          ]
        },
        {
          "capability": "mutation",
          "status": "SUPPORTED",
          "evidence": [
            "AuthoringMutationDispatcher:railJourney"
          ]
        },
        {
          "capability": "fidelity",
          "status": "SUPPORTED",
          "evidence": [
            "JSON round-trip and domain contract tests:railJourney"
          ]
        },
        {
          "capability": "references",
          "status": "SUPPORTED",
          "evidence": [
            "ProjectReferenceIndex and domain impact tests:railJourney"
          ]
        },
        {
          "capability": "safety",
          "status": "SUPPORTED",
          "evidence": [
            "plan/dry-run/CAS/permission/confirmation:railJourney"
          ]
        },
        {
          "capability": "durability",
          "status": "SUPPORTED",
          "evidence": [
            "receipt/journal/recovery:railJourney"
          ]
        },
        {
          "capability": "replay",
          "status": "SUPPORTED",
          "evidence": [
            "durable idempotency ledger:railJourney"
          ]
        },
        {
          "capability": "history",
          "status": "SUPPORTED",
          "evidence": [
            "history/undo forward receipt:railJourney"
          ]
        },
        {
          "capability": "visualization",
          "status": "NOT_APPLICABLE",
          "justification": "railJourney has no visual surface; rendering its owning aggregate would misrepresent this resource."
        },
        {
          "capability": "runtime",
          "status": "SUPPORTED",
          "evidence": [
            "pokemap_playtest and runtime consumer:railJourney"
          ]
        },
        {
          "capability": "agentUx",
          "status": "SUPPORTED",
          "evidence": [
            "describe/schema/batch/pagination/field-mask:railJourney"
          ]
        },
        {
          "capability": "parity",
          "status": "SUPPORTED",
          "evidence": [
            "direct/editor/CLI/MCP canonical dispatcher:railJourney"
          ]
        },
        {
          "capability": "contract",
          "status": "SUPPORTED",
          "evidence": [
            "PMCP-085 shared golden receipt:railJourney"
          ]
        }
      ]
    },
    {
      "resourceKind": "regionalMap",
      "canonicalOwnerKind": "regionalMap",
      "cells": [
        {
          "capability": "inventory",
          "status": "SUPPORTED",
          "evidence": [
            "AuthoringFullParityCatalog:regionalMap->regionalMap"
          ]
        },
        {
          "capability": "read",
          "status": "SUPPORTED",
          "evidence": [
            "AuthoringReadApi/ProjectQueryService:regionalMap"
          ]
        },
        {
          "capability": "mutation",
          "status": "SUPPORTED",
          "evidence": [
            "AuthoringMutationDispatcher:regionalMap"
          ]
        },
        {
          "capability": "fidelity",
          "status": "SUPPORTED",
          "evidence": [
            "JSON round-trip and domain contract tests:regionalMap"
          ]
        },
        {
          "capability": "references",
          "status": "SUPPORTED",
          "evidence": [
            "ProjectReferenceIndex and domain impact tests:regionalMap"
          ]
        },
        {
          "capability": "safety",
          "status": "SUPPORTED",
          "evidence": [
            "plan/dry-run/CAS/permission/confirmation:regionalMap"
          ]
        },
        {
          "capability": "durability",
          "status": "SUPPORTED",
          "evidence": [
            "receipt/journal/recovery:regionalMap"
          ]
        },
        {
          "capability": "replay",
          "status": "SUPPORTED",
          "evidence": [
            "durable idempotency ledger:regionalMap"
          ]
        },
        {
          "capability": "history",
          "status": "SUPPORTED",
          "evidence": [
            "history/undo forward receipt:regionalMap"
          ]
        },
        {
          "capability": "visualization",
          "status": "NOT_APPLICABLE",
          "justification": "regionalMap has no visual surface; rendering its owning aggregate would misrepresent this resource."
        },
        {
          "capability": "runtime",
          "status": "SUPPORTED",
          "evidence": [
            "pokemap_playtest and runtime consumer:regionalMap"
          ]
        },
        {
          "capability": "agentUx",
          "status": "SUPPORTED",
          "evidence": [
            "describe/schema/batch/pagination/field-mask:regionalMap"
          ]
        },
        {
          "capability": "parity",
          "status": "SUPPORTED",
          "evidence": [
            "direct/editor/CLI/MCP canonical dispatcher:regionalMap"
          ]
        },
        {
          "capability": "contract",
          "status": "SUPPORTED",
          "evidence": [
            "PMCP-085 shared golden receipt:regionalMap"
          ]
        }
      ]
    },
    {
      "resourceKind": "regionalMapPoi",
      "canonicalOwnerKind": "regionalMap",
      "cells": [
        {
          "capability": "inventory",
          "status": "SUPPORTED",
          "evidence": [
            "AuthoringFullParityCatalog:regionalMapPoi->regionalMap"
          ]
        },
        {
          "capability": "read",
          "status": "SUPPORTED",
          "evidence": [
            "AuthoringReadApi/ProjectQueryService:regionalMap"
          ]
        },
        {
          "capability": "mutation",
          "status": "SUPPORTED",
          "evidence": [
            "AuthoringMutationDispatcher:regionalMap"
          ]
        },
        {
          "capability": "fidelity",
          "status": "SUPPORTED",
          "evidence": [
            "JSON round-trip and domain contract tests:regionalMap"
          ]
        },
        {
          "capability": "references",
          "status": "SUPPORTED",
          "evidence": [
            "ProjectReferenceIndex and domain impact tests:regionalMap"
          ]
        },
        {
          "capability": "safety",
          "status": "SUPPORTED",
          "evidence": [
            "plan/dry-run/CAS/permission/confirmation:regionalMap"
          ]
        },
        {
          "capability": "durability",
          "status": "SUPPORTED",
          "evidence": [
            "receipt/journal/recovery:regionalMap"
          ]
        },
        {
          "capability": "replay",
          "status": "SUPPORTED",
          "evidence": [
            "durable idempotency ledger:regionalMap"
          ]
        },
        {
          "capability": "history",
          "status": "SUPPORTED",
          "evidence": [
            "history/undo forward receipt:regionalMap"
          ]
        },
        {
          "capability": "visualization",
          "status": "NOT_APPLICABLE",
          "justification": "regionalMapPoi has no visual surface; rendering its owning aggregate would misrepresent this resource."
        },
        {
          "capability": "runtime",
          "status": "SUPPORTED",
          "evidence": [
            "pokemap_playtest and runtime consumer:regionalMapPoi"
          ]
        },
        {
          "capability": "agentUx",
          "status": "SUPPORTED",
          "evidence": [
            "describe/schema/batch/pagination/field-mask:regionalMapPoi"
          ]
        },
        {
          "capability": "parity",
          "status": "SUPPORTED",
          "evidence": [
            "direct/editor/CLI/MCP canonical dispatcher:regionalMap"
          ]
        },
        {
          "capability": "contract",
          "status": "SUPPORTED",
          "evidence": [
            "PMCP-085 shared golden receipt:regionalMap"
          ]
        }
      ]
    },
    {
      "resourceKind": "regionalMapRegion",
      "canonicalOwnerKind": "regionalMap",
      "cells": [
        {
          "capability": "inventory",
          "status": "SUPPORTED",
          "evidence": [
            "AuthoringFullParityCatalog:regionalMapRegion->regionalMap"
          ]
        },
        {
          "capability": "read",
          "status": "SUPPORTED",
          "evidence": [
            "AuthoringReadApi/ProjectQueryService:regionalMap"
          ]
        },
        {
          "capability": "mutation",
          "status": "SUPPORTED",
          "evidence": [
            "AuthoringMutationDispatcher:regionalMap"
          ]
        },
        {
          "capability": "fidelity",
          "status": "SUPPORTED",
          "evidence": [
            "JSON round-trip and domain contract tests:regionalMap"
          ]
        },
        {
          "capability": "references",
          "status": "SUPPORTED",
          "evidence": [
            "ProjectReferenceIndex and domain impact tests:regionalMap"
          ]
        },
        {
          "capability": "safety",
          "status": "SUPPORTED",
          "evidence": [
            "plan/dry-run/CAS/permission/confirmation:regionalMap"
          ]
        },
        {
          "capability": "durability",
          "status": "SUPPORTED",
          "evidence": [
            "receipt/journal/recovery:regionalMap"
          ]
        },
        {
          "capability": "replay",
          "status": "SUPPORTED",
          "evidence": [
            "durable idempotency ledger:regionalMap"
          ]
        },
        {
          "capability": "history",
          "status": "SUPPORTED",
          "evidence": [
            "history/undo forward receipt:regionalMap"
          ]
        },
        {
          "capability": "visualization",
          "status": "NOT_APPLICABLE",
          "justification": "regionalMapRegion has no visual surface; rendering its owning aggregate would misrepresent this resource."
        },
        {
          "capability": "runtime",
          "status": "SUPPORTED",
          "evidence": [
            "pokemap_playtest and runtime consumer:regionalMapRegion"
          ]
        },
        {
          "capability": "agentUx",
          "status": "SUPPORTED",
          "evidence": [
            "describe/schema/batch/pagination/field-mask:regionalMapRegion"
          ]
        },
        {
          "capability": "parity",
          "status": "SUPPORTED",
          "evidence": [
            "direct/editor/CLI/MCP canonical dispatcher:regionalMap"
          ]
        },
        {
          "capability": "contract",
          "status": "SUPPORTED",
          "evidence": [
            "PMCP-085 shared golden receipt:regionalMap"
          ]
        }
      ]
    },
    {
      "resourceKind": "scene",
      "canonicalOwnerKind": "scene",
      "cells": [
        {
          "capability": "inventory",
          "status": "SUPPORTED",
          "evidence": [
            "AuthoringFullParityCatalog:scene->scene"
          ]
        },
        {
          "capability": "read",
          "status": "SUPPORTED",
          "evidence": [
            "AuthoringReadApi/ProjectQueryService:scene"
          ]
        },
        {
          "capability": "mutation",
          "status": "SUPPORTED",
          "evidence": [
            "AuthoringMutationDispatcher:scene"
          ]
        },
        {
          "capability": "fidelity",
          "status": "SUPPORTED",
          "evidence": [
            "JSON round-trip and domain contract tests:scene"
          ]
        },
        {
          "capability": "references",
          "status": "SUPPORTED",
          "evidence": [
            "ProjectReferenceIndex and domain impact tests:scene"
          ]
        },
        {
          "capability": "safety",
          "status": "SUPPORTED",
          "evidence": [
            "plan/dry-run/CAS/permission/confirmation:scene"
          ]
        },
        {
          "capability": "durability",
          "status": "SUPPORTED",
          "evidence": [
            "receipt/journal/recovery:scene"
          ]
        },
        {
          "capability": "replay",
          "status": "SUPPORTED",
          "evidence": [
            "durable idempotency ledger:scene"
          ]
        },
        {
          "capability": "history",
          "status": "SUPPORTED",
          "evidence": [
            "history/undo forward receipt:scene"
          ]
        },
        {
          "capability": "visualization",
          "status": "NOT_APPLICABLE",
          "justification": "scene has no visual surface; rendering its owning aggregate would misrepresent this resource."
        },
        {
          "capability": "runtime",
          "status": "SUPPORTED",
          "evidence": [
            "pokemap_playtest and runtime consumer:scene"
          ]
        },
        {
          "capability": "agentUx",
          "status": "SUPPORTED",
          "evidence": [
            "describe/schema/batch/pagination/field-mask:scene"
          ]
        },
        {
          "capability": "parity",
          "status": "SUPPORTED",
          "evidence": [
            "direct/editor/CLI/MCP canonical dispatcher:scene"
          ]
        },
        {
          "capability": "contract",
          "status": "SUPPORTED",
          "evidence": [
            "PMCP-085 shared golden receipt:scene"
          ]
        }
      ]
    },
    {
      "resourceKind": "script",
      "canonicalOwnerKind": "script",
      "cells": [
        {
          "capability": "inventory",
          "status": "SUPPORTED",
          "evidence": [
            "AuthoringFullParityCatalog:script->script"
          ]
        },
        {
          "capability": "read",
          "status": "SUPPORTED",
          "evidence": [
            "AuthoringReadApi/ProjectQueryService:script"
          ]
        },
        {
          "capability": "mutation",
          "status": "SUPPORTED",
          "evidence": [
            "AuthoringMutationDispatcher:script"
          ]
        },
        {
          "capability": "fidelity",
          "status": "SUPPORTED",
          "evidence": [
            "JSON round-trip and domain contract tests:script"
          ]
        },
        {
          "capability": "references",
          "status": "SUPPORTED",
          "evidence": [
            "ProjectReferenceIndex and domain impact tests:script"
          ]
        },
        {
          "capability": "safety",
          "status": "SUPPORTED",
          "evidence": [
            "plan/dry-run/CAS/permission/confirmation:script"
          ]
        },
        {
          "capability": "durability",
          "status": "SUPPORTED",
          "evidence": [
            "receipt/journal/recovery:script"
          ]
        },
        {
          "capability": "replay",
          "status": "SUPPORTED",
          "evidence": [
            "durable idempotency ledger:script"
          ]
        },
        {
          "capability": "history",
          "status": "SUPPORTED",
          "evidence": [
            "history/undo forward receipt:script"
          ]
        },
        {
          "capability": "visualization",
          "status": "NOT_APPLICABLE",
          "justification": "script has no visual surface; rendering its owning aggregate would misrepresent this resource."
        },
        {
          "capability": "runtime",
          "status": "SUPPORTED",
          "evidence": [
            "pokemap_playtest and runtime consumer:script"
          ]
        },
        {
          "capability": "agentUx",
          "status": "SUPPORTED",
          "evidence": [
            "describe/schema/batch/pagination/field-mask:script"
          ]
        },
        {
          "capability": "parity",
          "status": "SUPPORTED",
          "evidence": [
            "direct/editor/CLI/MCP canonical dispatcher:script"
          ]
        },
        {
          "capability": "contract",
          "status": "SUPPORTED",
          "evidence": [
            "PMCP-085 shared golden receipt:script"
          ]
        }
      ]
    },
    {
      "resourceKind": "shadowPreset",
      "canonicalOwnerKind": "project",
      "cells": [
        {
          "capability": "inventory",
          "status": "SUPPORTED",
          "evidence": [
            "AuthoringFullParityCatalog:shadowPreset->project"
          ]
        },
        {
          "capability": "read",
          "status": "SUPPORTED",
          "evidence": [
            "AuthoringReadApi/ProjectQueryService:project"
          ]
        },
        {
          "capability": "mutation",
          "status": "SUPPORTED",
          "evidence": [
            "AuthoringMutationDispatcher:project"
          ]
        },
        {
          "capability": "fidelity",
          "status": "SUPPORTED",
          "evidence": [
            "JSON round-trip and domain contract tests:project"
          ]
        },
        {
          "capability": "references",
          "status": "SUPPORTED",
          "evidence": [
            "ProjectReferenceIndex and domain impact tests:project"
          ]
        },
        {
          "capability": "safety",
          "status": "SUPPORTED",
          "evidence": [
            "plan/dry-run/CAS/permission/confirmation:project"
          ]
        },
        {
          "capability": "durability",
          "status": "SUPPORTED",
          "evidence": [
            "receipt/journal/recovery:project"
          ]
        },
        {
          "capability": "replay",
          "status": "SUPPORTED",
          "evidence": [
            "durable idempotency ledger:project"
          ]
        },
        {
          "capability": "history",
          "status": "SUPPORTED",
          "evidence": [
            "history/undo forward receipt:project"
          ]
        },
        {
          "capability": "visualization",
          "status": "SUPPORTED",
          "evidence": [
            "pokemap_render revision-bound asset-accurate preview:shadowPreset"
          ]
        },
        {
          "capability": "runtime",
          "status": "SUPPORTED",
          "evidence": [
            "pokemap_playtest and runtime consumer:shadowPreset"
          ]
        },
        {
          "capability": "agentUx",
          "status": "SUPPORTED",
          "evidence": [
            "describe/schema/batch/pagination/field-mask:shadowPreset"
          ]
        },
        {
          "capability": "parity",
          "status": "SUPPORTED",
          "evidence": [
            "direct/editor/CLI/MCP canonical dispatcher:project"
          ]
        },
        {
          "capability": "contract",
          "status": "SUPPORTED",
          "evidence": [
            "PMCP-085 shared golden receipt:project"
          ]
        }
      ]
    },
    {
      "resourceKind": "shop",
      "canonicalOwnerKind": "campaignContent",
      "cells": [
        {
          "capability": "inventory",
          "status": "SUPPORTED",
          "evidence": [
            "AuthoringFullParityCatalog:shop->campaignContent"
          ]
        },
        {
          "capability": "read",
          "status": "SUPPORTED",
          "evidence": [
            "AuthoringReadApi/ProjectQueryService:campaignContent"
          ]
        },
        {
          "capability": "mutation",
          "status": "SUPPORTED",
          "evidence": [
            "AuthoringMutationDispatcher:campaignContent"
          ]
        },
        {
          "capability": "fidelity",
          "status": "SUPPORTED",
          "evidence": [
            "JSON round-trip and domain contract tests:campaignContent"
          ]
        },
        {
          "capability": "references",
          "status": "SUPPORTED",
          "evidence": [
            "ProjectReferenceIndex and domain impact tests:campaignContent"
          ]
        },
        {
          "capability": "safety",
          "status": "SUPPORTED",
          "evidence": [
            "plan/dry-run/CAS/permission/confirmation:campaignContent"
          ]
        },
        {
          "capability": "durability",
          "status": "SUPPORTED",
          "evidence": [
            "receipt/journal/recovery:campaignContent"
          ]
        },
        {
          "capability": "replay",
          "status": "SUPPORTED",
          "evidence": [
            "durable idempotency ledger:campaignContent"
          ]
        },
        {
          "capability": "history",
          "status": "SUPPORTED",
          "evidence": [
            "history/undo forward receipt:campaignContent"
          ]
        },
        {
          "capability": "visualization",
          "status": "NOT_APPLICABLE",
          "justification": "shop has no visual surface; rendering its owning aggregate would misrepresent this resource."
        },
        {
          "capability": "runtime",
          "status": "SUPPORTED",
          "evidence": [
            "pokemap_playtest and runtime consumer:shop"
          ]
        },
        {
          "capability": "agentUx",
          "status": "SUPPORTED",
          "evidence": [
            "describe/schema/batch/pagination/field-mask:shop"
          ]
        },
        {
          "capability": "parity",
          "status": "SUPPORTED",
          "evidence": [
            "direct/editor/CLI/MCP canonical dispatcher:campaignContent"
          ]
        },
        {
          "capability": "contract",
          "status": "SUPPORTED",
          "evidence": [
            "PMCP-085 shared golden receipt:campaignContent"
          ]
        }
      ]
    },
    {
      "resourceKind": "smartTileAnimation",
      "canonicalOwnerKind": "project",
      "cells": [
        {
          "capability": "inventory",
          "status": "SUPPORTED",
          "evidence": [
            "AuthoringFullParityCatalog:smartTileAnimation->project"
          ]
        },
        {
          "capability": "read",
          "status": "SUPPORTED",
          "evidence": [
            "AuthoringReadApi/ProjectQueryService:project"
          ]
        },
        {
          "capability": "mutation",
          "status": "SUPPORTED",
          "evidence": [
            "AuthoringMutationDispatcher:project"
          ]
        },
        {
          "capability": "fidelity",
          "status": "SUPPORTED",
          "evidence": [
            "JSON round-trip and domain contract tests:project"
          ]
        },
        {
          "capability": "references",
          "status": "SUPPORTED",
          "evidence": [
            "ProjectReferenceIndex and domain impact tests:project"
          ]
        },
        {
          "capability": "safety",
          "status": "SUPPORTED",
          "evidence": [
            "plan/dry-run/CAS/permission/confirmation:project"
          ]
        },
        {
          "capability": "durability",
          "status": "SUPPORTED",
          "evidence": [
            "receipt/journal/recovery:project"
          ]
        },
        {
          "capability": "replay",
          "status": "SUPPORTED",
          "evidence": [
            "durable idempotency ledger:project"
          ]
        },
        {
          "capability": "history",
          "status": "SUPPORTED",
          "evidence": [
            "history/undo forward receipt:project"
          ]
        },
        {
          "capability": "visualization",
          "status": "NOT_APPLICABLE",
          "justification": "smartTileAnimation has no visual surface; rendering its owning aggregate would misrepresent this resource."
        },
        {
          "capability": "runtime",
          "status": "SUPPORTED",
          "evidence": [
            "pokemap_playtest and runtime consumer:smartTileAnimation"
          ]
        },
        {
          "capability": "agentUx",
          "status": "SUPPORTED",
          "evidence": [
            "describe/schema/batch/pagination/field-mask:smartTileAnimation"
          ]
        },
        {
          "capability": "parity",
          "status": "SUPPORTED",
          "evidence": [
            "direct/editor/CLI/MCP canonical dispatcher:project"
          ]
        },
        {
          "capability": "contract",
          "status": "SUPPORTED",
          "evidence": [
            "PMCP-085 shared golden receipt:project"
          ]
        }
      ]
    },
    {
      "resourceKind": "smartTileAtlas",
      "canonicalOwnerKind": "project",
      "cells": [
        {
          "capability": "inventory",
          "status": "SUPPORTED",
          "evidence": [
            "AuthoringFullParityCatalog:smartTileAtlas->project"
          ]
        },
        {
          "capability": "read",
          "status": "SUPPORTED",
          "evidence": [
            "AuthoringReadApi/ProjectQueryService:project"
          ]
        },
        {
          "capability": "mutation",
          "status": "SUPPORTED",
          "evidence": [
            "AuthoringMutationDispatcher:project"
          ]
        },
        {
          "capability": "fidelity",
          "status": "SUPPORTED",
          "evidence": [
            "JSON round-trip and domain contract tests:project"
          ]
        },
        {
          "capability": "references",
          "status": "SUPPORTED",
          "evidence": [
            "ProjectReferenceIndex and domain impact tests:project"
          ]
        },
        {
          "capability": "safety",
          "status": "SUPPORTED",
          "evidence": [
            "plan/dry-run/CAS/permission/confirmation:project"
          ]
        },
        {
          "capability": "durability",
          "status": "SUPPORTED",
          "evidence": [
            "receipt/journal/recovery:project"
          ]
        },
        {
          "capability": "replay",
          "status": "SUPPORTED",
          "evidence": [
            "durable idempotency ledger:project"
          ]
        },
        {
          "capability": "history",
          "status": "SUPPORTED",
          "evidence": [
            "history/undo forward receipt:project"
          ]
        },
        {
          "capability": "visualization",
          "status": "SUPPORTED",
          "evidence": [
            "pokemap_render revision-bound asset-accurate preview:smartTileAtlas"
          ]
        },
        {
          "capability": "runtime",
          "status": "SUPPORTED",
          "evidence": [
            "pokemap_playtest and runtime consumer:smartTileAtlas"
          ]
        },
        {
          "capability": "agentUx",
          "status": "SUPPORTED",
          "evidence": [
            "describe/schema/batch/pagination/field-mask:smartTileAtlas"
          ]
        },
        {
          "capability": "parity",
          "status": "SUPPORTED",
          "evidence": [
            "direct/editor/CLI/MCP canonical dispatcher:project"
          ]
        },
        {
          "capability": "contract",
          "status": "SUPPORTED",
          "evidence": [
            "PMCP-085 shared golden receipt:project"
          ]
        }
      ]
    },
    {
      "resourceKind": "smartTileDraft",
      "canonicalOwnerKind": "project",
      "cells": [
        {
          "capability": "inventory",
          "status": "SUPPORTED",
          "evidence": [
            "AuthoringFullParityCatalog:smartTileDraft->project"
          ]
        },
        {
          "capability": "read",
          "status": "SUPPORTED",
          "evidence": [
            "AuthoringReadApi/ProjectQueryService:project"
          ]
        },
        {
          "capability": "mutation",
          "status": "SUPPORTED",
          "evidence": [
            "AuthoringMutationDispatcher:project"
          ]
        },
        {
          "capability": "fidelity",
          "status": "SUPPORTED",
          "evidence": [
            "JSON round-trip and domain contract tests:project"
          ]
        },
        {
          "capability": "references",
          "status": "SUPPORTED",
          "evidence": [
            "ProjectReferenceIndex and domain impact tests:project"
          ]
        },
        {
          "capability": "safety",
          "status": "SUPPORTED",
          "evidence": [
            "plan/dry-run/CAS/permission/confirmation:project"
          ]
        },
        {
          "capability": "durability",
          "status": "SUPPORTED",
          "evidence": [
            "receipt/journal/recovery:project"
          ]
        },
        {
          "capability": "replay",
          "status": "SUPPORTED",
          "evidence": [
            "durable idempotency ledger:project"
          ]
        },
        {
          "capability": "history",
          "status": "SUPPORTED",
          "evidence": [
            "history/undo forward receipt:project"
          ]
        },
        {
          "capability": "visualization",
          "status": "NOT_APPLICABLE",
          "justification": "smartTileDraft has no visual surface; rendering its owning aggregate would misrepresent this resource."
        },
        {
          "capability": "runtime",
          "status": "NOT_APPLICABLE",
          "justification": "smartTileDraft is authoring-only; runtime resolution deliberately reads published presets and never draft state."
        },
        {
          "capability": "agentUx",
          "status": "SUPPORTED",
          "evidence": [
            "describe/schema/batch/pagination/field-mask:smartTileDraft"
          ]
        },
        {
          "capability": "parity",
          "status": "SUPPORTED",
          "evidence": [
            "direct/editor/CLI/MCP canonical dispatcher:project"
          ]
        },
        {
          "capability": "contract",
          "status": "SUPPORTED",
          "evidence": [
            "PMCP-085 shared golden receipt:project"
          ]
        }
      ]
    },
    {
      "resourceKind": "smartTileLayer",
      "canonicalOwnerKind": "map",
      "cells": [
        {
          "capability": "inventory",
          "status": "SUPPORTED",
          "evidence": [
            "AuthoringFullParityCatalog:smartTileLayer->map"
          ]
        },
        {
          "capability": "read",
          "status": "SUPPORTED",
          "evidence": [
            "AuthoringReadApi/ProjectQueryService:map"
          ]
        },
        {
          "capability": "mutation",
          "status": "SUPPORTED",
          "evidence": [
            "AuthoringMutationDispatcher:map"
          ]
        },
        {
          "capability": "fidelity",
          "status": "SUPPORTED",
          "evidence": [
            "JSON round-trip and domain contract tests:map"
          ]
        },
        {
          "capability": "references",
          "status": "SUPPORTED",
          "evidence": [
            "ProjectReferenceIndex and domain impact tests:map"
          ]
        },
        {
          "capability": "safety",
          "status": "SUPPORTED",
          "evidence": [
            "plan/dry-run/CAS/permission/confirmation:map"
          ]
        },
        {
          "capability": "durability",
          "status": "SUPPORTED",
          "evidence": [
            "receipt/journal/recovery:map"
          ]
        },
        {
          "capability": "replay",
          "status": "SUPPORTED",
          "evidence": [
            "durable idempotency ledger:map"
          ]
        },
        {
          "capability": "history",
          "status": "SUPPORTED",
          "evidence": [
            "history/undo forward receipt:map"
          ]
        },
        {
          "capability": "visualization",
          "status": "SUPPORTED",
          "evidence": [
            "pokemap_render revision-bound asset-accurate preview:smartTileLayer"
          ]
        },
        {
          "capability": "runtime",
          "status": "SUPPORTED",
          "evidence": [
            "pokemap_playtest and runtime consumer:smartTileLayer"
          ]
        },
        {
          "capability": "agentUx",
          "status": "SUPPORTED",
          "evidence": [
            "describe/schema/batch/pagination/field-mask:smartTileLayer"
          ]
        },
        {
          "capability": "parity",
          "status": "SUPPORTED",
          "evidence": [
            "direct/editor/CLI/MCP canonical dispatcher:map"
          ]
        },
        {
          "capability": "contract",
          "status": "SUPPORTED",
          "evidence": [
            "PMCP-085 shared golden receipt:map"
          ]
        }
      ]
    },
    {
      "resourceKind": "smartTileMaterial",
      "canonicalOwnerKind": "project",
      "cells": [
        {
          "capability": "inventory",
          "status": "SUPPORTED",
          "evidence": [
            "AuthoringFullParityCatalog:smartTileMaterial->project"
          ]
        },
        {
          "capability": "read",
          "status": "SUPPORTED",
          "evidence": [
            "AuthoringReadApi/ProjectQueryService:project"
          ]
        },
        {
          "capability": "mutation",
          "status": "SUPPORTED",
          "evidence": [
            "AuthoringMutationDispatcher:project"
          ]
        },
        {
          "capability": "fidelity",
          "status": "SUPPORTED",
          "evidence": [
            "JSON round-trip and domain contract tests:project"
          ]
        },
        {
          "capability": "references",
          "status": "SUPPORTED",
          "evidence": [
            "ProjectReferenceIndex and domain impact tests:project"
          ]
        },
        {
          "capability": "safety",
          "status": "SUPPORTED",
          "evidence": [
            "plan/dry-run/CAS/permission/confirmation:project"
          ]
        },
        {
          "capability": "durability",
          "status": "SUPPORTED",
          "evidence": [
            "receipt/journal/recovery:project"
          ]
        },
        {
          "capability": "replay",
          "status": "SUPPORTED",
          "evidence": [
            "durable idempotency ledger:project"
          ]
        },
        {
          "capability": "history",
          "status": "SUPPORTED",
          "evidence": [
            "history/undo forward receipt:project"
          ]
        },
        {
          "capability": "visualization",
          "status": "NOT_APPLICABLE",
          "justification": "smartTileMaterial has no visual surface; rendering its owning aggregate would misrepresent this resource."
        },
        {
          "capability": "runtime",
          "status": "SUPPORTED",
          "evidence": [
            "pokemap_playtest and runtime consumer:smartTileMaterial"
          ]
        },
        {
          "capability": "agentUx",
          "status": "SUPPORTED",
          "evidence": [
            "describe/schema/batch/pagination/field-mask:smartTileMaterial"
          ]
        },
        {
          "capability": "parity",
          "status": "SUPPORTED",
          "evidence": [
            "direct/editor/CLI/MCP canonical dispatcher:project"
          ]
        },
        {
          "capability": "contract",
          "status": "SUPPORTED",
          "evidence": [
            "PMCP-085 shared golden receipt:project"
          ]
        }
      ]
    },
    {
      "resourceKind": "smartTilePattern",
      "canonicalOwnerKind": "project",
      "cells": [
        {
          "capability": "inventory",
          "status": "SUPPORTED",
          "evidence": [
            "AuthoringFullParityCatalog:smartTilePattern->project"
          ]
        },
        {
          "capability": "read",
          "status": "SUPPORTED",
          "evidence": [
            "AuthoringReadApi/ProjectQueryService:project"
          ]
        },
        {
          "capability": "mutation",
          "status": "SUPPORTED",
          "evidence": [
            "AuthoringMutationDispatcher:project"
          ]
        },
        {
          "capability": "fidelity",
          "status": "SUPPORTED",
          "evidence": [
            "JSON round-trip and domain contract tests:project"
          ]
        },
        {
          "capability": "references",
          "status": "SUPPORTED",
          "evidence": [
            "ProjectReferenceIndex and domain impact tests:project"
          ]
        },
        {
          "capability": "safety",
          "status": "SUPPORTED",
          "evidence": [
            "plan/dry-run/CAS/permission/confirmation:project"
          ]
        },
        {
          "capability": "durability",
          "status": "SUPPORTED",
          "evidence": [
            "receipt/journal/recovery:project"
          ]
        },
        {
          "capability": "replay",
          "status": "SUPPORTED",
          "evidence": [
            "durable idempotency ledger:project"
          ]
        },
        {
          "capability": "history",
          "status": "SUPPORTED",
          "evidence": [
            "history/undo forward receipt:project"
          ]
        },
        {
          "capability": "visualization",
          "status": "SUPPORTED",
          "evidence": [
            "pokemap_render revision-bound asset-accurate preview:smartTilePattern"
          ]
        },
        {
          "capability": "runtime",
          "status": "SUPPORTED",
          "evidence": [
            "pokemap_playtest and runtime consumer:smartTilePattern"
          ]
        },
        {
          "capability": "agentUx",
          "status": "SUPPORTED",
          "evidence": [
            "describe/schema/batch/pagination/field-mask:smartTilePattern"
          ]
        },
        {
          "capability": "parity",
          "status": "SUPPORTED",
          "evidence": [
            "direct/editor/CLI/MCP canonical dispatcher:project"
          ]
        },
        {
          "capability": "contract",
          "status": "SUPPORTED",
          "evidence": [
            "PMCP-085 shared golden receipt:project"
          ]
        }
      ]
    },
    {
      "resourceKind": "smartTilePreset",
      "canonicalOwnerKind": "project",
      "cells": [
        {
          "capability": "inventory",
          "status": "SUPPORTED",
          "evidence": [
            "AuthoringFullParityCatalog:smartTilePreset->project"
          ]
        },
        {
          "capability": "read",
          "status": "SUPPORTED",
          "evidence": [
            "AuthoringReadApi/ProjectQueryService:project"
          ]
        },
        {
          "capability": "mutation",
          "status": "SUPPORTED",
          "evidence": [
            "AuthoringMutationDispatcher:project"
          ]
        },
        {
          "capability": "fidelity",
          "status": "SUPPORTED",
          "evidence": [
            "JSON round-trip and domain contract tests:project"
          ]
        },
        {
          "capability": "references",
          "status": "SUPPORTED",
          "evidence": [
            "ProjectReferenceIndex and domain impact tests:project"
          ]
        },
        {
          "capability": "safety",
          "status": "SUPPORTED",
          "evidence": [
            "plan/dry-run/CAS/permission/confirmation:project"
          ]
        },
        {
          "capability": "durability",
          "status": "SUPPORTED",
          "evidence": [
            "receipt/journal/recovery:project"
          ]
        },
        {
          "capability": "replay",
          "status": "SUPPORTED",
          "evidence": [
            "durable idempotency ledger:project"
          ]
        },
        {
          "capability": "history",
          "status": "SUPPORTED",
          "evidence": [
            "history/undo forward receipt:project"
          ]
        },
        {
          "capability": "visualization",
          "status": "SUPPORTED",
          "evidence": [
            "pokemap_render revision-bound asset-accurate preview:smartTilePreset"
          ]
        },
        {
          "capability": "runtime",
          "status": "SUPPORTED",
          "evidence": [
            "pokemap_playtest and runtime consumer:smartTilePreset"
          ]
        },
        {
          "capability": "agentUx",
          "status": "SUPPORTED",
          "evidence": [
            "describe/schema/batch/pagination/field-mask:smartTilePreset"
          ]
        },
        {
          "capability": "parity",
          "status": "SUPPORTED",
          "evidence": [
            "direct/editor/CLI/MCP canonical dispatcher:project"
          ]
        },
        {
          "capability": "contract",
          "status": "SUPPORTED",
          "evidence": [
            "PMCP-085 shared golden receipt:project"
          ]
        }
      ]
    },
    {
      "resourceKind": "storyline",
      "canonicalOwnerKind": "storyline",
      "cells": [
        {
          "capability": "inventory",
          "status": "SUPPORTED",
          "evidence": [
            "AuthoringFullParityCatalog:storyline->storyline"
          ]
        },
        {
          "capability": "read",
          "status": "SUPPORTED",
          "evidence": [
            "AuthoringReadApi/ProjectQueryService:storyline"
          ]
        },
        {
          "capability": "mutation",
          "status": "SUPPORTED",
          "evidence": [
            "AuthoringMutationDispatcher:storyline"
          ]
        },
        {
          "capability": "fidelity",
          "status": "SUPPORTED",
          "evidence": [
            "JSON round-trip and domain contract tests:storyline"
          ]
        },
        {
          "capability": "references",
          "status": "SUPPORTED",
          "evidence": [
            "ProjectReferenceIndex and domain impact tests:storyline"
          ]
        },
        {
          "capability": "safety",
          "status": "SUPPORTED",
          "evidence": [
            "plan/dry-run/CAS/permission/confirmation:storyline"
          ]
        },
        {
          "capability": "durability",
          "status": "SUPPORTED",
          "evidence": [
            "receipt/journal/recovery:storyline"
          ]
        },
        {
          "capability": "replay",
          "status": "SUPPORTED",
          "evidence": [
            "durable idempotency ledger:storyline"
          ]
        },
        {
          "capability": "history",
          "status": "SUPPORTED",
          "evidence": [
            "history/undo forward receipt:storyline"
          ]
        },
        {
          "capability": "visualization",
          "status": "NOT_APPLICABLE",
          "justification": "storyline has no visual surface; rendering its owning aggregate would misrepresent this resource."
        },
        {
          "capability": "runtime",
          "status": "SUPPORTED",
          "evidence": [
            "pokemap_playtest and runtime consumer:storyline"
          ]
        },
        {
          "capability": "agentUx",
          "status": "SUPPORTED",
          "evidence": [
            "describe/schema/batch/pagination/field-mask:storyline"
          ]
        },
        {
          "capability": "parity",
          "status": "SUPPORTED",
          "evidence": [
            "direct/editor/CLI/MCP canonical dispatcher:storyline"
          ]
        },
        {
          "capability": "contract",
          "status": "SUPPORTED",
          "evidence": [
            "PMCP-085 shared golden receipt:storyline"
          ]
        }
      ]
    },
    {
      "resourceKind": "tileset",
      "canonicalOwnerKind": "project",
      "cells": [
        {
          "capability": "inventory",
          "status": "SUPPORTED",
          "evidence": [
            "AuthoringFullParityCatalog:tileset->project"
          ]
        },
        {
          "capability": "read",
          "status": "SUPPORTED",
          "evidence": [
            "AuthoringReadApi/ProjectQueryService:project"
          ]
        },
        {
          "capability": "mutation",
          "status": "SUPPORTED",
          "evidence": [
            "AuthoringMutationDispatcher:project"
          ]
        },
        {
          "capability": "fidelity",
          "status": "SUPPORTED",
          "evidence": [
            "JSON round-trip and domain contract tests:project"
          ]
        },
        {
          "capability": "references",
          "status": "SUPPORTED",
          "evidence": [
            "ProjectReferenceIndex and domain impact tests:project"
          ]
        },
        {
          "capability": "safety",
          "status": "SUPPORTED",
          "evidence": [
            "plan/dry-run/CAS/permission/confirmation:project"
          ]
        },
        {
          "capability": "durability",
          "status": "SUPPORTED",
          "evidence": [
            "receipt/journal/recovery:project"
          ]
        },
        {
          "capability": "replay",
          "status": "SUPPORTED",
          "evidence": [
            "durable idempotency ledger:project"
          ]
        },
        {
          "capability": "history",
          "status": "SUPPORTED",
          "evidence": [
            "history/undo forward receipt:project"
          ]
        },
        {
          "capability": "visualization",
          "status": "SUPPORTED",
          "evidence": [
            "pokemap_render revision-bound asset-accurate preview:tileset"
          ]
        },
        {
          "capability": "runtime",
          "status": "SUPPORTED",
          "evidence": [
            "pokemap_playtest and runtime consumer:tileset"
          ]
        },
        {
          "capability": "agentUx",
          "status": "SUPPORTED",
          "evidence": [
            "describe/schema/batch/pagination/field-mask:tileset"
          ]
        },
        {
          "capability": "parity",
          "status": "SUPPORTED",
          "evidence": [
            "direct/editor/CLI/MCP canonical dispatcher:project"
          ]
        },
        {
          "capability": "contract",
          "status": "SUPPORTED",
          "evidence": [
            "PMCP-085 shared golden receipt:project"
          ]
        }
      ]
    },
    {
      "resourceKind": "tilesetElementGroup",
      "canonicalOwnerKind": "project",
      "cells": [
        {
          "capability": "inventory",
          "status": "SUPPORTED",
          "evidence": [
            "AuthoringFullParityCatalog:tilesetElementGroup->project"
          ]
        },
        {
          "capability": "read",
          "status": "SUPPORTED",
          "evidence": [
            "AuthoringReadApi/ProjectQueryService:project"
          ]
        },
        {
          "capability": "mutation",
          "status": "SUPPORTED",
          "evidence": [
            "AuthoringMutationDispatcher:project"
          ]
        },
        {
          "capability": "fidelity",
          "status": "SUPPORTED",
          "evidence": [
            "JSON round-trip and domain contract tests:project"
          ]
        },
        {
          "capability": "references",
          "status": "SUPPORTED",
          "evidence": [
            "ProjectReferenceIndex and domain impact tests:project"
          ]
        },
        {
          "capability": "safety",
          "status": "SUPPORTED",
          "evidence": [
            "plan/dry-run/CAS/permission/confirmation:project"
          ]
        },
        {
          "capability": "durability",
          "status": "SUPPORTED",
          "evidence": [
            "receipt/journal/recovery:project"
          ]
        },
        {
          "capability": "replay",
          "status": "SUPPORTED",
          "evidence": [
            "durable idempotency ledger:project"
          ]
        },
        {
          "capability": "history",
          "status": "SUPPORTED",
          "evidence": [
            "history/undo forward receipt:project"
          ]
        },
        {
          "capability": "visualization",
          "status": "SUPPORTED",
          "evidence": [
            "pokemap_render revision-bound asset-accurate preview:tilesetElementGroup"
          ]
        },
        {
          "capability": "runtime",
          "status": "SUPPORTED",
          "evidence": [
            "pokemap_playtest and runtime consumer:tilesetElementGroup"
          ]
        },
        {
          "capability": "agentUx",
          "status": "SUPPORTED",
          "evidence": [
            "describe/schema/batch/pagination/field-mask:tilesetElementGroup"
          ]
        },
        {
          "capability": "parity",
          "status": "SUPPORTED",
          "evidence": [
            "direct/editor/CLI/MCP canonical dispatcher:project"
          ]
        },
        {
          "capability": "contract",
          "status": "SUPPORTED",
          "evidence": [
            "PMCP-085 shared golden receipt:project"
          ]
        }
      ]
    },
    {
      "resourceKind": "tilesetFolder",
      "canonicalOwnerKind": "project",
      "cells": [
        {
          "capability": "inventory",
          "status": "SUPPORTED",
          "evidence": [
            "AuthoringFullParityCatalog:tilesetFolder->project"
          ]
        },
        {
          "capability": "read",
          "status": "SUPPORTED",
          "evidence": [
            "AuthoringReadApi/ProjectQueryService:project"
          ]
        },
        {
          "capability": "mutation",
          "status": "SUPPORTED",
          "evidence": [
            "AuthoringMutationDispatcher:project"
          ]
        },
        {
          "capability": "fidelity",
          "status": "SUPPORTED",
          "evidence": [
            "JSON round-trip and domain contract tests:project"
          ]
        },
        {
          "capability": "references",
          "status": "SUPPORTED",
          "evidence": [
            "ProjectReferenceIndex and domain impact tests:project"
          ]
        },
        {
          "capability": "safety",
          "status": "SUPPORTED",
          "evidence": [
            "plan/dry-run/CAS/permission/confirmation:project"
          ]
        },
        {
          "capability": "durability",
          "status": "SUPPORTED",
          "evidence": [
            "receipt/journal/recovery:project"
          ]
        },
        {
          "capability": "replay",
          "status": "SUPPORTED",
          "evidence": [
            "durable idempotency ledger:project"
          ]
        },
        {
          "capability": "history",
          "status": "SUPPORTED",
          "evidence": [
            "history/undo forward receipt:project"
          ]
        },
        {
          "capability": "visualization",
          "status": "NOT_APPLICABLE",
          "justification": "tilesetFolder has no visual surface; rendering its owning aggregate would misrepresent this resource."
        },
        {
          "capability": "runtime",
          "status": "SUPPORTED",
          "evidence": [
            "pokemap_playtest and runtime consumer:tilesetFolder"
          ]
        },
        {
          "capability": "agentUx",
          "status": "SUPPORTED",
          "evidence": [
            "describe/schema/batch/pagination/field-mask:tilesetFolder"
          ]
        },
        {
          "capability": "parity",
          "status": "SUPPORTED",
          "evidence": [
            "direct/editor/CLI/MCP canonical dispatcher:project"
          ]
        },
        {
          "capability": "contract",
          "status": "SUPPORTED",
          "evidence": [
            "PMCP-085 shared golden receipt:project"
          ]
        }
      ]
    },
    {
      "resourceKind": "tilesetPaletteEntry",
      "canonicalOwnerKind": "project",
      "cells": [
        {
          "capability": "inventory",
          "status": "SUPPORTED",
          "evidence": [
            "AuthoringFullParityCatalog:tilesetPaletteEntry->project"
          ]
        },
        {
          "capability": "read",
          "status": "SUPPORTED",
          "evidence": [
            "AuthoringReadApi/ProjectQueryService:project"
          ]
        },
        {
          "capability": "mutation",
          "status": "SUPPORTED",
          "evidence": [
            "AuthoringMutationDispatcher:project"
          ]
        },
        {
          "capability": "fidelity",
          "status": "SUPPORTED",
          "evidence": [
            "JSON round-trip and domain contract tests:project"
          ]
        },
        {
          "capability": "references",
          "status": "SUPPORTED",
          "evidence": [
            "ProjectReferenceIndex and domain impact tests:project"
          ]
        },
        {
          "capability": "safety",
          "status": "SUPPORTED",
          "evidence": [
            "plan/dry-run/CAS/permission/confirmation:project"
          ]
        },
        {
          "capability": "durability",
          "status": "SUPPORTED",
          "evidence": [
            "receipt/journal/recovery:project"
          ]
        },
        {
          "capability": "replay",
          "status": "SUPPORTED",
          "evidence": [
            "durable idempotency ledger:project"
          ]
        },
        {
          "capability": "history",
          "status": "SUPPORTED",
          "evidence": [
            "history/undo forward receipt:project"
          ]
        },
        {
          "capability": "visualization",
          "status": "SUPPORTED",
          "evidence": [
            "pokemap_render revision-bound asset-accurate preview:tilesetPaletteEntry"
          ]
        },
        {
          "capability": "runtime",
          "status": "SUPPORTED",
          "evidence": [
            "pokemap_playtest and runtime consumer:tilesetPaletteEntry"
          ]
        },
        {
          "capability": "agentUx",
          "status": "SUPPORTED",
          "evidence": [
            "describe/schema/batch/pagination/field-mask:tilesetPaletteEntry"
          ]
        },
        {
          "capability": "parity",
          "status": "SUPPORTED",
          "evidence": [
            "direct/editor/CLI/MCP canonical dispatcher:project"
          ]
        },
        {
          "capability": "contract",
          "status": "SUPPORTED",
          "evidence": [
            "PMCP-085 shared golden receipt:project"
          ]
        }
      ]
    },
    {
      "resourceKind": "trainer",
      "canonicalOwnerKind": "campaignContent",
      "cells": [
        {
          "capability": "inventory",
          "status": "SUPPORTED",
          "evidence": [
            "AuthoringFullParityCatalog:trainer->campaignContent"
          ]
        },
        {
          "capability": "read",
          "status": "SUPPORTED",
          "evidence": [
            "AuthoringReadApi/ProjectQueryService:campaignContent"
          ]
        },
        {
          "capability": "mutation",
          "status": "SUPPORTED",
          "evidence": [
            "AuthoringMutationDispatcher:campaignContent"
          ]
        },
        {
          "capability": "fidelity",
          "status": "SUPPORTED",
          "evidence": [
            "JSON round-trip and domain contract tests:campaignContent"
          ]
        },
        {
          "capability": "references",
          "status": "SUPPORTED",
          "evidence": [
            "ProjectReferenceIndex and domain impact tests:campaignContent"
          ]
        },
        {
          "capability": "safety",
          "status": "SUPPORTED",
          "evidence": [
            "plan/dry-run/CAS/permission/confirmation:campaignContent"
          ]
        },
        {
          "capability": "durability",
          "status": "SUPPORTED",
          "evidence": [
            "receipt/journal/recovery:campaignContent"
          ]
        },
        {
          "capability": "replay",
          "status": "SUPPORTED",
          "evidence": [
            "durable idempotency ledger:campaignContent"
          ]
        },
        {
          "capability": "history",
          "status": "SUPPORTED",
          "evidence": [
            "history/undo forward receipt:campaignContent"
          ]
        },
        {
          "capability": "visualization",
          "status": "NOT_APPLICABLE",
          "justification": "trainer has no visual surface; rendering its owning aggregate would misrepresent this resource."
        },
        {
          "capability": "runtime",
          "status": "SUPPORTED",
          "evidence": [
            "pokemap_playtest and runtime consumer:trainer"
          ]
        },
        {
          "capability": "agentUx",
          "status": "SUPPORTED",
          "evidence": [
            "describe/schema/batch/pagination/field-mask:trainer"
          ]
        },
        {
          "capability": "parity",
          "status": "SUPPORTED",
          "evidence": [
            "direct/editor/CLI/MCP canonical dispatcher:campaignContent"
          ]
        },
        {
          "capability": "contract",
          "status": "SUPPORTED",
          "evidence": [
            "PMCP-085 shared golden receipt:campaignContent"
          ]
        }
      ]
    },
    {
      "resourceKind": "worldRule",
      "canonicalOwnerKind": "worldRule",
      "cells": [
        {
          "capability": "inventory",
          "status": "SUPPORTED",
          "evidence": [
            "AuthoringFullParityCatalog:worldRule->worldRule"
          ]
        },
        {
          "capability": "read",
          "status": "SUPPORTED",
          "evidence": [
            "AuthoringReadApi/ProjectQueryService:worldRule"
          ]
        },
        {
          "capability": "mutation",
          "status": "SUPPORTED",
          "evidence": [
            "AuthoringMutationDispatcher:worldRule"
          ]
        },
        {
          "capability": "fidelity",
          "status": "SUPPORTED",
          "evidence": [
            "JSON round-trip and domain contract tests:worldRule"
          ]
        },
        {
          "capability": "references",
          "status": "SUPPORTED",
          "evidence": [
            "ProjectReferenceIndex and domain impact tests:worldRule"
          ]
        },
        {
          "capability": "safety",
          "status": "SUPPORTED",
          "evidence": [
            "plan/dry-run/CAS/permission/confirmation:worldRule"
          ]
        },
        {
          "capability": "durability",
          "status": "SUPPORTED",
          "evidence": [
            "receipt/journal/recovery:worldRule"
          ]
        },
        {
          "capability": "replay",
          "status": "SUPPORTED",
          "evidence": [
            "durable idempotency ledger:worldRule"
          ]
        },
        {
          "capability": "history",
          "status": "SUPPORTED",
          "evidence": [
            "history/undo forward receipt:worldRule"
          ]
        },
        {
          "capability": "visualization",
          "status": "NOT_APPLICABLE",
          "justification": "worldRule has no visual surface; rendering its owning aggregate would misrepresent this resource."
        },
        {
          "capability": "runtime",
          "status": "SUPPORTED",
          "evidence": [
            "pokemap_playtest and runtime consumer:worldRule"
          ]
        },
        {
          "capability": "agentUx",
          "status": "SUPPORTED",
          "evidence": [
            "describe/schema/batch/pagination/field-mask:worldRule"
          ]
        },
        {
          "capability": "parity",
          "status": "SUPPORTED",
          "evidence": [
            "direct/editor/CLI/MCP canonical dispatcher:worldRule"
          ]
        },
        {
          "capability": "contract",
          "status": "SUPPORTED",
          "evidence": [
            "PMCP-085 shared golden receipt:worldRule"
          ]
        }
      ]
    }
  ],
  "mutationActions": [
    {
      "actionId": "asset.delete",
      "declaredTransports": [
        "cli",
        "directApi",
        "editor",
        "mcp"
      ],
      "adapterCapableTransports": [
        "cli",
        "directApi",
        "editor",
        "mcp"
      ],
      "adapterEvidence": {
        "cli": "lib/src/tooling/jsonl_worker.dart",
        "directApi": "lib/src/api/local_map_authoring_mutation_api.dart",
        "editor": "../map_editor/lib/src/application/authoring_api/authoring_mutation_adapter.dart",
        "mcp": "../../tools/pokemap_mcp/src/authoring_client.ts"
      },
      "contractTestPath": "test/domains/assets/asset_security_test.dart",
      "endToEndVerifiedTransports": [],
      "endToEndEvidence": {},
      "transportExecutionReceipts": {}
    },
    {
      "actionId": "asset.import",
      "declaredTransports": [
        "cli",
        "directApi",
        "editor",
        "mcp"
      ],
      "adapterCapableTransports": [
        "cli",
        "directApi",
        "editor",
        "mcp"
      ],
      "adapterEvidence": {
        "cli": "lib/src/tooling/jsonl_worker.dart",
        "directApi": "lib/src/api/local_map_authoring_mutation_api.dart",
        "editor": "../map_editor/lib/src/application/authoring_api/authoring_mutation_adapter.dart",
        "mcp": "../../tools/pokemap_mcp/src/authoring_client.ts"
      },
      "contractTestPath": "test/domains/assets/asset_security_test.dart",
      "endToEndVerifiedTransports": [],
      "endToEndEvidence": {},
      "transportExecutionReceipts": {}
    },
    {
      "actionId": "asset.import_batch",
      "declaredTransports": [
        "cli",
        "directApi",
        "editor",
        "mcp"
      ],
      "adapterCapableTransports": [
        "cli",
        "directApi",
        "editor",
        "mcp"
      ],
      "adapterEvidence": {
        "cli": "lib/src/tooling/jsonl_worker.dart",
        "directApi": "lib/src/api/local_map_authoring_mutation_api.dart",
        "editor": "../map_editor/lib/src/application/authoring_api/authoring_mutation_adapter.dart",
        "mcp": "../../tools/pokemap_mcp/src/authoring_client.ts"
      },
      "contractTestPath": "test/domains/assets/asset_security_test.dart",
      "endToEndVerifiedTransports": [],
      "endToEndEvidence": {},
      "transportExecutionReceipts": {}
    },
    {
      "actionId": "asset.map_graphics.reset",
      "declaredTransports": [
        "cli",
        "directApi",
        "editor",
        "mcp"
      ],
      "adapterCapableTransports": [
        "cli",
        "directApi",
        "editor",
        "mcp"
      ],
      "adapterEvidence": {
        "cli": "lib/src/tooling/jsonl_worker.dart",
        "directApi": "lib/src/api/local_map_authoring_mutation_api.dart",
        "editor": "../map_editor/lib/src/application/authoring_api/authoring_mutation_adapter.dart",
        "mcp": "../../tools/pokemap_mcp/src/authoring_client.ts"
      },
      "contractTestPath": "test/domains/assets/asset_security_test.dart",
      "endToEndVerifiedTransports": [],
      "endToEndEvidence": {},
      "transportExecutionReceipts": {}
    },
    {
      "actionId": "asset.move",
      "declaredTransports": [
        "cli",
        "directApi",
        "editor",
        "mcp"
      ],
      "adapterCapableTransports": [
        "cli",
        "directApi",
        "editor",
        "mcp"
      ],
      "adapterEvidence": {
        "cli": "lib/src/tooling/jsonl_worker.dart",
        "directApi": "lib/src/api/local_map_authoring_mutation_api.dart",
        "editor": "../map_editor/lib/src/application/authoring_api/authoring_mutation_adapter.dart",
        "mcp": "../../tools/pokemap_mcp/src/authoring_client.ts"
      },
      "contractTestPath": "test/domains/assets/asset_security_test.dart",
      "endToEndVerifiedTransports": [],
      "endToEndEvidence": {},
      "transportExecutionReceipts": {}
    },
    {
      "actionId": "asset.raw.replace",
      "declaredTransports": [
        "cli",
        "directApi",
        "editor",
        "mcp"
      ],
      "adapterCapableTransports": [
        "cli",
        "directApi",
        "editor",
        "mcp"
      ],
      "adapterEvidence": {
        "cli": "lib/src/tooling/jsonl_worker.dart",
        "directApi": "lib/src/api/local_map_authoring_mutation_api.dart",
        "editor": "../map_editor/lib/src/application/authoring_api/authoring_mutation_adapter.dart",
        "mcp": "../../tools/pokemap_mcp/src/authoring_client.ts"
      },
      "contractTestPath": "test/domains/assets/content_addressing_test.dart",
      "endToEndVerifiedTransports": [],
      "endToEndEvidence": {},
      "transportExecutionReceipts": {}
    },
    {
      "actionId": "asset.replace",
      "declaredTransports": [
        "cli",
        "directApi",
        "editor",
        "mcp"
      ],
      "adapterCapableTransports": [
        "cli",
        "directApi",
        "editor",
        "mcp"
      ],
      "adapterEvidence": {
        "cli": "lib/src/tooling/jsonl_worker.dart",
        "directApi": "lib/src/api/local_map_authoring_mutation_api.dart",
        "editor": "../map_editor/lib/src/application/authoring_api/authoring_mutation_adapter.dart",
        "mcp": "../../tools/pokemap_mcp/src/authoring_client.ts"
      },
      "contractTestPath": "test/domains/assets/asset_security_test.dart",
      "endToEndVerifiedTransports": [],
      "endToEndEvidence": {},
      "transportExecutionReceipts": {}
    },
    {
      "actionId": "border.blueprint.delete",
      "declaredTransports": [
        "cli",
        "directApi",
        "editor",
        "mcp"
      ],
      "adapterCapableTransports": [
        "cli",
        "directApi",
        "editor",
        "mcp"
      ],
      "adapterEvidence": {
        "cli": "lib/src/tooling/jsonl_worker.dart",
        "directApi": "lib/src/api/local_map_authoring_mutation_api.dart",
        "editor": "../map_editor/lib/src/application/authoring_api/authoring_mutation_adapter.dart",
        "mcp": "../../tools/pokemap_mcp/src/authoring_client.ts"
      },
      "contractTestPath": "test/domains/maps/border_catalog_actions_test.dart",
      "endToEndVerifiedTransports": [
        "cli",
        "directApi",
        "mcp"
      ],
      "endToEndEvidence": {
        "cli": "test/tooling/jsonl_border_catalog_flow_test.dart",
        "directApi": "test/tooling/jsonl_border_catalog_flow_test.dart",
        "mcp": "../../tools/pokemap_mcp/test/border_catalog_server.test.ts"
      },
      "transportExecutionReceipts": {}
    },
    {
      "actionId": "border.blueprint.draft.upsert",
      "declaredTransports": [
        "cli",
        "directApi",
        "editor",
        "mcp"
      ],
      "adapterCapableTransports": [
        "cli",
        "directApi",
        "editor",
        "mcp"
      ],
      "adapterEvidence": {
        "cli": "lib/src/tooling/jsonl_worker.dart",
        "directApi": "lib/src/api/local_map_authoring_mutation_api.dart",
        "editor": "../map_editor/lib/src/application/authoring_api/authoring_mutation_adapter.dart",
        "mcp": "../../tools/pokemap_mcp/src/authoring_client.ts"
      },
      "contractTestPath": "test/domains/maps/border_catalog_actions_test.dart",
      "endToEndVerifiedTransports": [
        "cli",
        "directApi",
        "editor",
        "mcp"
      ],
      "endToEndEvidence": {
        "cli": "test/tooling/jsonl_border_catalog_flow_test.dart",
        "directApi": "test/domains/maps/border_catalog_actions_test.dart",
        "editor": "../map_editor/test/border_studio/border_studio_asset_crud_rules_widget_test.dart",
        "mcp": "../../tools/pokemap_mcp/test/border_catalog_server.test.ts"
      },
      "transportExecutionReceipts": {}
    },
    {
      "actionId": "border.blueprint.publish",
      "declaredTransports": [
        "cli",
        "directApi",
        "editor",
        "mcp"
      ],
      "adapterCapableTransports": [
        "cli",
        "directApi",
        "editor",
        "mcp"
      ],
      "adapterEvidence": {
        "cli": "lib/src/tooling/jsonl_worker.dart",
        "directApi": "lib/src/api/local_map_authoring_mutation_api.dart",
        "editor": "../map_editor/lib/src/application/authoring_api/authoring_mutation_adapter.dart",
        "mcp": "../../tools/pokemap_mcp/src/authoring_client.ts"
      },
      "contractTestPath": "test/domains/maps/border_catalog_actions_test.dart",
      "endToEndVerifiedTransports": [
        "cli",
        "directApi",
        "editor",
        "mcp"
      ],
      "endToEndEvidence": {
        "cli": "test/tooling/jsonl_border_catalog_flow_test.dart",
        "directApi": "test/domains/maps/border_catalog_actions_test.dart",
        "editor": "../map_editor/test/border_studio/border_studio_asset_crud_rules_widget_test.dart",
        "mcp": "../../tools/pokemap_mcp/test/border_catalog_server.test.ts"
      },
      "transportExecutionReceipts": {}
    },
    {
      "actionId": "border.blueprint.set_deprecated",
      "declaredTransports": [
        "cli",
        "directApi",
        "editor",
        "mcp"
      ],
      "adapterCapableTransports": [
        "cli",
        "directApi",
        "editor",
        "mcp"
      ],
      "adapterEvidence": {
        "cli": "lib/src/tooling/jsonl_worker.dart",
        "directApi": "lib/src/api/local_map_authoring_mutation_api.dart",
        "editor": "../map_editor/lib/src/application/authoring_api/authoring_mutation_adapter.dart",
        "mcp": "../../tools/pokemap_mcp/src/authoring_client.ts"
      },
      "contractTestPath": "test/domains/maps/border_catalog_actions_test.dart",
      "endToEndVerifiedTransports": [
        "cli",
        "directApi",
        "mcp"
      ],
      "endToEndEvidence": {
        "cli": "test/tooling/jsonl_border_catalog_flow_test.dart",
        "directApi": "test/tooling/jsonl_border_catalog_flow_test.dart",
        "mcp": "../../tools/pokemap_mcp/test/border_catalog_server.test.ts"
      },
      "transportExecutionReceipts": {}
    },
    {
      "actionId": "border_layer.feature_create",
      "declaredTransports": [
        "cli",
        "directApi",
        "editor",
        "mcp"
      ],
      "adapterCapableTransports": [
        "cli",
        "directApi",
        "editor",
        "mcp"
      ],
      "adapterEvidence": {
        "cli": "lib/src/tooling/jsonl_worker.dart",
        "directApi": "lib/src/api/local_map_authoring_mutation_api.dart",
        "editor": "../map_editor/lib/src/application/authoring_api/authoring_mutation_adapter.dart",
        "mcp": "../../tools/pokemap_mcp/src/authoring_client.ts"
      },
      "contractTestPath": "test/domains/maps/border_actions_test.dart",
      "endToEndVerifiedTransports": [],
      "endToEndEvidence": {},
      "transportExecutionReceipts": {}
    },
    {
      "actionId": "border_layer.feature_delete",
      "declaredTransports": [
        "cli",
        "directApi",
        "editor",
        "mcp"
      ],
      "adapterCapableTransports": [
        "cli",
        "directApi",
        "editor",
        "mcp"
      ],
      "adapterEvidence": {
        "cli": "lib/src/tooling/jsonl_worker.dart",
        "directApi": "lib/src/api/local_map_authoring_mutation_api.dart",
        "editor": "../map_editor/lib/src/application/authoring_api/authoring_mutation_adapter.dart",
        "mcp": "../../tools/pokemap_mcp/src/authoring_client.ts"
      },
      "contractTestPath": "test/domains/maps/border_actions_test.dart",
      "endToEndVerifiedTransports": [],
      "endToEndEvidence": {},
      "transportExecutionReceipts": {}
    },
    {
      "actionId": "border_layer.feature_lock",
      "declaredTransports": [
        "cli",
        "directApi",
        "editor",
        "mcp"
      ],
      "adapterCapableTransports": [
        "cli",
        "directApi",
        "editor",
        "mcp"
      ],
      "adapterEvidence": {
        "cli": "lib/src/tooling/jsonl_worker.dart",
        "directApi": "lib/src/api/local_map_authoring_mutation_api.dart",
        "editor": "../map_editor/lib/src/application/authoring_api/authoring_mutation_adapter.dart",
        "mcp": "../../tools/pokemap_mcp/src/authoring_client.ts"
      },
      "contractTestPath": "test/domains/maps/border_actions_test.dart",
      "endToEndVerifiedTransports": [],
      "endToEndEvidence": {},
      "transportExecutionReceipts": {}
    },
    {
      "actionId": "border_layer.feature_move",
      "declaredTransports": [
        "cli",
        "directApi",
        "editor",
        "mcp"
      ],
      "adapterCapableTransports": [
        "cli",
        "directApi",
        "editor",
        "mcp"
      ],
      "adapterEvidence": {
        "cli": "lib/src/tooling/jsonl_worker.dart",
        "directApi": "lib/src/api/local_map_authoring_mutation_api.dart",
        "editor": "../map_editor/lib/src/application/authoring_api/authoring_mutation_adapter.dart",
        "mcp": "../../tools/pokemap_mcp/src/authoring_client.ts"
      },
      "contractTestPath": "test/domains/maps/border_actions_test.dart",
      "endToEndVerifiedTransports": [],
      "endToEndEvidence": {},
      "transportExecutionReceipts": {}
    },
    {
      "actionId": "border_layer.feature_reorder",
      "declaredTransports": [
        "cli",
        "directApi",
        "editor",
        "mcp"
      ],
      "adapterCapableTransports": [
        "cli",
        "directApi",
        "editor",
        "mcp"
      ],
      "adapterEvidence": {
        "cli": "lib/src/tooling/jsonl_worker.dart",
        "directApi": "lib/src/api/local_map_authoring_mutation_api.dart",
        "editor": "../map_editor/lib/src/application/authoring_api/authoring_mutation_adapter.dart",
        "mcp": "../../tools/pokemap_mcp/src/authoring_client.ts"
      },
      "contractTestPath": "test/domains/maps/border_actions_test.dart",
      "endToEndVerifiedTransports": [],
      "endToEndEvidence": {},
      "transportExecutionReceipts": {}
    },
    {
      "actionId": "border_layer.feature_set_blueprint",
      "declaredTransports": [
        "cli",
        "directApi",
        "editor",
        "mcp"
      ],
      "adapterCapableTransports": [
        "cli",
        "directApi",
        "editor",
        "mcp"
      ],
      "adapterEvidence": {
        "cli": "lib/src/tooling/jsonl_worker.dart",
        "directApi": "lib/src/api/local_map_authoring_mutation_api.dart",
        "editor": "../map_editor/lib/src/application/authoring_api/authoring_mutation_adapter.dart",
        "mcp": "../../tools/pokemap_mcp/src/authoring_client.ts"
      },
      "contractTestPath": "test/domains/maps/border_actions_test.dart",
      "endToEndVerifiedTransports": [],
      "endToEndEvidence": {},
      "transportExecutionReceipts": {}
    },
    {
      "actionId": "border_layer.feature_set_keep_out",
      "declaredTransports": [
        "cli",
        "directApi",
        "editor",
        "mcp"
      ],
      "adapterCapableTransports": [
        "cli",
        "directApi",
        "editor",
        "mcp"
      ],
      "adapterEvidence": {
        "cli": "lib/src/tooling/jsonl_worker.dart",
        "directApi": "lib/src/api/local_map_authoring_mutation_api.dart",
        "editor": "../map_editor/lib/src/application/authoring_api/authoring_mutation_adapter.dart",
        "mcp": "../../tools/pokemap_mcp/src/authoring_client.ts"
      },
      "contractTestPath": "test/domains/maps/border_actions_test.dart",
      "endToEndVerifiedTransports": [],
      "endToEndEvidence": {},
      "transportExecutionReceipts": {}
    },
    {
      "actionId": "border_layer.feature_set_variation",
      "declaredTransports": [
        "cli",
        "directApi",
        "editor",
        "mcp"
      ],
      "adapterCapableTransports": [
        "cli",
        "directApi",
        "editor",
        "mcp"
      ],
      "adapterEvidence": {
        "cli": "lib/src/tooling/jsonl_worker.dart",
        "directApi": "lib/src/api/local_map_authoring_mutation_api.dart",
        "editor": "../map_editor/lib/src/application/authoring_api/authoring_mutation_adapter.dart",
        "mcp": "../../tools/pokemap_mcp/src/authoring_client.ts"
      },
      "contractTestPath": "test/domains/maps/border_actions_test.dart",
      "endToEndVerifiedTransports": [],
      "endToEndEvidence": {},
      "transportExecutionReceipts": {}
    },
    {
      "actionId": "border_layer.feature_unlock",
      "declaredTransports": [
        "cli",
        "directApi",
        "editor",
        "mcp"
      ],
      "adapterCapableTransports": [
        "cli",
        "directApi",
        "editor",
        "mcp"
      ],
      "adapterEvidence": {
        "cli": "lib/src/tooling/jsonl_worker.dart",
        "directApi": "lib/src/api/local_map_authoring_mutation_api.dart",
        "editor": "../map_editor/lib/src/application/authoring_api/authoring_mutation_adapter.dart",
        "mcp": "../../tools/pokemap_mcp/src/authoring_client.ts"
      },
      "contractTestPath": "test/domains/maps/border_actions_test.dart",
      "endToEndVerifiedTransports": [],
      "endToEndEvidence": {},
      "transportExecutionReceipts": {}
    },
    {
      "actionId": "border_layer.feature_update",
      "declaredTransports": [
        "cli",
        "directApi",
        "editor",
        "mcp"
      ],
      "adapterCapableTransports": [
        "cli",
        "directApi",
        "editor",
        "mcp"
      ],
      "adapterEvidence": {
        "cli": "lib/src/tooling/jsonl_worker.dart",
        "directApi": "lib/src/api/local_map_authoring_mutation_api.dart",
        "editor": "../map_editor/lib/src/application/authoring_api/authoring_mutation_adapter.dart",
        "mcp": "../../tools/pokemap_mcp/src/authoring_client.ts"
      },
      "contractTestPath": "test/domains/maps/border_actions_test.dart",
      "endToEndVerifiedTransports": [],
      "endToEndEvidence": {},
      "transportExecutionReceipts": {}
    },
    {
      "actionId": "border_layer.materialize_apply",
      "declaredTransports": [
        "cli",
        "directApi",
        "editor",
        "mcp"
      ],
      "adapterCapableTransports": [
        "cli",
        "directApi",
        "editor",
        "mcp"
      ],
      "adapterEvidence": {
        "cli": "lib/src/tooling/jsonl_worker.dart",
        "directApi": "lib/src/api/local_map_authoring_mutation_api.dart",
        "editor": "../map_editor/lib/src/application/authoring_api/authoring_mutation_adapter.dart",
        "mcp": "../../tools/pokemap_mcp/src/authoring_client.ts"
      },
      "contractTestPath": "test/domains/maps/border_actions_test.dart",
      "endToEndVerifiedTransports": [],
      "endToEndEvidence": {},
      "transportExecutionReceipts": {}
    },
    {
      "actionId": "border_layer.region_clear",
      "declaredTransports": [
        "cli",
        "directApi",
        "editor",
        "mcp"
      ],
      "adapterCapableTransports": [
        "cli",
        "directApi",
        "editor",
        "mcp"
      ],
      "adapterEvidence": {
        "cli": "lib/src/tooling/jsonl_worker.dart",
        "directApi": "lib/src/api/local_map_authoring_mutation_api.dart",
        "editor": "../map_editor/lib/src/application/authoring_api/authoring_mutation_adapter.dart",
        "mcp": "../../tools/pokemap_mcp/src/authoring_client.ts"
      },
      "contractTestPath": "test/domains/maps/border_actions_test.dart",
      "endToEndVerifiedTransports": [],
      "endToEndEvidence": {},
      "transportExecutionReceipts": {}
    },
    {
      "actionId": "border_layer.region_fill",
      "declaredTransports": [
        "cli",
        "directApi",
        "editor",
        "mcp"
      ],
      "adapterCapableTransports": [
        "cli",
        "directApi",
        "editor",
        "mcp"
      ],
      "adapterEvidence": {
        "cli": "lib/src/tooling/jsonl_worker.dart",
        "directApi": "lib/src/api/local_map_authoring_mutation_api.dart",
        "editor": "../map_editor/lib/src/application/authoring_api/authoring_mutation_adapter.dart",
        "mcp": "../../tools/pokemap_mcp/src/authoring_client.ts"
      },
      "contractTestPath": "test/domains/maps/border_actions_test.dart",
      "endToEndVerifiedTransports": [],
      "endToEndEvidence": {},
      "transportExecutionReceipts": {}
    },
    {
      "actionId": "border_layer.relink_apply",
      "declaredTransports": [
        "cli",
        "directApi",
        "editor",
        "mcp"
      ],
      "adapterCapableTransports": [
        "cli",
        "directApi",
        "editor",
        "mcp"
      ],
      "adapterEvidence": {
        "cli": "lib/src/tooling/jsonl_worker.dart",
        "directApi": "lib/src/api/local_map_authoring_mutation_api.dart",
        "editor": "../map_editor/lib/src/application/authoring_api/authoring_mutation_adapter.dart",
        "mcp": "../../tools/pokemap_mcp/src/authoring_client.ts"
      },
      "contractTestPath": "test/domains/maps/border_actions_test.dart",
      "endToEndVerifiedTransports": [],
      "endToEndEvidence": {},
      "transportExecutionReceipts": {}
    },
    {
      "actionId": "border_layer.resize_apply",
      "declaredTransports": [
        "cli",
        "directApi",
        "editor",
        "mcp"
      ],
      "adapterCapableTransports": [
        "cli",
        "directApi",
        "editor",
        "mcp"
      ],
      "adapterEvidence": {
        "cli": "lib/src/tooling/jsonl_worker.dart",
        "directApi": "lib/src/api/local_map_authoring_mutation_api.dart",
        "editor": "../map_editor/lib/src/application/authoring_api/authoring_mutation_adapter.dart",
        "mcp": "../../tools/pokemap_mcp/src/authoring_client.ts"
      },
      "contractTestPath": "test/domains/maps/border_actions_test.dart",
      "endToEndVerifiedTransports": [],
      "endToEndEvidence": {},
      "transportExecutionReceipts": {}
    },
    {
      "actionId": "border_layer.stroke_add",
      "declaredTransports": [
        "cli",
        "directApi",
        "editor",
        "mcp"
      ],
      "adapterCapableTransports": [
        "cli",
        "directApi",
        "editor",
        "mcp"
      ],
      "adapterEvidence": {
        "cli": "lib/src/tooling/jsonl_worker.dart",
        "directApi": "lib/src/api/local_map_authoring_mutation_api.dart",
        "editor": "../map_editor/lib/src/application/authoring_api/authoring_mutation_adapter.dart",
        "mcp": "../../tools/pokemap_mcp/src/authoring_client.ts"
      },
      "contractTestPath": "test/domains/maps/border_actions_test.dart",
      "endToEndVerifiedTransports": [],
      "endToEndEvidence": {},
      "transportExecutionReceipts": {}
    },
    {
      "actionId": "border_layer.stroke_delete",
      "declaredTransports": [
        "cli",
        "directApi",
        "editor",
        "mcp"
      ],
      "adapterCapableTransports": [
        "cli",
        "directApi",
        "editor",
        "mcp"
      ],
      "adapterEvidence": {
        "cli": "lib/src/tooling/jsonl_worker.dart",
        "directApi": "lib/src/api/local_map_authoring_mutation_api.dart",
        "editor": "../map_editor/lib/src/application/authoring_api/authoring_mutation_adapter.dart",
        "mcp": "../../tools/pokemap_mcp/src/authoring_client.ts"
      },
      "contractTestPath": "test/domains/maps/border_actions_test.dart",
      "endToEndVerifiedTransports": [],
      "endToEndEvidence": {},
      "transportExecutionReceipts": {}
    },
    {
      "actionId": "border_layer.stroke_update",
      "declaredTransports": [
        "cli",
        "directApi",
        "editor",
        "mcp"
      ],
      "adapterCapableTransports": [
        "cli",
        "directApi",
        "editor",
        "mcp"
      ],
      "adapterEvidence": {
        "cli": "lib/src/tooling/jsonl_worker.dart",
        "directApi": "lib/src/api/local_map_authoring_mutation_api.dart",
        "editor": "../map_editor/lib/src/application/authoring_api/authoring_mutation_adapter.dart",
        "mcp": "../../tools/pokemap_mcp/src/authoring_client.ts"
      },
      "contractTestPath": "test/domains/maps/border_actions_test.dart",
      "endToEndVerifiedTransports": [],
      "endToEndEvidence": {},
      "transportExecutionReceipts": {}
    },
    {
      "actionId": "campaign.badge.delete",
      "declaredTransports": [
        "cli",
        "directApi",
        "editor",
        "mcp"
      ],
      "adapterCapableTransports": [
        "cli",
        "directApi",
        "editor",
        "mcp"
      ],
      "adapterEvidence": {
        "cli": "lib/src/tooling/jsonl_worker.dart",
        "directApi": "lib/src/api/local_map_authoring_mutation_api.dart",
        "editor": "../map_editor/lib/src/application/authoring_api/authoring_mutation_adapter.dart",
        "mcp": "../../tools/pokemap_mcp/src/authoring_client.ts"
      },
      "contractTestPath": "test/domains/gameplay/campaign_content_authoring_test.dart",
      "endToEndVerifiedTransports": [],
      "endToEndEvidence": {},
      "transportExecutionReceipts": {}
    },
    {
      "actionId": "campaign.badge.upsert",
      "declaredTransports": [
        "cli",
        "directApi",
        "editor",
        "mcp"
      ],
      "adapterCapableTransports": [
        "cli",
        "directApi",
        "editor",
        "mcp"
      ],
      "adapterEvidence": {
        "cli": "lib/src/tooling/jsonl_worker.dart",
        "directApi": "lib/src/api/local_map_authoring_mutation_api.dart",
        "editor": "../map_editor/lib/src/application/authoring_api/authoring_mutation_adapter.dart",
        "mcp": "../../tools/pokemap_mcp/src/authoring_client.ts"
      },
      "contractTestPath": "test/domains/gameplay/campaign_content_authoring_test.dart",
      "endToEndVerifiedTransports": [],
      "endToEndEvidence": {},
      "transportExecutionReceipts": {}
    },
    {
      "actionId": "campaign.character.delete",
      "declaredTransports": [
        "cli",
        "directApi",
        "editor",
        "mcp"
      ],
      "adapterCapableTransports": [
        "cli",
        "directApi",
        "editor",
        "mcp"
      ],
      "adapterEvidence": {
        "cli": "lib/src/tooling/jsonl_worker.dart",
        "directApi": "lib/src/api/local_map_authoring_mutation_api.dart",
        "editor": "../map_editor/lib/src/application/authoring_api/authoring_mutation_adapter.dart",
        "mcp": "../../tools/pokemap_mcp/src/authoring_client.ts"
      },
      "contractTestPath": "test/domains/gameplay/campaign_content_authoring_test.dart",
      "endToEndVerifiedTransports": [],
      "endToEndEvidence": {},
      "transportExecutionReceipts": {}
    },
    {
      "actionId": "campaign.character.upsert",
      "declaredTransports": [
        "cli",
        "directApi",
        "editor",
        "mcp"
      ],
      "adapterCapableTransports": [
        "cli",
        "directApi",
        "editor",
        "mcp"
      ],
      "adapterEvidence": {
        "cli": "lib/src/tooling/jsonl_worker.dart",
        "directApi": "lib/src/api/local_map_authoring_mutation_api.dart",
        "editor": "../map_editor/lib/src/application/authoring_api/authoring_mutation_adapter.dart",
        "mcp": "../../tools/pokemap_mcp/src/authoring_client.ts"
      },
      "contractTestPath": "test/domains/gameplay/campaign_content_authoring_test.dart",
      "endToEndVerifiedTransports": [],
      "endToEndEvidence": {},
      "transportExecutionReceipts": {}
    },
    {
      "actionId": "campaign.encounter_table.delete",
      "declaredTransports": [
        "cli",
        "directApi",
        "editor",
        "mcp"
      ],
      "adapterCapableTransports": [
        "cli",
        "directApi",
        "editor",
        "mcp"
      ],
      "adapterEvidence": {
        "cli": "lib/src/tooling/jsonl_worker.dart",
        "directApi": "lib/src/api/local_map_authoring_mutation_api.dart",
        "editor": "../map_editor/lib/src/application/authoring_api/authoring_mutation_adapter.dart",
        "mcp": "../../tools/pokemap_mcp/src/authoring_client.ts"
      },
      "contractTestPath": "test/domains/gameplay/campaign_content_authoring_test.dart",
      "endToEndVerifiedTransports": [
        "cli",
        "directApi",
        "editor",
        "mcp"
      ],
      "endToEndEvidence": {
        "cli": "test/parity/full_authoring_parity_test.dart",
        "directApi": "test/parity/full_authoring_parity_test.dart",
        "editor": "../map_editor/test/authoring_api/editor_mutation_parity_test.dart",
        "mcp": "../../tools/pokemap_mcp/test/mutation_server.test.ts"
      },
      "transportExecutionReceipts": {}
    },
    {
      "actionId": "campaign.encounter_table.upsert",
      "declaredTransports": [
        "cli",
        "directApi",
        "editor",
        "mcp"
      ],
      "adapterCapableTransports": [
        "cli",
        "directApi",
        "editor",
        "mcp"
      ],
      "adapterEvidence": {
        "cli": "lib/src/tooling/jsonl_worker.dart",
        "directApi": "lib/src/api/local_map_authoring_mutation_api.dart",
        "editor": "../map_editor/lib/src/application/authoring_api/authoring_mutation_adapter.dart",
        "mcp": "../../tools/pokemap_mcp/src/authoring_client.ts"
      },
      "contractTestPath": "test/domains/gameplay/campaign_content_authoring_test.dart",
      "endToEndVerifiedTransports": [
        "cli",
        "directApi",
        "editor",
        "mcp"
      ],
      "endToEndEvidence": {
        "cli": "test/parity/full_authoring_parity_test.dart",
        "directApi": "test/parity/full_authoring_parity_test.dart",
        "editor": "../map_editor/test/authoring_api/editor_mutation_parity_test.dart",
        "mcp": "../../tools/pokemap_mcp/test/mutation_server.test.ts"
      },
      "transportExecutionReceipts": {}
    },
    {
      "actionId": "campaign.new_game.update",
      "declaredTransports": [
        "cli",
        "directApi",
        "editor",
        "mcp"
      ],
      "adapterCapableTransports": [
        "cli",
        "directApi",
        "editor",
        "mcp"
      ],
      "adapterEvidence": {
        "cli": "lib/src/tooling/jsonl_worker.dart",
        "directApi": "lib/src/api/local_map_authoring_mutation_api.dart",
        "editor": "../map_editor/lib/src/application/authoring_api/authoring_mutation_adapter.dart",
        "mcp": "../../tools/pokemap_mcp/src/authoring_client.ts"
      },
      "contractTestPath": "test/domains/gameplay/campaign_content_authoring_test.dart",
      "endToEndVerifiedTransports": [],
      "endToEndEvidence": {},
      "transportExecutionReceipts": {}
    },
    {
      "actionId": "campaign.shop.delete",
      "declaredTransports": [
        "cli",
        "directApi",
        "editor",
        "mcp"
      ],
      "adapterCapableTransports": [
        "cli",
        "directApi",
        "editor",
        "mcp"
      ],
      "adapterEvidence": {
        "cli": "lib/src/tooling/jsonl_worker.dart",
        "directApi": "lib/src/api/local_map_authoring_mutation_api.dart",
        "editor": "../map_editor/lib/src/application/authoring_api/authoring_mutation_adapter.dart",
        "mcp": "../../tools/pokemap_mcp/src/authoring_client.ts"
      },
      "contractTestPath": "test/domains/gameplay/campaign_content_authoring_test.dart",
      "endToEndVerifiedTransports": [],
      "endToEndEvidence": {},
      "transportExecutionReceipts": {}
    },
    {
      "actionId": "campaign.shop.upsert",
      "declaredTransports": [
        "cli",
        "directApi",
        "editor",
        "mcp"
      ],
      "adapterCapableTransports": [
        "cli",
        "directApi",
        "editor",
        "mcp"
      ],
      "adapterEvidence": {
        "cli": "lib/src/tooling/jsonl_worker.dart",
        "directApi": "lib/src/api/local_map_authoring_mutation_api.dart",
        "editor": "../map_editor/lib/src/application/authoring_api/authoring_mutation_adapter.dart",
        "mcp": "../../tools/pokemap_mcp/src/authoring_client.ts"
      },
      "contractTestPath": "test/domains/gameplay/campaign_content_authoring_test.dart",
      "endToEndVerifiedTransports": [],
      "endToEndEvidence": {},
      "transportExecutionReceipts": {}
    },
    {
      "actionId": "campaign.trainer.delete",
      "declaredTransports": [
        "cli",
        "directApi",
        "editor",
        "mcp"
      ],
      "adapterCapableTransports": [
        "cli",
        "directApi",
        "editor",
        "mcp"
      ],
      "adapterEvidence": {
        "cli": "lib/src/tooling/jsonl_worker.dart",
        "directApi": "lib/src/api/local_map_authoring_mutation_api.dart",
        "editor": "../map_editor/lib/src/application/authoring_api/authoring_mutation_adapter.dart",
        "mcp": "../../tools/pokemap_mcp/src/authoring_client.ts"
      },
      "contractTestPath": "test/domains/gameplay/campaign_content_authoring_test.dart",
      "endToEndVerifiedTransports": [],
      "endToEndEvidence": {},
      "transportExecutionReceipts": {}
    },
    {
      "actionId": "campaign.trainer.upsert",
      "declaredTransports": [
        "cli",
        "directApi",
        "editor",
        "mcp"
      ],
      "adapterCapableTransports": [
        "cli",
        "directApi",
        "editor",
        "mcp"
      ],
      "adapterEvidence": {
        "cli": "lib/src/tooling/jsonl_worker.dart",
        "directApi": "lib/src/api/local_map_authoring_mutation_api.dart",
        "editor": "../map_editor/lib/src/application/authoring_api/authoring_mutation_adapter.dart",
        "mcp": "../../tools/pokemap_mcp/src/authoring_client.ts"
      },
      "contractTestPath": "test/domains/gameplay/campaign_content_authoring_test.dart",
      "endToEndVerifiedTransports": [],
      "endToEndEvidence": {},
      "transportExecutionReceipts": {}
    },
    {
      "actionId": "characterStudio.animationClip.delete",
      "declaredTransports": [
        "cli",
        "directApi",
        "editor",
        "mcp"
      ],
      "adapterCapableTransports": [
        "cli",
        "directApi",
        "editor",
        "mcp"
      ],
      "adapterEvidence": {
        "cli": "lib/src/tooling/jsonl_worker.dart",
        "directApi": "lib/src/api/local_map_authoring_mutation_api.dart",
        "editor": "../map_editor/lib/src/application/authoring_api/authoring_mutation_adapter.dart",
        "mcp": "../../tools/pokemap_mcp/src/authoring_client.ts"
      },
      "contractTestPath": "test/domains/gameplay/character_studio_animation_clip_actions_test.dart",
      "endToEndVerifiedTransports": [
        "cli",
        "directApi",
        "editor",
        "mcp"
      ],
      "endToEndEvidence": {
        "cli": "test/parity/character_studio_full_parity_test.dart",
        "directApi": "test/parity/character_studio_full_parity_test.dart",
        "editor": "../map_editor/test/features/character_studio/character_studio_authoring_adapter_test.dart",
        "mcp": "../../tools/pokemap_mcp/test/mutation_server.test.ts"
      },
      "transportExecutionReceipts": {}
    },
    {
      "actionId": "characterStudio.animationClip.upsert",
      "declaredTransports": [
        "cli",
        "directApi",
        "editor",
        "mcp"
      ],
      "adapterCapableTransports": [
        "cli",
        "directApi",
        "editor",
        "mcp"
      ],
      "adapterEvidence": {
        "cli": "lib/src/tooling/jsonl_worker.dart",
        "directApi": "lib/src/api/local_map_authoring_mutation_api.dart",
        "editor": "../map_editor/lib/src/application/authoring_api/authoring_mutation_adapter.dart",
        "mcp": "../../tools/pokemap_mcp/src/authoring_client.ts"
      },
      "contractTestPath": "test/domains/gameplay/character_studio_animation_clip_actions_test.dart",
      "endToEndVerifiedTransports": [
        "cli",
        "directApi",
        "editor",
        "mcp"
      ],
      "endToEndEvidence": {
        "cli": "test/parity/character_studio_full_parity_test.dart",
        "directApi": "test/parity/character_studio_full_parity_test.dart",
        "editor": "../map_editor/test/features/character_studio/character_studio_authoring_adapter_test.dart",
        "mcp": "../../tools/pokemap_mcp/test/mutation_server.test.ts"
      },
      "transportExecutionReceipts": {}
    },
    {
      "actionId": "characterStudio.animationDefinition.create",
      "declaredTransports": [
        "cli",
        "directApi",
        "editor",
        "mcp"
      ],
      "adapterCapableTransports": [
        "cli",
        "directApi",
        "editor",
        "mcp"
      ],
      "adapterEvidence": {
        "cli": "lib/src/tooling/jsonl_worker.dart",
        "directApi": "lib/src/api/local_map_authoring_mutation_api.dart",
        "editor": "../map_editor/lib/src/application/authoring_api/authoring_mutation_adapter.dart",
        "mcp": "../../tools/pokemap_mcp/src/authoring_client.ts"
      },
      "contractTestPath": "test/domains/gameplay/character_studio_animation_definition_actions_test.dart",
      "endToEndVerifiedTransports": [
        "cli",
        "directApi",
        "editor",
        "mcp"
      ],
      "endToEndEvidence": {
        "cli": "test/parity/character_studio_full_parity_test.dart",
        "directApi": "test/parity/character_studio_full_parity_test.dart",
        "editor": "../map_editor/test/features/character_studio/character_studio_authoring_adapter_test.dart",
        "mcp": "../../tools/pokemap_mcp/test/mutation_server.test.ts"
      },
      "transportExecutionReceipts": {}
    },
    {
      "actionId": "characterStudio.animationDefinition.delete",
      "declaredTransports": [
        "cli",
        "directApi",
        "editor",
        "mcp"
      ],
      "adapterCapableTransports": [
        "cli",
        "directApi",
        "editor",
        "mcp"
      ],
      "adapterEvidence": {
        "cli": "lib/src/tooling/jsonl_worker.dart",
        "directApi": "lib/src/api/local_map_authoring_mutation_api.dart",
        "editor": "../map_editor/lib/src/application/authoring_api/authoring_mutation_adapter.dart",
        "mcp": "../../tools/pokemap_mcp/src/authoring_client.ts"
      },
      "contractTestPath": "test/domains/gameplay/character_studio_animation_definition_actions_test.dart",
      "endToEndVerifiedTransports": [
        "cli",
        "directApi",
        "editor",
        "mcp"
      ],
      "endToEndEvidence": {
        "cli": "test/parity/character_studio_full_parity_test.dart",
        "directApi": "test/parity/character_studio_full_parity_test.dart",
        "editor": "../map_editor/test/features/character_studio/character_studio_authoring_adapter_test.dart",
        "mcp": "../../tools/pokemap_mcp/test/mutation_server.test.ts"
      },
      "transportExecutionReceipts": {}
    },
    {
      "actionId": "characterStudio.animationDefinition.deletePlan",
      "declaredTransports": [
        "cli",
        "directApi",
        "editor",
        "mcp"
      ],
      "adapterCapableTransports": [
        "cli",
        "directApi",
        "editor",
        "mcp"
      ],
      "adapterEvidence": {
        "cli": "lib/src/tooling/jsonl_worker.dart",
        "directApi": "lib/src/api/local_map_authoring_mutation_api.dart",
        "editor": "../map_editor/lib/src/application/authoring_api/authoring_mutation_adapter.dart",
        "mcp": "../../tools/pokemap_mcp/src/authoring_client.ts"
      },
      "contractTestPath": "test/domains/gameplay/character_studio_animation_definition_actions_test.dart",
      "endToEndVerifiedTransports": [
        "cli",
        "directApi",
        "editor",
        "mcp"
      ],
      "endToEndEvidence": {
        "cli": "test/parity/character_studio_full_parity_test.dart",
        "directApi": "test/parity/character_studio_full_parity_test.dart",
        "editor": "../map_editor/test/features/character_studio/character_studio_authoring_adapter_test.dart",
        "mcp": "../../tools/pokemap_mcp/test/mutation_server.test.ts"
      },
      "transportExecutionReceipts": {}
    },
    {
      "actionId": "characterStudio.animationDefinition.reorder",
      "declaredTransports": [
        "cli",
        "directApi",
        "editor",
        "mcp"
      ],
      "adapterCapableTransports": [
        "cli",
        "directApi",
        "editor",
        "mcp"
      ],
      "adapterEvidence": {
        "cli": "lib/src/tooling/jsonl_worker.dart",
        "directApi": "lib/src/api/local_map_authoring_mutation_api.dart",
        "editor": "../map_editor/lib/src/application/authoring_api/authoring_mutation_adapter.dart",
        "mcp": "../../tools/pokemap_mcp/src/authoring_client.ts"
      },
      "contractTestPath": "test/domains/gameplay/character_studio_animation_definition_actions_test.dart",
      "endToEndVerifiedTransports": [
        "cli",
        "directApi",
        "editor",
        "mcp"
      ],
      "endToEndEvidence": {
        "cli": "test/parity/character_studio_full_parity_test.dart",
        "directApi": "test/parity/character_studio_full_parity_test.dart",
        "editor": "../map_editor/test/features/character_studio/character_studio_authoring_adapter_test.dart",
        "mcp": "../../tools/pokemap_mcp/test/mutation_server.test.ts"
      },
      "transportExecutionReceipts": {}
    },
    {
      "actionId": "characterStudio.animationDefinition.update",
      "declaredTransports": [
        "cli",
        "directApi",
        "editor",
        "mcp"
      ],
      "adapterCapableTransports": [
        "cli",
        "directApi",
        "editor",
        "mcp"
      ],
      "adapterEvidence": {
        "cli": "lib/src/tooling/jsonl_worker.dart",
        "directApi": "lib/src/api/local_map_authoring_mutation_api.dart",
        "editor": "../map_editor/lib/src/application/authoring_api/authoring_mutation_adapter.dart",
        "mcp": "../../tools/pokemap_mcp/src/authoring_client.ts"
      },
      "contractTestPath": "test/domains/gameplay/character_studio_animation_definition_actions_test.dart",
      "endToEndVerifiedTransports": [
        "cli",
        "directApi",
        "editor",
        "mcp"
      ],
      "endToEndEvidence": {
        "cli": "test/parity/character_studio_full_parity_test.dart",
        "directApi": "test/parity/character_studio_full_parity_test.dart",
        "editor": "../map_editor/test/features/character_studio/character_studio_authoring_adapter_test.dart",
        "mcp": "../../tools/pokemap_mcp/test/mutation_server.test.ts"
      },
      "transportExecutionReceipts": {}
    },
    {
      "actionId": "characterStudio.animationFrame.delete",
      "declaredTransports": [
        "cli",
        "directApi",
        "editor",
        "mcp"
      ],
      "adapterCapableTransports": [
        "cli",
        "directApi",
        "editor",
        "mcp"
      ],
      "adapterEvidence": {
        "cli": "lib/src/tooling/jsonl_worker.dart",
        "directApi": "lib/src/api/local_map_authoring_mutation_api.dart",
        "editor": "../map_editor/lib/src/application/authoring_api/authoring_mutation_adapter.dart",
        "mcp": "../../tools/pokemap_mcp/src/authoring_client.ts"
      },
      "contractTestPath": "test/domains/gameplay/character_studio_animation_clip_actions_test.dart",
      "endToEndVerifiedTransports": [
        "cli",
        "directApi",
        "editor",
        "mcp"
      ],
      "endToEndEvidence": {
        "cli": "test/parity/character_studio_full_parity_test.dart",
        "directApi": "test/parity/character_studio_full_parity_test.dart",
        "editor": "../map_editor/test/features/character_studio/character_studio_authoring_adapter_test.dart",
        "mcp": "../../tools/pokemap_mcp/test/mutation_server.test.ts"
      },
      "transportExecutionReceipts": {}
    },
    {
      "actionId": "characterStudio.animationFrame.insert",
      "declaredTransports": [
        "cli",
        "directApi",
        "editor",
        "mcp"
      ],
      "adapterCapableTransports": [
        "cli",
        "directApi",
        "editor",
        "mcp"
      ],
      "adapterEvidence": {
        "cli": "lib/src/tooling/jsonl_worker.dart",
        "directApi": "lib/src/api/local_map_authoring_mutation_api.dart",
        "editor": "../map_editor/lib/src/application/authoring_api/authoring_mutation_adapter.dart",
        "mcp": "../../tools/pokemap_mcp/src/authoring_client.ts"
      },
      "contractTestPath": "test/domains/gameplay/character_studio_animation_clip_actions_test.dart",
      "endToEndVerifiedTransports": [
        "cli",
        "directApi",
        "editor",
        "mcp"
      ],
      "endToEndEvidence": {
        "cli": "test/parity/character_studio_full_parity_test.dart",
        "directApi": "test/parity/character_studio_full_parity_test.dart",
        "editor": "../map_editor/test/features/character_studio/character_studio_authoring_adapter_test.dart",
        "mcp": "../../tools/pokemap_mcp/test/mutation_server.test.ts"
      },
      "transportExecutionReceipts": {}
    },
    {
      "actionId": "characterStudio.animationFrame.reorder",
      "declaredTransports": [
        "cli",
        "directApi",
        "editor",
        "mcp"
      ],
      "adapterCapableTransports": [
        "cli",
        "directApi",
        "editor",
        "mcp"
      ],
      "adapterEvidence": {
        "cli": "lib/src/tooling/jsonl_worker.dart",
        "directApi": "lib/src/api/local_map_authoring_mutation_api.dart",
        "editor": "../map_editor/lib/src/application/authoring_api/authoring_mutation_adapter.dart",
        "mcp": "../../tools/pokemap_mcp/src/authoring_client.ts"
      },
      "contractTestPath": "test/domains/gameplay/character_studio_animation_clip_actions_test.dart",
      "endToEndVerifiedTransports": [
        "cli",
        "directApi",
        "editor",
        "mcp"
      ],
      "endToEndEvidence": {
        "cli": "test/parity/character_studio_full_parity_test.dart",
        "directApi": "test/parity/character_studio_full_parity_test.dart",
        "editor": "../map_editor/test/features/character_studio/character_studio_authoring_adapter_test.dart",
        "mcp": "../../tools/pokemap_mcp/test/mutation_server.test.ts"
      },
      "transportExecutionReceipts": {}
    },
    {
      "actionId": "characterStudio.animationFrame.update",
      "declaredTransports": [
        "cli",
        "directApi",
        "editor",
        "mcp"
      ],
      "adapterCapableTransports": [
        "cli",
        "directApi",
        "editor",
        "mcp"
      ],
      "adapterEvidence": {
        "cli": "lib/src/tooling/jsonl_worker.dart",
        "directApi": "lib/src/api/local_map_authoring_mutation_api.dart",
        "editor": "../map_editor/lib/src/application/authoring_api/authoring_mutation_adapter.dart",
        "mcp": "../../tools/pokemap_mcp/src/authoring_client.ts"
      },
      "contractTestPath": "test/domains/gameplay/character_studio_animation_clip_actions_test.dart",
      "endToEndVerifiedTransports": [
        "cli",
        "directApi",
        "editor",
        "mcp"
      ],
      "endToEndEvidence": {
        "cli": "test/parity/character_studio_full_parity_test.dart",
        "directApi": "test/parity/character_studio_full_parity_test.dart",
        "editor": "../map_editor/test/features/character_studio/character_studio_authoring_adapter_test.dart",
        "mcp": "../../tools/pokemap_mcp/test/mutation_server.test.ts"
      },
      "transportExecutionReceipts": {}
    },
    {
      "actionId": "characterStudio.asset.import",
      "declaredTransports": [
        "cli",
        "directApi",
        "editor",
        "mcp"
      ],
      "adapterCapableTransports": [
        "cli",
        "directApi",
        "editor",
        "mcp"
      ],
      "adapterEvidence": {
        "cli": "lib/src/tooling/jsonl_worker.dart",
        "directApi": "lib/src/api/local_map_authoring_mutation_api.dart",
        "editor": "../map_editor/lib/src/application/authoring_api/authoring_mutation_adapter.dart",
        "mcp": "../../tools/pokemap_mcp/src/authoring_client.ts"
      },
      "contractTestPath": "test/domains/assets/character_studio_asset_actions_test.dart",
      "endToEndVerifiedTransports": [
        "cli",
        "directApi",
        "editor",
        "mcp"
      ],
      "endToEndEvidence": {
        "cli": "test/parity/character_studio_full_parity_test.dart",
        "directApi": "test/parity/character_studio_full_parity_test.dart",
        "editor": "../map_editor/test/features/character_studio/character_studio_authoring_adapter_test.dart",
        "mcp": "../../tools/pokemap_mcp/test/mutation_server.test.ts"
      },
      "transportExecutionReceipts": {}
    },
    {
      "actionId": "characterStudio.asset.replace",
      "declaredTransports": [
        "cli",
        "directApi",
        "editor",
        "mcp"
      ],
      "adapterCapableTransports": [
        "cli",
        "directApi",
        "editor",
        "mcp"
      ],
      "adapterEvidence": {
        "cli": "lib/src/tooling/jsonl_worker.dart",
        "directApi": "lib/src/api/local_map_authoring_mutation_api.dart",
        "editor": "../map_editor/lib/src/application/authoring_api/authoring_mutation_adapter.dart",
        "mcp": "../../tools/pokemap_mcp/src/authoring_client.ts"
      },
      "contractTestPath": "test/domains/assets/character_studio_asset_actions_test.dart",
      "endToEndVerifiedTransports": [
        "cli",
        "directApi",
        "editor",
        "mcp"
      ],
      "endToEndEvidence": {
        "cli": "test/parity/character_studio_full_parity_test.dart",
        "directApi": "test/parity/character_studio_full_parity_test.dart",
        "editor": "../map_editor/test/features/character_studio/character_studio_authoring_adapter_test.dart",
        "mcp": "../../tools/pokemap_mcp/test/mutation_server.test.ts"
      },
      "transportExecutionReceipts": {}
    },
    {
      "actionId": "characterStudio.character.create",
      "declaredTransports": [
        "cli",
        "directApi",
        "editor",
        "mcp"
      ],
      "adapterCapableTransports": [
        "cli",
        "directApi",
        "editor",
        "mcp"
      ],
      "adapterEvidence": {
        "cli": "lib/src/tooling/jsonl_worker.dart",
        "directApi": "lib/src/api/local_map_authoring_mutation_api.dart",
        "editor": "../map_editor/lib/src/application/authoring_api/authoring_mutation_adapter.dart",
        "mcp": "../../tools/pokemap_mcp/src/authoring_client.ts"
      },
      "contractTestPath": "test/domains/gameplay/character_studio_character_actions_test.dart",
      "endToEndVerifiedTransports": [
        "cli",
        "directApi",
        "editor",
        "mcp"
      ],
      "endToEndEvidence": {
        "cli": "test/parity/character_studio_full_parity_test.dart",
        "directApi": "test/parity/character_studio_full_parity_test.dart",
        "editor": "../map_editor/test/features/character_studio/character_studio_authoring_adapter_test.dart",
        "mcp": "../../tools/pokemap_mcp/test/mutation_server.test.ts"
      },
      "transportExecutionReceipts": {}
    },
    {
      "actionId": "characterStudio.character.delete",
      "declaredTransports": [
        "cli",
        "directApi",
        "editor",
        "mcp"
      ],
      "adapterCapableTransports": [
        "cli",
        "directApi",
        "editor",
        "mcp"
      ],
      "adapterEvidence": {
        "cli": "lib/src/tooling/jsonl_worker.dart",
        "directApi": "lib/src/api/local_map_authoring_mutation_api.dart",
        "editor": "../map_editor/lib/src/application/authoring_api/authoring_mutation_adapter.dart",
        "mcp": "../../tools/pokemap_mcp/src/authoring_client.ts"
      },
      "contractTestPath": "test/domains/gameplay/character_studio_character_actions_test.dart",
      "endToEndVerifiedTransports": [
        "cli",
        "directApi",
        "editor",
        "mcp"
      ],
      "endToEndEvidence": {
        "cli": "test/parity/character_studio_full_parity_test.dart",
        "directApi": "test/parity/character_studio_full_parity_test.dart",
        "editor": "../map_editor/test/features/character_studio/character_studio_authoring_adapter_test.dart",
        "mcp": "../../tools/pokemap_mcp/test/mutation_server.test.ts"
      },
      "transportExecutionReceipts": {}
    },
    {
      "actionId": "characterStudio.character.deletePlan",
      "declaredTransports": [
        "cli",
        "directApi",
        "editor",
        "mcp"
      ],
      "adapterCapableTransports": [
        "cli",
        "directApi",
        "editor",
        "mcp"
      ],
      "adapterEvidence": {
        "cli": "lib/src/tooling/jsonl_worker.dart",
        "directApi": "lib/src/api/local_map_authoring_mutation_api.dart",
        "editor": "../map_editor/lib/src/application/authoring_api/authoring_mutation_adapter.dart",
        "mcp": "../../tools/pokemap_mcp/src/authoring_client.ts"
      },
      "contractTestPath": "test/domains/gameplay/character_studio_character_actions_test.dart",
      "endToEndVerifiedTransports": [
        "cli",
        "directApi",
        "editor",
        "mcp"
      ],
      "endToEndEvidence": {
        "cli": "test/parity/character_studio_full_parity_test.dart",
        "directApi": "test/parity/character_studio_full_parity_test.dart",
        "editor": "../map_editor/test/features/character_studio/character_studio_authoring_adapter_test.dart",
        "mcp": "../../tools/pokemap_mcp/test/mutation_server.test.ts"
      },
      "transportExecutionReceipts": {}
    },
    {
      "actionId": "characterStudio.character.portrait.assign",
      "declaredTransports": [
        "cli",
        "directApi",
        "editor",
        "mcp"
      ],
      "adapterCapableTransports": [
        "cli",
        "directApi",
        "editor",
        "mcp"
      ],
      "adapterEvidence": {
        "cli": "lib/src/tooling/jsonl_worker.dart",
        "directApi": "lib/src/api/local_map_authoring_mutation_api.dart",
        "editor": "../map_editor/lib/src/application/authoring_api/authoring_mutation_adapter.dart",
        "mcp": "../../tools/pokemap_mcp/src/authoring_client.ts"
      },
      "contractTestPath": "test/domains/gameplay/character_studio_character_actions_test.dart",
      "endToEndVerifiedTransports": [
        "cli",
        "directApi",
        "editor",
        "mcp"
      ],
      "endToEndEvidence": {
        "cli": "test/parity/character_studio_full_parity_test.dart",
        "directApi": "test/parity/character_studio_full_parity_test.dart",
        "editor": "../map_editor/test/features/character_studio/character_studio_authoring_adapter_test.dart",
        "mcp": "../../tools/pokemap_mcp/test/mutation_server.test.ts"
      },
      "transportExecutionReceipts": {}
    },
    {
      "actionId": "characterStudio.character.portrait.clear",
      "declaredTransports": [
        "cli",
        "directApi",
        "editor",
        "mcp"
      ],
      "adapterCapableTransports": [
        "cli",
        "directApi",
        "editor",
        "mcp"
      ],
      "adapterEvidence": {
        "cli": "lib/src/tooling/jsonl_worker.dart",
        "directApi": "lib/src/api/local_map_authoring_mutation_api.dart",
        "editor": "../map_editor/lib/src/application/authoring_api/authoring_mutation_adapter.dart",
        "mcp": "../../tools/pokemap_mcp/src/authoring_client.ts"
      },
      "contractTestPath": "test/domains/gameplay/character_studio_character_actions_test.dart",
      "endToEndVerifiedTransports": [
        "cli",
        "directApi",
        "editor",
        "mcp"
      ],
      "endToEndEvidence": {
        "cli": "test/parity/character_studio_full_parity_test.dart",
        "directApi": "test/parity/character_studio_full_parity_test.dart",
        "editor": "../map_editor/test/features/character_studio/character_studio_authoring_adapter_test.dart",
        "mcp": "../../tools/pokemap_mcp/test/mutation_server.test.ts"
      },
      "transportExecutionReceipts": {}
    },
    {
      "actionId": "characterStudio.character.setDefault",
      "declaredTransports": [
        "cli",
        "directApi",
        "editor",
        "mcp"
      ],
      "adapterCapableTransports": [
        "cli",
        "directApi",
        "editor",
        "mcp"
      ],
      "adapterEvidence": {
        "cli": "lib/src/tooling/jsonl_worker.dart",
        "directApi": "lib/src/api/local_map_authoring_mutation_api.dart",
        "editor": "../map_editor/lib/src/application/authoring_api/authoring_mutation_adapter.dart",
        "mcp": "../../tools/pokemap_mcp/src/authoring_client.ts"
      },
      "contractTestPath": "test/domains/gameplay/character_studio_character_actions_test.dart",
      "endToEndVerifiedTransports": [
        "cli",
        "directApi",
        "editor",
        "mcp"
      ],
      "endToEndEvidence": {
        "cli": "test/parity/character_studio_full_parity_test.dart",
        "directApi": "test/parity/character_studio_full_parity_test.dart",
        "editor": "../map_editor/test/features/character_studio/character_studio_authoring_adapter_test.dart",
        "mcp": "../../tools/pokemap_mcp/test/mutation_server.test.ts"
      },
      "transportExecutionReceipts": {}
    },
    {
      "actionId": "characterStudio.character.update",
      "declaredTransports": [
        "cli",
        "directApi",
        "editor",
        "mcp"
      ],
      "adapterCapableTransports": [
        "cli",
        "directApi",
        "editor",
        "mcp"
      ],
      "adapterEvidence": {
        "cli": "lib/src/tooling/jsonl_worker.dart",
        "directApi": "lib/src/api/local_map_authoring_mutation_api.dart",
        "editor": "../map_editor/lib/src/application/authoring_api/authoring_mutation_adapter.dart",
        "mcp": "../../tools/pokemap_mcp/src/authoring_client.ts"
      },
      "contractTestPath": "test/domains/gameplay/character_studio_character_actions_test.dart",
      "endToEndVerifiedTransports": [
        "cli",
        "directApi",
        "editor",
        "mcp"
      ],
      "endToEndEvidence": {
        "cli": "test/parity/character_studio_full_parity_test.dart",
        "directApi": "test/parity/character_studio_full_parity_test.dart",
        "editor": "../map_editor/test/features/character_studio/character_studio_authoring_adapter_test.dart",
        "mcp": "../../tools/pokemap_mcp/test/mutation_server.test.ts"
      },
      "transportExecutionReceipts": {}
    },
    {
      "actionId": "characterStudio.portraitState.create",
      "declaredTransports": [
        "cli",
        "directApi",
        "editor",
        "mcp"
      ],
      "adapterCapableTransports": [
        "cli",
        "directApi",
        "editor",
        "mcp"
      ],
      "adapterEvidence": {
        "cli": "lib/src/tooling/jsonl_worker.dart",
        "directApi": "lib/src/api/local_map_authoring_mutation_api.dart",
        "editor": "../map_editor/lib/src/application/authoring_api/authoring_mutation_adapter.dart",
        "mcp": "../../tools/pokemap_mcp/src/authoring_client.ts"
      },
      "contractTestPath": "test/domains/gameplay/character_studio_portrait_state_actions_test.dart",
      "endToEndVerifiedTransports": [
        "cli",
        "directApi",
        "editor",
        "mcp"
      ],
      "endToEndEvidence": {
        "cli": "test/parity/character_studio_full_parity_test.dart",
        "directApi": "test/parity/character_studio_full_parity_test.dart",
        "editor": "../map_editor/test/features/character_studio/character_studio_authoring_adapter_test.dart",
        "mcp": "../../tools/pokemap_mcp/test/mutation_server.test.ts"
      },
      "transportExecutionReceipts": {}
    },
    {
      "actionId": "characterStudio.portraitState.delete",
      "declaredTransports": [
        "cli",
        "directApi",
        "editor",
        "mcp"
      ],
      "adapterCapableTransports": [
        "cli",
        "directApi",
        "editor",
        "mcp"
      ],
      "adapterEvidence": {
        "cli": "lib/src/tooling/jsonl_worker.dart",
        "directApi": "lib/src/api/local_map_authoring_mutation_api.dart",
        "editor": "../map_editor/lib/src/application/authoring_api/authoring_mutation_adapter.dart",
        "mcp": "../../tools/pokemap_mcp/src/authoring_client.ts"
      },
      "contractTestPath": "test/domains/gameplay/character_studio_portrait_state_actions_test.dart",
      "endToEndVerifiedTransports": [
        "cli",
        "directApi",
        "editor",
        "mcp"
      ],
      "endToEndEvidence": {
        "cli": "test/parity/character_studio_full_parity_test.dart",
        "directApi": "test/parity/character_studio_full_parity_test.dart",
        "editor": "../map_editor/test/features/character_studio/character_studio_authoring_adapter_test.dart",
        "mcp": "../../tools/pokemap_mcp/test/mutation_server.test.ts"
      },
      "transportExecutionReceipts": {}
    },
    {
      "actionId": "characterStudio.portraitState.deletePlan",
      "declaredTransports": [
        "cli",
        "directApi",
        "editor",
        "mcp"
      ],
      "adapterCapableTransports": [
        "cli",
        "directApi",
        "editor",
        "mcp"
      ],
      "adapterEvidence": {
        "cli": "lib/src/tooling/jsonl_worker.dart",
        "directApi": "lib/src/api/local_map_authoring_mutation_api.dart",
        "editor": "../map_editor/lib/src/application/authoring_api/authoring_mutation_adapter.dart",
        "mcp": "../../tools/pokemap_mcp/src/authoring_client.ts"
      },
      "contractTestPath": "test/domains/gameplay/character_studio_portrait_state_actions_test.dart",
      "endToEndVerifiedTransports": [
        "cli",
        "directApi",
        "editor",
        "mcp"
      ],
      "endToEndEvidence": {
        "cli": "test/parity/character_studio_full_parity_test.dart",
        "directApi": "test/parity/character_studio_full_parity_test.dart",
        "editor": "../map_editor/test/features/character_studio/character_studio_authoring_adapter_test.dart",
        "mcp": "../../tools/pokemap_mcp/test/mutation_server.test.ts"
      },
      "transportExecutionReceipts": {}
    },
    {
      "actionId": "characterStudio.portraitState.reorder",
      "declaredTransports": [
        "cli",
        "directApi",
        "editor",
        "mcp"
      ],
      "adapterCapableTransports": [
        "cli",
        "directApi",
        "editor",
        "mcp"
      ],
      "adapterEvidence": {
        "cli": "lib/src/tooling/jsonl_worker.dart",
        "directApi": "lib/src/api/local_map_authoring_mutation_api.dart",
        "editor": "../map_editor/lib/src/application/authoring_api/authoring_mutation_adapter.dart",
        "mcp": "../../tools/pokemap_mcp/src/authoring_client.ts"
      },
      "contractTestPath": "test/domains/gameplay/character_studio_portrait_state_actions_test.dart",
      "endToEndVerifiedTransports": [
        "cli",
        "directApi",
        "editor",
        "mcp"
      ],
      "endToEndEvidence": {
        "cli": "test/parity/character_studio_full_parity_test.dart",
        "directApi": "test/parity/character_studio_full_parity_test.dart",
        "editor": "../map_editor/test/features/character_studio/character_studio_authoring_adapter_test.dart",
        "mcp": "../../tools/pokemap_mcp/test/mutation_server.test.ts"
      },
      "transportExecutionReceipts": {}
    },
    {
      "actionId": "characterStudio.portraitState.update",
      "declaredTransports": [
        "cli",
        "directApi",
        "editor",
        "mcp"
      ],
      "adapterCapableTransports": [
        "cli",
        "directApi",
        "editor",
        "mcp"
      ],
      "adapterEvidence": {
        "cli": "lib/src/tooling/jsonl_worker.dart",
        "directApi": "lib/src/api/local_map_authoring_mutation_api.dart",
        "editor": "../map_editor/lib/src/application/authoring_api/authoring_mutation_adapter.dart",
        "mcp": "../../tools/pokemap_mcp/src/authoring_client.ts"
      },
      "contractTestPath": "test/domains/gameplay/character_studio_portrait_state_actions_test.dart",
      "endToEndVerifiedTransports": [
        "cli",
        "directApi",
        "editor",
        "mcp"
      ],
      "endToEndEvidence": {
        "cli": "test/parity/character_studio_full_parity_test.dart",
        "directApi": "test/parity/character_studio_full_parity_test.dart",
        "editor": "../map_editor/test/features/character_studio/character_studio_authoring_adapter_test.dart",
        "mcp": "../../tools/pokemap_mcp/test/mutation_server.test.ts"
      },
      "transportExecutionReceipts": {}
    },
    {
      "actionId": "cinematic.character_animation.upsert",
      "declaredTransports": [
        "cli",
        "directApi",
        "editor",
        "mcp"
      ],
      "adapterCapableTransports": [
        "cli",
        "directApi",
        "editor",
        "mcp"
      ],
      "adapterEvidence": {
        "cli": "lib/src/tooling/jsonl_worker.dart",
        "directApi": "lib/src/api/local_map_authoring_mutation_api.dart",
        "editor": "../map_editor/lib/src/application/authoring_api/authoring_mutation_adapter.dart",
        "mcp": "../../tools/pokemap_mcp/src/authoring_client.ts"
      },
      "contractTestPath": "test/domains/narrative/cinematic_authoring_gate_test.dart",
      "endToEndVerifiedTransports": [],
      "endToEndEvidence": {},
      "transportExecutionReceipts": {}
    },
    {
      "actionId": "cinematic.delete",
      "declaredTransports": [
        "cli",
        "directApi",
        "editor",
        "mcp"
      ],
      "adapterCapableTransports": [
        "cli",
        "directApi",
        "editor",
        "mcp"
      ],
      "adapterEvidence": {
        "cli": "lib/src/tooling/jsonl_worker.dart",
        "directApi": "lib/src/api/local_map_authoring_mutation_api.dart",
        "editor": "../map_editor/lib/src/application/authoring_api/authoring_mutation_adapter.dart",
        "mcp": "../../tools/pokemap_mcp/src/authoring_client.ts"
      },
      "contractTestPath": "test/domains/narrative/cinematic_authoring_gate_test.dart",
      "endToEndVerifiedTransports": [],
      "endToEndEvidence": {},
      "transportExecutionReceipts": {}
    },
    {
      "actionId": "cinematic.timeline_delete",
      "declaredTransports": [
        "cli",
        "directApi",
        "editor",
        "mcp"
      ],
      "adapterCapableTransports": [
        "cli",
        "directApi",
        "editor",
        "mcp"
      ],
      "adapterEvidence": {
        "cli": "lib/src/tooling/jsonl_worker.dart",
        "directApi": "lib/src/api/local_map_authoring_mutation_api.dart",
        "editor": "../map_editor/lib/src/application/authoring_api/authoring_mutation_adapter.dart",
        "mcp": "../../tools/pokemap_mcp/src/authoring_client.ts"
      },
      "contractTestPath": "test/domains/narrative/cinematic_authoring_gate_test.dart",
      "endToEndVerifiedTransports": [],
      "endToEndEvidence": {},
      "transportExecutionReceipts": {}
    },
    {
      "actionId": "cinematic.timeline_duplicate",
      "declaredTransports": [
        "cli",
        "directApi",
        "editor",
        "mcp"
      ],
      "adapterCapableTransports": [
        "cli",
        "directApi",
        "editor",
        "mcp"
      ],
      "adapterEvidence": {
        "cli": "lib/src/tooling/jsonl_worker.dart",
        "directApi": "lib/src/api/local_map_authoring_mutation_api.dart",
        "editor": "../map_editor/lib/src/application/authoring_api/authoring_mutation_adapter.dart",
        "mcp": "../../tools/pokemap_mcp/src/authoring_client.ts"
      },
      "contractTestPath": "test/domains/narrative/cinematic_authoring_gate_test.dart",
      "endToEndVerifiedTransports": [],
      "endToEndEvidence": {},
      "transportExecutionReceipts": {}
    },
    {
      "actionId": "cinematic.timeline_move",
      "declaredTransports": [
        "cli",
        "directApi",
        "editor",
        "mcp"
      ],
      "adapterCapableTransports": [
        "cli",
        "directApi",
        "editor",
        "mcp"
      ],
      "adapterEvidence": {
        "cli": "lib/src/tooling/jsonl_worker.dart",
        "directApi": "lib/src/api/local_map_authoring_mutation_api.dart",
        "editor": "../map_editor/lib/src/application/authoring_api/authoring_mutation_adapter.dart",
        "mcp": "../../tools/pokemap_mcp/src/authoring_client.ts"
      },
      "contractTestPath": "test/domains/narrative/cinematic_authoring_gate_test.dart",
      "endToEndVerifiedTransports": [],
      "endToEndEvidence": {},
      "transportExecutionReceipts": {}
    },
    {
      "actionId": "cinematic.timeline_paste",
      "declaredTransports": [
        "cli",
        "directApi",
        "editor",
        "mcp"
      ],
      "adapterCapableTransports": [
        "cli",
        "directApi",
        "editor",
        "mcp"
      ],
      "adapterEvidence": {
        "cli": "lib/src/tooling/jsonl_worker.dart",
        "directApi": "lib/src/api/local_map_authoring_mutation_api.dart",
        "editor": "../map_editor/lib/src/application/authoring_api/authoring_mutation_adapter.dart",
        "mcp": "../../tools/pokemap_mcp/src/authoring_client.ts"
      },
      "contractTestPath": "test/domains/narrative/cinematic_authoring_gate_test.dart",
      "endToEndVerifiedTransports": [],
      "endToEndEvidence": {},
      "transportExecutionReceipts": {}
    },
    {
      "actionId": "cinematic.upsert",
      "declaredTransports": [
        "cli",
        "directApi",
        "editor",
        "mcp"
      ],
      "adapterCapableTransports": [
        "cli",
        "directApi",
        "editor",
        "mcp"
      ],
      "adapterEvidence": {
        "cli": "lib/src/tooling/jsonl_worker.dart",
        "directApi": "lib/src/api/local_map_authoring_mutation_api.dart",
        "editor": "../map_editor/lib/src/application/authoring_api/authoring_mutation_adapter.dart",
        "mcp": "../../tools/pokemap_mcp/src/authoring_client.ts"
      },
      "contractTestPath": "test/domains/narrative/cinematic_authoring_gate_test.dart",
      "endToEndVerifiedTransports": [],
      "endToEndEvidence": {},
      "transportExecutionReceipts": {}
    },
    {
      "actionId": "cinematicLibraryAsset.create",
      "declaredTransports": [
        "cli",
        "directApi",
        "editor",
        "mcp"
      ],
      "adapterCapableTransports": [
        "cli",
        "directApi",
        "editor",
        "mcp"
      ],
      "adapterEvidence": {
        "cli": "lib/src/tooling/jsonl_worker.dart",
        "directApi": "lib/src/api/local_map_authoring_mutation_api.dart",
        "editor": "../map_editor/lib/src/application/authoring_api/authoring_mutation_adapter.dart",
        "mcp": "../../tools/pokemap_mcp/src/authoring_client.ts"
      },
      "contractTestPath": "test/domains/narrative/cinematic_library_authoring_test.dart",
      "endToEndVerifiedTransports": [
        "cli",
        "directApi",
        "editor",
        "mcp"
      ],
      "endToEndEvidence": {
        "cli": "test/tooling/jsonl_cinematic_library_flow_test.dart",
        "directApi": "test/domains/narrative/cinematic_library_authoring_test.dart",
        "editor": "../map_editor/test/authoring_api/editor_mutation_parity_test.dart",
        "mcp": "../../tools/pokemap_mcp/test/mutation_server.test.ts"
      },
      "transportExecutionReceipts": {}
    },
    {
      "actionId": "cinematicLibraryAsset.delete",
      "declaredTransports": [
        "cli",
        "directApi",
        "editor",
        "mcp"
      ],
      "adapterCapableTransports": [
        "cli",
        "directApi",
        "editor",
        "mcp"
      ],
      "adapterEvidence": {
        "cli": "lib/src/tooling/jsonl_worker.dart",
        "directApi": "lib/src/api/local_map_authoring_mutation_api.dart",
        "editor": "../map_editor/lib/src/application/authoring_api/authoring_mutation_adapter.dart",
        "mcp": "../../tools/pokemap_mcp/src/authoring_client.ts"
      },
      "contractTestPath": "test/domains/narrative/cinematic_library_authoring_test.dart",
      "endToEndVerifiedTransports": [
        "cli",
        "directApi",
        "editor",
        "mcp"
      ],
      "endToEndEvidence": {
        "cli": "test/tooling/jsonl_cinematic_library_flow_test.dart",
        "directApi": "test/domains/narrative/cinematic_library_authoring_test.dart",
        "editor": "../map_editor/test/authoring_api/editor_mutation_parity_test.dart",
        "mcp": "../../tools/pokemap_mcp/test/mutation_server.test.ts"
      },
      "transportExecutionReceipts": {}
    },
    {
      "actionId": "cinematicLibraryAsset.duplicate",
      "declaredTransports": [
        "cli",
        "directApi",
        "editor",
        "mcp"
      ],
      "adapterCapableTransports": [
        "cli",
        "directApi",
        "editor",
        "mcp"
      ],
      "adapterEvidence": {
        "cli": "lib/src/tooling/jsonl_worker.dart",
        "directApi": "lib/src/api/local_map_authoring_mutation_api.dart",
        "editor": "../map_editor/lib/src/application/authoring_api/authoring_mutation_adapter.dart",
        "mcp": "../../tools/pokemap_mcp/src/authoring_client.ts"
      },
      "contractTestPath": "test/domains/narrative/cinematic_library_authoring_test.dart",
      "endToEndVerifiedTransports": [
        "cli",
        "directApi",
        "editor",
        "mcp"
      ],
      "endToEndEvidence": {
        "cli": "test/tooling/jsonl_cinematic_library_flow_test.dart",
        "directApi": "test/domains/narrative/cinematic_library_authoring_test.dart",
        "editor": "../map_editor/test/authoring_api/editor_mutation_parity_test.dart",
        "mcp": "../../tools/pokemap_mcp/test/mutation_server.test.ts"
      },
      "transportExecutionReceipts": {}
    },
    {
      "actionId": "cinematicLibraryEntry.place",
      "declaredTransports": [
        "cli",
        "directApi",
        "editor",
        "mcp"
      ],
      "adapterCapableTransports": [
        "cli",
        "directApi",
        "editor",
        "mcp"
      ],
      "adapterEvidence": {
        "cli": "lib/src/tooling/jsonl_worker.dart",
        "directApi": "lib/src/api/local_map_authoring_mutation_api.dart",
        "editor": "../map_editor/lib/src/application/authoring_api/authoring_mutation_adapter.dart",
        "mcp": "../../tools/pokemap_mcp/src/authoring_client.ts"
      },
      "contractTestPath": "test/domains/narrative/cinematic_library_authoring_test.dart",
      "endToEndVerifiedTransports": [
        "cli",
        "directApi",
        "editor",
        "mcp"
      ],
      "endToEndEvidence": {
        "cli": "test/tooling/jsonl_cinematic_library_flow_test.dart",
        "directApi": "test/domains/narrative/cinematic_library_authoring_test.dart",
        "editor": "../map_editor/test/authoring_api/editor_mutation_parity_test.dart",
        "mcp": "../../tools/pokemap_mcp/test/mutation_server.test.ts"
      },
      "transportExecutionReceipts": {}
    },
    {
      "actionId": "cinematicLibraryEntry.remove",
      "declaredTransports": [
        "cli",
        "directApi",
        "editor",
        "mcp"
      ],
      "adapterCapableTransports": [
        "cli",
        "directApi",
        "editor",
        "mcp"
      ],
      "adapterEvidence": {
        "cli": "lib/src/tooling/jsonl_worker.dart",
        "directApi": "lib/src/api/local_map_authoring_mutation_api.dart",
        "editor": "../map_editor/lib/src/application/authoring_api/authoring_mutation_adapter.dart",
        "mcp": "../../tools/pokemap_mcp/src/authoring_client.ts"
      },
      "contractTestPath": "test/domains/narrative/cinematic_library_authoring_test.dart",
      "endToEndVerifiedTransports": [
        "cli",
        "directApi",
        "editor",
        "mcp"
      ],
      "endToEndEvidence": {
        "cli": "test/tooling/jsonl_cinematic_library_flow_test.dart",
        "directApi": "test/domains/narrative/cinematic_library_authoring_test.dart",
        "editor": "../map_editor/test/authoring_api/editor_mutation_parity_test.dart",
        "mcp": "../../tools/pokemap_mcp/test/mutation_server.test.ts"
      },
      "transportExecutionReceipts": {}
    },
    {
      "actionId": "cinematicLibraryEntry.reorder",
      "declaredTransports": [
        "cli",
        "directApi",
        "editor",
        "mcp"
      ],
      "adapterCapableTransports": [
        "cli",
        "directApi",
        "editor",
        "mcp"
      ],
      "adapterEvidence": {
        "cli": "lib/src/tooling/jsonl_worker.dart",
        "directApi": "lib/src/api/local_map_authoring_mutation_api.dart",
        "editor": "../map_editor/lib/src/application/authoring_api/authoring_mutation_adapter.dart",
        "mcp": "../../tools/pokemap_mcp/src/authoring_client.ts"
      },
      "contractTestPath": "test/domains/narrative/cinematic_library_authoring_test.dart",
      "endToEndVerifiedTransports": [
        "cli",
        "directApi",
        "editor",
        "mcp"
      ],
      "endToEndEvidence": {
        "cli": "test/tooling/jsonl_cinematic_library_flow_test.dart",
        "directApi": "test/domains/narrative/cinematic_library_authoring_test.dart",
        "editor": "../map_editor/test/authoring_api/editor_mutation_parity_test.dart",
        "mcp": "../../tools/pokemap_mcp/test/mutation_server.test.ts"
      },
      "transportExecutionReceipts": {}
    },
    {
      "actionId": "cinematicLibraryEntry.setArchived",
      "declaredTransports": [
        "cli",
        "directApi",
        "editor",
        "mcp"
      ],
      "adapterCapableTransports": [
        "cli",
        "directApi",
        "editor",
        "mcp"
      ],
      "adapterEvidence": {
        "cli": "lib/src/tooling/jsonl_worker.dart",
        "directApi": "lib/src/api/local_map_authoring_mutation_api.dart",
        "editor": "../map_editor/lib/src/application/authoring_api/authoring_mutation_adapter.dart",
        "mcp": "../../tools/pokemap_mcp/src/authoring_client.ts"
      },
      "contractTestPath": "test/domains/narrative/cinematic_library_authoring_test.dart",
      "endToEndVerifiedTransports": [
        "cli",
        "directApi",
        "editor",
        "mcp"
      ],
      "endToEndEvidence": {
        "cli": "test/tooling/jsonl_cinematic_library_flow_test.dart",
        "directApi": "test/domains/narrative/cinematic_library_authoring_test.dart",
        "editor": "../map_editor/test/authoring_api/editor_mutation_parity_test.dart",
        "mcp": "../../tools/pokemap_mcp/test/mutation_server.test.ts"
      },
      "transportExecutionReceipts": {}
    },
    {
      "actionId": "cinematicLibraryFolder.create",
      "declaredTransports": [
        "cli",
        "directApi",
        "editor",
        "mcp"
      ],
      "adapterCapableTransports": [
        "cli",
        "directApi",
        "editor",
        "mcp"
      ],
      "adapterEvidence": {
        "cli": "lib/src/tooling/jsonl_worker.dart",
        "directApi": "lib/src/api/local_map_authoring_mutation_api.dart",
        "editor": "../map_editor/lib/src/application/authoring_api/authoring_mutation_adapter.dart",
        "mcp": "../../tools/pokemap_mcp/src/authoring_client.ts"
      },
      "contractTestPath": "test/domains/narrative/cinematic_library_authoring_test.dart",
      "endToEndVerifiedTransports": [
        "cli",
        "directApi",
        "editor",
        "mcp"
      ],
      "endToEndEvidence": {
        "cli": "test/tooling/jsonl_cinematic_library_flow_test.dart",
        "directApi": "test/domains/narrative/cinematic_library_authoring_test.dart",
        "editor": "../map_editor/test/authoring_api/editor_mutation_parity_test.dart",
        "mcp": "../../tools/pokemap_mcp/test/mutation_server.test.ts"
      },
      "transportExecutionReceipts": {}
    },
    {
      "actionId": "cinematicLibraryFolder.delete",
      "declaredTransports": [
        "cli",
        "directApi",
        "editor",
        "mcp"
      ],
      "adapterCapableTransports": [
        "cli",
        "directApi",
        "editor",
        "mcp"
      ],
      "adapterEvidence": {
        "cli": "lib/src/tooling/jsonl_worker.dart",
        "directApi": "lib/src/api/local_map_authoring_mutation_api.dart",
        "editor": "../map_editor/lib/src/application/authoring_api/authoring_mutation_adapter.dart",
        "mcp": "../../tools/pokemap_mcp/src/authoring_client.ts"
      },
      "contractTestPath": "test/domains/narrative/cinematic_library_authoring_test.dart",
      "endToEndVerifiedTransports": [
        "cli",
        "directApi",
        "editor",
        "mcp"
      ],
      "endToEndEvidence": {
        "cli": "test/tooling/jsonl_cinematic_library_flow_test.dart",
        "directApi": "test/domains/narrative/cinematic_library_authoring_test.dart",
        "editor": "../map_editor/test/authoring_api/editor_mutation_parity_test.dart",
        "mcp": "../../tools/pokemap_mcp/test/mutation_server.test.ts"
      },
      "transportExecutionReceipts": {}
    },
    {
      "actionId": "cinematicLibraryFolder.move",
      "declaredTransports": [
        "cli",
        "directApi",
        "editor",
        "mcp"
      ],
      "adapterCapableTransports": [
        "cli",
        "directApi",
        "editor",
        "mcp"
      ],
      "adapterEvidence": {
        "cli": "lib/src/tooling/jsonl_worker.dart",
        "directApi": "lib/src/api/local_map_authoring_mutation_api.dart",
        "editor": "../map_editor/lib/src/application/authoring_api/authoring_mutation_adapter.dart",
        "mcp": "../../tools/pokemap_mcp/src/authoring_client.ts"
      },
      "contractTestPath": "test/domains/narrative/cinematic_library_authoring_test.dart",
      "endToEndVerifiedTransports": [
        "cli",
        "directApi",
        "editor",
        "mcp"
      ],
      "endToEndEvidence": {
        "cli": "test/tooling/jsonl_cinematic_library_flow_test.dart",
        "directApi": "test/domains/narrative/cinematic_library_authoring_test.dart",
        "editor": "../map_editor/test/authoring_api/editor_mutation_parity_test.dart",
        "mcp": "../../tools/pokemap_mcp/test/mutation_server.test.ts"
      },
      "transportExecutionReceipts": {}
    },
    {
      "actionId": "cinematicLibraryFolder.rename",
      "declaredTransports": [
        "cli",
        "directApi",
        "editor",
        "mcp"
      ],
      "adapterCapableTransports": [
        "cli",
        "directApi",
        "editor",
        "mcp"
      ],
      "adapterEvidence": {
        "cli": "lib/src/tooling/jsonl_worker.dart",
        "directApi": "lib/src/api/local_map_authoring_mutation_api.dart",
        "editor": "../map_editor/lib/src/application/authoring_api/authoring_mutation_adapter.dart",
        "mcp": "../../tools/pokemap_mcp/src/authoring_client.ts"
      },
      "contractTestPath": "test/domains/narrative/cinematic_library_authoring_test.dart",
      "endToEndVerifiedTransports": [
        "cli",
        "directApi",
        "editor",
        "mcp"
      ],
      "endToEndEvidence": {
        "cli": "test/tooling/jsonl_cinematic_library_flow_test.dart",
        "directApi": "test/domains/narrative/cinematic_library_authoring_test.dart",
        "editor": "../map_editor/test/authoring_api/editor_mutation_parity_test.dart",
        "mcp": "../../tools/pokemap_mcp/test/mutation_server.test.ts"
      },
      "transportExecutionReceipts": {}
    },
    {
      "actionId": "cinematicLibraryFolder.reorder",
      "declaredTransports": [
        "cli",
        "directApi",
        "editor",
        "mcp"
      ],
      "adapterCapableTransports": [
        "cli",
        "directApi",
        "editor",
        "mcp"
      ],
      "adapterEvidence": {
        "cli": "lib/src/tooling/jsonl_worker.dart",
        "directApi": "lib/src/api/local_map_authoring_mutation_api.dart",
        "editor": "../map_editor/lib/src/application/authoring_api/authoring_mutation_adapter.dart",
        "mcp": "../../tools/pokemap_mcp/src/authoring_client.ts"
      },
      "contractTestPath": "test/domains/narrative/cinematic_library_authoring_test.dart",
      "endToEndVerifiedTransports": [
        "cli",
        "directApi",
        "editor",
        "mcp"
      ],
      "endToEndEvidence": {
        "cli": "test/tooling/jsonl_cinematic_library_flow_test.dart",
        "directApi": "test/domains/narrative/cinematic_library_authoring_test.dart",
        "editor": "../map_editor/test/authoring_api/editor_mutation_parity_test.dart",
        "mcp": "../../tools/pokemap_mcp/test/mutation_server.test.ts"
      },
      "transportExecutionReceipts": {}
    },
    {
      "actionId": "cinematicLibraryFolder.setArchived",
      "declaredTransports": [
        "cli",
        "directApi",
        "editor",
        "mcp"
      ],
      "adapterCapableTransports": [
        "cli",
        "directApi",
        "editor",
        "mcp"
      ],
      "adapterEvidence": {
        "cli": "lib/src/tooling/jsonl_worker.dart",
        "directApi": "lib/src/api/local_map_authoring_mutation_api.dart",
        "editor": "../map_editor/lib/src/application/authoring_api/authoring_mutation_adapter.dart",
        "mcp": "../../tools/pokemap_mcp/src/authoring_client.ts"
      },
      "contractTestPath": "test/domains/narrative/cinematic_library_authoring_test.dart",
      "endToEndVerifiedTransports": [
        "cli",
        "directApi",
        "editor",
        "mcp"
      ],
      "endToEndEvidence": {
        "cli": "test/tooling/jsonl_cinematic_library_flow_test.dart",
        "directApi": "test/domains/narrative/cinematic_library_authoring_test.dart",
        "editor": "../map_editor/test/authoring_api/editor_mutation_parity_test.dart",
        "mcp": "../../tools/pokemap_mcp/test/mutation_server.test.ts"
      },
      "transportExecutionReceipts": {}
    },
    {
      "actionId": "collision_layer.clear",
      "declaredTransports": [
        "cli",
        "directApi",
        "editor",
        "mcp"
      ],
      "adapterCapableTransports": [
        "cli",
        "directApi",
        "editor",
        "mcp"
      ],
      "adapterEvidence": {
        "cli": "lib/src/tooling/jsonl_worker.dart",
        "directApi": "lib/src/api/local_map_authoring_mutation_api.dart",
        "editor": "../map_editor/lib/src/application/authoring_api/authoring_mutation_adapter.dart",
        "mcp": "../../tools/pokemap_mcp/src/authoring_client.ts"
      },
      "contractTestPath": "test/domains/maps/effective_collision_test.dart",
      "endToEndVerifiedTransports": [],
      "endToEndEvidence": {},
      "transportExecutionReceipts": {}
    },
    {
      "actionId": "collision_layer.erase",
      "declaredTransports": [
        "cli",
        "directApi",
        "editor",
        "mcp"
      ],
      "adapterCapableTransports": [
        "cli",
        "directApi",
        "editor",
        "mcp"
      ],
      "adapterEvidence": {
        "cli": "lib/src/tooling/jsonl_worker.dart",
        "directApi": "lib/src/api/local_map_authoring_mutation_api.dart",
        "editor": "../map_editor/lib/src/application/authoring_api/authoring_mutation_adapter.dart",
        "mcp": "../../tools/pokemap_mcp/src/authoring_client.ts"
      },
      "contractTestPath": "test/domains/maps/effective_collision_test.dart",
      "endToEndVerifiedTransports": [],
      "endToEndEvidence": {},
      "transportExecutionReceipts": {}
    },
    {
      "actionId": "collision_layer.fill",
      "declaredTransports": [
        "cli",
        "directApi",
        "editor",
        "mcp"
      ],
      "adapterCapableTransports": [
        "cli",
        "directApi",
        "editor",
        "mcp"
      ],
      "adapterEvidence": {
        "cli": "lib/src/tooling/jsonl_worker.dart",
        "directApi": "lib/src/api/local_map_authoring_mutation_api.dart",
        "editor": "../map_editor/lib/src/application/authoring_api/authoring_mutation_adapter.dart",
        "mcp": "../../tools/pokemap_mcp/src/authoring_client.ts"
      },
      "contractTestPath": "test/domains/maps/effective_collision_test.dart",
      "endToEndVerifiedTransports": [],
      "endToEndEvidence": {},
      "transportExecutionReceipts": {}
    },
    {
      "actionId": "collision_layer.generate_from_elements_apply",
      "declaredTransports": [
        "cli",
        "directApi",
        "editor",
        "mcp"
      ],
      "adapterCapableTransports": [
        "cli",
        "directApi",
        "editor",
        "mcp"
      ],
      "adapterEvidence": {
        "cli": "lib/src/tooling/jsonl_worker.dart",
        "directApi": "lib/src/api/local_map_authoring_mutation_api.dart",
        "editor": "../map_editor/lib/src/application/authoring_api/authoring_mutation_adapter.dart",
        "mcp": "../../tools/pokemap_mcp/src/authoring_client.ts"
      },
      "contractTestPath": "test/domains/maps/effective_collision_test.dart",
      "endToEndVerifiedTransports": [],
      "endToEndEvidence": {},
      "transportExecutionReceipts": {}
    },
    {
      "actionId": "collision_layer.invert",
      "declaredTransports": [
        "cli",
        "directApi",
        "editor",
        "mcp"
      ],
      "adapterCapableTransports": [
        "cli",
        "directApi",
        "editor",
        "mcp"
      ],
      "adapterEvidence": {
        "cli": "lib/src/tooling/jsonl_worker.dart",
        "directApi": "lib/src/api/local_map_authoring_mutation_api.dart",
        "editor": "../map_editor/lib/src/application/authoring_api/authoring_mutation_adapter.dart",
        "mcp": "../../tools/pokemap_mcp/src/authoring_client.ts"
      },
      "contractTestPath": "test/domains/maps/effective_collision_test.dart",
      "endToEndVerifiedTransports": [],
      "endToEndEvidence": {},
      "transportExecutionReceipts": {}
    },
    {
      "actionId": "collision_layer.merge_apply",
      "declaredTransports": [
        "cli",
        "directApi",
        "editor",
        "mcp"
      ],
      "adapterCapableTransports": [
        "cli",
        "directApi",
        "editor",
        "mcp"
      ],
      "adapterEvidence": {
        "cli": "lib/src/tooling/jsonl_worker.dart",
        "directApi": "lib/src/api/local_map_authoring_mutation_api.dart",
        "editor": "../map_editor/lib/src/application/authoring_api/authoring_mutation_adapter.dart",
        "mcp": "../../tools/pokemap_mcp/src/authoring_client.ts"
      },
      "contractTestPath": "test/domains/maps/effective_collision_test.dart",
      "endToEndVerifiedTransports": [],
      "endToEndEvidence": {},
      "transportExecutionReceipts": {}
    },
    {
      "actionId": "collision_layer.paint",
      "declaredTransports": [
        "cli",
        "directApi",
        "editor",
        "mcp"
      ],
      "adapterCapableTransports": [
        "cli",
        "directApi",
        "editor",
        "mcp"
      ],
      "adapterEvidence": {
        "cli": "lib/src/tooling/jsonl_worker.dart",
        "directApi": "lib/src/api/local_map_authoring_mutation_api.dart",
        "editor": "../map_editor/lib/src/application/authoring_api/authoring_mutation_adapter.dart",
        "mcp": "../../tools/pokemap_mcp/src/authoring_client.ts"
      },
      "contractTestPath": "test/domains/maps/effective_collision_test.dart",
      "endToEndVerifiedTransports": [],
      "endToEndEvidence": {},
      "transportExecutionReceipts": {}
    },
    {
      "actionId": "collision_layer.replace_region",
      "declaredTransports": [
        "cli",
        "directApi",
        "editor",
        "mcp"
      ],
      "adapterCapableTransports": [
        "cli",
        "directApi",
        "editor",
        "mcp"
      ],
      "adapterEvidence": {
        "cli": "lib/src/tooling/jsonl_worker.dart",
        "directApi": "lib/src/api/local_map_authoring_mutation_api.dart",
        "editor": "../map_editor/lib/src/application/authoring_api/authoring_mutation_adapter.dart",
        "mcp": "../../tools/pokemap_mcp/src/authoring_client.ts"
      },
      "contractTestPath": "test/domains/maps/effective_collision_test.dart",
      "endToEndVerifiedTransports": [],
      "endToEndEvidence": {},
      "transportExecutionReceipts": {}
    },
    {
      "actionId": "connection.create_bidirectional_apply",
      "declaredTransports": [
        "cli",
        "directApi",
        "editor",
        "mcp"
      ],
      "adapterCapableTransports": [
        "cli",
        "directApi",
        "editor",
        "mcp"
      ],
      "adapterEvidence": {
        "cli": "lib/src/tooling/jsonl_worker.dart",
        "directApi": "lib/src/api/local_map_authoring_mutation_api.dart",
        "editor": "../map_editor/lib/src/application/authoring_api/authoring_mutation_adapter.dart",
        "mcp": "../../tools/pokemap_mcp/src/authoring_client.ts"
      },
      "contractTestPath": "test/domains/maps/warp_connection_transaction_test.dart",
      "endToEndVerifiedTransports": [],
      "endToEndEvidence": {},
      "transportExecutionReceipts": {}
    },
    {
      "actionId": "connection.delete",
      "declaredTransports": [
        "cli",
        "directApi",
        "editor",
        "mcp"
      ],
      "adapterCapableTransports": [
        "cli",
        "directApi",
        "editor",
        "mcp"
      ],
      "adapterEvidence": {
        "cli": "lib/src/tooling/jsonl_worker.dart",
        "directApi": "lib/src/api/local_map_authoring_mutation_api.dart",
        "editor": "../map_editor/lib/src/application/authoring_api/authoring_mutation_adapter.dart",
        "mcp": "../../tools/pokemap_mcp/src/authoring_client.ts"
      },
      "contractTestPath": "test/domains/maps/warp_connection_transaction_test.dart",
      "endToEndVerifiedTransports": [],
      "endToEndEvidence": {},
      "transportExecutionReceipts": {}
    },
    {
      "actionId": "connection.delete_bidirectional_apply",
      "declaredTransports": [
        "cli",
        "directApi",
        "editor",
        "mcp"
      ],
      "adapterCapableTransports": [
        "cli",
        "directApi",
        "editor",
        "mcp"
      ],
      "adapterEvidence": {
        "cli": "lib/src/tooling/jsonl_worker.dart",
        "directApi": "lib/src/api/local_map_authoring_mutation_api.dart",
        "editor": "../map_editor/lib/src/application/authoring_api/authoring_mutation_adapter.dart",
        "mcp": "../../tools/pokemap_mcp/src/authoring_client.ts"
      },
      "contractTestPath": "test/domains/maps/warp_connection_transaction_test.dart",
      "endToEndVerifiedTransports": [],
      "endToEndEvidence": {},
      "transportExecutionReceipts": {}
    },
    {
      "actionId": "connection.update_bidirectional_apply",
      "declaredTransports": [
        "cli",
        "directApi",
        "editor",
        "mcp"
      ],
      "adapterCapableTransports": [
        "cli",
        "directApi",
        "editor",
        "mcp"
      ],
      "adapterEvidence": {
        "cli": "lib/src/tooling/jsonl_worker.dart",
        "directApi": "lib/src/api/local_map_authoring_mutation_api.dart",
        "editor": "../map_editor/lib/src/application/authoring_api/authoring_mutation_adapter.dart",
        "mcp": "../../tools/pokemap_mcp/src/authoring_client.ts"
      },
      "contractTestPath": "test/domains/maps/warp_connection_transaction_test.dart",
      "endToEndVerifiedTransports": [],
      "endToEndEvidence": {},
      "transportExecutionReceipts": {}
    },
    {
      "actionId": "connection.upsert",
      "declaredTransports": [
        "cli",
        "directApi",
        "editor",
        "mcp"
      ],
      "adapterCapableTransports": [
        "cli",
        "directApi",
        "editor",
        "mcp"
      ],
      "adapterEvidence": {
        "cli": "lib/src/tooling/jsonl_worker.dart",
        "directApi": "lib/src/api/local_map_authoring_mutation_api.dart",
        "editor": "../map_editor/lib/src/application/authoring_api/authoring_mutation_adapter.dart",
        "mcp": "../../tools/pokemap_mcp/src/authoring_client.ts"
      },
      "contractTestPath": "test/domains/maps/warp_connection_transaction_test.dart",
      "endToEndVerifiedTransports": [],
      "endToEndEvidence": {},
      "transportExecutionReceipts": {}
    },
    {
      "actionId": "dialogue.create",
      "declaredTransports": [
        "cli",
        "directApi",
        "editor",
        "mcp"
      ],
      "adapterCapableTransports": [
        "cli",
        "directApi",
        "editor",
        "mcp"
      ],
      "adapterEvidence": {
        "cli": "lib/src/tooling/jsonl_worker.dart",
        "directApi": "lib/src/api/local_map_authoring_mutation_api.dart",
        "editor": "../map_editor/lib/src/application/authoring_api/authoring_mutation_adapter.dart",
        "mcp": "../../tools/pokemap_mcp/src/authoring_client.ts"
      },
      "contractTestPath": "test/domains/narrative/dialogue_script_authoring_test.dart",
      "endToEndVerifiedTransports": [],
      "endToEndEvidence": {},
      "transportExecutionReceipts": {}
    },
    {
      "actionId": "dialogue.delete",
      "declaredTransports": [
        "cli",
        "directApi",
        "editor",
        "mcp"
      ],
      "adapterCapableTransports": [
        "cli",
        "directApi",
        "editor",
        "mcp"
      ],
      "adapterEvidence": {
        "cli": "lib/src/tooling/jsonl_worker.dart",
        "directApi": "lib/src/api/local_map_authoring_mutation_api.dart",
        "editor": "../map_editor/lib/src/application/authoring_api/authoring_mutation_adapter.dart",
        "mcp": "../../tools/pokemap_mcp/src/authoring_client.ts"
      },
      "contractTestPath": "test/domains/narrative/dialogue_script_authoring_test.dart",
      "endToEndVerifiedTransports": [],
      "endToEndEvidence": {},
      "transportExecutionReceipts": {}
    },
    {
      "actionId": "dialogue.migrate_legacy",
      "declaredTransports": [
        "cli",
        "directApi",
        "editor",
        "mcp"
      ],
      "adapterCapableTransports": [
        "cli",
        "directApi",
        "editor",
        "mcp"
      ],
      "adapterEvidence": {
        "cli": "lib/src/tooling/jsonl_worker.dart",
        "directApi": "lib/src/api/local_map_authoring_mutation_api.dart",
        "editor": "../map_editor/lib/src/application/authoring_api/authoring_mutation_adapter.dart",
        "mcp": "../../tools/pokemap_mcp/src/authoring_client.ts"
      },
      "contractTestPath": "test/domains/narrative/dialogue_script_authoring_test.dart",
      "endToEndVerifiedTransports": [],
      "endToEndEvidence": {},
      "transportExecutionReceipts": {}
    },
    {
      "actionId": "dialogue.source_update",
      "declaredTransports": [
        "cli",
        "directApi",
        "editor",
        "mcp"
      ],
      "adapterCapableTransports": [
        "cli",
        "directApi",
        "editor",
        "mcp"
      ],
      "adapterEvidence": {
        "cli": "lib/src/tooling/jsonl_worker.dart",
        "directApi": "lib/src/api/local_map_authoring_mutation_api.dart",
        "editor": "../map_editor/lib/src/application/authoring_api/authoring_mutation_adapter.dart",
        "mcp": "../../tools/pokemap_mcp/src/authoring_client.ts"
      },
      "contractTestPath": "test/domains/narrative/dialogue_script_authoring_test.dart",
      "endToEndVerifiedTransports": [],
      "endToEndEvidence": {},
      "transportExecutionReceipts": {}
    },
    {
      "actionId": "dialogue.update",
      "declaredTransports": [
        "cli",
        "directApi",
        "editor",
        "mcp"
      ],
      "adapterCapableTransports": [
        "cli",
        "directApi",
        "editor",
        "mcp"
      ],
      "adapterEvidence": {
        "cli": "lib/src/tooling/jsonl_worker.dart",
        "directApi": "lib/src/api/local_map_authoring_mutation_api.dart",
        "editor": "../map_editor/lib/src/application/authoring_api/authoring_mutation_adapter.dart",
        "mcp": "../../tools/pokemap_mcp/src/authoring_client.ts"
      },
      "contractTestPath": "test/domains/narrative/dialogue_script_authoring_test.dart",
      "endToEndVerifiedTransports": [],
      "endToEndEvidence": {},
      "transportExecutionReceipts": {}
    },
    {
      "actionId": "element.batch_upsert",
      "declaredTransports": [
        "cli",
        "directApi",
        "editor",
        "mcp"
      ],
      "adapterCapableTransports": [
        "cli",
        "directApi",
        "editor",
        "mcp"
      ],
      "adapterEvidence": {
        "cli": "lib/src/tooling/jsonl_worker.dart",
        "directApi": "lib/src/api/local_map_authoring_mutation_api.dart",
        "editor": "../map_editor/lib/src/application/authoring_api/authoring_mutation_adapter.dart",
        "mcp": "../../tools/pokemap_mcp/src/authoring_client.ts"
      },
      "contractTestPath": "test/domains/assets/visual_library_contract_test.dart",
      "endToEndVerifiedTransports": [],
      "endToEndEvidence": {},
      "transportExecutionReceipts": {}
    },
    {
      "actionId": "element.delete",
      "declaredTransports": [
        "cli",
        "directApi",
        "editor",
        "mcp"
      ],
      "adapterCapableTransports": [
        "cli",
        "directApi",
        "editor",
        "mcp"
      ],
      "adapterEvidence": {
        "cli": "lib/src/tooling/jsonl_worker.dart",
        "directApi": "lib/src/api/local_map_authoring_mutation_api.dart",
        "editor": "../map_editor/lib/src/application/authoring_api/authoring_mutation_adapter.dart",
        "mcp": "../../tools/pokemap_mcp/src/authoring_client.ts"
      },
      "contractTestPath": "test/domains/assets/visual_library_contract_test.dart",
      "endToEndVerifiedTransports": [],
      "endToEndEvidence": {},
      "transportExecutionReceipts": {}
    },
    {
      "actionId": "element.upsert",
      "declaredTransports": [
        "cli",
        "directApi",
        "editor",
        "mcp"
      ],
      "adapterCapableTransports": [
        "cli",
        "directApi",
        "editor",
        "mcp"
      ],
      "adapterEvidence": {
        "cli": "lib/src/tooling/jsonl_worker.dart",
        "directApi": "lib/src/api/local_map_authoring_mutation_api.dart",
        "editor": "../map_editor/lib/src/application/authoring_api/authoring_mutation_adapter.dart",
        "mcp": "../../tools/pokemap_mcp/src/authoring_client.ts"
      },
      "contractTestPath": "test/domains/assets/visual_library_contract_test.dart",
      "endToEndVerifiedTransports": [],
      "endToEndEvidence": {},
      "transportExecutionReceipts": {}
    },
    {
      "actionId": "element_category.delete",
      "declaredTransports": [
        "cli",
        "directApi",
        "editor",
        "mcp"
      ],
      "adapterCapableTransports": [
        "cli",
        "directApi",
        "editor",
        "mcp"
      ],
      "adapterEvidence": {
        "cli": "lib/src/tooling/jsonl_worker.dart",
        "directApi": "lib/src/api/local_map_authoring_mutation_api.dart",
        "editor": "../map_editor/lib/src/application/authoring_api/authoring_mutation_adapter.dart",
        "mcp": "../../tools/pokemap_mcp/src/authoring_client.ts"
      },
      "contractTestPath": "test/domains/assets/visual_library_contract_test.dart",
      "endToEndVerifiedTransports": [],
      "endToEndEvidence": {},
      "transportExecutionReceipts": {}
    },
    {
      "actionId": "element_category.upsert",
      "declaredTransports": [
        "cli",
        "directApi",
        "editor",
        "mcp"
      ],
      "adapterCapableTransports": [
        "cli",
        "directApi",
        "editor",
        "mcp"
      ],
      "adapterEvidence": {
        "cli": "lib/src/tooling/jsonl_worker.dart",
        "directApi": "lib/src/api/local_map_authoring_mutation_api.dart",
        "editor": "../map_editor/lib/src/application/authoring_api/authoring_mutation_adapter.dart",
        "mcp": "../../tools/pokemap_mcp/src/authoring_client.ts"
      },
      "contractTestPath": "test/domains/assets/visual_library_contract_test.dart",
      "endToEndVerifiedTransports": [],
      "endToEndEvidence": {},
      "transportExecutionReceipts": {}
    },
    {
      "actionId": "entity.batch_move",
      "declaredTransports": [
        "cli",
        "directApi",
        "editor",
        "mcp"
      ],
      "adapterCapableTransports": [
        "cli",
        "directApi",
        "editor",
        "mcp"
      ],
      "adapterEvidence": {
        "cli": "lib/src/tooling/jsonl_worker.dart",
        "directApi": "lib/src/api/local_map_authoring_mutation_api.dart",
        "editor": "../map_editor/lib/src/application/authoring_api/authoring_mutation_adapter.dart",
        "mcp": "../../tools/pokemap_mcp/src/authoring_client.ts"
      },
      "contractTestPath": "test/domains/maps/spatial_object_contract_test.dart",
      "endToEndVerifiedTransports": [],
      "endToEndEvidence": {},
      "transportExecutionReceipts": {}
    },
    {
      "actionId": "entity.clear_payload",
      "declaredTransports": [
        "cli",
        "directApi",
        "editor",
        "mcp"
      ],
      "adapterCapableTransports": [
        "cli",
        "directApi",
        "editor",
        "mcp"
      ],
      "adapterEvidence": {
        "cli": "lib/src/tooling/jsonl_worker.dart",
        "directApi": "lib/src/api/local_map_authoring_mutation_api.dart",
        "editor": "../map_editor/lib/src/application/authoring_api/authoring_mutation_adapter.dart",
        "mcp": "../../tools/pokemap_mcp/src/authoring_client.ts"
      },
      "contractTestPath": "test/domains/maps/spatial_object_contract_test.dart",
      "endToEndVerifiedTransports": [],
      "endToEndEvidence": {},
      "transportExecutionReceipts": {}
    },
    {
      "actionId": "entity.clear_visual",
      "declaredTransports": [
        "cli",
        "directApi",
        "editor",
        "mcp"
      ],
      "adapterCapableTransports": [
        "cli",
        "directApi",
        "editor",
        "mcp"
      ],
      "adapterEvidence": {
        "cli": "lib/src/tooling/jsonl_worker.dart",
        "directApi": "lib/src/api/local_map_authoring_mutation_api.dart",
        "editor": "../map_editor/lib/src/application/authoring_api/authoring_mutation_adapter.dart",
        "mcp": "../../tools/pokemap_mcp/src/authoring_client.ts"
      },
      "contractTestPath": "test/domains/maps/spatial_object_contract_test.dart",
      "endToEndVerifiedTransports": [],
      "endToEndEvidence": {},
      "transportExecutionReceipts": {}
    },
    {
      "actionId": "entity.clone",
      "declaredTransports": [
        "cli",
        "directApi",
        "editor",
        "mcp"
      ],
      "adapterCapableTransports": [
        "cli",
        "directApi",
        "editor",
        "mcp"
      ],
      "adapterEvidence": {
        "cli": "lib/src/tooling/jsonl_worker.dart",
        "directApi": "lib/src/api/local_map_authoring_mutation_api.dart",
        "editor": "../map_editor/lib/src/application/authoring_api/authoring_mutation_adapter.dart",
        "mcp": "../../tools/pokemap_mcp/src/authoring_client.ts"
      },
      "contractTestPath": "test/domains/maps/spatial_object_contract_test.dart",
      "endToEndVerifiedTransports": [],
      "endToEndEvidence": {},
      "transportExecutionReceipts": {}
    },
    {
      "actionId": "entity.create",
      "declaredTransports": [
        "cli",
        "directApi",
        "editor",
        "mcp"
      ],
      "adapterCapableTransports": [
        "cli",
        "directApi",
        "editor",
        "mcp"
      ],
      "adapterEvidence": {
        "cli": "lib/src/tooling/jsonl_worker.dart",
        "directApi": "lib/src/api/local_map_authoring_mutation_api.dart",
        "editor": "../map_editor/lib/src/application/authoring_api/authoring_mutation_adapter.dart",
        "mcp": "../../tools/pokemap_mcp/src/authoring_client.ts"
      },
      "contractTestPath": "test/domains/maps/spatial_object_contract_test.dart",
      "endToEndVerifiedTransports": [],
      "endToEndEvidence": {},
      "transportExecutionReceipts": {}
    },
    {
      "actionId": "entity.delete",
      "declaredTransports": [
        "cli",
        "directApi",
        "editor",
        "mcp"
      ],
      "adapterCapableTransports": [
        "cli",
        "directApi",
        "editor",
        "mcp"
      ],
      "adapterEvidence": {
        "cli": "lib/src/tooling/jsonl_worker.dart",
        "directApi": "lib/src/api/local_map_authoring_mutation_api.dart",
        "editor": "../map_editor/lib/src/application/authoring_api/authoring_mutation_adapter.dart",
        "mcp": "../../tools/pokemap_mcp/src/authoring_client.ts"
      },
      "contractTestPath": "test/domains/maps/spatial_object_contract_test.dart",
      "endToEndVerifiedTransports": [],
      "endToEndEvidence": {},
      "transportExecutionReceipts": {}
    },
    {
      "actionId": "entity.move",
      "declaredTransports": [
        "cli",
        "directApi",
        "editor",
        "mcp"
      ],
      "adapterCapableTransports": [
        "cli",
        "directApi",
        "editor",
        "mcp"
      ],
      "adapterEvidence": {
        "cli": "lib/src/tooling/jsonl_worker.dart",
        "directApi": "lib/src/api/local_map_authoring_mutation_api.dart",
        "editor": "../map_editor/lib/src/application/authoring_api/authoring_mutation_adapter.dart",
        "mcp": "../../tools/pokemap_mcp/src/authoring_client.ts"
      },
      "contractTestPath": "test/domains/maps/spatial_object_contract_test.dart",
      "endToEndVerifiedTransports": [],
      "endToEndEvidence": {},
      "transportExecutionReceipts": {}
    },
    {
      "actionId": "entity.patch_properties",
      "declaredTransports": [
        "cli",
        "directApi",
        "editor",
        "mcp"
      ],
      "adapterCapableTransports": [
        "cli",
        "directApi",
        "editor",
        "mcp"
      ],
      "adapterEvidence": {
        "cli": "lib/src/tooling/jsonl_worker.dart",
        "directApi": "lib/src/api/local_map_authoring_mutation_api.dart",
        "editor": "../map_editor/lib/src/application/authoring_api/authoring_mutation_adapter.dart",
        "mcp": "../../tools/pokemap_mcp/src/authoring_client.ts"
      },
      "contractTestPath": "test/domains/maps/spatial_object_contract_test.dart",
      "endToEndVerifiedTransports": [],
      "endToEndEvidence": {},
      "transportExecutionReceipts": {}
    },
    {
      "actionId": "entity.resize",
      "declaredTransports": [
        "cli",
        "directApi",
        "editor",
        "mcp"
      ],
      "adapterCapableTransports": [
        "cli",
        "directApi",
        "editor",
        "mcp"
      ],
      "adapterEvidence": {
        "cli": "lib/src/tooling/jsonl_worker.dart",
        "directApi": "lib/src/api/local_map_authoring_mutation_api.dart",
        "editor": "../map_editor/lib/src/application/authoring_api/authoring_mutation_adapter.dart",
        "mcp": "../../tools/pokemap_mcp/src/authoring_client.ts"
      },
      "contractTestPath": "test/domains/maps/spatial_object_contract_test.dart",
      "endToEndVerifiedTransports": [],
      "endToEndEvidence": {},
      "transportExecutionReceipts": {}
    },
    {
      "actionId": "entity.set_blocks_movement",
      "declaredTransports": [
        "cli",
        "directApi",
        "editor",
        "mcp"
      ],
      "adapterCapableTransports": [
        "cli",
        "directApi",
        "editor",
        "mcp"
      ],
      "adapterEvidence": {
        "cli": "lib/src/tooling/jsonl_worker.dart",
        "directApi": "lib/src/api/local_map_authoring_mutation_api.dart",
        "editor": "../map_editor/lib/src/application/authoring_api/authoring_mutation_adapter.dart",
        "mcp": "../../tools/pokemap_mcp/src/authoring_client.ts"
      },
      "contractTestPath": "test/domains/maps/spatial_object_contract_test.dart",
      "endToEndVerifiedTransports": [],
      "endToEndEvidence": {},
      "transportExecutionReceipts": {}
    },
    {
      "actionId": "entity.set_item_payload",
      "declaredTransports": [
        "cli",
        "directApi",
        "editor",
        "mcp"
      ],
      "adapterCapableTransports": [
        "cli",
        "directApi",
        "editor",
        "mcp"
      ],
      "adapterEvidence": {
        "cli": "lib/src/tooling/jsonl_worker.dart",
        "directApi": "lib/src/api/local_map_authoring_mutation_api.dart",
        "editor": "../map_editor/lib/src/application/authoring_api/authoring_mutation_adapter.dart",
        "mcp": "../../tools/pokemap_mcp/src/authoring_client.ts"
      },
      "contractTestPath": "test/domains/maps/spatial_object_contract_test.dart",
      "endToEndVerifiedTransports": [],
      "endToEndEvidence": {},
      "transportExecutionReceipts": {}
    },
    {
      "actionId": "entity.set_npc_payload",
      "declaredTransports": [
        "cli",
        "directApi",
        "editor",
        "mcp"
      ],
      "adapterCapableTransports": [
        "cli",
        "directApi",
        "editor",
        "mcp"
      ],
      "adapterEvidence": {
        "cli": "lib/src/tooling/jsonl_worker.dart",
        "directApi": "lib/src/api/local_map_authoring_mutation_api.dart",
        "editor": "../map_editor/lib/src/application/authoring_api/authoring_mutation_adapter.dart",
        "mcp": "../../tools/pokemap_mcp/src/authoring_client.ts"
      },
      "contractTestPath": "test/domains/maps/spatial_object_contract_test.dart",
      "endToEndVerifiedTransports": [],
      "endToEndEvidence": {},
      "transportExecutionReceipts": {}
    },
    {
      "actionId": "entity.set_sign_payload",
      "declaredTransports": [
        "cli",
        "directApi",
        "editor",
        "mcp"
      ],
      "adapterCapableTransports": [
        "cli",
        "directApi",
        "editor",
        "mcp"
      ],
      "adapterEvidence": {
        "cli": "lib/src/tooling/jsonl_worker.dart",
        "directApi": "lib/src/api/local_map_authoring_mutation_api.dart",
        "editor": "../map_editor/lib/src/application/authoring_api/authoring_mutation_adapter.dart",
        "mcp": "../../tools/pokemap_mcp/src/authoring_client.ts"
      },
      "contractTestPath": "test/domains/maps/spatial_object_contract_test.dart",
      "endToEndVerifiedTransports": [],
      "endToEndEvidence": {},
      "transportExecutionReceipts": {}
    },
    {
      "actionId": "entity.set_spawn_payload",
      "declaredTransports": [
        "cli",
        "directApi",
        "editor",
        "mcp"
      ],
      "adapterCapableTransports": [
        "cli",
        "directApi",
        "editor",
        "mcp"
      ],
      "adapterEvidence": {
        "cli": "lib/src/tooling/jsonl_worker.dart",
        "directApi": "lib/src/api/local_map_authoring_mutation_api.dart",
        "editor": "../map_editor/lib/src/application/authoring_api/authoring_mutation_adapter.dart",
        "mcp": "../../tools/pokemap_mcp/src/authoring_client.ts"
      },
      "contractTestPath": "test/domains/maps/spatial_object_contract_test.dart",
      "endToEndVerifiedTransports": [],
      "endToEndEvidence": {},
      "transportExecutionReceipts": {}
    },
    {
      "actionId": "entity.set_visual",
      "declaredTransports": [
        "cli",
        "directApi",
        "editor",
        "mcp"
      ],
      "adapterCapableTransports": [
        "cli",
        "directApi",
        "editor",
        "mcp"
      ],
      "adapterEvidence": {
        "cli": "lib/src/tooling/jsonl_worker.dart",
        "directApi": "lib/src/api/local_map_authoring_mutation_api.dart",
        "editor": "../map_editor/lib/src/application/authoring_api/authoring_mutation_adapter.dart",
        "mcp": "../../tools/pokemap_mcp/src/authoring_client.ts"
      },
      "contractTestPath": "test/domains/maps/spatial_object_contract_test.dart",
      "endToEndVerifiedTransports": [],
      "endToEndEvidence": {},
      "transportExecutionReceipts": {}
    },
    {
      "actionId": "entity.update",
      "declaredTransports": [
        "cli",
        "directApi",
        "editor",
        "mcp"
      ],
      "adapterCapableTransports": [
        "cli",
        "directApi",
        "editor",
        "mcp"
      ],
      "adapterEvidence": {
        "cli": "lib/src/tooling/jsonl_worker.dart",
        "directApi": "lib/src/api/local_map_authoring_mutation_api.dart",
        "editor": "../map_editor/lib/src/application/authoring_api/authoring_mutation_adapter.dart",
        "mcp": "../../tools/pokemap_mcp/src/authoring_client.ts"
      },
      "contractTestPath": "test/domains/maps/spatial_object_contract_test.dart",
      "endToEndVerifiedTransports": [],
      "endToEndEvidence": {},
      "transportExecutionReceipts": {}
    },
    {
      "actionId": "entity.upsert",
      "declaredTransports": [
        "cli",
        "directApi",
        "editor",
        "mcp"
      ],
      "adapterCapableTransports": [
        "cli",
        "directApi",
        "editor",
        "mcp"
      ],
      "adapterEvidence": {
        "cli": "lib/src/tooling/jsonl_worker.dart",
        "directApi": "lib/src/api/local_map_authoring_mutation_api.dart",
        "editor": "../map_editor/lib/src/application/authoring_api/authoring_mutation_adapter.dart",
        "mcp": "../../tools/pokemap_mcp/src/authoring_client.ts"
      },
      "contractTestPath": "test/domains/maps/spatial_object_contract_test.dart",
      "endToEndVerifiedTransports": [],
      "endToEndEvidence": {},
      "transportExecutionReceipts": {}
    },
    {
      "actionId": "environment.area_create",
      "declaredTransports": [
        "cli",
        "directApi",
        "editor",
        "mcp"
      ],
      "adapterCapableTransports": [
        "cli",
        "directApi",
        "editor",
        "mcp"
      ],
      "adapterEvidence": {
        "cli": "lib/src/tooling/jsonl_worker.dart",
        "directApi": "lib/src/api/local_map_authoring_mutation_api.dart",
        "editor": "../map_editor/lib/src/application/authoring_api/authoring_mutation_adapter.dart",
        "mcp": "../../tools/pokemap_mcp/src/authoring_client.ts"
      },
      "contractTestPath": "test/domains/maps/environment_actions_test.dart",
      "endToEndVerifiedTransports": [],
      "endToEndEvidence": {},
      "transportExecutionReceipts": {}
    },
    {
      "actionId": "environment.area_delete",
      "declaredTransports": [
        "cli",
        "directApi",
        "editor",
        "mcp"
      ],
      "adapterCapableTransports": [
        "cli",
        "directApi",
        "editor",
        "mcp"
      ],
      "adapterEvidence": {
        "cli": "lib/src/tooling/jsonl_worker.dart",
        "directApi": "lib/src/api/local_map_authoring_mutation_api.dart",
        "editor": "../map_editor/lib/src/application/authoring_api/authoring_mutation_adapter.dart",
        "mcp": "../../tools/pokemap_mcp/src/authoring_client.ts"
      },
      "contractTestPath": "test/domains/maps/environment_actions_test.dart",
      "endToEndVerifiedTransports": [],
      "endToEndEvidence": {},
      "transportExecutionReceipts": {}
    },
    {
      "actionId": "environment.area_set_preset",
      "declaredTransports": [
        "cli",
        "directApi",
        "editor",
        "mcp"
      ],
      "adapterCapableTransports": [
        "cli",
        "directApi",
        "editor",
        "mcp"
      ],
      "adapterEvidence": {
        "cli": "lib/src/tooling/jsonl_worker.dart",
        "directApi": "lib/src/api/local_map_authoring_mutation_api.dart",
        "editor": "../map_editor/lib/src/application/authoring_api/authoring_mutation_adapter.dart",
        "mcp": "../../tools/pokemap_mcp/src/authoring_client.ts"
      },
      "contractTestPath": "test/domains/maps/environment_actions_test.dart",
      "endToEndVerifiedTransports": [],
      "endToEndEvidence": {},
      "transportExecutionReceipts": {}
    },
    {
      "actionId": "environment.area_set_seed",
      "declaredTransports": [
        "cli",
        "directApi",
        "editor",
        "mcp"
      ],
      "adapterCapableTransports": [
        "cli",
        "directApi",
        "editor",
        "mcp"
      ],
      "adapterEvidence": {
        "cli": "lib/src/tooling/jsonl_worker.dart",
        "directApi": "lib/src/api/local_map_authoring_mutation_api.dart",
        "editor": "../map_editor/lib/src/application/authoring_api/authoring_mutation_adapter.dart",
        "mcp": "../../tools/pokemap_mcp/src/authoring_client.ts"
      },
      "contractTestPath": "test/domains/maps/environment_actions_test.dart",
      "endToEndVerifiedTransports": [],
      "endToEndEvidence": {},
      "transportExecutionReceipts": {}
    },
    {
      "actionId": "environment.area_update",
      "declaredTransports": [
        "cli",
        "directApi",
        "editor",
        "mcp"
      ],
      "adapterCapableTransports": [
        "cli",
        "directApi",
        "editor",
        "mcp"
      ],
      "adapterEvidence": {
        "cli": "lib/src/tooling/jsonl_worker.dart",
        "directApi": "lib/src/api/local_map_authoring_mutation_api.dart",
        "editor": "../map_editor/lib/src/application/authoring_api/authoring_mutation_adapter.dart",
        "mcp": "../../tools/pokemap_mcp/src/authoring_client.ts"
      },
      "contractTestPath": "test/domains/maps/environment_actions_test.dart",
      "endToEndVerifiedTransports": [],
      "endToEndEvidence": {},
      "transportExecutionReceipts": {}
    },
    {
      "actionId": "environment.attach_to_tile_layer",
      "declaredTransports": [
        "cli",
        "directApi",
        "editor",
        "mcp"
      ],
      "adapterCapableTransports": [
        "cli",
        "directApi",
        "editor",
        "mcp"
      ],
      "adapterEvidence": {
        "cli": "lib/src/tooling/jsonl_worker.dart",
        "directApi": "lib/src/api/local_map_authoring_mutation_api.dart",
        "editor": "../map_editor/lib/src/application/authoring_api/authoring_mutation_adapter.dart",
        "mcp": "../../tools/pokemap_mcp/src/authoring_client.ts"
      },
      "contractTestPath": "test/domains/maps/environment_actions_test.dart",
      "endToEndVerifiedTransports": [],
      "endToEndEvidence": {},
      "transportExecutionReceipts": {}
    },
    {
      "actionId": "environment.detach_from_tile_layer",
      "declaredTransports": [
        "cli",
        "directApi",
        "editor",
        "mcp"
      ],
      "adapterCapableTransports": [
        "cli",
        "directApi",
        "editor",
        "mcp"
      ],
      "adapterEvidence": {
        "cli": "lib/src/tooling/jsonl_worker.dart",
        "directApi": "lib/src/api/local_map_authoring_mutation_api.dart",
        "editor": "../map_editor/lib/src/application/authoring_api/authoring_mutation_adapter.dart",
        "mcp": "../../tools/pokemap_mcp/src/authoring_client.ts"
      },
      "contractTestPath": "test/domains/maps/environment_actions_test.dart",
      "endToEndVerifiedTransports": [],
      "endToEndEvidence": {},
      "transportExecutionReceipts": {}
    },
    {
      "actionId": "environment.generate_apply",
      "declaredTransports": [
        "cli",
        "directApi",
        "editor",
        "mcp"
      ],
      "adapterCapableTransports": [
        "cli",
        "directApi",
        "editor",
        "mcp"
      ],
      "adapterEvidence": {
        "cli": "lib/src/tooling/jsonl_worker.dart",
        "directApi": "lib/src/api/local_map_authoring_mutation_api.dart",
        "editor": "../map_editor/lib/src/application/authoring_api/authoring_mutation_adapter.dart",
        "mcp": "../../tools/pokemap_mcp/src/authoring_client.ts"
      },
      "contractTestPath": "test/domains/maps/environment_actions_test.dart",
      "endToEndVerifiedTransports": [],
      "endToEndEvidence": {},
      "transportExecutionReceipts": {}
    },
    {
      "actionId": "environment.generated_placement_add",
      "declaredTransports": [
        "cli",
        "directApi",
        "editor",
        "mcp"
      ],
      "adapterCapableTransports": [
        "cli",
        "directApi",
        "editor",
        "mcp"
      ],
      "adapterEvidence": {
        "cli": "lib/src/tooling/jsonl_worker.dart",
        "directApi": "lib/src/api/local_map_authoring_mutation_api.dart",
        "editor": "../map_editor/lib/src/application/authoring_api/authoring_mutation_adapter.dart",
        "mcp": "../../tools/pokemap_mcp/src/authoring_client.ts"
      },
      "contractTestPath": "test/domains/maps/environment_actions_test.dart",
      "endToEndVerifiedTransports": [],
      "endToEndEvidence": {},
      "transportExecutionReceipts": {}
    },
    {
      "actionId": "environment.generated_placement_delete",
      "declaredTransports": [
        "cli",
        "directApi",
        "editor",
        "mcp"
      ],
      "adapterCapableTransports": [
        "cli",
        "directApi",
        "editor",
        "mcp"
      ],
      "adapterEvidence": {
        "cli": "lib/src/tooling/jsonl_worker.dart",
        "directApi": "lib/src/api/local_map_authoring_mutation_api.dart",
        "editor": "../map_editor/lib/src/application/authoring_api/authoring_mutation_adapter.dart",
        "mcp": "../../tools/pokemap_mcp/src/authoring_client.ts"
      },
      "contractTestPath": "test/domains/maps/environment_actions_test.dart",
      "endToEndVerifiedTransports": [],
      "endToEndEvidence": {},
      "transportExecutionReceipts": {}
    },
    {
      "actionId": "environment.generated_placement_move",
      "declaredTransports": [
        "cli",
        "directApi",
        "editor",
        "mcp"
      ],
      "adapterCapableTransports": [
        "cli",
        "directApi",
        "editor",
        "mcp"
      ],
      "adapterEvidence": {
        "cli": "lib/src/tooling/jsonl_worker.dart",
        "directApi": "lib/src/api/local_map_authoring_mutation_api.dart",
        "editor": "../map_editor/lib/src/application/authoring_api/authoring_mutation_adapter.dart",
        "mcp": "../../tools/pokemap_mcp/src/authoring_client.ts"
      },
      "contractTestPath": "test/domains/maps/environment_actions_test.dart",
      "endToEndVerifiedTransports": [],
      "endToEndEvidence": {},
      "transportExecutionReceipts": {}
    },
    {
      "actionId": "environment.generated_placements_clear",
      "declaredTransports": [
        "cli",
        "directApi",
        "editor",
        "mcp"
      ],
      "adapterCapableTransports": [
        "cli",
        "directApi",
        "editor",
        "mcp"
      ],
      "adapterEvidence": {
        "cli": "lib/src/tooling/jsonl_worker.dart",
        "directApi": "lib/src/api/local_map_authoring_mutation_api.dart",
        "editor": "../map_editor/lib/src/application/authoring_api/authoring_mutation_adapter.dart",
        "mcp": "../../tools/pokemap_mcp/src/authoring_client.ts"
      },
      "contractTestPath": "test/domains/maps/environment_actions_test.dart",
      "endToEndVerifiedTransports": [],
      "endToEndEvidence": {},
      "transportExecutionReceipts": {}
    },
    {
      "actionId": "environment.mask_clear",
      "declaredTransports": [
        "cli",
        "directApi",
        "editor",
        "mcp"
      ],
      "adapterCapableTransports": [
        "cli",
        "directApi",
        "editor",
        "mcp"
      ],
      "adapterEvidence": {
        "cli": "lib/src/tooling/jsonl_worker.dart",
        "directApi": "lib/src/api/local_map_authoring_mutation_api.dart",
        "editor": "../map_editor/lib/src/application/authoring_api/authoring_mutation_adapter.dart",
        "mcp": "../../tools/pokemap_mcp/src/authoring_client.ts"
      },
      "contractTestPath": "test/domains/maps/environment_actions_test.dart",
      "endToEndVerifiedTransports": [],
      "endToEndEvidence": {},
      "transportExecutionReceipts": {}
    },
    {
      "actionId": "environment.mask_erase",
      "declaredTransports": [
        "cli",
        "directApi",
        "editor",
        "mcp"
      ],
      "adapterCapableTransports": [
        "cli",
        "directApi",
        "editor",
        "mcp"
      ],
      "adapterEvidence": {
        "cli": "lib/src/tooling/jsonl_worker.dart",
        "directApi": "lib/src/api/local_map_authoring_mutation_api.dart",
        "editor": "../map_editor/lib/src/application/authoring_api/authoring_mutation_adapter.dart",
        "mcp": "../../tools/pokemap_mcp/src/authoring_client.ts"
      },
      "contractTestPath": "test/domains/maps/environment_actions_test.dart",
      "endToEndVerifiedTransports": [],
      "endToEndEvidence": {},
      "transportExecutionReceipts": {}
    },
    {
      "actionId": "environment.mask_paint",
      "declaredTransports": [
        "cli",
        "directApi",
        "editor",
        "mcp"
      ],
      "adapterCapableTransports": [
        "cli",
        "directApi",
        "editor",
        "mcp"
      ],
      "adapterEvidence": {
        "cli": "lib/src/tooling/jsonl_worker.dart",
        "directApi": "lib/src/api/local_map_authoring_mutation_api.dart",
        "editor": "../map_editor/lib/src/application/authoring_api/authoring_mutation_adapter.dart",
        "mcp": "../../tools/pokemap_mcp/src/authoring_client.ts"
      },
      "contractTestPath": "test/domains/maps/environment_actions_test.dart",
      "endToEndVerifiedTransports": [],
      "endToEndEvidence": {},
      "transportExecutionReceipts": {}
    },
    {
      "actionId": "environment.preset.upsert",
      "declaredTransports": [
        "cli",
        "directApi",
        "editor",
        "mcp"
      ],
      "adapterCapableTransports": [
        "cli",
        "directApi",
        "editor",
        "mcp"
      ],
      "adapterEvidence": {
        "cli": "lib/src/tooling/jsonl_worker.dart",
        "directApi": "lib/src/api/local_map_authoring_mutation_api.dart",
        "editor": "../map_editor/lib/src/application/authoring_api/authoring_mutation_adapter.dart",
        "mcp": "../../tools/pokemap_mcp/src/authoring_client.ts"
      },
      "contractTestPath": "test/domains/maps/environment_actions_test.dart",
      "endToEndVerifiedTransports": [],
      "endToEndEvidence": {},
      "transportExecutionReceipts": {}
    },
    {
      "actionId": "environment.regenerate_apply",
      "declaredTransports": [
        "cli",
        "directApi",
        "editor",
        "mcp"
      ],
      "adapterCapableTransports": [
        "cli",
        "directApi",
        "editor",
        "mcp"
      ],
      "adapterEvidence": {
        "cli": "lib/src/tooling/jsonl_worker.dart",
        "directApi": "lib/src/api/local_map_authoring_mutation_api.dart",
        "editor": "../map_editor/lib/src/application/authoring_api/authoring_mutation_adapter.dart",
        "mcp": "../../tools/pokemap_mcp/src/authoring_client.ts"
      },
      "contractTestPath": "test/domains/maps/environment_actions_test.dart",
      "endToEndVerifiedTransports": [],
      "endToEndEvidence": {},
      "transportExecutionReceipts": {}
    },
    {
      "actionId": "environment.shuffle_apply",
      "declaredTransports": [
        "cli",
        "directApi",
        "editor",
        "mcp"
      ],
      "adapterCapableTransports": [
        "cli",
        "directApi",
        "editor",
        "mcp"
      ],
      "adapterEvidence": {
        "cli": "lib/src/tooling/jsonl_worker.dart",
        "directApi": "lib/src/api/local_map_authoring_mutation_api.dart",
        "editor": "../map_editor/lib/src/application/authoring_api/authoring_mutation_adapter.dart",
        "mcp": "../../tools/pokemap_mcp/src/authoring_client.ts"
      },
      "contractTestPath": "test/domains/maps/environment_actions_test.dart",
      "endToEndVerifiedTransports": [],
      "endToEndEvidence": {},
      "transportExecutionReceipts": {}
    },
    {
      "actionId": "event_v2.activate",
      "declaredTransports": [
        "cli",
        "directApi",
        "editor",
        "mcp"
      ],
      "adapterCapableTransports": [
        "cli",
        "directApi",
        "editor",
        "mcp"
      ],
      "adapterEvidence": {
        "cli": "lib/src/tooling/jsonl_worker.dart",
        "directApi": "lib/src/api/local_map_authoring_mutation_api.dart",
        "editor": "../map_editor/lib/src/application/authoring_api/authoring_mutation_adapter.dart",
        "mcp": "../../tools/pokemap_mcp/src/authoring_client.ts"
      },
      "contractTestPath": "test/domains/narrative/modern_narrative_authoring_test.dart",
      "endToEndVerifiedTransports": [],
      "endToEndEvidence": {},
      "transportExecutionReceipts": {}
    },
    {
      "actionId": "event_v2.create_draft",
      "declaredTransports": [
        "cli",
        "directApi",
        "editor",
        "mcp"
      ],
      "adapterCapableTransports": [
        "cli",
        "directApi",
        "editor",
        "mcp"
      ],
      "adapterEvidence": {
        "cli": "lib/src/tooling/jsonl_worker.dart",
        "directApi": "lib/src/api/local_map_authoring_mutation_api.dart",
        "editor": "../map_editor/lib/src/application/authoring_api/authoring_mutation_adapter.dart",
        "mcp": "../../tools/pokemap_mcp/src/authoring_client.ts"
      },
      "contractTestPath": "test/domains/narrative/modern_narrative_authoring_test.dart",
      "endToEndVerifiedTransports": [],
      "endToEndEvidence": {},
      "transportExecutionReceipts": {}
    },
    {
      "actionId": "event_v2.deactivate",
      "declaredTransports": [
        "cli",
        "directApi",
        "editor",
        "mcp"
      ],
      "adapterCapableTransports": [
        "cli",
        "directApi",
        "editor",
        "mcp"
      ],
      "adapterEvidence": {
        "cli": "lib/src/tooling/jsonl_worker.dart",
        "directApi": "lib/src/api/local_map_authoring_mutation_api.dart",
        "editor": "../map_editor/lib/src/application/authoring_api/authoring_mutation_adapter.dart",
        "mcp": "../../tools/pokemap_mcp/src/authoring_client.ts"
      },
      "contractTestPath": "test/domains/narrative/modern_narrative_authoring_test.dart",
      "endToEndVerifiedTransports": [],
      "endToEndEvidence": {},
      "transportExecutionReceipts": {}
    },
    {
      "actionId": "event_v2.delete",
      "declaredTransports": [
        "cli",
        "directApi",
        "editor",
        "mcp"
      ],
      "adapterCapableTransports": [
        "cli",
        "directApi",
        "editor",
        "mcp"
      ],
      "adapterEvidence": {
        "cli": "lib/src/tooling/jsonl_worker.dart",
        "directApi": "lib/src/api/local_map_authoring_mutation_api.dart",
        "editor": "../map_editor/lib/src/application/authoring_api/authoring_mutation_adapter.dart",
        "mcp": "../../tools/pokemap_mcp/src/authoring_client.ts"
      },
      "contractTestPath": "test/domains/narrative/modern_narrative_authoring_test.dart",
      "endToEndVerifiedTransports": [],
      "endToEndEvidence": {},
      "transportExecutionReceipts": {}
    },
    {
      "actionId": "event_v2.publish",
      "declaredTransports": [
        "cli",
        "directApi",
        "editor",
        "mcp"
      ],
      "adapterCapableTransports": [
        "cli",
        "directApi",
        "editor",
        "mcp"
      ],
      "adapterEvidence": {
        "cli": "lib/src/tooling/jsonl_worker.dart",
        "directApi": "lib/src/api/local_map_authoring_mutation_api.dart",
        "editor": "../map_editor/lib/src/application/authoring_api/authoring_mutation_adapter.dart",
        "mcp": "../../tools/pokemap_mcp/src/authoring_client.ts"
      },
      "contractTestPath": "test/domains/narrative/modern_narrative_authoring_test.dart",
      "endToEndVerifiedTransports": [],
      "endToEndEvidence": {},
      "transportExecutionReceipts": {}
    },
    {
      "actionId": "event_v2.record_upsert",
      "declaredTransports": [
        "cli",
        "directApi",
        "editor",
        "mcp"
      ],
      "adapterCapableTransports": [
        "cli",
        "directApi",
        "editor",
        "mcp"
      ],
      "adapterEvidence": {
        "cli": "lib/src/tooling/jsonl_worker.dart",
        "directApi": "lib/src/api/local_map_authoring_mutation_api.dart",
        "editor": "../map_editor/lib/src/application/authoring_api/authoring_mutation_adapter.dart",
        "mcp": "../../tools/pokemap_mcp/src/authoring_client.ts"
      },
      "contractTestPath": "test/domains/narrative/modern_narrative_authoring_test.dart",
      "endToEndVerifiedTransports": [],
      "endToEndEvidence": {},
      "transportExecutionReceipts": {}
    },
    {
      "actionId": "event_v2.registry_mode.set",
      "declaredTransports": [
        "cli",
        "directApi",
        "editor",
        "mcp"
      ],
      "adapterCapableTransports": [
        "cli",
        "directApi",
        "editor",
        "mcp"
      ],
      "adapterEvidence": {
        "cli": "lib/src/tooling/jsonl_worker.dart",
        "directApi": "lib/src/api/local_map_authoring_mutation_api.dart",
        "editor": "../map_editor/lib/src/application/authoring_api/authoring_mutation_adapter.dart",
        "mcp": "../../tools/pokemap_mcp/src/authoring_client.ts"
      },
      "contractTestPath": "test/domains/narrative/modern_narrative_authoring_test.dart",
      "endToEndVerifiedTransports": [],
      "endToEndEvidence": {},
      "transportExecutionReceipts": {}
    },
    {
      "actionId": "event_v2.unpublish",
      "declaredTransports": [
        "cli",
        "directApi",
        "editor",
        "mcp"
      ],
      "adapterCapableTransports": [
        "cli",
        "directApi",
        "editor",
        "mcp"
      ],
      "adapterEvidence": {
        "cli": "lib/src/tooling/jsonl_worker.dart",
        "directApi": "lib/src/api/local_map_authoring_mutation_api.dart",
        "editor": "../map_editor/lib/src/application/authoring_api/authoring_mutation_adapter.dart",
        "mcp": "../../tools/pokemap_mcp/src/authoring_client.ts"
      },
      "contractTestPath": "test/domains/narrative/modern_narrative_authoring_test.dart",
      "endToEndVerifiedTransports": [],
      "endToEndEvidence": {},
      "transportExecutionReceipts": {}
    },
    {
      "actionId": "fact.create",
      "declaredTransports": [
        "cli",
        "directApi",
        "editor",
        "mcp"
      ],
      "adapterCapableTransports": [
        "cli",
        "directApi",
        "editor",
        "mcp"
      ],
      "adapterEvidence": {
        "cli": "lib/src/tooling/jsonl_worker.dart",
        "directApi": "lib/src/api/local_map_authoring_mutation_api.dart",
        "editor": "../map_editor/lib/src/application/authoring_api/authoring_mutation_adapter.dart",
        "mcp": "../../tools/pokemap_mcp/src/authoring_client.ts"
      },
      "contractTestPath": "test/domains/narrative/modern_narrative_authoring_test.dart",
      "endToEndVerifiedTransports": [],
      "endToEndEvidence": {},
      "transportExecutionReceipts": {}
    },
    {
      "actionId": "fact.delete",
      "declaredTransports": [
        "cli",
        "directApi",
        "editor",
        "mcp"
      ],
      "adapterCapableTransports": [
        "cli",
        "directApi",
        "editor",
        "mcp"
      ],
      "adapterEvidence": {
        "cli": "lib/src/tooling/jsonl_worker.dart",
        "directApi": "lib/src/api/local_map_authoring_mutation_api.dart",
        "editor": "../map_editor/lib/src/application/authoring_api/authoring_mutation_adapter.dart",
        "mcp": "../../tools/pokemap_mcp/src/authoring_client.ts"
      },
      "contractTestPath": "test/domains/narrative/modern_narrative_authoring_test.dart",
      "endToEndVerifiedTransports": [],
      "endToEndEvidence": {},
      "transportExecutionReceipts": {}
    },
    {
      "actionId": "fact.update",
      "declaredTransports": [
        "cli",
        "directApi",
        "editor",
        "mcp"
      ],
      "adapterCapableTransports": [
        "cli",
        "directApi",
        "editor",
        "mcp"
      ],
      "adapterEvidence": {
        "cli": "lib/src/tooling/jsonl_worker.dart",
        "directApi": "lib/src/api/local_map_authoring_mutation_api.dart",
        "editor": "../map_editor/lib/src/application/authoring_api/authoring_mutation_adapter.dart",
        "mcp": "../../tools/pokemap_mcp/src/authoring_client.ts"
      },
      "contractTestPath": "test/domains/narrative/modern_narrative_authoring_test.dart",
      "endToEndVerifiedTransports": [],
      "endToEndEvidence": {},
      "transportExecutionReceipts": {}
    },
    {
      "actionId": "gameplay_zone.clear_payload",
      "declaredTransports": [
        "cli",
        "directApi",
        "editor",
        "mcp"
      ],
      "adapterCapableTransports": [
        "cli",
        "directApi",
        "editor",
        "mcp"
      ],
      "adapterEvidence": {
        "cli": "lib/src/tooling/jsonl_worker.dart",
        "directApi": "lib/src/api/local_map_authoring_mutation_api.dart",
        "editor": "../map_editor/lib/src/application/authoring_api/authoring_mutation_adapter.dart",
        "mcp": "../../tools/pokemap_mcp/src/authoring_client.ts"
      },
      "contractTestPath": "test/domains/maps/spatial_object_contract_test.dart",
      "endToEndVerifiedTransports": [],
      "endToEndEvidence": {},
      "transportExecutionReceipts": {}
    },
    {
      "actionId": "gameplay_zone.clone",
      "declaredTransports": [
        "cli",
        "directApi",
        "editor",
        "mcp"
      ],
      "adapterCapableTransports": [
        "cli",
        "directApi",
        "editor",
        "mcp"
      ],
      "adapterEvidence": {
        "cli": "lib/src/tooling/jsonl_worker.dart",
        "directApi": "lib/src/api/local_map_authoring_mutation_api.dart",
        "editor": "../map_editor/lib/src/application/authoring_api/authoring_mutation_adapter.dart",
        "mcp": "../../tools/pokemap_mcp/src/authoring_client.ts"
      },
      "contractTestPath": "test/domains/maps/spatial_object_contract_test.dart",
      "endToEndVerifiedTransports": [],
      "endToEndEvidence": {},
      "transportExecutionReceipts": {}
    },
    {
      "actionId": "gameplay_zone.create",
      "declaredTransports": [
        "cli",
        "directApi",
        "editor",
        "mcp"
      ],
      "adapterCapableTransports": [
        "cli",
        "directApi",
        "editor",
        "mcp"
      ],
      "adapterEvidence": {
        "cli": "lib/src/tooling/jsonl_worker.dart",
        "directApi": "lib/src/api/local_map_authoring_mutation_api.dart",
        "editor": "../map_editor/lib/src/application/authoring_api/authoring_mutation_adapter.dart",
        "mcp": "../../tools/pokemap_mcp/src/authoring_client.ts"
      },
      "contractTestPath": "test/domains/maps/spatial_object_contract_test.dart",
      "endToEndVerifiedTransports": [],
      "endToEndEvidence": {},
      "transportExecutionReceipts": {}
    },
    {
      "actionId": "gameplay_zone.delete",
      "declaredTransports": [
        "cli",
        "directApi",
        "editor",
        "mcp"
      ],
      "adapterCapableTransports": [
        "cli",
        "directApi",
        "editor",
        "mcp"
      ],
      "adapterEvidence": {
        "cli": "lib/src/tooling/jsonl_worker.dart",
        "directApi": "lib/src/api/local_map_authoring_mutation_api.dart",
        "editor": "../map_editor/lib/src/application/authoring_api/authoring_mutation_adapter.dart",
        "mcp": "../../tools/pokemap_mcp/src/authoring_client.ts"
      },
      "contractTestPath": "test/domains/maps/spatial_object_contract_test.dart",
      "endToEndVerifiedTransports": [],
      "endToEndEvidence": {},
      "transportExecutionReceipts": {}
    },
    {
      "actionId": "gameplay_zone.move",
      "declaredTransports": [
        "cli",
        "directApi",
        "editor",
        "mcp"
      ],
      "adapterCapableTransports": [
        "cli",
        "directApi",
        "editor",
        "mcp"
      ],
      "adapterEvidence": {
        "cli": "lib/src/tooling/jsonl_worker.dart",
        "directApi": "lib/src/api/local_map_authoring_mutation_api.dart",
        "editor": "../map_editor/lib/src/application/authoring_api/authoring_mutation_adapter.dart",
        "mcp": "../../tools/pokemap_mcp/src/authoring_client.ts"
      },
      "contractTestPath": "test/domains/maps/spatial_object_contract_test.dart",
      "endToEndVerifiedTransports": [],
      "endToEndEvidence": {},
      "transportExecutionReceipts": {}
    },
    {
      "actionId": "gameplay_zone.resize",
      "declaredTransports": [
        "cli",
        "directApi",
        "editor",
        "mcp"
      ],
      "adapterCapableTransports": [
        "cli",
        "directApi",
        "editor",
        "mcp"
      ],
      "adapterEvidence": {
        "cli": "lib/src/tooling/jsonl_worker.dart",
        "directApi": "lib/src/api/local_map_authoring_mutation_api.dart",
        "editor": "../map_editor/lib/src/application/authoring_api/authoring_mutation_adapter.dart",
        "mcp": "../../tools/pokemap_mcp/src/authoring_client.ts"
      },
      "contractTestPath": "test/domains/maps/spatial_object_contract_test.dart",
      "endToEndVerifiedTransports": [],
      "endToEndEvidence": {},
      "transportExecutionReceipts": {}
    },
    {
      "actionId": "gameplay_zone.set_encounter_payload",
      "declaredTransports": [
        "cli",
        "directApi",
        "editor",
        "mcp"
      ],
      "adapterCapableTransports": [
        "cli",
        "directApi",
        "editor",
        "mcp"
      ],
      "adapterEvidence": {
        "cli": "lib/src/tooling/jsonl_worker.dart",
        "directApi": "lib/src/api/local_map_authoring_mutation_api.dart",
        "editor": "../map_editor/lib/src/application/authoring_api/authoring_mutation_adapter.dart",
        "mcp": "../../tools/pokemap_mcp/src/authoring_client.ts"
      },
      "contractTestPath": "test/domains/maps/spatial_object_contract_test.dart",
      "endToEndVerifiedTransports": [],
      "endToEndEvidence": {},
      "transportExecutionReceipts": {}
    },
    {
      "actionId": "gameplay_zone.set_hazard_payload",
      "declaredTransports": [
        "cli",
        "directApi",
        "editor",
        "mcp"
      ],
      "adapterCapableTransports": [
        "cli",
        "directApi",
        "editor",
        "mcp"
      ],
      "adapterEvidence": {
        "cli": "lib/src/tooling/jsonl_worker.dart",
        "directApi": "lib/src/api/local_map_authoring_mutation_api.dart",
        "editor": "../map_editor/lib/src/application/authoring_api/authoring_mutation_adapter.dart",
        "mcp": "../../tools/pokemap_mcp/src/authoring_client.ts"
      },
      "contractTestPath": "test/domains/maps/spatial_object_contract_test.dart",
      "endToEndVerifiedTransports": [],
      "endToEndEvidence": {},
      "transportExecutionReceipts": {}
    },
    {
      "actionId": "gameplay_zone.set_movement_effect_payload",
      "declaredTransports": [
        "cli",
        "directApi",
        "editor",
        "mcp"
      ],
      "adapterCapableTransports": [
        "cli",
        "directApi",
        "editor",
        "mcp"
      ],
      "adapterEvidence": {
        "cli": "lib/src/tooling/jsonl_worker.dart",
        "directApi": "lib/src/api/local_map_authoring_mutation_api.dart",
        "editor": "../map_editor/lib/src/application/authoring_api/authoring_mutation_adapter.dart",
        "mcp": "../../tools/pokemap_mcp/src/authoring_client.ts"
      },
      "contractTestPath": "test/domains/maps/spatial_object_contract_test.dart",
      "endToEndVerifiedTransports": [],
      "endToEndEvidence": {},
      "transportExecutionReceipts": {}
    },
    {
      "actionId": "gameplay_zone.set_movement_payload",
      "declaredTransports": [
        "cli",
        "directApi",
        "editor",
        "mcp"
      ],
      "adapterCapableTransports": [
        "cli",
        "directApi",
        "editor",
        "mcp"
      ],
      "adapterEvidence": {
        "cli": "lib/src/tooling/jsonl_worker.dart",
        "directApi": "lib/src/api/local_map_authoring_mutation_api.dart",
        "editor": "../map_editor/lib/src/application/authoring_api/authoring_mutation_adapter.dart",
        "mcp": "../../tools/pokemap_mcp/src/authoring_client.ts"
      },
      "contractTestPath": "test/domains/maps/spatial_object_contract_test.dart",
      "endToEndVerifiedTransports": [],
      "endToEndEvidence": {},
      "transportExecutionReceipts": {}
    },
    {
      "actionId": "gameplay_zone.set_priority",
      "declaredTransports": [
        "cli",
        "directApi",
        "editor",
        "mcp"
      ],
      "adapterCapableTransports": [
        "cli",
        "directApi",
        "editor",
        "mcp"
      ],
      "adapterEvidence": {
        "cli": "lib/src/tooling/jsonl_worker.dart",
        "directApi": "lib/src/api/local_map_authoring_mutation_api.dart",
        "editor": "../map_editor/lib/src/application/authoring_api/authoring_mutation_adapter.dart",
        "mcp": "../../tools/pokemap_mcp/src/authoring_client.ts"
      },
      "contractTestPath": "test/domains/maps/spatial_object_contract_test.dart",
      "endToEndVerifiedTransports": [],
      "endToEndEvidence": {},
      "transportExecutionReceipts": {}
    },
    {
      "actionId": "gameplay_zone.set_special_payload",
      "declaredTransports": [
        "cli",
        "directApi",
        "editor",
        "mcp"
      ],
      "adapterCapableTransports": [
        "cli",
        "directApi",
        "editor",
        "mcp"
      ],
      "adapterEvidence": {
        "cli": "lib/src/tooling/jsonl_worker.dart",
        "directApi": "lib/src/api/local_map_authoring_mutation_api.dart",
        "editor": "../map_editor/lib/src/application/authoring_api/authoring_mutation_adapter.dart",
        "mcp": "../../tools/pokemap_mcp/src/authoring_client.ts"
      },
      "contractTestPath": "test/domains/maps/spatial_object_contract_test.dart",
      "endToEndVerifiedTransports": [],
      "endToEndEvidence": {},
      "transportExecutionReceipts": {}
    },
    {
      "actionId": "gameplay_zone.smart_tile.sync",
      "declaredTransports": [
        "cli",
        "directApi",
        "editor",
        "mcp"
      ],
      "adapterCapableTransports": [
        "cli",
        "directApi",
        "editor",
        "mcp"
      ],
      "adapterEvidence": {
        "cli": "lib/src/tooling/jsonl_worker.dart",
        "directApi": "lib/src/api/local_map_authoring_mutation_api.dart",
        "editor": "../map_editor/lib/src/application/authoring_api/authoring_mutation_adapter.dart",
        "mcp": "../../tools/pokemap_mcp/src/authoring_client.ts"
      },
      "contractTestPath": "test/domains/maps/spatial_object_contract_test.dart",
      "endToEndVerifiedTransports": [],
      "endToEndEvidence": {},
      "transportExecutionReceipts": {}
    },
    {
      "actionId": "gameplay_zone.update",
      "declaredTransports": [
        "cli",
        "directApi",
        "editor",
        "mcp"
      ],
      "adapterCapableTransports": [
        "cli",
        "directApi",
        "editor",
        "mcp"
      ],
      "adapterEvidence": {
        "cli": "lib/src/tooling/jsonl_worker.dart",
        "directApi": "lib/src/api/local_map_authoring_mutation_api.dart",
        "editor": "../map_editor/lib/src/application/authoring_api/authoring_mutation_adapter.dart",
        "mcp": "../../tools/pokemap_mcp/src/authoring_client.ts"
      },
      "contractTestPath": "test/domains/maps/spatial_object_contract_test.dart",
      "endToEndVerifiedTransports": [],
      "endToEndEvidence": {},
      "transportExecutionReceipts": {}
    },
    {
      "actionId": "item.clone",
      "declaredTransports": [
        "cli",
        "directApi",
        "editor",
        "mcp"
      ],
      "adapterCapableTransports": [
        "cli",
        "directApi",
        "editor",
        "mcp"
      ],
      "adapterEvidence": {
        "cli": "lib/src/tooling/jsonl_worker.dart",
        "directApi": "lib/src/api/local_map_authoring_mutation_api.dart",
        "editor": "../map_editor/lib/src/application/authoring_api/authoring_mutation_adapter.dart",
        "mcp": "../../tools/pokemap_mcp/src/authoring_client.ts"
      },
      "contractTestPath": "test/domains/gameplay/item_catalog_actions_test.dart",
      "endToEndVerifiedTransports": [],
      "endToEndEvidence": {},
      "transportExecutionReceipts": {}
    },
    {
      "actionId": "item.create",
      "declaredTransports": [
        "cli",
        "directApi",
        "editor",
        "mcp"
      ],
      "adapterCapableTransports": [
        "cli",
        "directApi",
        "editor",
        "mcp"
      ],
      "adapterEvidence": {
        "cli": "lib/src/tooling/jsonl_worker.dart",
        "directApi": "lib/src/api/local_map_authoring_mutation_api.dart",
        "editor": "../map_editor/lib/src/application/authoring_api/authoring_mutation_adapter.dart",
        "mcp": "../../tools/pokemap_mcp/src/authoring_client.ts"
      },
      "contractTestPath": "test/domains/gameplay/item_catalog_actions_test.dart",
      "endToEndVerifiedTransports": [],
      "endToEndEvidence": {},
      "transportExecutionReceipts": {}
    },
    {
      "actionId": "item.delete_apply",
      "declaredTransports": [
        "cli",
        "directApi",
        "editor",
        "mcp"
      ],
      "adapterCapableTransports": [
        "cli",
        "directApi",
        "editor",
        "mcp"
      ],
      "adapterEvidence": {
        "cli": "lib/src/tooling/jsonl_worker.dart",
        "directApi": "lib/src/api/local_map_authoring_mutation_api.dart",
        "editor": "../map_editor/lib/src/application/authoring_api/authoring_mutation_adapter.dart",
        "mcp": "../../tools/pokemap_mcp/src/authoring_client.ts"
      },
      "contractTestPath": "test/domains/gameplay/item_catalog_actions_test.dart",
      "endToEndVerifiedTransports": [],
      "endToEndEvidence": {},
      "transportExecutionReceipts": {}
    },
    {
      "actionId": "item.set_battle_effect",
      "declaredTransports": [
        "cli",
        "directApi",
        "editor",
        "mcp"
      ],
      "adapterCapableTransports": [
        "cli",
        "directApi",
        "editor",
        "mcp"
      ],
      "adapterEvidence": {
        "cli": "lib/src/tooling/jsonl_worker.dart",
        "directApi": "lib/src/api/local_map_authoring_mutation_api.dart",
        "editor": "../map_editor/lib/src/application/authoring_api/authoring_mutation_adapter.dart",
        "mcp": "../../tools/pokemap_mcp/src/authoring_client.ts"
      },
      "contractTestPath": "test/domains/gameplay/item_catalog_actions_test.dart",
      "endToEndVerifiedTransports": [],
      "endToEndEvidence": {},
      "transportExecutionReceipts": {}
    },
    {
      "actionId": "item.set_capture_effect",
      "declaredTransports": [
        "cli",
        "directApi",
        "editor",
        "mcp"
      ],
      "adapterCapableTransports": [
        "cli",
        "directApi",
        "editor",
        "mcp"
      ],
      "adapterEvidence": {
        "cli": "lib/src/tooling/jsonl_worker.dart",
        "directApi": "lib/src/api/local_map_authoring_mutation_api.dart",
        "editor": "../map_editor/lib/src/application/authoring_api/authoring_mutation_adapter.dart",
        "mcp": "../../tools/pokemap_mcp/src/authoring_client.ts"
      },
      "contractTestPath": "test/domains/gameplay/item_catalog_actions_test.dart",
      "endToEndVerifiedTransports": [],
      "endToEndEvidence": {},
      "transportExecutionReceipts": {}
    },
    {
      "actionId": "item.set_held_effect",
      "declaredTransports": [
        "cli",
        "directApi",
        "editor",
        "mcp"
      ],
      "adapterCapableTransports": [
        "cli",
        "directApi",
        "editor",
        "mcp"
      ],
      "adapterEvidence": {
        "cli": "lib/src/tooling/jsonl_worker.dart",
        "directApi": "lib/src/api/local_map_authoring_mutation_api.dart",
        "editor": "../map_editor/lib/src/application/authoring_api/authoring_mutation_adapter.dart",
        "mcp": "../../tools/pokemap_mcp/src/authoring_client.ts"
      },
      "contractTestPath": "test/domains/gameplay/item_catalog_actions_test.dart",
      "endToEndVerifiedTransports": [],
      "endToEndEvidence": {},
      "transportExecutionReceipts": {}
    },
    {
      "actionId": "item.set_overworld_effect",
      "declaredTransports": [
        "cli",
        "directApi",
        "editor",
        "mcp"
      ],
      "adapterCapableTransports": [
        "cli",
        "directApi",
        "editor",
        "mcp"
      ],
      "adapterEvidence": {
        "cli": "lib/src/tooling/jsonl_worker.dart",
        "directApi": "lib/src/api/local_map_authoring_mutation_api.dart",
        "editor": "../map_editor/lib/src/application/authoring_api/authoring_mutation_adapter.dart",
        "mcp": "../../tools/pokemap_mcp/src/authoring_client.ts"
      },
      "contractTestPath": "test/domains/gameplay/item_catalog_actions_test.dart",
      "endToEndVerifiedTransports": [],
      "endToEndEvidence": {},
      "transportExecutionReceipts": {}
    },
    {
      "actionId": "item.set_tm_hm_move",
      "declaredTransports": [
        "cli",
        "directApi",
        "editor",
        "mcp"
      ],
      "adapterCapableTransports": [
        "cli",
        "directApi",
        "editor",
        "mcp"
      ],
      "adapterEvidence": {
        "cli": "lib/src/tooling/jsonl_worker.dart",
        "directApi": "lib/src/api/local_map_authoring_mutation_api.dart",
        "editor": "../map_editor/lib/src/application/authoring_api/authoring_mutation_adapter.dart",
        "mcp": "../../tools/pokemap_mcp/src/authoring_client.ts"
      },
      "contractTestPath": "test/domains/gameplay/item_catalog_actions_test.dart",
      "endToEndVerifiedTransports": [],
      "endToEndEvidence": {},
      "transportExecutionReceipts": {}
    },
    {
      "actionId": "item.update",
      "declaredTransports": [
        "cli",
        "directApi",
        "editor",
        "mcp"
      ],
      "adapterCapableTransports": [
        "cli",
        "directApi",
        "editor",
        "mcp"
      ],
      "adapterEvidence": {
        "cli": "lib/src/tooling/jsonl_worker.dart",
        "directApi": "lib/src/api/local_map_authoring_mutation_api.dart",
        "editor": "../map_editor/lib/src/application/authoring_api/authoring_mutation_adapter.dart",
        "mcp": "../../tools/pokemap_mcp/src/authoring_client.ts"
      },
      "contractTestPath": "test/domains/gameplay/item_catalog_actions_test.dart",
      "endToEndVerifiedTransports": [],
      "endToEndEvidence": {},
      "transportExecutionReceipts": {}
    },
    {
      "actionId": "map.apply_operations",
      "declaredTransports": [
        "cli",
        "directApi",
        "editor",
        "mcp"
      ],
      "adapterCapableTransports": [
        "cli",
        "directApi",
        "editor",
        "mcp"
      ],
      "adapterEvidence": {
        "cli": "lib/src/tooling/jsonl_worker.dart",
        "directApi": "lib/src/api/local_map_authoring_mutation_api.dart",
        "editor": "../map_editor/lib/src/application/authoring_api/authoring_mutation_adapter.dart",
        "mcp": "../../tools/pokemap_mcp/src/authoring_client.ts"
      },
      "contractTestPath": "test/domains/maps/map_lifecycle_contract_test.dart",
      "endToEndVerifiedTransports": [],
      "endToEndEvidence": {},
      "transportExecutionReceipts": {}
    },
    {
      "actionId": "map.audio.update",
      "declaredTransports": [
        "cli",
        "directApi",
        "editor",
        "mcp"
      ],
      "adapterCapableTransports": [
        "cli",
        "directApi",
        "editor",
        "mcp"
      ],
      "adapterEvidence": {
        "cli": "lib/src/tooling/jsonl_worker.dart",
        "directApi": "lib/src/api/local_map_authoring_mutation_api.dart",
        "editor": "../map_editor/lib/src/application/authoring_api/authoring_mutation_adapter.dart",
        "mcp": "../../tools/pokemap_mcp/src/authoring_client.ts"
      },
      "contractTestPath": "test/domains/maps/map_lifecycle_contract_test.dart",
      "endToEndVerifiedTransports": [],
      "endToEndEvidence": {},
      "transportExecutionReceipts": {}
    },
    {
      "actionId": "map.create",
      "declaredTransports": [
        "cli",
        "directApi",
        "editor",
        "mcp"
      ],
      "adapterCapableTransports": [
        "cli",
        "directApi",
        "editor",
        "mcp"
      ],
      "adapterEvidence": {
        "cli": "lib/src/tooling/jsonl_worker.dart",
        "directApi": "lib/src/api/local_map_authoring_mutation_api.dart",
        "editor": "../map_editor/lib/src/application/authoring_api/authoring_mutation_adapter.dart",
        "mcp": "../../tools/pokemap_mcp/src/authoring_client.ts"
      },
      "contractTestPath": "test/domains/maps/map_lifecycle_contract_test.dart",
      "endToEndVerifiedTransports": [
        "cli",
        "directApi",
        "mcp"
      ],
      "endToEndEvidence": {
        "cli": "test/parity/full_authoring_parity_test.dart",
        "directApi": "test/parity/full_authoring_parity_test.dart",
        "mcp": "../../tools/pokemap_mcp/test/mutation_server.test.ts"
      },
      "transportExecutionReceipts": {}
    },
    {
      "actionId": "map.delete_apply",
      "declaredTransports": [
        "cli",
        "directApi",
        "editor",
        "mcp"
      ],
      "adapterCapableTransports": [
        "cli",
        "directApi",
        "editor",
        "mcp"
      ],
      "adapterEvidence": {
        "cli": "lib/src/tooling/jsonl_worker.dart",
        "directApi": "lib/src/api/local_map_authoring_mutation_api.dart",
        "editor": "../map_editor/lib/src/application/authoring_api/authoring_mutation_adapter.dart",
        "mcp": "../../tools/pokemap_mcp/src/authoring_client.ts"
      },
      "contractTestPath": "test/domains/maps/map_lifecycle_contract_test.dart",
      "endToEndVerifiedTransports": [],
      "endToEndEvidence": {},
      "transportExecutionReceipts": {}
    },
    {
      "actionId": "map.duplicate",
      "declaredTransports": [
        "cli",
        "directApi",
        "editor",
        "mcp"
      ],
      "adapterCapableTransports": [
        "cli",
        "directApi",
        "editor",
        "mcp"
      ],
      "adapterEvidence": {
        "cli": "lib/src/tooling/jsonl_worker.dart",
        "directApi": "lib/src/api/local_map_authoring_mutation_api.dart",
        "editor": "../map_editor/lib/src/application/authoring_api/authoring_mutation_adapter.dart",
        "mcp": "../../tools/pokemap_mcp/src/authoring_client.ts"
      },
      "contractTestPath": "test/domains/maps/map_lifecycle_contract_test.dart",
      "endToEndVerifiedTransports": [],
      "endToEndEvidence": {},
      "transportExecutionReceipts": {}
    },
    {
      "actionId": "map.library.reorganize",
      "declaredTransports": [
        "cli",
        "directApi",
        "editor",
        "mcp"
      ],
      "adapterCapableTransports": [
        "cli",
        "directApi",
        "editor",
        "mcp"
      ],
      "adapterEvidence": {
        "cli": "lib/src/tooling/jsonl_worker.dart",
        "directApi": "lib/src/api/local_map_authoring_mutation_api.dart",
        "editor": "../map_editor/lib/src/application/authoring_api/authoring_mutation_adapter.dart",
        "mcp": "../../tools/pokemap_mcp/src/authoring_client.ts"
      },
      "contractTestPath": "test/domains/maps/map_library_actions_test.dart",
      "endToEndVerifiedTransports": [],
      "endToEndEvidence": {},
      "transportExecutionReceipts": {}
    },
    {
      "actionId": "map.rename",
      "declaredTransports": [
        "cli",
        "directApi",
        "editor",
        "mcp"
      ],
      "adapterCapableTransports": [
        "cli",
        "directApi",
        "editor",
        "mcp"
      ],
      "adapterEvidence": {
        "cli": "lib/src/tooling/jsonl_worker.dart",
        "directApi": "lib/src/api/local_map_authoring_mutation_api.dart",
        "editor": "../map_editor/lib/src/application/authoring_api/authoring_mutation_adapter.dart",
        "mcp": "../../tools/pokemap_mcp/src/authoring_client.ts"
      },
      "contractTestPath": "test/domains/maps/map_lifecycle_contract_test.dart",
      "endToEndVerifiedTransports": [],
      "endToEndEvidence": {},
      "transportExecutionReceipts": {}
    },
    {
      "actionId": "map.resize_apply",
      "declaredTransports": [
        "cli",
        "directApi",
        "editor",
        "mcp"
      ],
      "adapterCapableTransports": [
        "cli",
        "directApi",
        "editor",
        "mcp"
      ],
      "adapterEvidence": {
        "cli": "lib/src/tooling/jsonl_worker.dart",
        "directApi": "lib/src/api/local_map_authoring_mutation_api.dart",
        "editor": "../map_editor/lib/src/application/authoring_api/authoring_mutation_adapter.dart",
        "mcp": "../../tools/pokemap_mcp/src/authoring_client.ts"
      },
      "contractTestPath": "test/domains/maps/map_lifecycle_contract_test.dart",
      "endToEndVerifiedTransports": [],
      "endToEndEvidence": {},
      "transportExecutionReceipts": {}
    },
    {
      "actionId": "map.save",
      "declaredTransports": [
        "cli",
        "directApi",
        "editor",
        "mcp"
      ],
      "adapterCapableTransports": [
        "cli",
        "directApi",
        "editor",
        "mcp"
      ],
      "adapterEvidence": {
        "cli": "lib/src/tooling/jsonl_worker.dart",
        "directApi": "lib/src/api/local_map_authoring_mutation_api.dart",
        "editor": "../map_editor/lib/src/application/authoring_api/authoring_mutation_adapter.dart",
        "mcp": "../../tools/pokemap_mcp/src/authoring_client.ts"
      },
      "contractTestPath": "test/domains/maps/map_lifecycle_contract_test.dart",
      "endToEndVerifiedTransports": [],
      "endToEndEvidence": {},
      "transportExecutionReceipts": {}
    },
    {
      "actionId": "map.tiled.import",
      "declaredTransports": [
        "cli",
        "directApi",
        "editor",
        "mcp"
      ],
      "adapterCapableTransports": [
        "cli",
        "directApi",
        "editor",
        "mcp"
      ],
      "adapterEvidence": {
        "cli": "lib/src/tooling/jsonl_worker.dart",
        "directApi": "lib/src/api/local_map_authoring_mutation_api.dart",
        "editor": "../map_editor/lib/src/application/authoring_api/authoring_mutation_adapter.dart",
        "mcp": "../../tools/pokemap_mcp/src/authoring_client.ts"
      },
      "contractTestPath": "test/domains/maps/tiled_map_import_transaction_test.dart",
      "endToEndVerifiedTransports": [],
      "endToEndEvidence": {},
      "transportExecutionReceipts": {}
    },
    {
      "actionId": "narrative.publish_document",
      "declaredTransports": [
        "cli",
        "directApi",
        "editor",
        "mcp"
      ],
      "adapterCapableTransports": [
        "cli",
        "directApi",
        "editor",
        "mcp"
      ],
      "adapterEvidence": {
        "cli": "lib/src/tooling/jsonl_worker.dart",
        "directApi": "lib/src/api/local_map_authoring_mutation_api.dart",
        "editor": "../map_editor/lib/src/application/authoring_api/authoring_mutation_adapter.dart",
        "mcp": "../../tools/pokemap_mcp/src/authoring_client.ts"
      },
      "contractTestPath": "test/domains/narrative/narrative_document_publication_test.dart",
      "endToEndVerifiedTransports": [],
      "endToEndEvidence": {},
      "transportExecutionReceipts": {}
    },
    {
      "actionId": "npc.conditional_dialogue_add",
      "declaredTransports": [
        "cli",
        "directApi",
        "editor",
        "mcp"
      ],
      "adapterCapableTransports": [
        "cli",
        "directApi",
        "editor",
        "mcp"
      ],
      "adapterEvidence": {
        "cli": "lib/src/tooling/jsonl_worker.dart",
        "directApi": "lib/src/api/local_map_authoring_mutation_api.dart",
        "editor": "../map_editor/lib/src/application/authoring_api/authoring_mutation_adapter.dart",
        "mcp": "../../tools/pokemap_mcp/src/authoring_client.ts"
      },
      "contractTestPath": "test/domains/maps/spatial_object_contract_test.dart",
      "endToEndVerifiedTransports": [],
      "endToEndEvidence": {},
      "transportExecutionReceipts": {}
    },
    {
      "actionId": "npc.conditional_dialogue_remove",
      "declaredTransports": [
        "cli",
        "directApi",
        "editor",
        "mcp"
      ],
      "adapterCapableTransports": [
        "cli",
        "directApi",
        "editor",
        "mcp"
      ],
      "adapterEvidence": {
        "cli": "lib/src/tooling/jsonl_worker.dart",
        "directApi": "lib/src/api/local_map_authoring_mutation_api.dart",
        "editor": "../map_editor/lib/src/application/authoring_api/authoring_mutation_adapter.dart",
        "mcp": "../../tools/pokemap_mcp/src/authoring_client.ts"
      },
      "contractTestPath": "test/domains/maps/spatial_object_contract_test.dart",
      "endToEndVerifiedTransports": [],
      "endToEndEvidence": {},
      "transportExecutionReceipts": {}
    },
    {
      "actionId": "npc.conditional_dialogue_update",
      "declaredTransports": [
        "cli",
        "directApi",
        "editor",
        "mcp"
      ],
      "adapterCapableTransports": [
        "cli",
        "directApi",
        "editor",
        "mcp"
      ],
      "adapterEvidence": {
        "cli": "lib/src/tooling/jsonl_worker.dart",
        "directApi": "lib/src/api/local_map_authoring_mutation_api.dart",
        "editor": "../map_editor/lib/src/application/authoring_api/authoring_mutation_adapter.dart",
        "mcp": "../../tools/pokemap_mcp/src/authoring_client.ts"
      },
      "contractTestPath": "test/domains/maps/spatial_object_contract_test.dart",
      "endToEndVerifiedTransports": [],
      "endToEndEvidence": {},
      "transportExecutionReceipts": {}
    },
    {
      "actionId": "npc.set_character",
      "declaredTransports": [
        "cli",
        "directApi",
        "editor",
        "mcp"
      ],
      "adapterCapableTransports": [
        "cli",
        "directApi",
        "editor",
        "mcp"
      ],
      "adapterEvidence": {
        "cli": "lib/src/tooling/jsonl_worker.dart",
        "directApi": "lib/src/api/local_map_authoring_mutation_api.dart",
        "editor": "../map_editor/lib/src/application/authoring_api/authoring_mutation_adapter.dart",
        "mcp": "../../tools/pokemap_mcp/src/authoring_client.ts"
      },
      "contractTestPath": "test/domains/maps/spatial_object_contract_test.dart",
      "endToEndVerifiedTransports": [],
      "endToEndEvidence": {},
      "transportExecutionReceipts": {}
    },
    {
      "actionId": "npc.set_defeat_dialogue",
      "declaredTransports": [
        "cli",
        "directApi",
        "editor",
        "mcp"
      ],
      "adapterCapableTransports": [
        "cli",
        "directApi",
        "editor",
        "mcp"
      ],
      "adapterEvidence": {
        "cli": "lib/src/tooling/jsonl_worker.dart",
        "directApi": "lib/src/api/local_map_authoring_mutation_api.dart",
        "editor": "../map_editor/lib/src/application/authoring_api/authoring_mutation_adapter.dart",
        "mcp": "../../tools/pokemap_mcp/src/authoring_client.ts"
      },
      "contractTestPath": "test/domains/maps/spatial_object_contract_test.dart",
      "endToEndVerifiedTransports": [],
      "endToEndEvidence": {},
      "transportExecutionReceipts": {}
    },
    {
      "actionId": "npc.set_dialogue",
      "declaredTransports": [
        "cli",
        "directApi",
        "editor",
        "mcp"
      ],
      "adapterCapableTransports": [
        "cli",
        "directApi",
        "editor",
        "mcp"
      ],
      "adapterEvidence": {
        "cli": "lib/src/tooling/jsonl_worker.dart",
        "directApi": "lib/src/api/local_map_authoring_mutation_api.dart",
        "editor": "../map_editor/lib/src/application/authoring_api/authoring_mutation_adapter.dart",
        "mcp": "../../tools/pokemap_mcp/src/authoring_client.ts"
      },
      "contractTestPath": "test/domains/maps/spatial_object_contract_test.dart",
      "endToEndVerifiedTransports": [],
      "endToEndEvidence": {},
      "transportExecutionReceipts": {}
    },
    {
      "actionId": "npc.set_facing",
      "declaredTransports": [
        "cli",
        "directApi",
        "editor",
        "mcp"
      ],
      "adapterCapableTransports": [
        "cli",
        "directApi",
        "editor",
        "mcp"
      ],
      "adapterEvidence": {
        "cli": "lib/src/tooling/jsonl_worker.dart",
        "directApi": "lib/src/api/local_map_authoring_mutation_api.dart",
        "editor": "../map_editor/lib/src/application/authoring_api/authoring_mutation_adapter.dart",
        "mcp": "../../tools/pokemap_mcp/src/authoring_client.ts"
      },
      "contractTestPath": "test/domains/maps/spatial_object_contract_test.dart",
      "endToEndVerifiedTransports": [],
      "endToEndEvidence": {},
      "transportExecutionReceipts": {}
    },
    {
      "actionId": "npc.set_movement_mode",
      "declaredTransports": [
        "cli",
        "directApi",
        "editor",
        "mcp"
      ],
      "adapterCapableTransports": [
        "cli",
        "directApi",
        "editor",
        "mcp"
      ],
      "adapterEvidence": {
        "cli": "lib/src/tooling/jsonl_worker.dart",
        "directApi": "lib/src/api/local_map_authoring_mutation_api.dart",
        "editor": "../map_editor/lib/src/application/authoring_api/authoring_mutation_adapter.dart",
        "mcp": "../../tools/pokemap_mcp/src/authoring_client.ts"
      },
      "contractTestPath": "test/domains/maps/spatial_object_contract_test.dart",
      "endToEndVerifiedTransports": [],
      "endToEndEvidence": {},
      "transportExecutionReceipts": {}
    },
    {
      "actionId": "npc.set_trainer",
      "declaredTransports": [
        "cli",
        "directApi",
        "editor",
        "mcp"
      ],
      "adapterCapableTransports": [
        "cli",
        "directApi",
        "editor",
        "mcp"
      ],
      "adapterEvidence": {
        "cli": "lib/src/tooling/jsonl_worker.dart",
        "directApi": "lib/src/api/local_map_authoring_mutation_api.dart",
        "editor": "../map_editor/lib/src/application/authoring_api/authoring_mutation_adapter.dart",
        "mcp": "../../tools/pokemap_mcp/src/authoring_client.ts"
      },
      "contractTestPath": "test/domains/maps/spatial_object_contract_test.dart",
      "endToEndVerifiedTransports": [],
      "endToEndEvidence": {},
      "transportExecutionReceipts": {}
    },
    {
      "actionId": "npc.set_visibility_rule",
      "declaredTransports": [
        "cli",
        "directApi",
        "editor",
        "mcp"
      ],
      "adapterCapableTransports": [
        "cli",
        "directApi",
        "editor",
        "mcp"
      ],
      "adapterEvidence": {
        "cli": "lib/src/tooling/jsonl_worker.dart",
        "directApi": "lib/src/api/local_map_authoring_mutation_api.dart",
        "editor": "../map_editor/lib/src/application/authoring_api/authoring_mutation_adapter.dart",
        "mcp": "../../tools/pokemap_mcp/src/authoring_client.ts"
      },
      "contractTestPath": "test/domains/maps/spatial_object_contract_test.dart",
      "endToEndVerifiedTransports": [],
      "endToEndEvidence": {},
      "transportExecutionReceipts": {}
    },
    {
      "actionId": "npc.waypoint_add",
      "declaredTransports": [
        "cli",
        "directApi",
        "editor",
        "mcp"
      ],
      "adapterCapableTransports": [
        "cli",
        "directApi",
        "editor",
        "mcp"
      ],
      "adapterEvidence": {
        "cli": "lib/src/tooling/jsonl_worker.dart",
        "directApi": "lib/src/api/local_map_authoring_mutation_api.dart",
        "editor": "../map_editor/lib/src/application/authoring_api/authoring_mutation_adapter.dart",
        "mcp": "../../tools/pokemap_mcp/src/authoring_client.ts"
      },
      "contractTestPath": "test/domains/maps/spatial_object_contract_test.dart",
      "endToEndVerifiedTransports": [],
      "endToEndEvidence": {},
      "transportExecutionReceipts": {}
    },
    {
      "actionId": "npc.waypoint_clear",
      "declaredTransports": [
        "cli",
        "directApi",
        "editor",
        "mcp"
      ],
      "adapterCapableTransports": [
        "cli",
        "directApi",
        "editor",
        "mcp"
      ],
      "adapterEvidence": {
        "cli": "lib/src/tooling/jsonl_worker.dart",
        "directApi": "lib/src/api/local_map_authoring_mutation_api.dart",
        "editor": "../map_editor/lib/src/application/authoring_api/authoring_mutation_adapter.dart",
        "mcp": "../../tools/pokemap_mcp/src/authoring_client.ts"
      },
      "contractTestPath": "test/domains/maps/spatial_object_contract_test.dart",
      "endToEndVerifiedTransports": [],
      "endToEndEvidence": {},
      "transportExecutionReceipts": {}
    },
    {
      "actionId": "npc.waypoint_move",
      "declaredTransports": [
        "cli",
        "directApi",
        "editor",
        "mcp"
      ],
      "adapterCapableTransports": [
        "cli",
        "directApi",
        "editor",
        "mcp"
      ],
      "adapterEvidence": {
        "cli": "lib/src/tooling/jsonl_worker.dart",
        "directApi": "lib/src/api/local_map_authoring_mutation_api.dart",
        "editor": "../map_editor/lib/src/application/authoring_api/authoring_mutation_adapter.dart",
        "mcp": "../../tools/pokemap_mcp/src/authoring_client.ts"
      },
      "contractTestPath": "test/domains/maps/spatial_object_contract_test.dart",
      "endToEndVerifiedTransports": [],
      "endToEndEvidence": {},
      "transportExecutionReceipts": {}
    },
    {
      "actionId": "npc.waypoint_remove",
      "declaredTransports": [
        "cli",
        "directApi",
        "editor",
        "mcp"
      ],
      "adapterCapableTransports": [
        "cli",
        "directApi",
        "editor",
        "mcp"
      ],
      "adapterEvidence": {
        "cli": "lib/src/tooling/jsonl_worker.dart",
        "directApi": "lib/src/api/local_map_authoring_mutation_api.dart",
        "editor": "../map_editor/lib/src/application/authoring_api/authoring_mutation_adapter.dart",
        "mcp": "../../tools/pokemap_mcp/src/authoring_client.ts"
      },
      "contractTestPath": "test/domains/maps/spatial_object_contract_test.dart",
      "endToEndVerifiedTransports": [],
      "endToEndEvidence": {},
      "transportExecutionReceipts": {}
    },
    {
      "actionId": "npc.waypoint_reorder",
      "declaredTransports": [
        "cli",
        "directApi",
        "editor",
        "mcp"
      ],
      "adapterCapableTransports": [
        "cli",
        "directApi",
        "editor",
        "mcp"
      ],
      "adapterEvidence": {
        "cli": "lib/src/tooling/jsonl_worker.dart",
        "directApi": "lib/src/api/local_map_authoring_mutation_api.dart",
        "editor": "../map_editor/lib/src/application/authoring_api/authoring_mutation_adapter.dart",
        "mcp": "../../tools/pokemap_mcp/src/authoring_client.ts"
      },
      "contractTestPath": "test/domains/maps/spatial_object_contract_test.dart",
      "endToEndVerifiedTransports": [],
      "endToEndEvidence": {},
      "transportExecutionReceipts": {}
    },
    {
      "actionId": "palette.delete",
      "declaredTransports": [
        "cli",
        "directApi",
        "editor",
        "mcp"
      ],
      "adapterCapableTransports": [
        "cli",
        "directApi",
        "editor",
        "mcp"
      ],
      "adapterEvidence": {
        "cli": "lib/src/tooling/jsonl_worker.dart",
        "directApi": "lib/src/api/local_map_authoring_mutation_api.dart",
        "editor": "../map_editor/lib/src/application/authoring_api/authoring_mutation_adapter.dart",
        "mcp": "../../tools/pokemap_mcp/src/authoring_client.ts"
      },
      "contractTestPath": "test/domains/assets/visual_library_contract_test.dart",
      "endToEndVerifiedTransports": [],
      "endToEndEvidence": {},
      "transportExecutionReceipts": {}
    },
    {
      "actionId": "palette.upsert",
      "declaredTransports": [
        "cli",
        "directApi",
        "editor",
        "mcp"
      ],
      "adapterCapableTransports": [
        "cli",
        "directApi",
        "editor",
        "mcp"
      ],
      "adapterEvidence": {
        "cli": "lib/src/tooling/jsonl_worker.dart",
        "directApi": "lib/src/api/local_map_authoring_mutation_api.dart",
        "editor": "../map_editor/lib/src/application/authoring_api/authoring_mutation_adapter.dart",
        "mcp": "../../tools/pokemap_mcp/src/authoring_client.ts"
      },
      "contractTestPath": "test/domains/assets/visual_library_contract_test.dart",
      "endToEndVerifiedTransports": [],
      "endToEndEvidence": {},
      "transportExecutionReceipts": {}
    },
    {
      "actionId": "placed_element.batch_place",
      "declaredTransports": [
        "cli",
        "directApi",
        "editor",
        "mcp"
      ],
      "adapterCapableTransports": [
        "cli",
        "directApi",
        "editor",
        "mcp"
      ],
      "adapterEvidence": {
        "cli": "lib/src/tooling/jsonl_worker.dart",
        "directApi": "lib/src/api/local_map_authoring_mutation_api.dart",
        "editor": "../map_editor/lib/src/application/authoring_api/authoring_mutation_adapter.dart",
        "mcp": "../../tools/pokemap_mcp/src/authoring_client.ts"
      },
      "contractTestPath": "test/domains/maps/spatial_object_contract_test.dart",
      "endToEndVerifiedTransports": [],
      "endToEndEvidence": {},
      "transportExecutionReceipts": {}
    },
    {
      "actionId": "placed_element.behavior_add",
      "declaredTransports": [
        "cli",
        "directApi",
        "editor",
        "mcp"
      ],
      "adapterCapableTransports": [
        "cli",
        "directApi",
        "editor",
        "mcp"
      ],
      "adapterEvidence": {
        "cli": "lib/src/tooling/jsonl_worker.dart",
        "directApi": "lib/src/api/local_map_authoring_mutation_api.dart",
        "editor": "../map_editor/lib/src/application/authoring_api/authoring_mutation_adapter.dart",
        "mcp": "../../tools/pokemap_mcp/src/authoring_client.ts"
      },
      "contractTestPath": "test/domains/maps/spatial_object_contract_test.dart",
      "endToEndVerifiedTransports": [],
      "endToEndEvidence": {},
      "transportExecutionReceipts": {}
    },
    {
      "actionId": "placed_element.behavior_disable",
      "declaredTransports": [
        "cli",
        "directApi",
        "editor",
        "mcp"
      ],
      "adapterCapableTransports": [
        "cli",
        "directApi",
        "editor",
        "mcp"
      ],
      "adapterEvidence": {
        "cli": "lib/src/tooling/jsonl_worker.dart",
        "directApi": "lib/src/api/local_map_authoring_mutation_api.dart",
        "editor": "../map_editor/lib/src/application/authoring_api/authoring_mutation_adapter.dart",
        "mcp": "../../tools/pokemap_mcp/src/authoring_client.ts"
      },
      "contractTestPath": "test/domains/maps/spatial_object_contract_test.dart",
      "endToEndVerifiedTransports": [],
      "endToEndEvidence": {},
      "transportExecutionReceipts": {}
    },
    {
      "actionId": "placed_element.behavior_enable",
      "declaredTransports": [
        "cli",
        "directApi",
        "editor",
        "mcp"
      ],
      "adapterCapableTransports": [
        "cli",
        "directApi",
        "editor",
        "mcp"
      ],
      "adapterEvidence": {
        "cli": "lib/src/tooling/jsonl_worker.dart",
        "directApi": "lib/src/api/local_map_authoring_mutation_api.dart",
        "editor": "../map_editor/lib/src/application/authoring_api/authoring_mutation_adapter.dart",
        "mcp": "../../tools/pokemap_mcp/src/authoring_client.ts"
      },
      "contractTestPath": "test/domains/maps/spatial_object_contract_test.dart",
      "endToEndVerifiedTransports": [],
      "endToEndEvidence": {},
      "transportExecutionReceipts": {}
    },
    {
      "actionId": "placed_element.behavior_remove",
      "declaredTransports": [
        "cli",
        "directApi",
        "editor",
        "mcp"
      ],
      "adapterCapableTransports": [
        "cli",
        "directApi",
        "editor",
        "mcp"
      ],
      "adapterEvidence": {
        "cli": "lib/src/tooling/jsonl_worker.dart",
        "directApi": "lib/src/api/local_map_authoring_mutation_api.dart",
        "editor": "../map_editor/lib/src/application/authoring_api/authoring_mutation_adapter.dart",
        "mcp": "../../tools/pokemap_mcp/src/authoring_client.ts"
      },
      "contractTestPath": "test/domains/maps/spatial_object_contract_test.dart",
      "endToEndVerifiedTransports": [],
      "endToEndEvidence": {},
      "transportExecutionReceipts": {}
    },
    {
      "actionId": "placed_element.behavior_update",
      "declaredTransports": [
        "cli",
        "directApi",
        "editor",
        "mcp"
      ],
      "adapterCapableTransports": [
        "cli",
        "directApi",
        "editor",
        "mcp"
      ],
      "adapterEvidence": {
        "cli": "lib/src/tooling/jsonl_worker.dart",
        "directApi": "lib/src/api/local_map_authoring_mutation_api.dart",
        "editor": "../map_editor/lib/src/application/authoring_api/authoring_mutation_adapter.dart",
        "mcp": "../../tools/pokemap_mcp/src/authoring_client.ts"
      },
      "contractTestPath": "test/domains/maps/spatial_object_contract_test.dart",
      "endToEndVerifiedTransports": [],
      "endToEndEvidence": {},
      "transportExecutionReceipts": {}
    },
    {
      "actionId": "placed_element.bring_forward",
      "declaredTransports": [
        "cli",
        "directApi",
        "editor",
        "mcp"
      ],
      "adapterCapableTransports": [
        "cli",
        "directApi",
        "editor",
        "mcp"
      ],
      "adapterEvidence": {
        "cli": "lib/src/tooling/jsonl_worker.dart",
        "directApi": "lib/src/api/local_map_authoring_mutation_api.dart",
        "editor": "../map_editor/lib/src/application/authoring_api/authoring_mutation_adapter.dart",
        "mcp": "../../tools/pokemap_mcp/src/authoring_client.ts"
      },
      "contractTestPath": "test/domains/maps/spatial_object_contract_test.dart",
      "endToEndVerifiedTransports": [],
      "endToEndEvidence": {},
      "transportExecutionReceipts": {}
    },
    {
      "actionId": "placed_element.clear_shadow_override",
      "declaredTransports": [
        "cli",
        "directApi",
        "editor",
        "mcp"
      ],
      "adapterCapableTransports": [
        "cli",
        "directApi",
        "editor",
        "mcp"
      ],
      "adapterEvidence": {
        "cli": "lib/src/tooling/jsonl_worker.dart",
        "directApi": "lib/src/api/local_map_authoring_mutation_api.dart",
        "editor": "../map_editor/lib/src/application/authoring_api/authoring_mutation_adapter.dart",
        "mcp": "../../tools/pokemap_mcp/src/authoring_client.ts"
      },
      "contractTestPath": "test/domains/maps/spatial_object_contract_test.dart",
      "endToEndVerifiedTransports": [],
      "endToEndEvidence": {},
      "transportExecutionReceipts": {}
    },
    {
      "actionId": "placed_element.clone",
      "declaredTransports": [
        "cli",
        "directApi",
        "editor",
        "mcp"
      ],
      "adapterCapableTransports": [
        "cli",
        "directApi",
        "editor",
        "mcp"
      ],
      "adapterEvidence": {
        "cli": "lib/src/tooling/jsonl_worker.dart",
        "directApi": "lib/src/api/local_map_authoring_mutation_api.dart",
        "editor": "../map_editor/lib/src/application/authoring_api/authoring_mutation_adapter.dart",
        "mcp": "../../tools/pokemap_mcp/src/authoring_client.ts"
      },
      "contractTestPath": "test/domains/maps/spatial_object_contract_test.dart",
      "endToEndVerifiedTransports": [],
      "endToEndEvidence": {},
      "transportExecutionReceipts": {}
    },
    {
      "actionId": "placed_element.delete",
      "declaredTransports": [
        "cli",
        "directApi",
        "editor",
        "mcp"
      ],
      "adapterCapableTransports": [
        "cli",
        "directApi",
        "editor",
        "mcp"
      ],
      "adapterEvidence": {
        "cli": "lib/src/tooling/jsonl_worker.dart",
        "directApi": "lib/src/api/local_map_authoring_mutation_api.dart",
        "editor": "../map_editor/lib/src/application/authoring_api/authoring_mutation_adapter.dart",
        "mcp": "../../tools/pokemap_mcp/src/authoring_client.ts"
      },
      "contractTestPath": "test/domains/maps/spatial_object_contract_test.dart",
      "endToEndVerifiedTransports": [],
      "endToEndEvidence": {},
      "transportExecutionReceipts": {}
    },
    {
      "actionId": "placed_element.detach_from_tile_projection",
      "declaredTransports": [
        "cli",
        "directApi",
        "editor",
        "mcp"
      ],
      "adapterCapableTransports": [
        "cli",
        "directApi",
        "editor",
        "mcp"
      ],
      "adapterEvidence": {
        "cli": "lib/src/tooling/jsonl_worker.dart",
        "directApi": "lib/src/api/local_map_authoring_mutation_api.dart",
        "editor": "../map_editor/lib/src/application/authoring_api/authoring_mutation_adapter.dart",
        "mcp": "../../tools/pokemap_mcp/src/authoring_client.ts"
      },
      "contractTestPath": "test/domains/maps/spatial_object_contract_test.dart",
      "endToEndVerifiedTransports": [],
      "endToEndEvidence": {},
      "transportExecutionReceipts": {}
    },
    {
      "actionId": "placed_element.move",
      "declaredTransports": [
        "cli",
        "directApi",
        "editor",
        "mcp"
      ],
      "adapterCapableTransports": [
        "cli",
        "directApi",
        "editor",
        "mcp"
      ],
      "adapterEvidence": {
        "cli": "lib/src/tooling/jsonl_worker.dart",
        "directApi": "lib/src/api/local_map_authoring_mutation_api.dart",
        "editor": "../map_editor/lib/src/application/authoring_api/authoring_mutation_adapter.dart",
        "mcp": "../../tools/pokemap_mcp/src/authoring_client.ts"
      },
      "contractTestPath": "test/domains/maps/spatial_object_contract_test.dart",
      "endToEndVerifiedTransports": [],
      "endToEndEvidence": {},
      "transportExecutionReceipts": {}
    },
    {
      "actionId": "placed_element.patch_properties",
      "declaredTransports": [
        "cli",
        "directApi",
        "editor",
        "mcp"
      ],
      "adapterCapableTransports": [
        "cli",
        "directApi",
        "editor",
        "mcp"
      ],
      "adapterEvidence": {
        "cli": "lib/src/tooling/jsonl_worker.dart",
        "directApi": "lib/src/api/local_map_authoring_mutation_api.dart",
        "editor": "../map_editor/lib/src/application/authoring_api/authoring_mutation_adapter.dart",
        "mcp": "../../tools/pokemap_mcp/src/authoring_client.ts"
      },
      "contractTestPath": "test/domains/maps/spatial_object_contract_test.dart",
      "endToEndVerifiedTransports": [],
      "endToEndEvidence": {},
      "transportExecutionReceipts": {}
    },
    {
      "actionId": "placed_element.place",
      "declaredTransports": [
        "cli",
        "directApi",
        "editor",
        "mcp"
      ],
      "adapterCapableTransports": [
        "cli",
        "directApi",
        "editor",
        "mcp"
      ],
      "adapterEvidence": {
        "cli": "lib/src/tooling/jsonl_worker.dart",
        "directApi": "lib/src/api/local_map_authoring_mutation_api.dart",
        "editor": "../map_editor/lib/src/application/authoring_api/authoring_mutation_adapter.dart",
        "mcp": "../../tools/pokemap_mcp/src/authoring_client.ts"
      },
      "contractTestPath": "test/domains/maps/spatial_object_contract_test.dart",
      "endToEndVerifiedTransports": [],
      "endToEndEvidence": {},
      "transportExecutionReceipts": {}
    },
    {
      "actionId": "placed_element.replace_for_layer",
      "declaredTransports": [
        "cli",
        "directApi",
        "editor",
        "mcp"
      ],
      "adapterCapableTransports": [
        "cli",
        "directApi",
        "editor",
        "mcp"
      ],
      "adapterEvidence": {
        "cli": "lib/src/tooling/jsonl_worker.dart",
        "directApi": "lib/src/api/local_map_authoring_mutation_api.dart",
        "editor": "../map_editor/lib/src/application/authoring_api/authoring_mutation_adapter.dart",
        "mcp": "../../tools/pokemap_mcp/src/authoring_client.ts"
      },
      "contractTestPath": "test/domains/maps/spatial_object_contract_test.dart",
      "endToEndVerifiedTransports": [],
      "endToEndEvidence": {},
      "transportExecutionReceipts": {}
    },
    {
      "actionId": "placed_element.reset_animation",
      "declaredTransports": [
        "cli",
        "directApi",
        "editor",
        "mcp"
      ],
      "adapterCapableTransports": [
        "cli",
        "directApi",
        "editor",
        "mcp"
      ],
      "adapterEvidence": {
        "cli": "lib/src/tooling/jsonl_worker.dart",
        "directApi": "lib/src/api/local_map_authoring_mutation_api.dart",
        "editor": "../map_editor/lib/src/application/authoring_api/authoring_mutation_adapter.dart",
        "mcp": "../../tools/pokemap_mcp/src/authoring_client.ts"
      },
      "contractTestPath": "test/domains/maps/spatial_object_contract_test.dart",
      "endToEndVerifiedTransports": [],
      "endToEndEvidence": {},
      "transportExecutionReceipts": {}
    },
    {
      "actionId": "placed_element.rotate",
      "declaredTransports": [
        "cli",
        "directApi",
        "editor",
        "mcp"
      ],
      "adapterCapableTransports": [
        "cli",
        "directApi",
        "editor",
        "mcp"
      ],
      "adapterEvidence": {
        "cli": "lib/src/tooling/jsonl_worker.dart",
        "directApi": "lib/src/api/local_map_authoring_mutation_api.dart",
        "editor": "../map_editor/lib/src/application/authoring_api/authoring_mutation_adapter.dart",
        "mcp": "../../tools/pokemap_mcp/src/authoring_client.ts"
      },
      "contractTestPath": "test/domains/maps/spatial_object_contract_test.dart",
      "endToEndVerifiedTransports": [],
      "endToEndEvidence": {},
      "transportExecutionReceipts": {}
    },
    {
      "actionId": "placed_element.send_backward",
      "declaredTransports": [
        "cli",
        "directApi",
        "editor",
        "mcp"
      ],
      "adapterCapableTransports": [
        "cli",
        "directApi",
        "editor",
        "mcp"
      ],
      "adapterEvidence": {
        "cli": "lib/src/tooling/jsonl_worker.dart",
        "directApi": "lib/src/api/local_map_authoring_mutation_api.dart",
        "editor": "../map_editor/lib/src/application/authoring_api/authoring_mutation_adapter.dart",
        "mcp": "../../tools/pokemap_mcp/src/authoring_client.ts"
      },
      "contractTestPath": "test/domains/maps/spatial_object_contract_test.dart",
      "endToEndVerifiedTransports": [],
      "endToEndEvidence": {},
      "transportExecutionReceipts": {}
    },
    {
      "actionId": "placed_element.set_animation",
      "declaredTransports": [
        "cli",
        "directApi",
        "editor",
        "mcp"
      ],
      "adapterCapableTransports": [
        "cli",
        "directApi",
        "editor",
        "mcp"
      ],
      "adapterEvidence": {
        "cli": "lib/src/tooling/jsonl_worker.dart",
        "directApi": "lib/src/api/local_map_authoring_mutation_api.dart",
        "editor": "../map_editor/lib/src/application/authoring_api/authoring_mutation_adapter.dart",
        "mcp": "../../tools/pokemap_mcp/src/authoring_client.ts"
      },
      "contractTestPath": "test/domains/maps/spatial_object_contract_test.dart",
      "endToEndVerifiedTransports": [],
      "endToEndEvidence": {},
      "transportExecutionReceipts": {}
    },
    {
      "actionId": "placed_element.set_collision",
      "declaredTransports": [
        "cli",
        "directApi",
        "editor",
        "mcp"
      ],
      "adapterCapableTransports": [
        "cli",
        "directApi",
        "editor",
        "mcp"
      ],
      "adapterEvidence": {
        "cli": "lib/src/tooling/jsonl_worker.dart",
        "directApi": "lib/src/api/local_map_authoring_mutation_api.dart",
        "editor": "../map_editor/lib/src/application/authoring_api/authoring_mutation_adapter.dart",
        "mcp": "../../tools/pokemap_mcp/src/authoring_client.ts"
      },
      "contractTestPath": "test/domains/maps/spatial_object_contract_test.dart",
      "endToEndVerifiedTransports": [],
      "endToEndEvidence": {},
      "transportExecutionReceipts": {}
    },
    {
      "actionId": "placed_element.set_opacity",
      "declaredTransports": [
        "cli",
        "directApi",
        "editor",
        "mcp"
      ],
      "adapterCapableTransports": [
        "cli",
        "directApi",
        "editor",
        "mcp"
      ],
      "adapterEvidence": {
        "cli": "lib/src/tooling/jsonl_worker.dart",
        "directApi": "lib/src/api/local_map_authoring_mutation_api.dart",
        "editor": "../map_editor/lib/src/application/authoring_api/authoring_mutation_adapter.dart",
        "mcp": "../../tools/pokemap_mcp/src/authoring_client.ts"
      },
      "contractTestPath": "test/domains/maps/spatial_object_contract_test.dart",
      "endToEndVerifiedTransports": [],
      "endToEndEvidence": {},
      "transportExecutionReceipts": {}
    },
    {
      "actionId": "placed_element.set_shadow_override",
      "declaredTransports": [
        "cli",
        "directApi",
        "editor",
        "mcp"
      ],
      "adapterCapableTransports": [
        "cli",
        "directApi",
        "editor",
        "mcp"
      ],
      "adapterEvidence": {
        "cli": "lib/src/tooling/jsonl_worker.dart",
        "directApi": "lib/src/api/local_map_authoring_mutation_api.dart",
        "editor": "../map_editor/lib/src/application/authoring_api/authoring_mutation_adapter.dart",
        "mcp": "../../tools/pokemap_mcp/src/authoring_client.ts"
      },
      "contractTestPath": "test/domains/maps/spatial_object_contract_test.dart",
      "endToEndVerifiedTransports": [],
      "endToEndEvidence": {},
      "transportExecutionReceipts": {}
    },
    {
      "actionId": "placed_element.update",
      "declaredTransports": [
        "cli",
        "directApi",
        "editor",
        "mcp"
      ],
      "adapterCapableTransports": [
        "cli",
        "directApi",
        "editor",
        "mcp"
      ],
      "adapterEvidence": {
        "cli": "lib/src/tooling/jsonl_worker.dart",
        "directApi": "lib/src/api/local_map_authoring_mutation_api.dart",
        "editor": "../map_editor/lib/src/application/authoring_api/authoring_mutation_adapter.dart",
        "mcp": "../../tools/pokemap_mcp/src/authoring_client.ts"
      },
      "contractTestPath": "test/domains/maps/spatial_object_contract_test.dart",
      "endToEndVerifiedTransports": [],
      "endToEndEvidence": {},
      "transportExecutionReceipts": {}
    },
    {
      "actionId": "pokemon.catalog.entries.add",
      "declaredTransports": [
        "cli",
        "directApi",
        "editor",
        "mcp"
      ],
      "adapterCapableTransports": [
        "cli",
        "directApi",
        "editor",
        "mcp"
      ],
      "adapterEvidence": {
        "cli": "lib/src/tooling/jsonl_worker.dart",
        "directApi": "lib/src/api/local_map_authoring_mutation_api.dart",
        "editor": "../map_editor/lib/src/application/authoring_api/authoring_mutation_adapter.dart",
        "mcp": "../../tools/pokemap_mcp/src/authoring_client.ts"
      },
      "contractTestPath": "test/domains/gameplay/pokemon_catalog_authoring_test.dart",
      "endToEndVerifiedTransports": [],
      "endToEndEvidence": {},
      "transportExecutionReceipts": {}
    },
    {
      "actionId": "pokemon.catalog.write",
      "declaredTransports": [
        "cli",
        "directApi",
        "editor",
        "mcp"
      ],
      "adapterCapableTransports": [
        "cli",
        "directApi",
        "editor",
        "mcp"
      ],
      "adapterEvidence": {
        "cli": "lib/src/tooling/jsonl_worker.dart",
        "directApi": "lib/src/api/local_map_authoring_mutation_api.dart",
        "editor": "../map_editor/lib/src/application/authoring_api/authoring_mutation_adapter.dart",
        "mcp": "../../tools/pokemap_mcp/src/authoring_client.ts"
      },
      "contractTestPath": "test/domains/gameplay/pokemon_catalog_authoring_test.dart",
      "endToEndVerifiedTransports": [],
      "endToEndEvidence": {},
      "transportExecutionReceipts": {}
    },
    {
      "actionId": "pokemon.documents.write",
      "declaredTransports": [
        "cli",
        "directApi",
        "editor",
        "mcp"
      ],
      "adapterCapableTransports": [
        "cli",
        "directApi",
        "editor",
        "mcp"
      ],
      "adapterEvidence": {
        "cli": "lib/src/tooling/jsonl_worker.dart",
        "directApi": "lib/src/api/local_map_authoring_mutation_api.dart",
        "editor": "../map_editor/lib/src/application/authoring_api/authoring_mutation_adapter.dart",
        "mcp": "../../tools/pokemap_mcp/src/authoring_client.ts"
      },
      "contractTestPath": "test/domains/gameplay/pokemon_catalog_authoring_test.dart",
      "endToEndVerifiedTransports": [],
      "endToEndEvidence": {},
      "transportExecutionReceipts": {}
    },
    {
      "actionId": "pokemon.evolution.delete",
      "declaredTransports": [
        "cli",
        "directApi",
        "editor",
        "mcp"
      ],
      "adapterCapableTransports": [
        "cli",
        "directApi",
        "editor",
        "mcp"
      ],
      "adapterEvidence": {
        "cli": "lib/src/tooling/jsonl_worker.dart",
        "directApi": "lib/src/api/local_map_authoring_mutation_api.dart",
        "editor": "../map_editor/lib/src/application/authoring_api/authoring_mutation_adapter.dart",
        "mcp": "../../tools/pokemap_mcp/src/authoring_client.ts"
      },
      "contractTestPath": "test/domains/gameplay/pokemon_catalog_authoring_test.dart",
      "endToEndVerifiedTransports": [],
      "endToEndEvidence": {},
      "transportExecutionReceipts": {}
    },
    {
      "actionId": "pokemon.evolution.write",
      "declaredTransports": [
        "cli",
        "directApi",
        "editor",
        "mcp"
      ],
      "adapterCapableTransports": [
        "cli",
        "directApi",
        "editor",
        "mcp"
      ],
      "adapterEvidence": {
        "cli": "lib/src/tooling/jsonl_worker.dart",
        "directApi": "lib/src/api/local_map_authoring_mutation_api.dart",
        "editor": "../map_editor/lib/src/application/authoring_api/authoring_mutation_adapter.dart",
        "mcp": "../../tools/pokemap_mcp/src/authoring_client.ts"
      },
      "contractTestPath": "test/domains/gameplay/pokemon_catalog_authoring_test.dart",
      "endToEndVerifiedTransports": [],
      "endToEndEvidence": {},
      "transportExecutionReceipts": {}
    },
    {
      "actionId": "pokemon.learnset.delete",
      "declaredTransports": [
        "cli",
        "directApi",
        "editor",
        "mcp"
      ],
      "adapterCapableTransports": [
        "cli",
        "directApi",
        "editor",
        "mcp"
      ],
      "adapterEvidence": {
        "cli": "lib/src/tooling/jsonl_worker.dart",
        "directApi": "lib/src/api/local_map_authoring_mutation_api.dart",
        "editor": "../map_editor/lib/src/application/authoring_api/authoring_mutation_adapter.dart",
        "mcp": "../../tools/pokemap_mcp/src/authoring_client.ts"
      },
      "contractTestPath": "test/domains/gameplay/pokemon_catalog_authoring_test.dart",
      "endToEndVerifiedTransports": [],
      "endToEndEvidence": {},
      "transportExecutionReceipts": {}
    },
    {
      "actionId": "pokemon.learnset.write",
      "declaredTransports": [
        "cli",
        "directApi",
        "editor",
        "mcp"
      ],
      "adapterCapableTransports": [
        "cli",
        "directApi",
        "editor",
        "mcp"
      ],
      "adapterEvidence": {
        "cli": "lib/src/tooling/jsonl_worker.dart",
        "directApi": "lib/src/api/local_map_authoring_mutation_api.dart",
        "editor": "../map_editor/lib/src/application/authoring_api/authoring_mutation_adapter.dart",
        "mcp": "../../tools/pokemap_mcp/src/authoring_client.ts"
      },
      "contractTestPath": "test/domains/gameplay/pokemon_catalog_authoring_test.dart",
      "endToEndVerifiedTransports": [],
      "endToEndEvidence": {},
      "transportExecutionReceipts": {}
    },
    {
      "actionId": "pokemon.media.delete",
      "declaredTransports": [
        "cli",
        "directApi",
        "editor",
        "mcp"
      ],
      "adapterCapableTransports": [
        "cli",
        "directApi",
        "editor",
        "mcp"
      ],
      "adapterEvidence": {
        "cli": "lib/src/tooling/jsonl_worker.dart",
        "directApi": "lib/src/api/local_map_authoring_mutation_api.dart",
        "editor": "../map_editor/lib/src/application/authoring_api/authoring_mutation_adapter.dart",
        "mcp": "../../tools/pokemap_mcp/src/authoring_client.ts"
      },
      "contractTestPath": "test/domains/gameplay/pokemon_catalog_authoring_test.dart",
      "endToEndVerifiedTransports": [],
      "endToEndEvidence": {},
      "transportExecutionReceipts": {}
    },
    {
      "actionId": "pokemon.media.import",
      "declaredTransports": [
        "cli",
        "directApi",
        "editor",
        "mcp"
      ],
      "adapterCapableTransports": [
        "cli",
        "directApi",
        "editor",
        "mcp"
      ],
      "adapterEvidence": {
        "cli": "lib/src/tooling/jsonl_worker.dart",
        "directApi": "lib/src/api/local_map_authoring_mutation_api.dart",
        "editor": "../map_editor/lib/src/application/authoring_api/authoring_mutation_adapter.dart",
        "mcp": "../../tools/pokemap_mcp/src/authoring_client.ts"
      },
      "contractTestPath": "test/domains/gameplay/pokemon_catalog_authoring_test.dart",
      "endToEndVerifiedTransports": [],
      "endToEndEvidence": {},
      "transportExecutionReceipts": {}
    },
    {
      "actionId": "pokemon.media.write",
      "declaredTransports": [
        "cli",
        "directApi",
        "editor",
        "mcp"
      ],
      "adapterCapableTransports": [
        "cli",
        "directApi",
        "editor",
        "mcp"
      ],
      "adapterEvidence": {
        "cli": "lib/src/tooling/jsonl_worker.dart",
        "directApi": "lib/src/api/local_map_authoring_mutation_api.dart",
        "editor": "../map_editor/lib/src/application/authoring_api/authoring_mutation_adapter.dart",
        "mcp": "../../tools/pokemap_mcp/src/authoring_client.ts"
      },
      "contractTestPath": "test/domains/gameplay/pokemon_catalog_authoring_test.dart",
      "endToEndVerifiedTransports": [],
      "endToEndEvidence": {},
      "transportExecutionReceipts": {}
    },
    {
      "actionId": "pokemon.ruleset.set",
      "declaredTransports": [
        "cli",
        "directApi",
        "editor",
        "mcp"
      ],
      "adapterCapableTransports": [
        "cli",
        "directApi",
        "editor",
        "mcp"
      ],
      "adapterEvidence": {
        "cli": "lib/src/tooling/jsonl_worker.dart",
        "directApi": "lib/src/api/local_map_authoring_mutation_api.dart",
        "editor": "../map_editor/lib/src/application/authoring_api/authoring_mutation_adapter.dart",
        "mcp": "../../tools/pokemap_mcp/src/authoring_client.ts"
      },
      "contractTestPath": "test/domains/gameplay/pokemon_ruleset_authoring_test.dart",
      "endToEndVerifiedTransports": [
        "cli",
        "directApi",
        "editor",
        "mcp"
      ],
      "endToEndEvidence": {
        "cli": "test/domains/gameplay/pokemon_ruleset_authoring_test.dart",
        "directApi": "test/domains/gameplay/pokemon_ruleset_authoring_test.dart",
        "editor": "../map_editor/test/authoring_api/editor_mutation_parity_test.dart",
        "mcp": "../../tools/pokemap_mcp/test/pokemon_authoring.test.ts"
      },
      "transportExecutionReceipts": {}
    },
    {
      "actionId": "pokemon.species.delete",
      "declaredTransports": [
        "cli",
        "directApi",
        "editor",
        "mcp"
      ],
      "adapterCapableTransports": [
        "cli",
        "directApi",
        "editor",
        "mcp"
      ],
      "adapterEvidence": {
        "cli": "lib/src/tooling/jsonl_worker.dart",
        "directApi": "lib/src/api/local_map_authoring_mutation_api.dart",
        "editor": "../map_editor/lib/src/application/authoring_api/authoring_mutation_adapter.dart",
        "mcp": "../../tools/pokemap_mcp/src/authoring_client.ts"
      },
      "contractTestPath": "test/domains/gameplay/pokemon_catalog_authoring_test.dart",
      "endToEndVerifiedTransports": [],
      "endToEndEvidence": {},
      "transportExecutionReceipts": {}
    },
    {
      "actionId": "pokemon.species.write",
      "declaredTransports": [
        "cli",
        "directApi",
        "editor",
        "mcp"
      ],
      "adapterCapableTransports": [
        "cli",
        "directApi",
        "editor",
        "mcp"
      ],
      "adapterEvidence": {
        "cli": "lib/src/tooling/jsonl_worker.dart",
        "directApi": "lib/src/api/local_map_authoring_mutation_api.dart",
        "editor": "../map_editor/lib/src/application/authoring_api/authoring_mutation_adapter.dart",
        "mcp": "../../tools/pokemap_mcp/src/authoring_client.ts"
      },
      "contractTestPath": "test/domains/gameplay/pokemon_catalog_authoring_test.dart",
      "endToEndVerifiedTransports": [],
      "endToEndEvidence": {},
      "transportExecutionReceipts": {}
    },
    {
      "actionId": "presentation.delete",
      "declaredTransports": [
        "cli",
        "directApi",
        "editor",
        "mcp"
      ],
      "adapterCapableTransports": [
        "cli",
        "directApi",
        "editor",
        "mcp"
      ],
      "adapterEvidence": {
        "cli": "lib/src/tooling/jsonl_worker.dart",
        "directApi": "lib/src/api/local_map_authoring_mutation_api.dart",
        "editor": "../map_editor/lib/src/application/authoring_api/authoring_mutation_adapter.dart",
        "mcp": "../../tools/pokemap_mcp/src/authoring_client.ts"
      },
      "contractTestPath": "test/domains/assets/presentation_authoring_test.dart",
      "endToEndVerifiedTransports": [],
      "endToEndEvidence": {},
      "transportExecutionReceipts": {}
    },
    {
      "actionId": "presentation.preset.delete_apply",
      "declaredTransports": [
        "cli",
        "directApi",
        "editor",
        "mcp"
      ],
      "adapterCapableTransports": [
        "cli",
        "directApi",
        "editor",
        "mcp"
      ],
      "adapterEvidence": {
        "cli": "lib/src/tooling/jsonl_worker.dart",
        "directApi": "lib/src/api/local_map_authoring_mutation_api.dart",
        "editor": "../map_editor/lib/src/application/authoring_api/authoring_mutation_adapter.dart",
        "mcp": "../../tools/pokemap_mcp/src/authoring_client.ts"
      },
      "contractTestPath": "test/domains/assets/presentation_authoring_test.dart",
      "endToEndVerifiedTransports": [],
      "endToEndEvidence": {},
      "transportExecutionReceipts": {}
    },
    {
      "actionId": "presentation.preset.delete_plan",
      "declaredTransports": [
        "cli",
        "directApi",
        "editor",
        "mcp"
      ],
      "adapterCapableTransports": [
        "cli",
        "directApi",
        "editor",
        "mcp"
      ],
      "adapterEvidence": {
        "cli": "lib/src/tooling/jsonl_worker.dart",
        "directApi": "lib/src/api/local_map_authoring_mutation_api.dart",
        "editor": "../map_editor/lib/src/application/authoring_api/authoring_mutation_adapter.dart",
        "mcp": "../../tools/pokemap_mcp/src/authoring_client.ts"
      },
      "contractTestPath": "test/domains/assets/presentation_authoring_test.dart",
      "endToEndVerifiedTransports": [],
      "endToEndEvidence": {},
      "transportExecutionReceipts": {}
    },
    {
      "actionId": "presentation.preset.export",
      "declaredTransports": [
        "cli",
        "directApi",
        "editor",
        "mcp"
      ],
      "adapterCapableTransports": [
        "cli",
        "directApi",
        "editor",
        "mcp"
      ],
      "adapterEvidence": {
        "cli": "lib/src/tooling/jsonl_worker.dart",
        "directApi": "lib/src/api/local_map_authoring_mutation_api.dart",
        "editor": "../map_editor/lib/src/application/authoring_api/authoring_mutation_adapter.dart",
        "mcp": "../../tools/pokemap_mcp/src/authoring_client.ts"
      },
      "contractTestPath": "test/domains/assets/presentation_authoring_test.dart",
      "endToEndVerifiedTransports": [
        "cli",
        "directApi",
        "editor",
        "mcp"
      ],
      "endToEndEvidence": {
        "cli": "test/parity/full_authoring_parity_test.dart",
        "directApi": "test/parity/full_authoring_parity_test.dart",
        "editor": "../map_editor/test/authoring_api/editor_mutation_parity_test.dart",
        "mcp": "../../tools/pokemap_mcp/test/mutation_server.test.ts"
      },
      "transportExecutionReceipts": {}
    },
    {
      "actionId": "presentation.preset.import_apply",
      "declaredTransports": [
        "cli",
        "directApi",
        "editor",
        "mcp"
      ],
      "adapterCapableTransports": [
        "cli",
        "directApi",
        "editor",
        "mcp"
      ],
      "adapterEvidence": {
        "cli": "lib/src/tooling/jsonl_worker.dart",
        "directApi": "lib/src/api/local_map_authoring_mutation_api.dart",
        "editor": "../map_editor/lib/src/application/authoring_api/authoring_mutation_adapter.dart",
        "mcp": "../../tools/pokemap_mcp/src/authoring_client.ts"
      },
      "contractTestPath": "test/domains/assets/presentation_authoring_test.dart",
      "endToEndVerifiedTransports": [],
      "endToEndEvidence": {},
      "transportExecutionReceipts": {}
    },
    {
      "actionId": "presentation.preset.import_plan",
      "declaredTransports": [
        "cli",
        "directApi",
        "editor",
        "mcp"
      ],
      "adapterCapableTransports": [
        "cli",
        "directApi",
        "editor",
        "mcp"
      ],
      "adapterEvidence": {
        "cli": "lib/src/tooling/jsonl_worker.dart",
        "directApi": "lib/src/api/local_map_authoring_mutation_api.dart",
        "editor": "../map_editor/lib/src/application/authoring_api/authoring_mutation_adapter.dart",
        "mcp": "../../tools/pokemap_mcp/src/authoring_client.ts"
      },
      "contractTestPath": "test/domains/assets/presentation_authoring_test.dart",
      "endToEndVerifiedTransports": [],
      "endToEndEvidence": {},
      "transportExecutionReceipts": {}
    },
    {
      "actionId": "presentation.update",
      "declaredTransports": [
        "cli",
        "directApi",
        "editor",
        "mcp"
      ],
      "adapterCapableTransports": [
        "cli",
        "directApi",
        "editor",
        "mcp"
      ],
      "adapterEvidence": {
        "cli": "lib/src/tooling/jsonl_worker.dart",
        "directApi": "lib/src/api/local_map_authoring_mutation_api.dart",
        "editor": "../map_editor/lib/src/application/authoring_api/authoring_mutation_adapter.dart",
        "mcp": "../../tools/pokemap_mcp/src/authoring_client.ts"
      },
      "contractTestPath": "test/domains/assets/presentation_authoring_test.dart",
      "endToEndVerifiedTransports": [
        "cli",
        "directApi",
        "editor",
        "mcp"
      ],
      "endToEndEvidence": {
        "cli": "test/parity/full_authoring_parity_test.dart",
        "directApi": "test/parity/full_authoring_parity_test.dart",
        "editor": "../map_editor/test/personalization/phase_6_personalization_studio_export_e2e_test.dart",
        "mcp": "../../tools/pokemap_mcp/test/mutation_server.test.ts"
      },
      "transportExecutionReceipts": {}
    },
    {
      "actionId": "presentationCinematic.create",
      "declaredTransports": [
        "cli",
        "directApi",
        "editor",
        "mcp"
      ],
      "adapterCapableTransports": [
        "cli",
        "directApi",
        "editor",
        "mcp"
      ],
      "adapterEvidence": {
        "cli": "lib/src/tooling/jsonl_worker.dart",
        "directApi": "lib/src/api/local_map_authoring_mutation_api.dart",
        "editor": "../map_editor/lib/src/application/authoring_api/authoring_mutation_adapter.dart",
        "mcp": "../../tools/pokemap_mcp/src/authoring_client.ts"
      },
      "contractTestPath": "test/domains/narrative/presentation_cinematic_authoring_test.dart",
      "endToEndVerifiedTransports": [
        "cli",
        "directApi",
        "editor",
        "mcp"
      ],
      "endToEndEvidence": {
        "cli": "test/tooling/jsonl_presentation_cinematic_flow_test.dart",
        "directApi": "test/tooling/jsonl_presentation_cinematic_flow_test.dart",
        "editor": "../map_editor/test/authoring_api/editor_mutation_parity_test.dart",
        "mcp": "../../tools/pokemap_mcp/test/mutation_server.test.ts"
      },
      "transportExecutionReceipts": {}
    },
    {
      "actionId": "presentationCinematic.delete",
      "declaredTransports": [
        "cli",
        "directApi",
        "editor",
        "mcp"
      ],
      "adapterCapableTransports": [
        "cli",
        "directApi",
        "editor",
        "mcp"
      ],
      "adapterEvidence": {
        "cli": "lib/src/tooling/jsonl_worker.dart",
        "directApi": "lib/src/api/local_map_authoring_mutation_api.dart",
        "editor": "../map_editor/lib/src/application/authoring_api/authoring_mutation_adapter.dart",
        "mcp": "../../tools/pokemap_mcp/src/authoring_client.ts"
      },
      "contractTestPath": "test/domains/narrative/presentation_cinematic_authoring_test.dart",
      "endToEndVerifiedTransports": [
        "cli",
        "directApi",
        "editor",
        "mcp"
      ],
      "endToEndEvidence": {
        "cli": "test/tooling/jsonl_presentation_cinematic_flow_test.dart",
        "directApi": "test/tooling/jsonl_presentation_cinematic_flow_test.dart",
        "editor": "../map_editor/test/authoring_api/editor_mutation_parity_test.dart",
        "mcp": "../../tools/pokemap_mcp/test/mutation_server.test.ts"
      },
      "transportExecutionReceipts": {}
    },
    {
      "actionId": "presentationCinematic.duplicate",
      "declaredTransports": [
        "cli",
        "directApi",
        "editor",
        "mcp"
      ],
      "adapterCapableTransports": [
        "cli",
        "directApi",
        "editor",
        "mcp"
      ],
      "adapterEvidence": {
        "cli": "lib/src/tooling/jsonl_worker.dart",
        "directApi": "lib/src/api/local_map_authoring_mutation_api.dart",
        "editor": "../map_editor/lib/src/application/authoring_api/authoring_mutation_adapter.dart",
        "mcp": "../../tools/pokemap_mcp/src/authoring_client.ts"
      },
      "contractTestPath": "test/domains/narrative/presentation_cinematic_authoring_test.dart",
      "endToEndVerifiedTransports": [
        "cli",
        "directApi",
        "editor",
        "mcp"
      ],
      "endToEndEvidence": {
        "cli": "test/tooling/jsonl_presentation_cinematic_flow_test.dart",
        "directApi": "test/tooling/jsonl_presentation_cinematic_flow_test.dart",
        "editor": "../map_editor/test/authoring_api/editor_mutation_parity_test.dart",
        "mcp": "../../tools/pokemap_mcp/test/mutation_server.test.ts"
      },
      "transportExecutionReceipts": {}
    },
    {
      "actionId": "presentationCinematic.publish",
      "declaredTransports": [
        "cli",
        "directApi",
        "editor",
        "mcp"
      ],
      "adapterCapableTransports": [
        "cli",
        "directApi",
        "editor",
        "mcp"
      ],
      "adapterEvidence": {
        "cli": "lib/src/tooling/jsonl_worker.dart",
        "directApi": "lib/src/api/local_map_authoring_mutation_api.dart",
        "editor": "../map_editor/lib/src/application/authoring_api/authoring_mutation_adapter.dart",
        "mcp": "../../tools/pokemap_mcp/src/authoring_client.ts"
      },
      "contractTestPath": "test/domains/narrative/presentation_publication_ui11_test.dart",
      "endToEndVerifiedTransports": [
        "cli",
        "directApi",
        "editor",
        "mcp"
      ],
      "endToEndEvidence": {
        "cli": "test/tooling/jsonl_presentation_publication_ui11_test.dart",
        "directApi": "test/tooling/jsonl_presentation_publication_ui11_test.dart",
        "editor": "../../apps/avelune_studio/test/presentations/presentation_adapter_ui11_test.dart",
        "mcp": "../../tools/pokemap_mcp/test/mutation_server.test.ts"
      },
      "transportExecutionReceipts": {}
    },
    {
      "actionId": "presentationCinematic.update",
      "declaredTransports": [
        "cli",
        "directApi",
        "editor",
        "mcp"
      ],
      "adapterCapableTransports": [
        "cli",
        "directApi",
        "editor",
        "mcp"
      ],
      "adapterEvidence": {
        "cli": "lib/src/tooling/jsonl_worker.dart",
        "directApi": "lib/src/api/local_map_authoring_mutation_api.dart",
        "editor": "../map_editor/lib/src/application/authoring_api/authoring_mutation_adapter.dart",
        "mcp": "../../tools/pokemap_mcp/src/authoring_client.ts"
      },
      "contractTestPath": "test/domains/narrative/presentation_cinematic_authoring_test.dart",
      "endToEndVerifiedTransports": [
        "cli",
        "directApi",
        "editor",
        "mcp"
      ],
      "endToEndEvidence": {
        "cli": "test/tooling/jsonl_presentation_cinematic_flow_test.dart",
        "directApi": "test/tooling/jsonl_presentation_cinematic_flow_test.dart",
        "editor": "../map_editor/test/authoring_api/editor_mutation_parity_test.dart",
        "mcp": "../../tools/pokemap_mcp/test/mutation_server.test.ts"
      },
      "transportExecutionReceipts": {}
    },
    {
      "actionId": "presentationCinematicTemplate.instantiate",
      "declaredTransports": [
        "cli",
        "directApi",
        "editor",
        "mcp"
      ],
      "adapterCapableTransports": [
        "cli",
        "directApi",
        "editor",
        "mcp"
      ],
      "adapterEvidence": {
        "cli": "lib/src/tooling/jsonl_worker.dart",
        "directApi": "lib/src/api/local_map_authoring_mutation_api.dart",
        "editor": "../map_editor/lib/src/application/authoring_api/authoring_mutation_adapter.dart",
        "mcp": "../../tools/pokemap_mcp/src/authoring_client.ts"
      },
      "contractTestPath": "test/domains/narrative/presentation_cinematic_template_authoring_test.dart",
      "endToEndVerifiedTransports": [],
      "endToEndEvidence": {},
      "transportExecutionReceipts": {}
    },
    {
      "actionId": "presentationClip.batch",
      "declaredTransports": [
        "cli",
        "directApi",
        "editor",
        "mcp"
      ],
      "adapterCapableTransports": [
        "cli",
        "directApi",
        "editor",
        "mcp"
      ],
      "adapterEvidence": {
        "cli": "lib/src/tooling/jsonl_worker.dart",
        "directApi": "lib/src/api/local_map_authoring_mutation_api.dart",
        "editor": "../map_editor/lib/src/application/authoring_api/authoring_mutation_adapter.dart",
        "mcp": "../../tools/pokemap_mcp/src/authoring_client.ts"
      },
      "contractTestPath": "test/domains/narrative/presentation_cinematic_authoring_test.dart",
      "endToEndVerifiedTransports": [
        "cli",
        "directApi",
        "editor",
        "mcp"
      ],
      "endToEndEvidence": {
        "cli": "test/tooling/jsonl_presentation_clip_batch_flow_test.dart",
        "directApi": "test/tooling/jsonl_presentation_clip_batch_flow_test.dart",
        "editor": "../map_editor/test/authoring_api/presentation_studio_timeline_authoring_gateway_test.dart",
        "mcp": "../../tools/pokemap_mcp/test/mutation_server.test.ts"
      },
      "transportExecutionReceipts": {}
    },
    {
      "actionId": "presentationClip.create",
      "declaredTransports": [
        "cli",
        "directApi",
        "editor",
        "mcp"
      ],
      "adapterCapableTransports": [
        "cli",
        "directApi",
        "editor",
        "mcp"
      ],
      "adapterEvidence": {
        "cli": "lib/src/tooling/jsonl_worker.dart",
        "directApi": "lib/src/api/local_map_authoring_mutation_api.dart",
        "editor": "../map_editor/lib/src/application/authoring_api/authoring_mutation_adapter.dart",
        "mcp": "../../tools/pokemap_mcp/src/authoring_client.ts"
      },
      "contractTestPath": "test/domains/narrative/presentation_cinematic_authoring_test.dart",
      "endToEndVerifiedTransports": [
        "cli",
        "directApi",
        "editor",
        "mcp"
      ],
      "endToEndEvidence": {
        "cli": "test/tooling/jsonl_presentation_cinematic_flow_test.dart",
        "directApi": "test/tooling/jsonl_presentation_cinematic_flow_test.dart",
        "editor": "../map_editor/test/authoring_api/editor_mutation_parity_test.dart",
        "mcp": "../../tools/pokemap_mcp/test/mutation_server.test.ts"
      },
      "transportExecutionReceipts": {}
    },
    {
      "actionId": "presentationClip.delete",
      "declaredTransports": [
        "cli",
        "directApi",
        "editor",
        "mcp"
      ],
      "adapterCapableTransports": [
        "cli",
        "directApi",
        "editor",
        "mcp"
      ],
      "adapterEvidence": {
        "cli": "lib/src/tooling/jsonl_worker.dart",
        "directApi": "lib/src/api/local_map_authoring_mutation_api.dart",
        "editor": "../map_editor/lib/src/application/authoring_api/authoring_mutation_adapter.dart",
        "mcp": "../../tools/pokemap_mcp/src/authoring_client.ts"
      },
      "contractTestPath": "test/domains/narrative/presentation_cinematic_authoring_test.dart",
      "endToEndVerifiedTransports": [
        "cli",
        "directApi",
        "editor",
        "mcp"
      ],
      "endToEndEvidence": {
        "cli": "test/tooling/jsonl_presentation_cinematic_flow_test.dart",
        "directApi": "test/tooling/jsonl_presentation_cinematic_flow_test.dart",
        "editor": "../map_editor/test/authoring_api/editor_mutation_parity_test.dart",
        "mcp": "../../tools/pokemap_mcp/test/mutation_server.test.ts"
      },
      "transportExecutionReceipts": {}
    },
    {
      "actionId": "presentationClip.deleteBatch",
      "declaredTransports": [
        "cli",
        "directApi",
        "editor",
        "mcp"
      ],
      "adapterCapableTransports": [
        "cli",
        "directApi",
        "editor",
        "mcp"
      ],
      "adapterEvidence": {
        "cli": "lib/src/tooling/jsonl_worker.dart",
        "directApi": "lib/src/api/local_map_authoring_mutation_api.dart",
        "editor": "../map_editor/lib/src/application/authoring_api/authoring_mutation_adapter.dart",
        "mcp": "../../tools/pokemap_mcp/src/authoring_client.ts"
      },
      "contractTestPath": "test/domains/narrative/presentation_cinematic_authoring_test.dart",
      "endToEndVerifiedTransports": [
        "cli",
        "directApi",
        "editor",
        "mcp"
      ],
      "endToEndEvidence": {
        "cli": "test/tooling/jsonl_presentation_clip_batch_flow_test.dart",
        "directApi": "test/tooling/jsonl_presentation_clip_batch_flow_test.dart",
        "editor": "../map_editor/test/authoring_api/presentation_studio_timeline_authoring_gateway_test.dart",
        "mcp": "../../tools/pokemap_mcp/test/mutation_server.test.ts"
      },
      "transportExecutionReceipts": {}
    },
    {
      "actionId": "presentationClip.duplicate",
      "declaredTransports": [
        "cli",
        "directApi",
        "editor",
        "mcp"
      ],
      "adapterCapableTransports": [
        "cli",
        "directApi",
        "editor",
        "mcp"
      ],
      "adapterEvidence": {
        "cli": "lib/src/tooling/jsonl_worker.dart",
        "directApi": "lib/src/api/local_map_authoring_mutation_api.dart",
        "editor": "../map_editor/lib/src/application/authoring_api/authoring_mutation_adapter.dart",
        "mcp": "../../tools/pokemap_mcp/src/authoring_client.ts"
      },
      "contractTestPath": "test/domains/narrative/presentation_cinematic_authoring_test.dart",
      "endToEndVerifiedTransports": [
        "cli",
        "directApi",
        "editor",
        "mcp"
      ],
      "endToEndEvidence": {
        "cli": "test/tooling/jsonl_presentation_cinematic_flow_test.dart",
        "directApi": "test/tooling/jsonl_presentation_cinematic_flow_test.dart",
        "editor": "../map_editor/test/authoring_api/editor_mutation_parity_test.dart",
        "mcp": "../../tools/pokemap_mcp/test/mutation_server.test.ts"
      },
      "transportExecutionReceipts": {}
    },
    {
      "actionId": "presentationClip.move",
      "declaredTransports": [
        "cli",
        "directApi",
        "editor",
        "mcp"
      ],
      "adapterCapableTransports": [
        "cli",
        "directApi",
        "editor",
        "mcp"
      ],
      "adapterEvidence": {
        "cli": "lib/src/tooling/jsonl_worker.dart",
        "directApi": "lib/src/api/local_map_authoring_mutation_api.dart",
        "editor": "../map_editor/lib/src/application/authoring_api/authoring_mutation_adapter.dart",
        "mcp": "../../tools/pokemap_mcp/src/authoring_client.ts"
      },
      "contractTestPath": "test/domains/narrative/presentation_cinematic_authoring_test.dart",
      "endToEndVerifiedTransports": [
        "cli",
        "directApi",
        "editor",
        "mcp"
      ],
      "endToEndEvidence": {
        "cli": "test/tooling/jsonl_presentation_cinematic_flow_test.dart",
        "directApi": "test/tooling/jsonl_presentation_cinematic_flow_test.dart",
        "editor": "../map_editor/test/authoring_api/editor_mutation_parity_test.dart",
        "mcp": "../../tools/pokemap_mcp/test/mutation_server.test.ts"
      },
      "transportExecutionReceipts": {}
    },
    {
      "actionId": "presentationClip.resize",
      "declaredTransports": [
        "cli",
        "directApi",
        "editor",
        "mcp"
      ],
      "adapterCapableTransports": [
        "cli",
        "directApi",
        "editor",
        "mcp"
      ],
      "adapterEvidence": {
        "cli": "lib/src/tooling/jsonl_worker.dart",
        "directApi": "lib/src/api/local_map_authoring_mutation_api.dart",
        "editor": "../map_editor/lib/src/application/authoring_api/authoring_mutation_adapter.dart",
        "mcp": "../../tools/pokemap_mcp/src/authoring_client.ts"
      },
      "contractTestPath": "test/domains/narrative/presentation_cinematic_authoring_test.dart",
      "endToEndVerifiedTransports": [
        "cli",
        "directApi",
        "editor",
        "mcp"
      ],
      "endToEndEvidence": {
        "cli": "test/tooling/jsonl_presentation_cinematic_flow_test.dart",
        "directApi": "test/tooling/jsonl_presentation_cinematic_flow_test.dart",
        "editor": "../map_editor/test/authoring_api/editor_mutation_parity_test.dart",
        "mcp": "../../tools/pokemap_mcp/test/mutation_server.test.ts"
      },
      "transportExecutionReceipts": {}
    },
    {
      "actionId": "presentationClip.update",
      "declaredTransports": [
        "cli",
        "directApi",
        "editor",
        "mcp"
      ],
      "adapterCapableTransports": [
        "cli",
        "directApi",
        "editor",
        "mcp"
      ],
      "adapterEvidence": {
        "cli": "lib/src/tooling/jsonl_worker.dart",
        "directApi": "lib/src/api/local_map_authoring_mutation_api.dart",
        "editor": "../map_editor/lib/src/application/authoring_api/authoring_mutation_adapter.dart",
        "mcp": "../../tools/pokemap_mcp/src/authoring_client.ts"
      },
      "contractTestPath": "test/domains/narrative/presentation_cinematic_authoring_test.dart",
      "endToEndVerifiedTransports": [
        "cli",
        "directApi",
        "editor",
        "mcp"
      ],
      "endToEndEvidence": {
        "cli": "test/tooling/jsonl_presentation_cinematic_flow_test.dart",
        "directApi": "test/tooling/jsonl_presentation_cinematic_flow_test.dart",
        "editor": "../map_editor/test/authoring_api/editor_mutation_parity_test.dart",
        "mcp": "../../tools/pokemap_mcp/test/mutation_server.test.ts"
      },
      "transportExecutionReceipts": {}
    },
    {
      "actionId": "presentationLayer.create",
      "declaredTransports": [
        "cli",
        "directApi",
        "editor",
        "mcp"
      ],
      "adapterCapableTransports": [
        "cli",
        "directApi",
        "editor",
        "mcp"
      ],
      "adapterEvidence": {
        "cli": "lib/src/tooling/jsonl_worker.dart",
        "directApi": "lib/src/api/local_map_authoring_mutation_api.dart",
        "editor": "../map_editor/lib/src/application/authoring_api/authoring_mutation_adapter.dart",
        "mcp": "../../tools/pokemap_mcp/src/authoring_client.ts"
      },
      "contractTestPath": "test/domains/narrative/presentation_cinematic_authoring_test.dart",
      "endToEndVerifiedTransports": [
        "cli",
        "directApi",
        "editor",
        "mcp"
      ],
      "endToEndEvidence": {
        "cli": "test/tooling/jsonl_presentation_cinematic_flow_test.dart",
        "directApi": "test/tooling/jsonl_presentation_cinematic_flow_test.dart",
        "editor": "../map_editor/test/authoring_api/editor_mutation_parity_test.dart",
        "mcp": "../../tools/pokemap_mcp/test/mutation_server.test.ts"
      },
      "transportExecutionReceipts": {}
    },
    {
      "actionId": "presentationLayer.delete",
      "declaredTransports": [
        "cli",
        "directApi",
        "editor",
        "mcp"
      ],
      "adapterCapableTransports": [
        "cli",
        "directApi",
        "editor",
        "mcp"
      ],
      "adapterEvidence": {
        "cli": "lib/src/tooling/jsonl_worker.dart",
        "directApi": "lib/src/api/local_map_authoring_mutation_api.dart",
        "editor": "../map_editor/lib/src/application/authoring_api/authoring_mutation_adapter.dart",
        "mcp": "../../tools/pokemap_mcp/src/authoring_client.ts"
      },
      "contractTestPath": "test/domains/narrative/presentation_cinematic_authoring_test.dart",
      "endToEndVerifiedTransports": [
        "cli",
        "directApi",
        "editor",
        "mcp"
      ],
      "endToEndEvidence": {
        "cli": "test/tooling/jsonl_presentation_cinematic_flow_test.dart",
        "directApi": "test/tooling/jsonl_presentation_cinematic_flow_test.dart",
        "editor": "../map_editor/test/authoring_api/editor_mutation_parity_test.dart",
        "mcp": "../../tools/pokemap_mcp/test/mutation_server.test.ts"
      },
      "transportExecutionReceipts": {}
    },
    {
      "actionId": "presentationLayer.duplicate",
      "declaredTransports": [
        "cli",
        "directApi",
        "editor",
        "mcp"
      ],
      "adapterCapableTransports": [
        "cli",
        "directApi",
        "editor",
        "mcp"
      ],
      "adapterEvidence": {
        "cli": "lib/src/tooling/jsonl_worker.dart",
        "directApi": "lib/src/api/local_map_authoring_mutation_api.dart",
        "editor": "../map_editor/lib/src/application/authoring_api/authoring_mutation_adapter.dart",
        "mcp": "../../tools/pokemap_mcp/src/authoring_client.ts"
      },
      "contractTestPath": "test/domains/narrative/presentation_cinematic_authoring_test.dart",
      "endToEndVerifiedTransports": [
        "cli",
        "directApi",
        "editor",
        "mcp"
      ],
      "endToEndEvidence": {
        "cli": "test/tooling/jsonl_presentation_cinematic_flow_test.dart",
        "directApi": "test/tooling/jsonl_presentation_cinematic_flow_test.dart",
        "editor": "../map_editor/test/authoring_api/editor_mutation_parity_test.dart",
        "mcp": "../../tools/pokemap_mcp/test/mutation_server.test.ts"
      },
      "transportExecutionReceipts": {}
    },
    {
      "actionId": "presentationLayer.move",
      "declaredTransports": [
        "cli",
        "directApi",
        "editor",
        "mcp"
      ],
      "adapterCapableTransports": [
        "cli",
        "directApi",
        "editor",
        "mcp"
      ],
      "adapterEvidence": {
        "cli": "lib/src/tooling/jsonl_worker.dart",
        "directApi": "lib/src/api/local_map_authoring_mutation_api.dart",
        "editor": "../map_editor/lib/src/application/authoring_api/authoring_mutation_adapter.dart",
        "mcp": "../../tools/pokemap_mcp/src/authoring_client.ts"
      },
      "contractTestPath": "test/domains/narrative/presentation_cinematic_authoring_test.dart",
      "endToEndVerifiedTransports": [
        "cli",
        "directApi",
        "editor",
        "mcp"
      ],
      "endToEndEvidence": {
        "cli": "test/tooling/jsonl_presentation_cinematic_flow_test.dart",
        "directApi": "test/tooling/jsonl_presentation_cinematic_flow_test.dart",
        "editor": "../map_editor/test/authoring_api/editor_mutation_parity_test.dart",
        "mcp": "../../tools/pokemap_mcp/test/mutation_server.test.ts"
      },
      "transportExecutionReceipts": {}
    },
    {
      "actionId": "presentationLayer.setLocked",
      "declaredTransports": [
        "cli",
        "directApi",
        "editor",
        "mcp"
      ],
      "adapterCapableTransports": [
        "cli",
        "directApi",
        "editor",
        "mcp"
      ],
      "adapterEvidence": {
        "cli": "lib/src/tooling/jsonl_worker.dart",
        "directApi": "lib/src/api/local_map_authoring_mutation_api.dart",
        "editor": "../map_editor/lib/src/application/authoring_api/authoring_mutation_adapter.dart",
        "mcp": "../../tools/pokemap_mcp/src/authoring_client.ts"
      },
      "contractTestPath": "test/domains/narrative/presentation_cinematic_authoring_test.dart",
      "endToEndVerifiedTransports": [],
      "endToEndEvidence": {},
      "transportExecutionReceipts": {}
    },
    {
      "actionId": "presentationLayer.setVisibility",
      "declaredTransports": [
        "cli",
        "directApi",
        "editor",
        "mcp"
      ],
      "adapterCapableTransports": [
        "cli",
        "directApi",
        "editor",
        "mcp"
      ],
      "adapterEvidence": {
        "cli": "lib/src/tooling/jsonl_worker.dart",
        "directApi": "lib/src/api/local_map_authoring_mutation_api.dart",
        "editor": "../map_editor/lib/src/application/authoring_api/authoring_mutation_adapter.dart",
        "mcp": "../../tools/pokemap_mcp/src/authoring_client.ts"
      },
      "contractTestPath": "test/domains/narrative/presentation_cinematic_authoring_test.dart",
      "endToEndVerifiedTransports": [],
      "endToEndEvidence": {},
      "transportExecutionReceipts": {}
    },
    {
      "actionId": "presentationLayer.update",
      "declaredTransports": [
        "cli",
        "directApi",
        "editor",
        "mcp"
      ],
      "adapterCapableTransports": [
        "cli",
        "directApi",
        "editor",
        "mcp"
      ],
      "adapterEvidence": {
        "cli": "lib/src/tooling/jsonl_worker.dart",
        "directApi": "lib/src/api/local_map_authoring_mutation_api.dart",
        "editor": "../map_editor/lib/src/application/authoring_api/authoring_mutation_adapter.dart",
        "mcp": "../../tools/pokemap_mcp/src/authoring_client.ts"
      },
      "contractTestPath": "test/domains/narrative/presentation_cinematic_authoring_test.dart",
      "endToEndVerifiedTransports": [
        "cli",
        "directApi",
        "editor",
        "mcp"
      ],
      "endToEndEvidence": {
        "cli": "test/tooling/jsonl_presentation_cinematic_flow_test.dart",
        "directApi": "test/tooling/jsonl_presentation_cinematic_flow_test.dart",
        "editor": "../map_editor/test/authoring_api/editor_mutation_parity_test.dart",
        "mcp": "../../tools/pokemap_mcp/test/mutation_server.test.ts"
      },
      "transportExecutionReceipts": {}
    },
    {
      "actionId": "presentationMedia.configure",
      "declaredTransports": [
        "cli",
        "directApi",
        "editor",
        "mcp"
      ],
      "adapterCapableTransports": [
        "cli",
        "directApi",
        "editor",
        "mcp"
      ],
      "adapterEvidence": {
        "cli": "lib/src/tooling/jsonl_worker.dart",
        "directApi": "lib/src/api/local_map_authoring_mutation_api.dart",
        "editor": "../map_editor/lib/src/application/authoring_api/authoring_mutation_adapter.dart",
        "mcp": "../../tools/pokemap_mcp/src/authoring_client.ts"
      },
      "contractTestPath": "test/domains/assets/presentation_media_configuration_test.dart",
      "endToEndVerifiedTransports": [
        "cli",
        "directApi",
        "mcp"
      ],
      "endToEndEvidence": {
        "cli": "test/domains/assets/presentation_media_configuration_test.dart",
        "directApi": "test/domains/assets/presentation_media_configuration_test.dart",
        "mcp": "../../tools/pokemap_mcp/test/mutation_server.test.ts"
      },
      "transportExecutionReceipts": {}
    },
    {
      "actionId": "presentationMedia.import",
      "declaredTransports": [
        "cli",
        "directApi",
        "editor",
        "mcp"
      ],
      "adapterCapableTransports": [
        "cli",
        "directApi",
        "editor",
        "mcp"
      ],
      "adapterEvidence": {
        "cli": "lib/src/tooling/jsonl_worker.dart",
        "directApi": "lib/src/api/local_map_authoring_mutation_api.dart",
        "editor": "../map_editor/lib/src/application/authoring_api/authoring_mutation_adapter.dart",
        "mcp": "../../tools/pokemap_mcp/src/authoring_client.ts"
      },
      "contractTestPath": "test/domains/assets/presentation_media_import_transaction_test.dart",
      "endToEndVerifiedTransports": [
        "cli",
        "directApi",
        "editor",
        "mcp"
      ],
      "endToEndEvidence": {
        "cli": "test/domains/assets/presentation_media_import_transaction_test.dart",
        "directApi": "test/domains/assets/presentation_media_import_transaction_test.dart",
        "editor": "../map_editor/test/authoring_api/presentation_studio_add_authoring_gateway_test.dart",
        "mcp": "../../tools/pokemap_mcp/test/mutation_server.test.ts"
      },
      "transportExecutionReceipts": {}
    },
    {
      "actionId": "presentationTimeline.insert",
      "declaredTransports": [
        "cli",
        "directApi",
        "editor",
        "mcp"
      ],
      "adapterCapableTransports": [
        "cli",
        "directApi",
        "editor",
        "mcp"
      ],
      "adapterEvidence": {
        "cli": "lib/src/tooling/jsonl_worker.dart",
        "directApi": "lib/src/api/local_map_authoring_mutation_api.dart",
        "editor": "../map_editor/lib/src/application/authoring_api/authoring_mutation_adapter.dart",
        "mcp": "../../tools/pokemap_mcp/src/authoring_client.ts"
      },
      "contractTestPath": "test/domains/narrative/presentation_cinematic_authoring_test.dart",
      "endToEndVerifiedTransports": [
        "cli",
        "directApi",
        "editor",
        "mcp"
      ],
      "endToEndEvidence": {
        "cli": "test/tooling/jsonl_presentation_cinematic_flow_test.dart",
        "directApi": "test/tooling/jsonl_presentation_cinematic_flow_test.dart",
        "editor": "../map_editor/test/authoring_api/presentation_studio_add_authoring_gateway_test.dart",
        "mcp": "../../tools/pokemap_mcp/test/mutation_server.test.ts"
      },
      "transportExecutionReceipts": {}
    },
    {
      "actionId": "presentationTrack.create",
      "declaredTransports": [
        "cli",
        "directApi",
        "editor",
        "mcp"
      ],
      "adapterCapableTransports": [
        "cli",
        "directApi",
        "editor",
        "mcp"
      ],
      "adapterEvidence": {
        "cli": "lib/src/tooling/jsonl_worker.dart",
        "directApi": "lib/src/api/local_map_authoring_mutation_api.dart",
        "editor": "../map_editor/lib/src/application/authoring_api/authoring_mutation_adapter.dart",
        "mcp": "../../tools/pokemap_mcp/src/authoring_client.ts"
      },
      "contractTestPath": "test/domains/narrative/presentation_cinematic_authoring_test.dart",
      "endToEndVerifiedTransports": [
        "cli",
        "directApi",
        "editor",
        "mcp"
      ],
      "endToEndEvidence": {
        "cli": "test/tooling/jsonl_presentation_cinematic_flow_test.dart",
        "directApi": "test/tooling/jsonl_presentation_cinematic_flow_test.dart",
        "editor": "../map_editor/test/authoring_api/editor_mutation_parity_test.dart",
        "mcp": "../../tools/pokemap_mcp/test/mutation_server.test.ts"
      },
      "transportExecutionReceipts": {}
    },
    {
      "actionId": "presentationTrack.delete",
      "declaredTransports": [
        "cli",
        "directApi",
        "editor",
        "mcp"
      ],
      "adapterCapableTransports": [
        "cli",
        "directApi",
        "editor",
        "mcp"
      ],
      "adapterEvidence": {
        "cli": "lib/src/tooling/jsonl_worker.dart",
        "directApi": "lib/src/api/local_map_authoring_mutation_api.dart",
        "editor": "../map_editor/lib/src/application/authoring_api/authoring_mutation_adapter.dart",
        "mcp": "../../tools/pokemap_mcp/src/authoring_client.ts"
      },
      "contractTestPath": "test/domains/narrative/presentation_cinematic_authoring_test.dart",
      "endToEndVerifiedTransports": [
        "cli",
        "directApi",
        "editor",
        "mcp"
      ],
      "endToEndEvidence": {
        "cli": "test/tooling/jsonl_presentation_cinematic_flow_test.dart",
        "directApi": "test/tooling/jsonl_presentation_cinematic_flow_test.dart",
        "editor": "../map_editor/test/authoring_api/editor_mutation_parity_test.dart",
        "mcp": "../../tools/pokemap_mcp/test/mutation_server.test.ts"
      },
      "transportExecutionReceipts": {}
    },
    {
      "actionId": "presentationTrack.duplicate",
      "declaredTransports": [
        "cli",
        "directApi",
        "editor",
        "mcp"
      ],
      "adapterCapableTransports": [
        "cli",
        "directApi",
        "editor",
        "mcp"
      ],
      "adapterEvidence": {
        "cli": "lib/src/tooling/jsonl_worker.dart",
        "directApi": "lib/src/api/local_map_authoring_mutation_api.dart",
        "editor": "../map_editor/lib/src/application/authoring_api/authoring_mutation_adapter.dart",
        "mcp": "../../tools/pokemap_mcp/src/authoring_client.ts"
      },
      "contractTestPath": "test/domains/narrative/presentation_cinematic_authoring_test.dart",
      "endToEndVerifiedTransports": [
        "cli",
        "directApi",
        "editor",
        "mcp"
      ],
      "endToEndEvidence": {
        "cli": "test/tooling/jsonl_presentation_cinematic_flow_test.dart",
        "directApi": "test/tooling/jsonl_presentation_cinematic_flow_test.dart",
        "editor": "../map_editor/test/authoring_api/editor_mutation_parity_test.dart",
        "mcp": "../../tools/pokemap_mcp/test/mutation_server.test.ts"
      },
      "transportExecutionReceipts": {}
    },
    {
      "actionId": "presentationTrack.move",
      "declaredTransports": [
        "cli",
        "directApi",
        "editor",
        "mcp"
      ],
      "adapterCapableTransports": [
        "cli",
        "directApi",
        "editor",
        "mcp"
      ],
      "adapterEvidence": {
        "cli": "lib/src/tooling/jsonl_worker.dart",
        "directApi": "lib/src/api/local_map_authoring_mutation_api.dart",
        "editor": "../map_editor/lib/src/application/authoring_api/authoring_mutation_adapter.dart",
        "mcp": "../../tools/pokemap_mcp/src/authoring_client.ts"
      },
      "contractTestPath": "test/domains/narrative/presentation_cinematic_authoring_test.dart",
      "endToEndVerifiedTransports": [
        "cli",
        "directApi",
        "editor",
        "mcp"
      ],
      "endToEndEvidence": {
        "cli": "test/tooling/jsonl_presentation_cinematic_flow_test.dart",
        "directApi": "test/tooling/jsonl_presentation_cinematic_flow_test.dart",
        "editor": "../map_editor/test/authoring_api/editor_mutation_parity_test.dart",
        "mcp": "../../tools/pokemap_mcp/test/mutation_server.test.ts"
      },
      "transportExecutionReceipts": {}
    },
    {
      "actionId": "presentationTrack.update",
      "declaredTransports": [
        "cli",
        "directApi",
        "editor",
        "mcp"
      ],
      "adapterCapableTransports": [
        "cli",
        "directApi",
        "editor",
        "mcp"
      ],
      "adapterEvidence": {
        "cli": "lib/src/tooling/jsonl_worker.dart",
        "directApi": "lib/src/api/local_map_authoring_mutation_api.dart",
        "editor": "../map_editor/lib/src/application/authoring_api/authoring_mutation_adapter.dart",
        "mcp": "../../tools/pokemap_mcp/src/authoring_client.ts"
      },
      "contractTestPath": "test/domains/narrative/presentation_cinematic_authoring_test.dart",
      "endToEndVerifiedTransports": [
        "cli",
        "directApi",
        "editor",
        "mcp"
      ],
      "endToEndEvidence": {
        "cli": "test/tooling/jsonl_presentation_cinematic_flow_test.dart",
        "directApi": "test/tooling/jsonl_presentation_cinematic_flow_test.dart",
        "editor": "../map_editor/test/authoring_api/editor_mutation_parity_test.dart",
        "mcp": "../../tools/pokemap_mcp/test/mutation_server.test.ts"
      },
      "transportExecutionReceipts": {}
    },
    {
      "actionId": "presentationVisualFolder.create",
      "declaredTransports": [
        "cli",
        "directApi",
        "editor",
        "mcp"
      ],
      "adapterCapableTransports": [
        "cli",
        "directApi",
        "editor",
        "mcp"
      ],
      "adapterEvidence": {
        "cli": "lib/src/tooling/jsonl_worker.dart",
        "directApi": "lib/src/api/local_map_authoring_mutation_api.dart",
        "editor": "../map_editor/lib/src/application/authoring_api/authoring_mutation_adapter.dart",
        "mcp": "../../tools/pokemap_mcp/src/authoring_client.ts"
      },
      "contractTestPath": "test/domains/narrative/presentation_cinematic_authoring_test.dart",
      "endToEndVerifiedTransports": [],
      "endToEndEvidence": {},
      "transportExecutionReceipts": {}
    },
    {
      "actionId": "presentationVisualFolder.delete",
      "declaredTransports": [
        "cli",
        "directApi",
        "editor",
        "mcp"
      ],
      "adapterCapableTransports": [
        "cli",
        "directApi",
        "editor",
        "mcp"
      ],
      "adapterEvidence": {
        "cli": "lib/src/tooling/jsonl_worker.dart",
        "directApi": "lib/src/api/local_map_authoring_mutation_api.dart",
        "editor": "../map_editor/lib/src/application/authoring_api/authoring_mutation_adapter.dart",
        "mcp": "../../tools/pokemap_mcp/src/authoring_client.ts"
      },
      "contractTestPath": "test/domains/narrative/presentation_cinematic_authoring_test.dart",
      "endToEndVerifiedTransports": [],
      "endToEndEvidence": {},
      "transportExecutionReceipts": {}
    },
    {
      "actionId": "presentationVisualFolder.move",
      "declaredTransports": [
        "cli",
        "directApi",
        "editor",
        "mcp"
      ],
      "adapterCapableTransports": [
        "cli",
        "directApi",
        "editor",
        "mcp"
      ],
      "adapterEvidence": {
        "cli": "lib/src/tooling/jsonl_worker.dart",
        "directApi": "lib/src/api/local_map_authoring_mutation_api.dart",
        "editor": "../map_editor/lib/src/application/authoring_api/authoring_mutation_adapter.dart",
        "mcp": "../../tools/pokemap_mcp/src/authoring_client.ts"
      },
      "contractTestPath": "test/domains/narrative/presentation_cinematic_authoring_test.dart",
      "endToEndVerifiedTransports": [],
      "endToEndEvidence": {},
      "transportExecutionReceipts": {}
    },
    {
      "actionId": "presentationVisualFolder.setLocked",
      "declaredTransports": [
        "cli",
        "directApi",
        "editor",
        "mcp"
      ],
      "adapterCapableTransports": [
        "cli",
        "directApi",
        "editor",
        "mcp"
      ],
      "adapterEvidence": {
        "cli": "lib/src/tooling/jsonl_worker.dart",
        "directApi": "lib/src/api/local_map_authoring_mutation_api.dart",
        "editor": "../map_editor/lib/src/application/authoring_api/authoring_mutation_adapter.dart",
        "mcp": "../../tools/pokemap_mcp/src/authoring_client.ts"
      },
      "contractTestPath": "test/domains/narrative/presentation_cinematic_authoring_test.dart",
      "endToEndVerifiedTransports": [],
      "endToEndEvidence": {},
      "transportExecutionReceipts": {}
    },
    {
      "actionId": "presentationVisualFolder.setVisibility",
      "declaredTransports": [
        "cli",
        "directApi",
        "editor",
        "mcp"
      ],
      "adapterCapableTransports": [
        "cli",
        "directApi",
        "editor",
        "mcp"
      ],
      "adapterEvidence": {
        "cli": "lib/src/tooling/jsonl_worker.dart",
        "directApi": "lib/src/api/local_map_authoring_mutation_api.dart",
        "editor": "../map_editor/lib/src/application/authoring_api/authoring_mutation_adapter.dart",
        "mcp": "../../tools/pokemap_mcp/src/authoring_client.ts"
      },
      "contractTestPath": "test/domains/narrative/presentation_cinematic_authoring_test.dart",
      "endToEndVerifiedTransports": [],
      "endToEndEvidence": {},
      "transportExecutionReceipts": {}
    },
    {
      "actionId": "presentationVisualFolder.update",
      "declaredTransports": [
        "cli",
        "directApi",
        "editor",
        "mcp"
      ],
      "adapterCapableTransports": [
        "cli",
        "directApi",
        "editor",
        "mcp"
      ],
      "adapterEvidence": {
        "cli": "lib/src/tooling/jsonl_worker.dart",
        "directApi": "lib/src/api/local_map_authoring_mutation_api.dart",
        "editor": "../map_editor/lib/src/application/authoring_api/authoring_mutation_adapter.dart",
        "mcp": "../../tools/pokemap_mcp/src/authoring_client.ts"
      },
      "contractTestPath": "test/domains/narrative/presentation_cinematic_authoring_test.dart",
      "endToEndVerifiedTransports": [],
      "endToEndEvidence": {},
      "transportExecutionReceipts": {}
    },
    {
      "actionId": "project.battle_audio.update",
      "declaredTransports": [
        "cli",
        "directApi",
        "editor",
        "mcp"
      ],
      "adapterCapableTransports": [
        "cli",
        "directApi",
        "editor",
        "mcp"
      ],
      "adapterEvidence": {
        "cli": "lib/src/tooling/jsonl_worker.dart",
        "directApi": "lib/src/api/local_map_authoring_mutation_api.dart",
        "editor": "../map_editor/lib/src/application/authoring_api/authoring_mutation_adapter.dart",
        "mcp": "../../tools/pokemap_mcp/src/authoring_client.ts"
      },
      "contractTestPath": "test/domains/project/runtime_audio_actions_test.dart",
      "endToEndVerifiedTransports": [],
      "endToEndEvidence": {},
      "transportExecutionReceipts": {}
    },
    {
      "actionId": "project.battle_transitions.update",
      "declaredTransports": [
        "cli",
        "directApi",
        "editor",
        "mcp"
      ],
      "adapterCapableTransports": [
        "cli",
        "directApi",
        "editor",
        "mcp"
      ],
      "adapterEvidence": {
        "cli": "lib/src/tooling/jsonl_worker.dart",
        "directApi": "lib/src/api/local_map_authoring_mutation_api.dart",
        "editor": "../map_editor/lib/src/application/authoring_api/authoring_mutation_adapter.dart",
        "mcp": "../../tools/pokemap_mcp/src/authoring_client.ts"
      },
      "contractTestPath": "test/domains/project/battle_transition_default_actions_test.dart",
      "endToEndVerifiedTransports": [],
      "endToEndEvidence": {},
      "transportExecutionReceipts": {}
    },
    {
      "actionId": "project.visual_grid.update",
      "declaredTransports": [
        "cli",
        "directApi",
        "editor",
        "mcp"
      ],
      "adapterCapableTransports": [
        "cli",
        "directApi",
        "editor",
        "mcp"
      ],
      "adapterEvidence": {
        "cli": "lib/src/tooling/jsonl_worker.dart",
        "directApi": "lib/src/api/local_map_authoring_mutation_api.dart",
        "editor": "../map_editor/lib/src/application/authoring_api/authoring_mutation_adapter.dart",
        "mcp": "../../tools/pokemap_mcp/src/authoring_client.ts"
      },
      "contractTestPath": "test/domains/assets/visual_library_contract_test.dart",
      "endToEndVerifiedTransports": [],
      "endToEndEvidence": {},
      "transportExecutionReceipts": {}
    },
    {
      "actionId": "rail_journey.delete",
      "declaredTransports": [
        "cli",
        "directApi",
        "editor",
        "mcp"
      ],
      "adapterCapableTransports": [
        "cli",
        "directApi",
        "editor",
        "mcp"
      ],
      "adapterEvidence": {
        "cli": "lib/src/tooling/jsonl_worker.dart",
        "directApi": "lib/src/api/local_map_authoring_mutation_api.dart",
        "editor": "../map_editor/lib/src/application/authoring_api/authoring_mutation_adapter.dart",
        "mcp": "../../tools/pokemap_mcp/src/authoring_client.ts"
      },
      "contractTestPath": "test/domains/narrative/rail_journey_authoring_test.dart",
      "endToEndVerifiedTransports": [
        "cli",
        "directApi",
        "editor",
        "mcp"
      ],
      "endToEndEvidence": {
        "cli": "test/tooling/jsonl_rail_journey_flow_test.dart",
        "directApi": "test/tooling/jsonl_rail_journey_flow_test.dart",
        "editor": "../map_editor/test/authoring_api/editor_mutation_parity_test.dart",
        "mcp": "../../tools/pokemap_mcp/test/rail_journey_server.test.ts"
      },
      "transportExecutionReceipts": {}
    },
    {
      "actionId": "rail_journey.upsert",
      "declaredTransports": [
        "cli",
        "directApi",
        "editor",
        "mcp"
      ],
      "adapterCapableTransports": [
        "cli",
        "directApi",
        "editor",
        "mcp"
      ],
      "adapterEvidence": {
        "cli": "lib/src/tooling/jsonl_worker.dart",
        "directApi": "lib/src/api/local_map_authoring_mutation_api.dart",
        "editor": "../map_editor/lib/src/application/authoring_api/authoring_mutation_adapter.dart",
        "mcp": "../../tools/pokemap_mcp/src/authoring_client.ts"
      },
      "contractTestPath": "test/domains/narrative/rail_journey_authoring_test.dart",
      "endToEndVerifiedTransports": [
        "cli",
        "directApi",
        "editor",
        "mcp"
      ],
      "endToEndEvidence": {
        "cli": "test/tooling/jsonl_rail_journey_flow_test.dart",
        "directApi": "test/tooling/jsonl_rail_journey_flow_test.dart",
        "editor": "../map_editor/test/authoring_api/editor_mutation_parity_test.dart",
        "mcp": "../../tools/pokemap_mcp/test/rail_journey_server.test.ts"
      },
      "transportExecutionReceipts": {}
    },
    {
      "actionId": "regionalMap.poi.delete",
      "declaredTransports": [
        "cli",
        "directApi",
        "editor",
        "mcp"
      ],
      "adapterCapableTransports": [
        "cli",
        "directApi",
        "editor",
        "mcp"
      ],
      "adapterEvidence": {
        "cli": "lib/src/tooling/jsonl_worker.dart",
        "directApi": "lib/src/api/local_map_authoring_mutation_api.dart",
        "editor": "../map_editor/lib/src/application/authoring_api/authoring_mutation_adapter.dart",
        "mcp": "../../tools/pokemap_mcp/src/authoring_client.ts"
      },
      "contractTestPath": "test/domains/project/regional_map_actions_test.dart",
      "endToEndVerifiedTransports": [
        "cli",
        "directApi",
        "editor",
        "mcp"
      ],
      "endToEndEvidence": {
        "cli": "test/tooling/jsonl_regional_map_flow_test.dart",
        "directApi": "test/tooling/jsonl_regional_map_flow_test.dart",
        "editor": "../map_editor/test/authoring_api/regional_map_authoring_test.dart",
        "mcp": "../../tools/pokemap_mcp/test/regional_map_server.test.ts"
      },
      "transportExecutionReceipts": {}
    },
    {
      "actionId": "regionalMap.poi.upsert",
      "declaredTransports": [
        "cli",
        "directApi",
        "editor",
        "mcp"
      ],
      "adapterCapableTransports": [
        "cli",
        "directApi",
        "editor",
        "mcp"
      ],
      "adapterEvidence": {
        "cli": "lib/src/tooling/jsonl_worker.dart",
        "directApi": "lib/src/api/local_map_authoring_mutation_api.dart",
        "editor": "../map_editor/lib/src/application/authoring_api/authoring_mutation_adapter.dart",
        "mcp": "../../tools/pokemap_mcp/src/authoring_client.ts"
      },
      "contractTestPath": "test/domains/project/regional_map_actions_test.dart",
      "endToEndVerifiedTransports": [
        "cli",
        "directApi",
        "editor",
        "mcp"
      ],
      "endToEndEvidence": {
        "cli": "test/tooling/jsonl_regional_map_flow_test.dart",
        "directApi": "test/tooling/jsonl_regional_map_flow_test.dart",
        "editor": "../map_editor/test/authoring_api/regional_map_authoring_test.dart",
        "mcp": "../../tools/pokemap_mcp/test/regional_map_server.test.ts"
      },
      "transportExecutionReceipts": {}
    },
    {
      "actionId": "regionalMap.region.delete",
      "declaredTransports": [
        "cli",
        "directApi",
        "editor",
        "mcp"
      ],
      "adapterCapableTransports": [
        "cli",
        "directApi",
        "editor",
        "mcp"
      ],
      "adapterEvidence": {
        "cli": "lib/src/tooling/jsonl_worker.dart",
        "directApi": "lib/src/api/local_map_authoring_mutation_api.dart",
        "editor": "../map_editor/lib/src/application/authoring_api/authoring_mutation_adapter.dart",
        "mcp": "../../tools/pokemap_mcp/src/authoring_client.ts"
      },
      "contractTestPath": "test/domains/project/regional_map_actions_test.dart",
      "endToEndVerifiedTransports": [
        "cli",
        "directApi",
        "editor",
        "mcp"
      ],
      "endToEndEvidence": {
        "cli": "test/tooling/jsonl_regional_map_flow_test.dart",
        "directApi": "test/tooling/jsonl_regional_map_flow_test.dart",
        "editor": "../map_editor/test/authoring_api/regional_map_authoring_test.dart",
        "mcp": "../../tools/pokemap_mcp/test/regional_map_server.test.ts"
      },
      "transportExecutionReceipts": {}
    },
    {
      "actionId": "regionalMap.region.upsert",
      "declaredTransports": [
        "cli",
        "directApi",
        "editor",
        "mcp"
      ],
      "adapterCapableTransports": [
        "cli",
        "directApi",
        "editor",
        "mcp"
      ],
      "adapterEvidence": {
        "cli": "lib/src/tooling/jsonl_worker.dart",
        "directApi": "lib/src/api/local_map_authoring_mutation_api.dart",
        "editor": "../map_editor/lib/src/application/authoring_api/authoring_mutation_adapter.dart",
        "mcp": "../../tools/pokemap_mcp/src/authoring_client.ts"
      },
      "contractTestPath": "test/domains/project/regional_map_actions_test.dart",
      "endToEndVerifiedTransports": [
        "cli",
        "directApi",
        "editor",
        "mcp"
      ],
      "endToEndEvidence": {
        "cli": "test/tooling/jsonl_regional_map_flow_test.dart",
        "directApi": "test/tooling/jsonl_regional_map_flow_test.dart",
        "editor": "../map_editor/test/authoring_api/regional_map_authoring_test.dart",
        "mcp": "../../tools/pokemap_mcp/test/regional_map_server.test.ts"
      },
      "transportExecutionReceipts": {}
    },
    {
      "actionId": "scene.character_animation.set",
      "declaredTransports": [
        "cli",
        "directApi",
        "editor",
        "mcp"
      ],
      "adapterCapableTransports": [
        "cli",
        "directApi",
        "editor",
        "mcp"
      ],
      "adapterEvidence": {
        "cli": "lib/src/tooling/jsonl_worker.dart",
        "directApi": "lib/src/api/local_map_authoring_mutation_api.dart",
        "editor": "../map_editor/lib/src/application/authoring_api/authoring_mutation_adapter.dart",
        "mcp": "../../tools/pokemap_mcp/src/authoring_client.ts"
      },
      "contractTestPath": "test/domains/narrative/modern_narrative_authoring_test.dart",
      "endToEndVerifiedTransports": [],
      "endToEndEvidence": {},
      "transportExecutionReceipts": {}
    },
    {
      "actionId": "scene.delete",
      "declaredTransports": [
        "cli",
        "directApi",
        "editor",
        "mcp"
      ],
      "adapterCapableTransports": [
        "cli",
        "directApi",
        "editor",
        "mcp"
      ],
      "adapterEvidence": {
        "cli": "lib/src/tooling/jsonl_worker.dart",
        "directApi": "lib/src/api/local_map_authoring_mutation_api.dart",
        "editor": "../map_editor/lib/src/application/authoring_api/authoring_mutation_adapter.dart",
        "mcp": "../../tools/pokemap_mcp/src/authoring_client.ts"
      },
      "contractTestPath": "test/domains/narrative/modern_narrative_authoring_test.dart",
      "endToEndVerifiedTransports": [],
      "endToEndEvidence": {},
      "transportExecutionReceipts": {}
    },
    {
      "actionId": "scene.pause_menu_visibility.set",
      "declaredTransports": [
        "cli",
        "directApi",
        "editor",
        "mcp"
      ],
      "adapterCapableTransports": [
        "cli",
        "directApi",
        "editor",
        "mcp"
      ],
      "adapterEvidence": {
        "cli": "lib/src/tooling/jsonl_worker.dart",
        "directApi": "lib/src/api/local_map_authoring_mutation_api.dart",
        "editor": "../map_editor/lib/src/application/authoring_api/authoring_mutation_adapter.dart",
        "mcp": "../../tools/pokemap_mcp/src/authoring_client.ts"
      },
      "contractTestPath": "test/domains/narrative/modern_narrative_authoring_test.dart",
      "endToEndVerifiedTransports": [
        "cli",
        "directApi",
        "editor",
        "mcp"
      ],
      "endToEndEvidence": {
        "cli": "test/domains/narrative/pause_menu_visibility_transport_test.dart",
        "directApi": "test/domains/narrative/pause_menu_visibility_transport_test.dart",
        "editor": "../map_editor/test/authoring_api/editor_mutation_parity_test.dart",
        "mcp": "../../tools/pokemap_mcp/test/mutation_server.test.ts"
      },
      "transportExecutionReceipts": {}
    },
    {
      "actionId": "scene.preSession.condition.insert",
      "declaredTransports": [
        "cli",
        "directApi",
        "editor",
        "mcp"
      ],
      "adapterCapableTransports": [
        "cli",
        "directApi",
        "editor",
        "mcp"
      ],
      "adapterEvidence": {
        "cli": "lib/src/tooling/jsonl_worker.dart",
        "directApi": "lib/src/api/local_map_authoring_mutation_api.dart",
        "editor": "../map_editor/lib/src/application/authoring_api/authoring_mutation_adapter.dart",
        "mcp": "../../tools/pokemap_mcp/src/authoring_client.ts"
      },
      "contractTestPath": "test/domains/narrative/modern_narrative_authoring_test.dart",
      "endToEndVerifiedTransports": [
        "cli",
        "directApi",
        "editor",
        "mcp"
      ],
      "endToEndEvidence": {
        "cli": "test/tooling/jsonl_scene_pre_session_flow_test.dart",
        "directApi": "test/tooling/jsonl_scene_pre_session_flow_test.dart",
        "editor": "../map_editor/test/authoring_api/editor_mutation_parity_test.dart",
        "mcp": "../../tools/pokemap_mcp/test/mutation_server.test.ts"
      },
      "transportExecutionReceipts": {}
    },
    {
      "actionId": "scene.preSession.create",
      "declaredTransports": [
        "cli",
        "directApi",
        "editor",
        "mcp"
      ],
      "adapterCapableTransports": [
        "cli",
        "directApi",
        "editor",
        "mcp"
      ],
      "adapterEvidence": {
        "cli": "lib/src/tooling/jsonl_worker.dart",
        "directApi": "lib/src/api/local_map_authoring_mutation_api.dart",
        "editor": "../map_editor/lib/src/application/authoring_api/authoring_mutation_adapter.dart",
        "mcp": "../../tools/pokemap_mcp/src/authoring_client.ts"
      },
      "contractTestPath": "test/domains/narrative/modern_narrative_authoring_test.dart",
      "endToEndVerifiedTransports": [
        "cli",
        "directApi",
        "editor",
        "mcp"
      ],
      "endToEndEvidence": {
        "cli": "test/tooling/jsonl_scene_pre_session_flow_test.dart",
        "directApi": "test/tooling/jsonl_scene_pre_session_flow_test.dart",
        "editor": "../map_editor/test/authoring_api/editor_mutation_parity_test.dart",
        "mcp": "../../tools/pokemap_mcp/test/mutation_server.test.ts"
      },
      "transportExecutionReceipts": {}
    },
    {
      "actionId": "scene.preSession.end.configure",
      "declaredTransports": [
        "cli",
        "directApi",
        "editor",
        "mcp"
      ],
      "adapterCapableTransports": [
        "cli",
        "directApi",
        "editor",
        "mcp"
      ],
      "adapterEvidence": {
        "cli": "lib/src/tooling/jsonl_worker.dart",
        "directApi": "lib/src/api/local_map_authoring_mutation_api.dart",
        "editor": "../map_editor/lib/src/application/authoring_api/authoring_mutation_adapter.dart",
        "mcp": "../../tools/pokemap_mcp/src/authoring_client.ts"
      },
      "contractTestPath": "test/domains/narrative/modern_narrative_authoring_test.dart",
      "endToEndVerifiedTransports": [
        "cli",
        "directApi",
        "editor",
        "mcp"
      ],
      "endToEndEvidence": {
        "cli": "test/tooling/jsonl_scene_pre_session_flow_test.dart",
        "directApi": "test/tooling/jsonl_scene_pre_session_flow_test.dart",
        "editor": "../map_editor/test/authoring_api/editor_mutation_parity_test.dart",
        "mcp": "../../tools/pokemap_mcp/test/mutation_server.test.ts"
      },
      "transportExecutionReceipts": {}
    },
    {
      "actionId": "scene.preSession.interaction.insert",
      "declaredTransports": [
        "cli",
        "directApi",
        "editor",
        "mcp"
      ],
      "adapterCapableTransports": [
        "cli",
        "directApi",
        "editor",
        "mcp"
      ],
      "adapterEvidence": {
        "cli": "lib/src/tooling/jsonl_worker.dart",
        "directApi": "lib/src/api/local_map_authoring_mutation_api.dart",
        "editor": "../map_editor/lib/src/application/authoring_api/authoring_mutation_adapter.dart",
        "mcp": "../../tools/pokemap_mcp/src/authoring_client.ts"
      },
      "contractTestPath": "test/domains/narrative/modern_narrative_authoring_test.dart",
      "endToEndVerifiedTransports": [
        "cli",
        "directApi",
        "editor",
        "mcp"
      ],
      "endToEndEvidence": {
        "cli": "test/tooling/jsonl_scene_pre_session_flow_test.dart",
        "directApi": "test/tooling/jsonl_scene_pre_session_flow_test.dart",
        "editor": "../map_editor/test/authoring_api/editor_mutation_parity_test.dart",
        "mcp": "../../tools/pokemap_mcp/test/mutation_server.test.ts"
      },
      "transportExecutionReceipts": {}
    },
    {
      "actionId": "scene.preSession.interaction.update",
      "declaredTransports": [
        "cli",
        "directApi",
        "editor",
        "mcp"
      ],
      "adapterCapableTransports": [
        "cli",
        "directApi",
        "editor",
        "mcp"
      ],
      "adapterEvidence": {
        "cli": "lib/src/tooling/jsonl_worker.dart",
        "directApi": "lib/src/api/local_map_authoring_mutation_api.dart",
        "editor": "../map_editor/lib/src/application/authoring_api/authoring_mutation_adapter.dart",
        "mcp": "../../tools/pokemap_mcp/src/authoring_client.ts"
      },
      "contractTestPath": "test/domains/narrative/modern_narrative_authoring_test.dart",
      "endToEndVerifiedTransports": [
        "cli",
        "directApi",
        "editor",
        "mcp"
      ],
      "endToEndEvidence": {
        "cli": "test/tooling/jsonl_scene_pre_session_flow_test.dart",
        "directApi": "test/tooling/jsonl_scene_pre_session_flow_test.dart",
        "editor": "../map_editor/test/authoring_api/editor_mutation_parity_test.dart",
        "mcp": "../../tools/pokemap_mcp/test/mutation_server.test.ts"
      },
      "transportExecutionReceipts": {}
    },
    {
      "actionId": "scene.preSession.presentation.createAndLink",
      "declaredTransports": [
        "cli",
        "directApi",
        "editor",
        "mcp"
      ],
      "adapterCapableTransports": [
        "cli",
        "directApi",
        "editor",
        "mcp"
      ],
      "adapterEvidence": {
        "cli": "lib/src/tooling/jsonl_worker.dart",
        "directApi": "lib/src/api/local_map_authoring_mutation_api.dart",
        "editor": "../map_editor/lib/src/application/authoring_api/authoring_mutation_adapter.dart",
        "mcp": "../../tools/pokemap_mcp/src/authoring_client.ts"
      },
      "contractTestPath": "test/domains/narrative/modern_narrative_authoring_test.dart",
      "endToEndVerifiedTransports": [
        "cli",
        "directApi",
        "editor",
        "mcp"
      ],
      "endToEndEvidence": {
        "cli": "test/tooling/jsonl_scene_pre_session_flow_test.dart",
        "directApi": "test/tooling/jsonl_scene_pre_session_flow_test.dart",
        "editor": "../map_editor/test/application/scene_presentation_create_and_link_gateway_test.dart",
        "mcp": "../../tools/pokemap_mcp/test/mutation_server.test.ts"
      },
      "transportExecutionReceipts": {}
    },
    {
      "actionId": "scene.preSession.presentation.insert",
      "declaredTransports": [
        "cli",
        "directApi",
        "editor",
        "mcp"
      ],
      "adapterCapableTransports": [
        "cli",
        "directApi",
        "editor",
        "mcp"
      ],
      "adapterEvidence": {
        "cli": "lib/src/tooling/jsonl_worker.dart",
        "directApi": "lib/src/api/local_map_authoring_mutation_api.dart",
        "editor": "../map_editor/lib/src/application/authoring_api/authoring_mutation_adapter.dart",
        "mcp": "../../tools/pokemap_mcp/src/authoring_client.ts"
      },
      "contractTestPath": "test/domains/narrative/modern_narrative_authoring_test.dart",
      "endToEndVerifiedTransports": [
        "cli",
        "directApi",
        "editor",
        "mcp"
      ],
      "endToEndEvidence": {
        "cli": "test/tooling/jsonl_scene_pre_session_flow_test.dart",
        "directApi": "test/tooling/jsonl_scene_pre_session_flow_test.dart",
        "editor": "../map_editor/test/authoring_api/editor_mutation_parity_test.dart",
        "mcp": "../../tools/pokemap_mcp/test/mutation_server.test.ts"
      },
      "transportExecutionReceipts": {}
    },
    {
      "actionId": "scene.presentation.cue.routes.set",
      "declaredTransports": [
        "cli",
        "directApi",
        "editor",
        "mcp"
      ],
      "adapterCapableTransports": [
        "cli",
        "directApi",
        "editor",
        "mcp"
      ],
      "adapterEvidence": {
        "cli": "lib/src/tooling/jsonl_worker.dart",
        "directApi": "lib/src/api/local_map_authoring_mutation_api.dart",
        "editor": "../map_editor/lib/src/application/authoring_api/authoring_mutation_adapter.dart",
        "mcp": "../../tools/pokemap_mcp/src/authoring_client.ts"
      },
      "contractTestPath": "test/domains/narrative/modern_narrative_authoring_test.dart",
      "endToEndVerifiedTransports": [
        "cli",
        "directApi",
        "editor",
        "mcp"
      ],
      "endToEndEvidence": {
        "cli": "test/tooling/jsonl_scene_pre_session_flow_test.dart",
        "directApi": "test/tooling/jsonl_scene_pre_session_flow_test.dart",
        "editor": "../map_editor/test/authoring_api/editor_mutation_parity_test.dart",
        "mcp": "../../tools/pokemap_mcp/test/mutation_server.test.ts"
      },
      "transportExecutionReceipts": {}
    },
    {
      "actionId": "scene.upsert",
      "declaredTransports": [
        "cli",
        "directApi",
        "editor",
        "mcp"
      ],
      "adapterCapableTransports": [
        "cli",
        "directApi",
        "editor",
        "mcp"
      ],
      "adapterEvidence": {
        "cli": "lib/src/tooling/jsonl_worker.dart",
        "directApi": "lib/src/api/local_map_authoring_mutation_api.dart",
        "editor": "../map_editor/lib/src/application/authoring_api/authoring_mutation_adapter.dart",
        "mcp": "../../tools/pokemap_mcp/src/authoring_client.ts"
      },
      "contractTestPath": "test/domains/narrative/modern_narrative_authoring_test.dart",
      "endToEndVerifiedTransports": [],
      "endToEndEvidence": {},
      "transportExecutionReceipts": {}
    },
    {
      "actionId": "script.delete",
      "declaredTransports": [
        "cli",
        "directApi",
        "editor",
        "mcp"
      ],
      "adapterCapableTransports": [
        "cli",
        "directApi",
        "editor",
        "mcp"
      ],
      "adapterEvidence": {
        "cli": "lib/src/tooling/jsonl_worker.dart",
        "directApi": "lib/src/api/local_map_authoring_mutation_api.dart",
        "editor": "../map_editor/lib/src/application/authoring_api/authoring_mutation_adapter.dart",
        "mcp": "../../tools/pokemap_mcp/src/authoring_client.ts"
      },
      "contractTestPath": "test/domains/narrative/dialogue_script_authoring_test.dart",
      "endToEndVerifiedTransports": [],
      "endToEndEvidence": {},
      "transportExecutionReceipts": {}
    },
    {
      "actionId": "script.upsert",
      "declaredTransports": [
        "cli",
        "directApi",
        "editor",
        "mcp"
      ],
      "adapterCapableTransports": [
        "cli",
        "directApi",
        "editor",
        "mcp"
      ],
      "adapterEvidence": {
        "cli": "lib/src/tooling/jsonl_worker.dart",
        "directApi": "lib/src/api/local_map_authoring_mutation_api.dart",
        "editor": "../map_editor/lib/src/application/authoring_api/authoring_mutation_adapter.dart",
        "mcp": "../../tools/pokemap_mcp/src/authoring_client.ts"
      },
      "contractTestPath": "test/domains/narrative/dialogue_script_authoring_test.dart",
      "endToEndVerifiedTransports": [],
      "endToEndEvidence": {},
      "transportExecutionReceipts": {}
    },
    {
      "actionId": "smart_tile.animation.delete",
      "declaredTransports": [
        "cli",
        "directApi",
        "editor",
        "mcp"
      ],
      "adapterCapableTransports": [
        "cli",
        "directApi",
        "editor",
        "mcp"
      ],
      "adapterEvidence": {
        "cli": "lib/src/tooling/jsonl_worker.dart",
        "directApi": "lib/src/api/local_map_authoring_mutation_api.dart",
        "editor": "../map_editor/lib/src/application/authoring_api/authoring_mutation_adapter.dart",
        "mcp": "../../tools/pokemap_mcp/src/authoring_client.ts"
      },
      "contractTestPath": "test/domains/maps/smart_tile_catalog_actions_test.dart",
      "endToEndVerifiedTransports": [],
      "endToEndEvidence": {},
      "transportExecutionReceipts": {}
    },
    {
      "actionId": "smart_tile.animation.upsert",
      "declaredTransports": [
        "cli",
        "directApi",
        "editor",
        "mcp"
      ],
      "adapterCapableTransports": [
        "cli",
        "directApi",
        "editor",
        "mcp"
      ],
      "adapterEvidence": {
        "cli": "lib/src/tooling/jsonl_worker.dart",
        "directApi": "lib/src/api/local_map_authoring_mutation_api.dart",
        "editor": "../map_editor/lib/src/application/authoring_api/authoring_mutation_adapter.dart",
        "mcp": "../../tools/pokemap_mcp/src/authoring_client.ts"
      },
      "contractTestPath": "test/domains/maps/smart_tile_catalog_actions_test.dart",
      "endToEndVerifiedTransports": [],
      "endToEndEvidence": {},
      "transportExecutionReceipts": {}
    },
    {
      "actionId": "smart_tile.atlas.upsert",
      "declaredTransports": [
        "cli",
        "directApi",
        "editor",
        "mcp"
      ],
      "adapterCapableTransports": [
        "cli",
        "directApi",
        "editor",
        "mcp"
      ],
      "adapterEvidence": {
        "cli": "lib/src/tooling/jsonl_worker.dart",
        "directApi": "lib/src/api/local_map_authoring_mutation_api.dart",
        "editor": "../map_editor/lib/src/application/authoring_api/authoring_mutation_adapter.dart",
        "mcp": "../../tools/pokemap_mcp/src/authoring_client.ts"
      },
      "contractTestPath": "test/domains/maps/smart_tile_catalog_actions_test.dart",
      "endToEndVerifiedTransports": [],
      "endToEndEvidence": {},
      "transportExecutionReceipts": {}
    },
    {
      "actionId": "smart_tile.cell.erase",
      "declaredTransports": [
        "cli",
        "directApi",
        "editor",
        "mcp"
      ],
      "adapterCapableTransports": [
        "cli",
        "directApi",
        "editor",
        "mcp"
      ],
      "adapterEvidence": {
        "cli": "lib/src/tooling/jsonl_worker.dart",
        "directApi": "lib/src/api/local_map_authoring_mutation_api.dart",
        "editor": "../map_editor/lib/src/application/authoring_api/authoring_mutation_adapter.dart",
        "mcp": "../../tools/pokemap_mcp/src/authoring_client.ts"
      },
      "contractTestPath": "test/domains/maps/smart_tile_cell_actions_test.dart",
      "endToEndVerifiedTransports": [],
      "endToEndEvidence": {},
      "transportExecutionReceipts": {}
    },
    {
      "actionId": "smart_tile.cell.paint",
      "declaredTransports": [
        "cli",
        "directApi",
        "editor",
        "mcp"
      ],
      "adapterCapableTransports": [
        "cli",
        "directApi",
        "editor",
        "mcp"
      ],
      "adapterEvidence": {
        "cli": "lib/src/tooling/jsonl_worker.dart",
        "directApi": "lib/src/api/local_map_authoring_mutation_api.dart",
        "editor": "../map_editor/lib/src/application/authoring_api/authoring_mutation_adapter.dart",
        "mcp": "../../tools/pokemap_mcp/src/authoring_client.ts"
      },
      "contractTestPath": "test/domains/maps/smart_tile_cell_actions_test.dart",
      "endToEndVerifiedTransports": [],
      "endToEndEvidence": {},
      "transportExecutionReceipts": {}
    },
    {
      "actionId": "smart_tile.corner.erase",
      "declaredTransports": [
        "cli",
        "directApi",
        "editor",
        "mcp"
      ],
      "adapterCapableTransports": [
        "cli",
        "directApi",
        "editor",
        "mcp"
      ],
      "adapterEvidence": {
        "cli": "lib/src/tooling/jsonl_worker.dart",
        "directApi": "lib/src/api/local_map_authoring_mutation_api.dart",
        "editor": "../map_editor/lib/src/application/authoring_api/authoring_mutation_adapter.dart",
        "mcp": "../../tools/pokemap_mcp/src/authoring_client.ts"
      },
      "contractTestPath": "test/domains/maps/smart_tile_cell_actions_test.dart",
      "endToEndVerifiedTransports": [],
      "endToEndEvidence": {},
      "transportExecutionReceipts": {}
    },
    {
      "actionId": "smart_tile.corner.paint",
      "declaredTransports": [
        "cli",
        "directApi",
        "editor",
        "mcp"
      ],
      "adapterCapableTransports": [
        "cli",
        "directApi",
        "editor",
        "mcp"
      ],
      "adapterEvidence": {
        "cli": "lib/src/tooling/jsonl_worker.dart",
        "directApi": "lib/src/api/local_map_authoring_mutation_api.dart",
        "editor": "../map_editor/lib/src/application/authoring_api/authoring_mutation_adapter.dart",
        "mcp": "../../tools/pokemap_mcp/src/authoring_client.ts"
      },
      "contractTestPath": "test/domains/maps/smart_tile_cell_actions_test.dart",
      "endToEndVerifiedTransports": [],
      "endToEndEvidence": {},
      "transportExecutionReceipts": {}
    },
    {
      "actionId": "smart_tile.layer.change_preset",
      "declaredTransports": [
        "cli",
        "directApi",
        "editor",
        "mcp"
      ],
      "adapterCapableTransports": [
        "cli",
        "directApi",
        "editor",
        "mcp"
      ],
      "adapterEvidence": {
        "cli": "lib/src/tooling/jsonl_worker.dart",
        "directApi": "lib/src/api/local_map_authoring_mutation_api.dart",
        "editor": "../map_editor/lib/src/application/authoring_api/authoring_mutation_adapter.dart",
        "mcp": "../../tools/pokemap_mcp/src/authoring_client.ts"
      },
      "contractTestPath": "test/domains/maps/smart_tile_layer_preset_change_action_test.dart",
      "endToEndVerifiedTransports": [
        "cli",
        "directApi",
        "editor",
        "mcp"
      ],
      "endToEndEvidence": {
        "cli": "test/domains/maps/smart_tile_layer_preset_change_action_test.dart",
        "directApi": "test/domains/maps/smart_tile_layer_preset_change_action_test.dart",
        "editor": "../map_editor/test/features/editor/presentation/world_map/smart_tile_layer_preset_change_flow_test.dart",
        "mcp": "../../tools/pokemap_mcp/test/mutation_server.test.ts"
      },
      "transportExecutionReceipts": {}
    },
    {
      "actionId": "smart_tile.layer.clear_encounter_behavior",
      "declaredTransports": [
        "cli",
        "directApi",
        "editor",
        "mcp"
      ],
      "adapterCapableTransports": [
        "cli",
        "directApi",
        "editor",
        "mcp"
      ],
      "adapterEvidence": {
        "cli": "lib/src/tooling/jsonl_worker.dart",
        "directApi": "lib/src/api/local_map_authoring_mutation_api.dart",
        "editor": "../map_editor/lib/src/application/authoring_api/authoring_mutation_adapter.dart",
        "mcp": "../../tools/pokemap_mcp/src/authoring_client.ts"
      },
      "contractTestPath": "test/domains/maps/smart_tile_layer_actions_test.dart",
      "endToEndVerifiedTransports": [
        "cli",
        "directApi",
        "editor",
        "mcp"
      ],
      "endToEndEvidence": {
        "cli": "test/domains/maps/smart_tile_encounter_behavior_transport_parity_test.dart",
        "directApi": "test/domains/maps/smart_tile_encounter_behavior_transport_parity_test.dart",
        "editor": "../map_editor/test/features/editor/presentation/world_map/smart_tile_layer_preset_change_flow_test.dart",
        "mcp": "../../tools/pokemap_mcp/test/mutation_server.test.ts"
      },
      "transportExecutionReceipts": {}
    },
    {
      "actionId": "smart_tile.layer.create",
      "declaredTransports": [
        "cli",
        "directApi",
        "editor",
        "mcp"
      ],
      "adapterCapableTransports": [
        "cli",
        "directApi",
        "editor",
        "mcp"
      ],
      "adapterEvidence": {
        "cli": "lib/src/tooling/jsonl_worker.dart",
        "directApi": "lib/src/api/local_map_authoring_mutation_api.dart",
        "editor": "../map_editor/lib/src/application/authoring_api/authoring_mutation_adapter.dart",
        "mcp": "../../tools/pokemap_mcp/src/authoring_client.ts"
      },
      "contractTestPath": "test/domains/maps/smart_tile_layer_editing_actions_test.dart",
      "endToEndVerifiedTransports": [],
      "endToEndEvidence": {},
      "transportExecutionReceipts": {}
    },
    {
      "actionId": "smart_tile.layer.delete",
      "declaredTransports": [
        "cli",
        "directApi",
        "editor",
        "mcp"
      ],
      "adapterCapableTransports": [
        "cli",
        "directApi",
        "editor",
        "mcp"
      ],
      "adapterEvidence": {
        "cli": "lib/src/tooling/jsonl_worker.dart",
        "directApi": "lib/src/api/local_map_authoring_mutation_api.dart",
        "editor": "../map_editor/lib/src/application/authoring_api/authoring_mutation_adapter.dart",
        "mcp": "../../tools/pokemap_mcp/src/authoring_client.ts"
      },
      "contractTestPath": "test/domains/maps/smart_tile_layer_editing_actions_test.dart",
      "endToEndVerifiedTransports": [],
      "endToEndEvidence": {},
      "transportExecutionReceipts": {}
    },
    {
      "actionId": "smart_tile.layer.merge",
      "declaredTransports": [
        "cli",
        "directApi",
        "editor",
        "mcp"
      ],
      "adapterCapableTransports": [
        "cli",
        "directApi",
        "editor",
        "mcp"
      ],
      "adapterEvidence": {
        "cli": "lib/src/tooling/jsonl_worker.dart",
        "directApi": "lib/src/api/local_map_authoring_mutation_api.dart",
        "editor": "../map_editor/lib/src/application/authoring_api/authoring_mutation_adapter.dart",
        "mcp": "../../tools/pokemap_mcp/src/authoring_client.ts"
      },
      "contractTestPath": "test/domains/maps/smart_tile_layer_actions_test.dart",
      "endToEndVerifiedTransports": [],
      "endToEndEvidence": {},
      "transportExecutionReceipts": {}
    },
    {
      "actionId": "smart_tile.layer.normalize",
      "declaredTransports": [
        "cli",
        "directApi",
        "editor",
        "mcp"
      ],
      "adapterCapableTransports": [
        "cli",
        "directApi",
        "editor",
        "mcp"
      ],
      "adapterEvidence": {
        "cli": "lib/src/tooling/jsonl_worker.dart",
        "directApi": "lib/src/api/local_map_authoring_mutation_api.dart",
        "editor": "../map_editor/lib/src/application/authoring_api/authoring_mutation_adapter.dart",
        "mcp": "../../tools/pokemap_mcp/src/authoring_client.ts"
      },
      "contractTestPath": "test/domains/maps/smart_tile_layer_actions_test.dart",
      "endToEndVerifiedTransports": [],
      "endToEndEvidence": {},
      "transportExecutionReceipts": {}
    },
    {
      "actionId": "smart_tile.layer.reconstruct",
      "declaredTransports": [
        "cli",
        "directApi",
        "editor",
        "mcp"
      ],
      "adapterCapableTransports": [
        "cli",
        "directApi",
        "editor",
        "mcp"
      ],
      "adapterEvidence": {
        "cli": "lib/src/tooling/jsonl_worker.dart",
        "directApi": "lib/src/api/local_map_authoring_mutation_api.dart",
        "editor": "../map_editor/lib/src/application/authoring_api/authoring_mutation_adapter.dart",
        "mcp": "../../tools/pokemap_mcp/src/authoring_client.ts"
      },
      "contractTestPath": "test/domains/maps/smart_tile_layer_actions_test.dart",
      "endToEndVerifiedTransports": [],
      "endToEndEvidence": {},
      "transportExecutionReceipts": {}
    },
    {
      "actionId": "smart_tile.layer.set_animation_activation",
      "declaredTransports": [
        "cli",
        "directApi",
        "editor",
        "mcp"
      ],
      "adapterCapableTransports": [
        "cli",
        "directApi",
        "editor",
        "mcp"
      ],
      "adapterEvidence": {
        "cli": "lib/src/tooling/jsonl_worker.dart",
        "directApi": "lib/src/api/local_map_authoring_mutation_api.dart",
        "editor": "../map_editor/lib/src/application/authoring_api/authoring_mutation_adapter.dart",
        "mcp": "../../tools/pokemap_mcp/src/authoring_client.ts"
      },
      "contractTestPath": "test/domains/maps/smart_tile_layer_actions_test.dart",
      "endToEndVerifiedTransports": [
        "cli",
        "directApi",
        "editor",
        "mcp"
      ],
      "endToEndEvidence": {
        "cli": "test/domains/maps/smart_tile_layer_actions_test.dart",
        "directApi": "test/domains/maps/smart_tile_layer_actions_test.dart",
        "editor": "../map_editor/test/features/editor/presentation/world_map/smart_tile_layer_preset_change_flow_test.dart",
        "mcp": "../../tools/pokemap_mcp/test/mutation_server.test.ts"
      },
      "transportExecutionReceipts": {}
    },
    {
      "actionId": "smart_tile.layer.set_candidate_weights",
      "declaredTransports": [
        "cli",
        "directApi",
        "editor",
        "mcp"
      ],
      "adapterCapableTransports": [
        "cli",
        "directApi",
        "editor",
        "mcp"
      ],
      "adapterEvidence": {
        "cli": "lib/src/tooling/jsonl_worker.dart",
        "directApi": "lib/src/api/local_map_authoring_mutation_api.dart",
        "editor": "../map_editor/lib/src/application/authoring_api/authoring_mutation_adapter.dart",
        "mcp": "../../tools/pokemap_mcp/src/authoring_client.ts"
      },
      "contractTestPath": "test/domains/maps/smart_tile_layer_actions_test.dart",
      "endToEndVerifiedTransports": [],
      "endToEndEvidence": {},
      "transportExecutionReceipts": {}
    },
    {
      "actionId": "smart_tile.layer.set_encounter_behavior",
      "declaredTransports": [
        "cli",
        "directApi",
        "editor",
        "mcp"
      ],
      "adapterCapableTransports": [
        "cli",
        "directApi",
        "editor",
        "mcp"
      ],
      "adapterEvidence": {
        "cli": "lib/src/tooling/jsonl_worker.dart",
        "directApi": "lib/src/api/local_map_authoring_mutation_api.dart",
        "editor": "../map_editor/lib/src/application/authoring_api/authoring_mutation_adapter.dart",
        "mcp": "../../tools/pokemap_mcp/src/authoring_client.ts"
      },
      "contractTestPath": "test/domains/maps/smart_tile_layer_actions_test.dart",
      "endToEndVerifiedTransports": [
        "cli",
        "directApi",
        "editor",
        "mcp"
      ],
      "endToEndEvidence": {
        "cli": "test/domains/maps/smart_tile_encounter_behavior_transport_parity_test.dart",
        "directApi": "test/domains/maps/smart_tile_encounter_behavior_transport_parity_test.dart",
        "editor": "../map_editor/test/features/editor/presentation/world_map/smart_tile_layer_preset_change_flow_test.dart",
        "mcp": "../../tools/pokemap_mcp/test/mutation_server.test.ts"
      },
      "transportExecutionReceipts": {}
    },
    {
      "actionId": "smart_tile.material.upsert",
      "declaredTransports": [
        "cli",
        "directApi",
        "editor",
        "mcp"
      ],
      "adapterCapableTransports": [
        "cli",
        "directApi",
        "editor",
        "mcp"
      ],
      "adapterEvidence": {
        "cli": "lib/src/tooling/jsonl_worker.dart",
        "directApi": "lib/src/api/local_map_authoring_mutation_api.dart",
        "editor": "../map_editor/lib/src/application/authoring_api/authoring_mutation_adapter.dart",
        "mcp": "../../tools/pokemap_mcp/src/authoring_client.ts"
      },
      "contractTestPath": "test/domains/maps/smart_tile_catalog_actions_test.dart",
      "endToEndVerifiedTransports": [],
      "endToEndEvidence": {},
      "transportExecutionReceipts": {}
    },
    {
      "actionId": "smart_tile.pattern.delete",
      "declaredTransports": [
        "cli",
        "directApi",
        "editor",
        "mcp"
      ],
      "adapterCapableTransports": [
        "cli",
        "directApi",
        "editor",
        "mcp"
      ],
      "adapterEvidence": {
        "cli": "lib/src/tooling/jsonl_worker.dart",
        "directApi": "lib/src/api/local_map_authoring_mutation_api.dart",
        "editor": "../map_editor/lib/src/application/authoring_api/authoring_mutation_adapter.dart",
        "mcp": "../../tools/pokemap_mcp/src/authoring_client.ts"
      },
      "contractTestPath": "test/domains/maps/smart_tile_catalog_actions_test.dart",
      "endToEndVerifiedTransports": [],
      "endToEndEvidence": {},
      "transportExecutionReceipts": {}
    },
    {
      "actionId": "smart_tile.pattern.erase",
      "declaredTransports": [
        "cli",
        "directApi",
        "editor",
        "mcp"
      ],
      "adapterCapableTransports": [
        "cli",
        "directApi",
        "editor",
        "mcp"
      ],
      "adapterEvidence": {
        "cli": "lib/src/tooling/jsonl_worker.dart",
        "directApi": "lib/src/api/local_map_authoring_mutation_api.dart",
        "editor": "../map_editor/lib/src/application/authoring_api/authoring_mutation_adapter.dart",
        "mcp": "../../tools/pokemap_mcp/src/authoring_client.ts"
      },
      "contractTestPath": "test/domains/maps/smart_tile_cell_actions_test.dart",
      "endToEndVerifiedTransports": [],
      "endToEndEvidence": {},
      "transportExecutionReceipts": {}
    },
    {
      "actionId": "smart_tile.pattern.paint",
      "declaredTransports": [
        "cli",
        "directApi",
        "editor",
        "mcp"
      ],
      "adapterCapableTransports": [
        "cli",
        "directApi",
        "editor",
        "mcp"
      ],
      "adapterEvidence": {
        "cli": "lib/src/tooling/jsonl_worker.dart",
        "directApi": "lib/src/api/local_map_authoring_mutation_api.dart",
        "editor": "../map_editor/lib/src/application/authoring_api/authoring_mutation_adapter.dart",
        "mcp": "../../tools/pokemap_mcp/src/authoring_client.ts"
      },
      "contractTestPath": "test/domains/maps/smart_tile_cell_actions_test.dart",
      "endToEndVerifiedTransports": [],
      "endToEndEvidence": {},
      "transportExecutionReceipts": {}
    },
    {
      "actionId": "smart_tile.pattern.upsert",
      "declaredTransports": [
        "cli",
        "directApi",
        "editor",
        "mcp"
      ],
      "adapterCapableTransports": [
        "cli",
        "directApi",
        "editor",
        "mcp"
      ],
      "adapterEvidence": {
        "cli": "lib/src/tooling/jsonl_worker.dart",
        "directApi": "lib/src/api/local_map_authoring_mutation_api.dart",
        "editor": "../map_editor/lib/src/application/authoring_api/authoring_mutation_adapter.dart",
        "mcp": "../../tools/pokemap_mcp/src/authoring_client.ts"
      },
      "contractTestPath": "test/domains/maps/smart_tile_catalog_actions_test.dart",
      "endToEndVerifiedTransports": [],
      "endToEndEvidence": {},
      "transportExecutionReceipts": {}
    },
    {
      "actionId": "smart_tile.preset.delete",
      "declaredTransports": [
        "cli",
        "directApi",
        "editor",
        "mcp"
      ],
      "adapterCapableTransports": [
        "cli",
        "directApi",
        "editor",
        "mcp"
      ],
      "adapterEvidence": {
        "cli": "lib/src/tooling/jsonl_worker.dart",
        "directApi": "lib/src/api/local_map_authoring_mutation_api.dart",
        "editor": "../map_editor/lib/src/application/authoring_api/authoring_mutation_adapter.dart",
        "mcp": "../../tools/pokemap_mcp/src/authoring_client.ts"
      },
      "contractTestPath": "test/domains/maps/smart_tile_catalog_actions_test.dart",
      "endToEndVerifiedTransports": [],
      "endToEndEvidence": {},
      "transportExecutionReceipts": {}
    },
    {
      "actionId": "smart_tile.preset.draft.delete",
      "declaredTransports": [
        "cli",
        "directApi",
        "editor",
        "mcp"
      ],
      "adapterCapableTransports": [
        "cli",
        "directApi",
        "editor",
        "mcp"
      ],
      "adapterEvidence": {
        "cli": "lib/src/tooling/jsonl_worker.dart",
        "directApi": "lib/src/api/local_map_authoring_mutation_api.dart",
        "editor": "../map_editor/lib/src/application/authoring_api/authoring_mutation_adapter.dart",
        "mcp": "../../tools/pokemap_mcp/src/authoring_client.ts"
      },
      "contractTestPath": "test/domains/maps/smart_tile_draft_actions_test.dart",
      "endToEndVerifiedTransports": [],
      "endToEndEvidence": {},
      "transportExecutionReceipts": {}
    },
    {
      "actionId": "smart_tile.preset.draft.upsert",
      "declaredTransports": [
        "cli",
        "directApi",
        "editor",
        "mcp"
      ],
      "adapterCapableTransports": [
        "cli",
        "directApi",
        "editor",
        "mcp"
      ],
      "adapterEvidence": {
        "cli": "lib/src/tooling/jsonl_worker.dart",
        "directApi": "lib/src/api/local_map_authoring_mutation_api.dart",
        "editor": "../map_editor/lib/src/application/authoring_api/authoring_mutation_adapter.dart",
        "mcp": "../../tools/pokemap_mcp/src/authoring_client.ts"
      },
      "contractTestPath": "test/domains/maps/smart_tile_draft_actions_test.dart",
      "endToEndVerifiedTransports": [],
      "endToEndEvidence": {},
      "transportExecutionReceipts": {}
    },
    {
      "actionId": "smart_tile.preset.publish",
      "declaredTransports": [
        "cli",
        "directApi",
        "editor",
        "mcp"
      ],
      "adapterCapableTransports": [
        "cli",
        "directApi",
        "editor",
        "mcp"
      ],
      "adapterEvidence": {
        "cli": "lib/src/tooling/jsonl_worker.dart",
        "directApi": "lib/src/api/local_map_authoring_mutation_api.dart",
        "editor": "../map_editor/lib/src/application/authoring_api/authoring_mutation_adapter.dart",
        "mcp": "../../tools/pokemap_mcp/src/authoring_client.ts"
      },
      "contractTestPath": "test/domains/maps/smart_tile_catalog_actions_test.dart",
      "endToEndVerifiedTransports": [],
      "endToEndEvidence": {},
      "transportExecutionReceipts": {}
    },
    {
      "actionId": "storyline.delete",
      "declaredTransports": [
        "cli",
        "directApi",
        "editor",
        "mcp"
      ],
      "adapterCapableTransports": [
        "cli",
        "directApi",
        "editor",
        "mcp"
      ],
      "adapterEvidence": {
        "cli": "lib/src/tooling/jsonl_worker.dart",
        "directApi": "lib/src/api/local_map_authoring_mutation_api.dart",
        "editor": "../map_editor/lib/src/application/authoring_api/authoring_mutation_adapter.dart",
        "mcp": "../../tools/pokemap_mcp/src/authoring_client.ts"
      },
      "contractTestPath": "test/domains/narrative/storyline_scenario_authoring_test.dart",
      "endToEndVerifiedTransports": [],
      "endToEndEvidence": {},
      "transportExecutionReceipts": {}
    },
    {
      "actionId": "storyline.reorder_chapters",
      "declaredTransports": [
        "cli",
        "directApi",
        "editor",
        "mcp"
      ],
      "adapterCapableTransports": [
        "cli",
        "directApi",
        "editor",
        "mcp"
      ],
      "adapterEvidence": {
        "cli": "lib/src/tooling/jsonl_worker.dart",
        "directApi": "lib/src/api/local_map_authoring_mutation_api.dart",
        "editor": "../map_editor/lib/src/application/authoring_api/authoring_mutation_adapter.dart",
        "mcp": "../../tools/pokemap_mcp/src/authoring_client.ts"
      },
      "contractTestPath": "test/domains/narrative/storyline_scenario_authoring_test.dart",
      "endToEndVerifiedTransports": [],
      "endToEndEvidence": {},
      "transportExecutionReceipts": {}
    },
    {
      "actionId": "storyline.reorder_steps",
      "declaredTransports": [
        "cli",
        "directApi",
        "editor",
        "mcp"
      ],
      "adapterCapableTransports": [
        "cli",
        "directApi",
        "editor",
        "mcp"
      ],
      "adapterEvidence": {
        "cli": "lib/src/tooling/jsonl_worker.dart",
        "directApi": "lib/src/api/local_map_authoring_mutation_api.dart",
        "editor": "../map_editor/lib/src/application/authoring_api/authoring_mutation_adapter.dart",
        "mcp": "../../tools/pokemap_mcp/src/authoring_client.ts"
      },
      "contractTestPath": "test/domains/narrative/storyline_scenario_authoring_test.dart",
      "endToEndVerifiedTransports": [],
      "endToEndEvidence": {},
      "transportExecutionReceipts": {}
    },
    {
      "actionId": "storyline.upsert",
      "declaredTransports": [
        "cli",
        "directApi",
        "editor",
        "mcp"
      ],
      "adapterCapableTransports": [
        "cli",
        "directApi",
        "editor",
        "mcp"
      ],
      "adapterEvidence": {
        "cli": "lib/src/tooling/jsonl_worker.dart",
        "directApi": "lib/src/api/local_map_authoring_mutation_api.dart",
        "editor": "../map_editor/lib/src/application/authoring_api/authoring_mutation_adapter.dart",
        "mcp": "../../tools/pokemap_mcp/src/authoring_client.ts"
      },
      "contractTestPath": "test/domains/narrative/storyline_scenario_authoring_test.dart",
      "endToEndVerifiedTransports": [],
      "endToEndEvidence": {},
      "transportExecutionReceipts": {}
    },
    {
      "actionId": "tileset.delete",
      "declaredTransports": [
        "cli",
        "directApi",
        "editor",
        "mcp"
      ],
      "adapterCapableTransports": [
        "cli",
        "directApi",
        "editor",
        "mcp"
      ],
      "adapterEvidence": {
        "cli": "lib/src/tooling/jsonl_worker.dart",
        "directApi": "lib/src/api/local_map_authoring_mutation_api.dart",
        "editor": "../map_editor/lib/src/application/authoring_api/authoring_mutation_adapter.dart",
        "mcp": "../../tools/pokemap_mcp/src/authoring_client.ts"
      },
      "contractTestPath": "test/domains/assets/visual_library_contract_test.dart",
      "endToEndVerifiedTransports": [],
      "endToEndEvidence": {},
      "transportExecutionReceipts": {}
    },
    {
      "actionId": "tileset.import_image",
      "declaredTransports": [
        "cli",
        "directApi",
        "editor",
        "mcp"
      ],
      "adapterCapableTransports": [
        "cli",
        "directApi",
        "editor",
        "mcp"
      ],
      "adapterEvidence": {
        "cli": "lib/src/tooling/jsonl_worker.dart",
        "directApi": "lib/src/api/local_map_authoring_mutation_api.dart",
        "editor": "../map_editor/lib/src/application/authoring_api/authoring_mutation_adapter.dart",
        "mcp": "../../tools/pokemap_mcp/src/authoring_client.ts"
      },
      "contractTestPath": "test/domains/assets/visual_library_contract_test.dart",
      "endToEndVerifiedTransports": [],
      "endToEndEvidence": {},
      "transportExecutionReceipts": {}
    },
    {
      "actionId": "tileset.library.reorganize",
      "declaredTransports": [
        "cli",
        "directApi",
        "editor",
        "mcp"
      ],
      "adapterCapableTransports": [
        "cli",
        "directApi",
        "editor",
        "mcp"
      ],
      "adapterEvidence": {
        "cli": "lib/src/tooling/jsonl_worker.dart",
        "directApi": "lib/src/api/local_map_authoring_mutation_api.dart",
        "editor": "../map_editor/lib/src/application/authoring_api/authoring_mutation_adapter.dart",
        "mcp": "../../tools/pokemap_mcp/src/authoring_client.ts"
      },
      "contractTestPath": "test/domains/assets/tileset_library_actions_test.dart",
      "endToEndVerifiedTransports": [],
      "endToEndEvidence": {},
      "transportExecutionReceipts": {}
    },
    {
      "actionId": "tileset.tiled.import",
      "declaredTransports": [
        "cli",
        "directApi",
        "editor",
        "mcp"
      ],
      "adapterCapableTransports": [
        "cli",
        "directApi",
        "editor",
        "mcp"
      ],
      "adapterEvidence": {
        "cli": "lib/src/tooling/jsonl_worker.dart",
        "directApi": "lib/src/api/local_map_authoring_mutation_api.dart",
        "editor": "../map_editor/lib/src/application/authoring_api/authoring_mutation_adapter.dart",
        "mcp": "../../tools/pokemap_mcp/src/authoring_client.ts"
      },
      "contractTestPath": "test/domains/assets/visual_library_contract_test.dart",
      "endToEndVerifiedTransports": [],
      "endToEndEvidence": {},
      "transportExecutionReceipts": {}
    },
    {
      "actionId": "tileset.tiled.wang_bundle.delete",
      "declaredTransports": [
        "cli",
        "directApi",
        "editor",
        "mcp"
      ],
      "adapterCapableTransports": [
        "cli",
        "directApi",
        "editor",
        "mcp"
      ],
      "adapterEvidence": {
        "cli": "lib/src/tooling/jsonl_worker.dart",
        "directApi": "lib/src/api/local_map_authoring_mutation_api.dart",
        "editor": "../map_editor/lib/src/application/authoring_api/authoring_mutation_adapter.dart",
        "mcp": "../../tools/pokemap_mcp/src/authoring_client.ts"
      },
      "contractTestPath": "test/domains/assets/visual_library_contract_test.dart",
      "endToEndVerifiedTransports": [],
      "endToEndEvidence": {},
      "transportExecutionReceipts": {}
    },
    {
      "actionId": "tileset.upsert",
      "declaredTransports": [
        "cli",
        "directApi",
        "editor",
        "mcp"
      ],
      "adapterCapableTransports": [
        "cli",
        "directApi",
        "editor",
        "mcp"
      ],
      "adapterEvidence": {
        "cli": "lib/src/tooling/jsonl_worker.dart",
        "directApi": "lib/src/api/local_map_authoring_mutation_api.dart",
        "editor": "../map_editor/lib/src/application/authoring_api/authoring_mutation_adapter.dart",
        "mcp": "../../tools/pokemap_mcp/src/authoring_client.ts"
      },
      "contractTestPath": "test/domains/assets/visual_library_contract_test.dart",
      "endToEndVerifiedTransports": [],
      "endToEndEvidence": {},
      "transportExecutionReceipts": {}
    },
    {
      "actionId": "tileset_folder.delete",
      "declaredTransports": [
        "cli",
        "directApi",
        "editor",
        "mcp"
      ],
      "adapterCapableTransports": [
        "cli",
        "directApi",
        "editor",
        "mcp"
      ],
      "adapterEvidence": {
        "cli": "lib/src/tooling/jsonl_worker.dart",
        "directApi": "lib/src/api/local_map_authoring_mutation_api.dart",
        "editor": "../map_editor/lib/src/application/authoring_api/authoring_mutation_adapter.dart",
        "mcp": "../../tools/pokemap_mcp/src/authoring_client.ts"
      },
      "contractTestPath": "test/domains/assets/visual_library_contract_test.dart",
      "endToEndVerifiedTransports": [],
      "endToEndEvidence": {},
      "transportExecutionReceipts": {}
    },
    {
      "actionId": "tileset_folder.upsert",
      "declaredTransports": [
        "cli",
        "directApi",
        "editor",
        "mcp"
      ],
      "adapterCapableTransports": [
        "cli",
        "directApi",
        "editor",
        "mcp"
      ],
      "adapterEvidence": {
        "cli": "lib/src/tooling/jsonl_worker.dart",
        "directApi": "lib/src/api/local_map_authoring_mutation_api.dart",
        "editor": "../map_editor/lib/src/application/authoring_api/authoring_mutation_adapter.dart",
        "mcp": "../../tools/pokemap_mcp/src/authoring_client.ts"
      },
      "contractTestPath": "test/domains/assets/visual_library_contract_test.dart",
      "endToEndVerifiedTransports": [],
      "endToEndEvidence": {},
      "transportExecutionReceipts": {}
    },
    {
      "actionId": "trigger.clone",
      "declaredTransports": [
        "cli",
        "directApi",
        "editor",
        "mcp"
      ],
      "adapterCapableTransports": [
        "cli",
        "directApi",
        "editor",
        "mcp"
      ],
      "adapterEvidence": {
        "cli": "lib/src/tooling/jsonl_worker.dart",
        "directApi": "lib/src/api/local_map_authoring_mutation_api.dart",
        "editor": "../map_editor/lib/src/application/authoring_api/authoring_mutation_adapter.dart",
        "mcp": "../../tools/pokemap_mcp/src/authoring_client.ts"
      },
      "contractTestPath": "test/domains/maps/spatial_object_contract_test.dart",
      "endToEndVerifiedTransports": [],
      "endToEndEvidence": {},
      "transportExecutionReceipts": {}
    },
    {
      "actionId": "trigger.create",
      "declaredTransports": [
        "cli",
        "directApi",
        "editor",
        "mcp"
      ],
      "adapterCapableTransports": [
        "cli",
        "directApi",
        "editor",
        "mcp"
      ],
      "adapterEvidence": {
        "cli": "lib/src/tooling/jsonl_worker.dart",
        "directApi": "lib/src/api/local_map_authoring_mutation_api.dart",
        "editor": "../map_editor/lib/src/application/authoring_api/authoring_mutation_adapter.dart",
        "mcp": "../../tools/pokemap_mcp/src/authoring_client.ts"
      },
      "contractTestPath": "test/domains/maps/spatial_object_contract_test.dart",
      "endToEndVerifiedTransports": [],
      "endToEndEvidence": {},
      "transportExecutionReceipts": {}
    },
    {
      "actionId": "trigger.delete_apply",
      "declaredTransports": [
        "cli",
        "directApi",
        "editor",
        "mcp"
      ],
      "adapterCapableTransports": [
        "cli",
        "directApi",
        "editor",
        "mcp"
      ],
      "adapterEvidence": {
        "cli": "lib/src/tooling/jsonl_worker.dart",
        "directApi": "lib/src/api/local_map_authoring_mutation_api.dart",
        "editor": "../map_editor/lib/src/application/authoring_api/authoring_mutation_adapter.dart",
        "mcp": "../../tools/pokemap_mcp/src/authoring_client.ts"
      },
      "contractTestPath": "test/domains/maps/spatial_object_contract_test.dart",
      "endToEndVerifiedTransports": [],
      "endToEndEvidence": {},
      "transportExecutionReceipts": {}
    },
    {
      "actionId": "trigger.move",
      "declaredTransports": [
        "cli",
        "directApi",
        "editor",
        "mcp"
      ],
      "adapterCapableTransports": [
        "cli",
        "directApi",
        "editor",
        "mcp"
      ],
      "adapterEvidence": {
        "cli": "lib/src/tooling/jsonl_worker.dart",
        "directApi": "lib/src/api/local_map_authoring_mutation_api.dart",
        "editor": "../map_editor/lib/src/application/authoring_api/authoring_mutation_adapter.dart",
        "mcp": "../../tools/pokemap_mcp/src/authoring_client.ts"
      },
      "contractTestPath": "test/domains/maps/spatial_object_contract_test.dart",
      "endToEndVerifiedTransports": [],
      "endToEndEvidence": {},
      "transportExecutionReceipts": {}
    },
    {
      "actionId": "trigger.patch_properties",
      "declaredTransports": [
        "cli",
        "directApi",
        "editor",
        "mcp"
      ],
      "adapterCapableTransports": [
        "cli",
        "directApi",
        "editor",
        "mcp"
      ],
      "adapterEvidence": {
        "cli": "lib/src/tooling/jsonl_worker.dart",
        "directApi": "lib/src/api/local_map_authoring_mutation_api.dart",
        "editor": "../map_editor/lib/src/application/authoring_api/authoring_mutation_adapter.dart",
        "mcp": "../../tools/pokemap_mcp/src/authoring_client.ts"
      },
      "contractTestPath": "test/domains/maps/spatial_object_contract_test.dart",
      "endToEndVerifiedTransports": [],
      "endToEndEvidence": {},
      "transportExecutionReceipts": {}
    },
    {
      "actionId": "trigger.resize",
      "declaredTransports": [
        "cli",
        "directApi",
        "editor",
        "mcp"
      ],
      "adapterCapableTransports": [
        "cli",
        "directApi",
        "editor",
        "mcp"
      ],
      "adapterEvidence": {
        "cli": "lib/src/tooling/jsonl_worker.dart",
        "directApi": "lib/src/api/local_map_authoring_mutation_api.dart",
        "editor": "../map_editor/lib/src/application/authoring_api/authoring_mutation_adapter.dart",
        "mcp": "../../tools/pokemap_mcp/src/authoring_client.ts"
      },
      "contractTestPath": "test/domains/maps/spatial_object_contract_test.dart",
      "endToEndVerifiedTransports": [],
      "endToEndEvidence": {},
      "transportExecutionReceipts": {}
    },
    {
      "actionId": "trigger.update",
      "declaredTransports": [
        "cli",
        "directApi",
        "editor",
        "mcp"
      ],
      "adapterCapableTransports": [
        "cli",
        "directApi",
        "editor",
        "mcp"
      ],
      "adapterEvidence": {
        "cli": "lib/src/tooling/jsonl_worker.dart",
        "directApi": "lib/src/api/local_map_authoring_mutation_api.dart",
        "editor": "../map_editor/lib/src/application/authoring_api/authoring_mutation_adapter.dart",
        "mcp": "../../tools/pokemap_mcp/src/authoring_client.ts"
      },
      "contractTestPath": "test/domains/maps/spatial_object_contract_test.dart",
      "endToEndVerifiedTransports": [],
      "endToEndEvidence": {},
      "transportExecutionReceipts": {}
    },
    {
      "actionId": "warp.create",
      "declaredTransports": [
        "cli",
        "directApi",
        "editor",
        "mcp"
      ],
      "adapterCapableTransports": [
        "cli",
        "directApi",
        "editor",
        "mcp"
      ],
      "adapterEvidence": {
        "cli": "lib/src/tooling/jsonl_worker.dart",
        "directApi": "lib/src/api/local_map_authoring_mutation_api.dart",
        "editor": "../map_editor/lib/src/application/authoring_api/authoring_mutation_adapter.dart",
        "mcp": "../../tools/pokemap_mcp/src/authoring_client.ts"
      },
      "contractTestPath": "test/domains/maps/warp_connection_transaction_test.dart",
      "endToEndVerifiedTransports": [],
      "endToEndEvidence": {},
      "transportExecutionReceipts": {}
    },
    {
      "actionId": "warp.create_reciprocal_apply",
      "declaredTransports": [
        "cli",
        "directApi",
        "editor",
        "mcp"
      ],
      "adapterCapableTransports": [
        "cli",
        "directApi",
        "editor",
        "mcp"
      ],
      "adapterEvidence": {
        "cli": "lib/src/tooling/jsonl_worker.dart",
        "directApi": "lib/src/api/local_map_authoring_mutation_api.dart",
        "editor": "../map_editor/lib/src/application/authoring_api/authoring_mutation_adapter.dart",
        "mcp": "../../tools/pokemap_mcp/src/authoring_client.ts"
      },
      "contractTestPath": "test/domains/maps/warp_connection_transaction_test.dart",
      "endToEndVerifiedTransports": [],
      "endToEndEvidence": {},
      "transportExecutionReceipts": {}
    },
    {
      "actionId": "warp.delete",
      "declaredTransports": [
        "cli",
        "directApi",
        "editor",
        "mcp"
      ],
      "adapterCapableTransports": [
        "cli",
        "directApi",
        "editor",
        "mcp"
      ],
      "adapterEvidence": {
        "cli": "lib/src/tooling/jsonl_worker.dart",
        "directApi": "lib/src/api/local_map_authoring_mutation_api.dart",
        "editor": "../map_editor/lib/src/application/authoring_api/authoring_mutation_adapter.dart",
        "mcp": "../../tools/pokemap_mcp/src/authoring_client.ts"
      },
      "contractTestPath": "test/domains/maps/warp_connection_transaction_test.dart",
      "endToEndVerifiedTransports": [],
      "endToEndEvidence": {},
      "transportExecutionReceipts": {}
    },
    {
      "actionId": "warp.delete_pair_apply",
      "declaredTransports": [
        "cli",
        "directApi",
        "editor",
        "mcp"
      ],
      "adapterCapableTransports": [
        "cli",
        "directApi",
        "editor",
        "mcp"
      ],
      "adapterEvidence": {
        "cli": "lib/src/tooling/jsonl_worker.dart",
        "directApi": "lib/src/api/local_map_authoring_mutation_api.dart",
        "editor": "../map_editor/lib/src/application/authoring_api/authoring_mutation_adapter.dart",
        "mcp": "../../tools/pokemap_mcp/src/authoring_client.ts"
      },
      "contractTestPath": "test/domains/maps/warp_connection_transaction_test.dart",
      "endToEndVerifiedTransports": [],
      "endToEndEvidence": {},
      "transportExecutionReceipts": {}
    },
    {
      "actionId": "warp.update",
      "declaredTransports": [
        "cli",
        "directApi",
        "editor",
        "mcp"
      ],
      "adapterCapableTransports": [
        "cli",
        "directApi",
        "editor",
        "mcp"
      ],
      "adapterEvidence": {
        "cli": "lib/src/tooling/jsonl_worker.dart",
        "directApi": "lib/src/api/local_map_authoring_mutation_api.dart",
        "editor": "../map_editor/lib/src/application/authoring_api/authoring_mutation_adapter.dart",
        "mcp": "../../tools/pokemap_mcp/src/authoring_client.ts"
      },
      "contractTestPath": "test/domains/maps/warp_connection_transaction_test.dart",
      "endToEndVerifiedTransports": [],
      "endToEndEvidence": {},
      "transportExecutionReceipts": {}
    },
    {
      "actionId": "warp.update_pair_apply",
      "declaredTransports": [
        "cli",
        "directApi",
        "editor",
        "mcp"
      ],
      "adapterCapableTransports": [
        "cli",
        "directApi",
        "editor",
        "mcp"
      ],
      "adapterEvidence": {
        "cli": "lib/src/tooling/jsonl_worker.dart",
        "directApi": "lib/src/api/local_map_authoring_mutation_api.dart",
        "editor": "../map_editor/lib/src/application/authoring_api/authoring_mutation_adapter.dart",
        "mcp": "../../tools/pokemap_mcp/src/authoring_client.ts"
      },
      "contractTestPath": "test/domains/maps/warp_connection_transaction_test.dart",
      "endToEndVerifiedTransports": [],
      "endToEndEvidence": {},
      "transportExecutionReceipts": {}
    },
    {
      "actionId": "world_rule.create",
      "declaredTransports": [
        "cli",
        "directApi",
        "editor",
        "mcp"
      ],
      "adapterCapableTransports": [
        "cli",
        "directApi",
        "editor",
        "mcp"
      ],
      "adapterEvidence": {
        "cli": "lib/src/tooling/jsonl_worker.dart",
        "directApi": "lib/src/api/local_map_authoring_mutation_api.dart",
        "editor": "../map_editor/lib/src/application/authoring_api/authoring_mutation_adapter.dart",
        "mcp": "../../tools/pokemap_mcp/src/authoring_client.ts"
      },
      "contractTestPath": "test/domains/narrative/modern_narrative_authoring_test.dart",
      "endToEndVerifiedTransports": [],
      "endToEndEvidence": {},
      "transportExecutionReceipts": {}
    },
    {
      "actionId": "world_rule.delete",
      "declaredTransports": [
        "cli",
        "directApi",
        "editor",
        "mcp"
      ],
      "adapterCapableTransports": [
        "cli",
        "directApi",
        "editor",
        "mcp"
      ],
      "adapterEvidence": {
        "cli": "lib/src/tooling/jsonl_worker.dart",
        "directApi": "lib/src/api/local_map_authoring_mutation_api.dart",
        "editor": "../map_editor/lib/src/application/authoring_api/authoring_mutation_adapter.dart",
        "mcp": "../../tools/pokemap_mcp/src/authoring_client.ts"
      },
      "contractTestPath": "test/domains/narrative/modern_narrative_authoring_test.dart",
      "endToEndVerifiedTransports": [],
      "endToEndEvidence": {},
      "transportExecutionReceipts": {}
    },
    {
      "actionId": "world_rule.update",
      "declaredTransports": [
        "cli",
        "directApi",
        "editor",
        "mcp"
      ],
      "adapterCapableTransports": [
        "cli",
        "directApi",
        "editor",
        "mcp"
      ],
      "adapterEvidence": {
        "cli": "lib/src/tooling/jsonl_worker.dart",
        "directApi": "lib/src/api/local_map_authoring_mutation_api.dart",
        "editor": "../map_editor/lib/src/application/authoring_api/authoring_mutation_adapter.dart",
        "mcp": "../../tools/pokemap_mcp/src/authoring_client.ts"
      },
      "contractTestPath": "test/domains/narrative/modern_narrative_authoring_test.dart",
      "endToEndVerifiedTransports": [],
      "endToEndEvidence": {},
      "transportExecutionReceipts": {}
    }
  ],
  "runtimeCommands": [
    "playtest",
    "render"
  ],
  "summary": {
    "coverageScope": "canonicalAuthoringCatalog",
    "resourceCount": 86,
    "mutationActionCount": 360,
    "blockedOrMissingCount": 0,
    "notApplicableCount": 76,
    "catalogComplete": true,
    "endToEndVerifiedMutationActionCount": 93,
    "fullyEndToEndVerifiedMutationActionCount": 89,
    "transportCertificationComplete": false,
    "itemTransportCertificationComplete": false
  }
}
