00:00 +0: loading /Users/karim/Project/pokemonProject/apps/avelune_studio/test/cinematics/cinematic_preview_media_ui10_test.dart
00:00 +0: /Users/karim/Project/pokemonProject/apps/avelune_studio/test/cinematics/cinematic_preview_media_ui10_test.dart: camera preview advances with media configured and audio=false
00:00 +1: /Users/karim/Project/pokemonProject/apps/avelune_studio/test/cinematics/cinematic_preview_media_ui10_test.dart: camera preview advances with media configured and audio=true
00:00 +2: /Users/karim/Project/pokemonProject/apps/avelune_studio/test/cinematics/cinematic_preview_media_ui10_test.dart: camera coexistence does not suppress missing media diagnostics
00:00 +3: /Users/karim/Project/pokemonProject/apps/avelune_studio/test/cinematics/cinematic_preview_media_ui10_test.dart: explicit playback executes canonical audio once; seek is silent and pause restores
00:00 +4: /Users/karim/Project/pokemonProject/apps/avelune_studio/test/cinematics/cinematic_preview_media_ui10_test.dart: stop during a pending media start restores the late owned channel
00:00 +5: /Users/karim/Project/pokemonProject/apps/avelune_studio/test/cinematics/cinematic_preview_media_ui10_test.dart: replacement and disposal clean previous asynchronous media without late notifications
00:00 +6: /Users/karim/Project/pokemonProject/apps/avelune_studio/test/cinematics/cinematic_preview_media_ui10_test.dart: media failure pauses visual playback and exposes an honest diagnostic
00:02 +7: /Users/karim/Project/pokemonProject/apps/avelune_studio/test/cinematics/cinematic_viewport_parity_ui10_test.dart: scrub applies camera and fade while stop restores the work view
00:03 +8: /Users/karim/Project/pokemonProject/apps/avelune_studio/test/cinematics/cinematic_viewport_parity_ui10_test.dart: scrub applies camera and fade while stop restores the work view
00:03 +9: /Users/karim/Project/pokemonProject/apps/avelune_studio/test/cinematics/cinematic_viewport_parity_ui10_test.dart: scrub applies camera and fade while stop restores the work view
00:04 +10: /Users/karim/Project/pokemonProject/apps/avelune_studio/test/cinematics/cinematic_viewport_parity_ui10_test.dart: scrub applies camera and fade while stop restores the work view
00:04 +11: /Users/karim/Project/pokemonProject/apps/avelune_studio/test/cinematics/cinematic_viewport_parity_ui10_test.dart: scrub applies camera and fade while stop restores the work view
00:04 +12: /Users/karim/Project/pokemonProject/apps/avelune_studio/test/cinematics/cinematic_viewport_parity_ui10_test.dart: scrub applies camera and fade while stop restores the work view
00:05 +13: /Users/karim/Project/pokemonProject/apps/avelune_studio/test/cinematics/cinematic_library_thumbnail_ui10_test.dart: thumbnail forgets A while B waits and after null or missing map
00:05 +14: /Users/karim/Project/pokemonProject/apps/avelune_studio/test/cinematics/cinematic_independent_publication_ui10_test.dart: cinematic save preserves concurrent import, every map and linked sources
00:06 +15: /Users/karim/Project/pokemonProject/apps/avelune_studio/test/cinematics/cinematic_adapter_ui10_test.dart: referenced deletion lists consumer and leaves shared documents intact
00:06 +16: /Users/karim/Project/pokemonProject/apps/avelune_studio/test/cinematics/cinematic_adapter_ui10_test.dart: draft publication creates asset and library atomically without a map
00:06 +17: /Users/karim/Project/pokemonProject/apps/avelune_studio/test/cinematics/cinematic_adapter_ui10_test.dart: unclassified existing assets stay readable and are not reclassified by save
00:06 +18: /Users/karim/Project/pokemonProject/apps/avelune_studio/test/cinematics/cinematic_adapter_ui10_test.dart: new library entry refuses version six without migration or write
00:06 +19: /Users/karim/Project/pokemonProject/apps/avelune_studio/test/cinematics/cinematic_adapter_ui10_test.dart: same asset conflict preserves disk and the caller draft
00:06 +20: /Users/karim/Project/pokemonProject/apps/avelune_studio/test/cinematics/cinematic_adapter_ui10_test.dart: independent manifest edits and another cinematic survive targeted save
00:06 +21: /Users/karim/Project/pokemonProject/apps/avelune_studio/test/cinematics/cinematic_published_guard_ui10_test.dart: published cinematic test preserves dirty dependencies and focused invalid edit blocks close
00:07 +22: /Users/karim/Project/pokemonProject/apps/avelune_studio/test/cinematics/cinematic_published_guard_ui10_test.dart: published cinematic test preserves dirty dependencies and focused invalid edit blocks close
00:07 +23: /Users/karim/Project/pokemonProject/apps/avelune_studio/test/cinematics/cinematic_published_guard_ui10_test.dart: published cinematic test preserves dirty dependencies and focused invalid edit blocks close
00:07 +24: /Users/karim/Project/pokemonProject/apps/avelune_studio/test/cinematics/cinematic_published_guard_ui10_test.dart: published cinematic test preserves dirty dependencies and focused invalid edit blocks close
00:07 +25: /Users/karim/Project/pokemonProject/apps/avelune_studio/test/cinematics/cinematic_preview_transport_ui10_test.dart: canonical intermediate movement, backwards scrub and stop never modify author asset
00:07 +26: /Users/karim/Project/pokemonProject/apps/avelune_studio/test/cinematics/cinematic_preview_transport_ui10_test.dart: eighty sequential actions keep one plan for ticks, pause and scrub
00:10 +27: /Users/karim/Project/pokemonProject/apps/avelune_studio/test/cinematics/cinematic_animation_ui10_test.dart: animation uses canonical command, preserves unknown metadata and undoes repeat edit
00:10 +28: /Users/karim/Project/pokemonProject/apps/avelune_studio/test/cinematics/cinematic_animation_ui10_test.dart: typed animation inspector edits repeat count and retains invalid input diagnostic
00:10 +29: /Users/karim/Project/pokemonProject/apps/avelune_studio/test/cinematics/cinematic_animation_ui10_test.dart: typed animation inspector edits repeat count and retains invalid input diagnostic
00:10 +30: /Users/karim/Project/pokemonProject/apps/avelune_studio/test/cinematics/cinematic_animation_ui10_test.dart: typed animation inspector edits repeat count and retains invalid input diagnostic
00:10 +31: /Users/karim/Project/pokemonProject/apps/avelune_studio/test/cinematics/cinematic_animation_ui10_test.dart: typed animation inspector edits repeat count and retains invalid input diagnostic
00:10 +32: /Users/karim/Project/pokemonProject/apps/avelune_studio/test/cinematics/cinematic_animation_ui10_test.dart: two unpublished drafts remain visible in their selected folder
00:11 +33: /Users/karim/Project/pokemonProject/apps/avelune_studio/test/cinematics/cinematic_coexistence_ui10_test.dart: full and simplified dirty ownership is reciprocal; publication invalidates only clean owners
00:11 +34: /Users/karim/Project/pokemonProject/apps/avelune_studio/test/cinematics/cinematic_coexistence_ui10_test.dart: full and simplified dirty ownership is reciprocal; publication invalidates only clean owners
00:11 +35: /Users/karim/Project/pokemonProject/apps/avelune_studio/test/cinematics/cinematic_coexistence_ui10_test.dart: full and simplified dirty ownership is reciprocal; publication invalidates only clean owners
00:11 +36: /Users/karim/Project/pokemonProject/apps/avelune_studio/test/cinematics/cinematic_coexistence_ui10_test.dart: changed cinematic base refuses stale simplified publication even when scene is unchanged
00:12 +37: /Users/karim/Project/pokemonProject/apps/avelune_studio/test/cinematics/dialogue_working_source_ui10_test.dart: C1 dirty simplified dialogue wins over old clean full snapshot without publication
00:13 +38: /Users/karim/Project/pokemonProject/apps/avelune_studio/test/cinematics/dialogue_working_source_ui10_test.dart: C1 dirty simplified dialogue wins over old clean full snapshot without publication
00:13 +39: /Users/karim/Project/pokemonProject/apps/avelune_studio/test/cinematics/dialogue_working_source_ui10_test.dart: C1 dirty simplified dialogue wins over old clean full snapshot without publication
00:13 +40: /Users/karim/Project/pokemonProject/apps/avelune_studio/test/cinematics/dialogue_working_source_ui10_test.dart: C1 dirty simplified dialogue wins over old clean full snapshot without publication
00:13 +41: /Users/karim/Project/pokemonProject/apps/avelune_studio/test/cinematics/dialogue_working_source_ui10_test.dart: C1 dirty simplified dialogue wins over old clean full snapshot without publication
00:13 +42: /Users/karim/Project/pokemonProject/apps/avelune_studio/test/cinematics/dialogue_working_source_ui10_test.dart: C1 dirty simplified dialogue wins over old clean full snapshot without publication
00:13 +43: /Users/karim/Project/pokemonProject/apps/avelune_studio/test/cinematics/dialogue_working_source_ui10_test.dart: C1 dirty simplified dialogue wins over old clean full snapshot without publication
00:13 +44: /Users/karim/Project/pokemonProject/apps/avelune_studio/test/cinematics/dialogue_working_source_ui10_test.dart: working source resolves publication, explicit discard, homonyms and project boundary
00:14 +45: /Users/karim/Project/pokemonProject/apps/avelune_studio/test/cinematics/cinematic_spatial_gestures_ui10_test.dart: map clicks and point drag respect pan zoom resize at 16 px
00:14 +46: /Users/karim/Project/pokemonProject/apps/avelune_studio/test/cinematics/cinematic_spatial_gestures_ui10_test.dart: map clicks and point drag respect pan zoom resize at 16 px
00:17 +47: /Users/karim/Project/pokemonProject/apps/avelune_studio/test/cinematics/cinematic_spatial_gestures_ui10_test.dart: map clicks and point drag respect pan zoom resize at 16 px
00:17 +48: /Users/karim/Project/pokemonProject/apps/avelune_studio/test/cinematics/cinematic_spatial_gestures_ui10_test.dart: map clicks and point drag respect pan zoom resize at 32 px
00:20 +49: /Users/karim/Project/pokemonProject/apps/avelune_studio/test/terrain_editor_test.dart: source assignment, scratch correction and publication activate the saved preset
00:20 +50: /Users/karim/Project/pokemonProject/apps/avelune_studio/test/terrain_editor_test.dart: small editor at enlarged text keeps all sections scrollable
00:23 +51: /Users/karim/Project/pokemonProject/apps/avelune_studio/test/dialogues_ui09_responsive_test.dart: responsive 1440x900 edits text and response then saves
00:26 +52: /Users/karim/Project/pokemonProject/apps/avelune_studio/test/dialogues_ui09_responsive_test.dart: responsive 1440x900 edits text and response then saves
00:28 +53: /Users/karim/Project/pokemonProject/apps/avelune_studio/test/dialogues_ui09_responsive_test.dart: responsive 1440x900 edits text and response then saves
00:29 +54: /Users/karim/Project/pokemonProject/apps/avelune_studio/test/ui11_presentation_transport_controls_test.dart: UI11 transport answers the keyboard without a focused panel
00:30 +55: /Users/karim/Project/pokemonProject/apps/avelune_studio/test/dialogues_ui09_responsive_test.dart: responsive 1280x800 edits text and response then saves
00:32 +56: /Users/karim/Project/pokemonProject/apps/avelune_studio/test/dialogues_ui09_responsive_test.dart: responsive 1280x800 edits text and response then saves
00:33 +57: /Users/karim/Project/pokemonProject/apps/avelune_studio/test/dialogues_ui09_responsive_test.dart: responsive 1024x640 edits text and response then saves
00:33 +58: /Users/karim/Project/pokemonProject/apps/avelune_studio/test/dialogues_ui09_responsive_test.dart: responsive 1024x640 edits text and response then saves
00:34 +59: /Users/karim/Project/pokemonProject/apps/avelune_studio/test/dialogues_ui09_responsive_test.dart: responsive 1024x640 edits text and response then saves
00:34 +60: /Users/karim/Project/pokemonProject/apps/avelune_studio/test/dialogues_ui09_responsive_test.dart: responsive 1024x640 edits text and response then saves
00:34 +61: /Users/karim/Project/pokemonProject/apps/avelune_studio/test/dialogues_ui09_responsive_test.dart: responsive 1024x640 edits text and response then saves
00:34 +62: /Users/karim/Project/pokemonProject/apps/avelune_studio/test/dialogues_ui09_responsive_test.dart: responsive 1024x640 edits text and response then saves
00:35 +63: /Users/karim/Project/pokemonProject/apps/avelune_studio/test/dialogues_ui09_responsive_test.dart: responsive 1024x640 edits text and response then saves
00:36 +64: /Users/karim/Project/pokemonProject/apps/avelune_studio/test/ui13_verification_recovery_test.dart: saving during an analysis leaves no ghost control
00:36 +65: /Users/karim/Project/pokemonProject/apps/avelune_studio/test/ui13_verification_recovery_test.dart: a revision that moves during the reads is prepared again
00:37 +66: /Users/karim/Project/pokemonProject/apps/avelune_studio/test/ui13_verification_recovery_test.dart: a failed preparation still frees the page
00:37 +67: /Users/karim/Project/pokemonProject/apps/avelune_studio/test/ui13_verification_recovery_test.dart: a refused input check frees the page too
00:37 +68: /Users/karim/Project/pokemonProject/apps/avelune_studio/test/ui13_verification_recovery_test.dart: the end of a replaced request does not disturb the new one
00:37 +69: /Users/karim/Project/pokemonProject/apps/avelune_studio/test/home/home_character_navigation_test.dart: home character placement preserves map and opens palette: compact=false
00:38 +70: /Users/karim/Project/pokemonProject/apps/avelune_studio/test/home/home_character_navigation_test.dart: home character placement preserves map and opens palette: compact=false
00:38 +71: /Users/karim/Project/pokemonProject/apps/avelune_studio/test/home/home_character_navigation_test.dart: home character placement preserves map and opens palette: compact=false
00:38 +72: /Users/karim/Project/pokemonProject/apps/avelune_studio/test/home/home_character_navigation_test.dart: home character placement preserves map and opens palette: compact=false
00:38 +73: /Users/karim/Project/pokemonProject/apps/avelune_studio/test/home/home_character_navigation_test.dart: home character placement preserves map and opens palette: compact=false
00:38 +74: /Users/karim/Project/pokemonProject/apps/avelune_studio/test/home/home_character_navigation_test.dart: home character placement preserves map and opens palette: compact=false
00:39 +75: /Users/karim/Project/pokemonProject/apps/avelune_studio/test/home/home_lazy_collection_test.dart: compact home builds long recent collections on demand
00:41 +76: /Users/karim/Project/pokemonProject/apps/avelune_studio/test/home/home_lazy_collection_test.dart: compact home builds long recent collections on demand
00:42 +77: /Users/karim/Project/pokemonProject/apps/avelune_studio/test/home/home_navigation_test.dart: home keeps mounted workspace, document, zoom and undo; cancelled switch preserves it
00:43 +78: /Users/karim/Project/pokemonProject/apps/avelune_studio/test/home/home_navigation_test.dart: home keeps mounted workspace, document, zoom and undo; cancelled switch preserves it
00:44 +79: /Users/karim/Project/pokemonProject/apps/avelune_studio/test/home/home_visual_test.dart: home fits Size(1536.0, 1024.0) with real layout and local search
00:45 +80: /Users/karim/Project/pokemonProject/apps/avelune_studio/test/home/home_real_project_test.dart: opens disposable on-disk project and captures the real active home
00:46 +81: /Users/karim/Project/pokemonProject/apps/avelune_studio/test/home/home_real_project_test.dart: opens disposable on-disk project and captures the real active home
00:46 +82: /Users/karim/Project/pokemonProject/apps/avelune_studio/test/home/home_real_project_test.dart: opens disposable on-disk project and captures the real active home
00:46 +83: /Users/karim/Project/pokemonProject/apps/avelune_studio/test/home/home_real_project_test.dart: opens disposable on-disk project and captures the real active home
00:46 +84: /Users/karim/Project/pokemonProject/apps/avelune_studio/test/home/home_real_project_test.dart: opens disposable on-disk project and captures the real active home
00:47 +85: /Users/karim/Project/pokemonProject/apps/avelune_studio/test/home/home_real_project_test.dart: opens disposable on-disk project and captures the real active home
00:48 +86: /Users/karim/Project/pokemonProject/apps/avelune_studio/test/ui13_verification_page_test.dart: the page states that nothing was checked before a launch
00:50 +87: /Users/karim/Project/pokemonProject/apps/avelune_studio/test/presentations_ui11_renderer_parity_test.dart: shared montage equals actual runtime frames portrait=false
00:51 +88: /Users/karim/Project/pokemonProject/apps/avelune_studio/test/presentations_ui11_renderer_parity_test.dart: shared montage equals actual runtime frames portrait=false
00:52 +89: /Users/karim/Project/pokemonProject/apps/avelune_studio/test/presentations_ui11_renderer_parity_test.dart: shared montage equals actual runtime frames portrait=false
00:52 +90: /Users/karim/Project/pokemonProject/apps/avelune_studio/test/ui13_verification_page_test.dart: the report announces that the work moved under it
00:53 +91: /Users/karim/Project/pokemonProject/apps/avelune_studio/test/presentations_ui11_renderer_parity_test.dart: shared montage equals actual runtime frames portrait=true
00:55 +92: /Users/karim/Project/pokemonProject/apps/avelune_studio/test/cinematics_ui10_error_recovery_test.dart: UI10 recovers missing actor through real controls and preserves invalid fields
00:56 +93: /Users/karim/Project/pokemonProject/apps/avelune_studio/test/cinematics_ui10_error_recovery_test.dart: UI10 recovers missing actor through real controls and preserves invalid fields
00:56 +94: /Users/karim/Project/pokemonProject/apps/avelune_studio/test/cinematics_ui10_error_recovery_test.dart: UI10 recovers missing actor through real controls and preserves invalid fields
00:56 +95: /Users/karim/Project/pokemonProject/apps/avelune_studio/test/cinematics_ui10_error_recovery_test.dart: UI10 recovers missing actor through real controls and preserves invalid fields
00:56 +96: /Users/karim/Project/pokemonProject/apps/avelune_studio/test/cinematics_ui10_error_recovery_test.dart: UI10 recovers missing actor through real controls and preserves invalid fields
00:57 +97: /Users/karim/Project/pokemonProject/apps/avelune_studio/test/cinematics_ui10_error_recovery_test.dart: UI10 recovers missing actor through real controls and preserves invalid fields
00:58 +98: /Users/karim/Project/pokemonProject/apps/avelune_studio/test/cinematics_ui10_error_recovery_test.dart: UI10 recovers missing actor through real controls and preserves invalid fields
00:58 +99: /Users/karim/Project/pokemonProject/apps/avelune_studio/test/cinematics_ui10_error_recovery_test.dart: UI10 recovers missing actor through real controls and preserves invalid fields
00:58 +100: /Users/karim/Project/pokemonProject/apps/avelune_studio/test/cinematics_ui10_error_recovery_test.dart: UI10 recovers missing actor through real controls and preserves invalid fields
00:58 +101: /Users/karim/Project/pokemonProject/apps/avelune_studio/test/cinematics_ui10_error_recovery_test.dart: UI10 recovers missing actor through real controls and preserves invalid fields
00:58 +102: /Users/karim/Project/pokemonProject/apps/avelune_studio/test/cinematics_ui10_error_recovery_test.dart: UI10 recovers missing actor through real controls and preserves invalid fields
00:59 +103: /Users/karim/Project/pokemonProject/apps/avelune_studio/test/cinematics_ui10_error_recovery_test.dart: UI10 recovers missing actor through real controls and preserves invalid fields
01:00 +104: /Users/karim/Project/pokemonProject/apps/avelune_studio/test/cinematics_ui10_error_recovery_test.dart: UI10 recovers missing actor through real controls and preserves invalid fields
01:00 +105: /Users/karim/Project/pokemonProject/apps/avelune_studio/test/cinematics_ui10_error_recovery_test.dart: UI10 recovers missing actor through real controls and preserves invalid fields
01:00 +106: /Users/karim/Project/pokemonProject/apps/avelune_studio/test/cinematics_ui10_error_recovery_test.dart: UI10 recovers missing actor through real controls and preserves invalid fields
01:02 +107: /Users/karim/Project/pokemonProject/apps/avelune_studio/test/cinematics_ui10_error_recovery_test.dart: UI10 recovers missing actor through real controls and preserves invalid fields
01:02 +108: /Users/karim/Project/pokemonProject/apps/avelune_studio/test/cinematics_ui10_error_recovery_test.dart: UI10 recovers missing actor through real controls and preserves invalid fields
01:03 +109: /Users/karim/Project/pokemonProject/apps/avelune_studio/test/cinematics_ui10_error_recovery_test.dart: UI10 recovers missing actor through real controls and preserves invalid fields
01:04 +110: /Users/karim/Project/pokemonProject/apps/avelune_studio/test/cinematics_ui10_error_recovery_test.dart: UI10 recovers missing actor through real controls and preserves invalid fields
01:04 +111: /Users/karim/Project/pokemonProject/apps/avelune_studio/test/cinematics_ui10_error_recovery_test.dart: UI10 recovers missing actor through real controls and preserves invalid fields
01:04 +112: /Users/karim/Project/pokemonProject/apps/avelune_studio/test/cinematics_ui10_error_recovery_test.dart: UI10 recovers missing actor through real controls and preserves invalid fields
01:04 +113: /Users/karim/Project/pokemonProject/apps/avelune_studio/test/cinematics_ui10_error_recovery_test.dart: UI10 recovers missing actor through real controls and preserves invalid fields
01:05 +114: /Users/karim/Project/pokemonProject/apps/avelune_studio/test/cinematics_ui10_error_recovery_test.dart: UI10 recovers missing actor through real controls and preserves invalid fields
01:05 +115: /Users/karim/Project/pokemonProject/apps/avelune_studio/test/cinematics_ui10_error_recovery_test.dart: UI10 recovers missing actor through real controls and preserves invalid fields
01:05 +116: /Users/karim/Project/pokemonProject/apps/avelune_studio/test/dialogues/dialogue_concurrency_ui09_test.dart: catalog deletion invalidates a clean full document without opening a namesake
01:06 +117: /Users/karim/Project/pokemonProject/apps/avelune_studio/test/dialogues/dialogue_publication_guards_ui09_test.dart: interruption between manifest and source recovers the coherent pair
01:06 +118: /Users/karim/Project/pokemonProject/apps/avelune_studio/test/dialogues_ui09_interaction_test.dart: switching inspector tab commits focused text before disposal
01:06 +119: /Users/karim/Project/pokemonProject/apps/avelune_studio/test/dialogues_ui09_interaction_test.dart: switching inspector tab commits focused text before disposal
01:06 +120: /Users/karim/Project/pokemonProject/apps/avelune_studio/test/dialogues_ui09_interaction_test.dart: switching inspector tab commits focused text before disposal
01:06 +121: /Users/karim/Project/pokemonProject/apps/avelune_studio/test/dialogues_ui09_interaction_test.dart: switching inspector tab commits focused text before disposal
01:06 +122: /Users/karim/Project/pokemonProject/apps/avelune_studio/test/dialogues_ui09_interaction_test.dart: switching inspector tab commits focused text before disposal
01:06 +123: /Users/karim/Project/pokemonProject/apps/avelune_studio/test/dialogues_ui09_interaction_test.dart: switching inspector tab commits focused text before disposal
01:07 +124: /Users/karim/Project/pokemonProject/apps/avelune_studio/test/dialogues_ui09_interaction_test.dart: switching inspector tab commits focused text before disposal
01:07 +125: /Users/karim/Project/pokemonProject/apps/avelune_studio/test/dialogues_ui09_interaction_test.dart: switching inspector tab commits focused text before disposal
01:07 +126: /Users/karim/Project/pokemonProject/apps/avelune_studio/test/dialogues_ui09_interaction_test.dart: switching inspector tab commits focused text before disposal
01:07 +127: /Users/karim/Project/pokemonProject/apps/avelune_studio/test/dialogues_ui09_interaction_test.dart: switching inspector tab commits focused text before disposal
01:09 +128: /Users/karim/Project/pokemonProject/apps/avelune_studio/test/dialogues_ui09_interaction_test.dart: focused text saves exact source and history remains usable
01:10 +129: /Users/karim/Project/pokemonProject/apps/avelune_studio/test/dialogues_ui09_interaction_test.dart: focused text saves exact source and history remains usable
01:11 +130: /Users/karim/Project/pokemonProject/apps/avelune_studio/test/dialogues_ui09_interaction_test.dart: focused text saves exact source and history remains usable
01:11 +131: /Users/karim/Project/pokemonProject/apps/avelune_studio/test/dialogues_ui09_interaction_test.dart: focused text saves exact source and history remains usable
01:11 +132: /Users/karim/Project/pokemonProject/apps/avelune_studio/test/dialogues_ui09_interaction_test.dart: focused text saves exact source and history remains usable
01:11 +133: /Users/karim/Project/pokemonProject/apps/avelune_studio/test/dialogues_ui09_interaction_test.dart: focused text saves exact source and history remains usable
01:11 +134: /Users/karim/Project/pokemonProject/apps/avelune_studio/test/dialogues_ui09_interaction_test.dart: focused text saves exact source and history remains usable
01:12 +135: /Users/karim/Project/pokemonProject/apps/avelune_studio/test/dialogues_ui09_interaction_test.dart: focused text saves exact source and history remains usable
01:12 +136: /Users/karim/Project/pokemonProject/apps/avelune_studio/test/dialogues_ui09_interaction_test.dart: preview plays both explicit branches without publication
01:13 +137: /Users/karim/Project/pokemonProject/apps/avelune_studio/test/dialogues_ui09_interaction_test.dart: preview plays both explicit branches without publication
01:15 +138: /Users/karim/Project/pokemonProject/apps/avelune_studio/test/dialogues_ui09_interaction_test.dart: preview plays both explicit branches without publication
01:15 +139: /Users/karim/Project/pokemonProject/apps/avelune_studio/test/dialogues_ui09_interaction_test.dart: preview plays both explicit branches without publication
01:15 +140: /Users/karim/Project/pokemonProject/apps/avelune_studio/test/dialogues_ui09_interaction_test.dart: preview plays both explicit branches without publication
01:15 +141: /Users/karim/Project/pokemonProject/apps/avelune_studio/test/dialogues_ui09_interaction_test.dart: preview plays both explicit branches without publication
01:15 +142: /Users/karim/Project/pokemonProject/apps/avelune_studio/test/dialogues_ui09_interaction_test.dart: wire drag cancellation and real reconnection preserve history at 0.55
01:16 +143: /Users/karim/Project/pokemonProject/apps/avelune_studio/test/dialogues_ui09_interaction_test.dart: wire drag cancellation and real reconnection preserve history at 0.55
01:16 +144: /Users/karim/Project/pokemonProject/apps/avelune_studio/test/dialogues_ui09_interaction_test.dart: wire drag cancellation and real reconnection preserve history at 0.55
01:16 +145: /Users/karim/Project/pokemonProject/apps/avelune_studio/test/dialogues_ui09_interaction_test.dart: wire drag cancellation and real reconnection preserve history at 0.55
01:17 +146: /Users/karim/Project/pokemonProject/apps/avelune_studio/test/dialogues_ui09_interaction_test.dart: wire drag cancellation and real reconnection preserve history at 0.55
01:17 +147: /Users/karim/Project/pokemonProject/apps/avelune_studio/test/dialogues_ui09_interaction_test.dart: wire drag cancellation and real reconnection preserve history at 0.55
01:17 +148: /Users/karim/Project/pokemonProject/apps/avelune_studio/test/dialogues_ui09_interaction_test.dart: wire drag cancellation and real reconnection preserve history at 0.55
01:17 +149: /Users/karim/Project/pokemonProject/apps/avelune_studio/test/dialogues_ui09_interaction_test.dart: wire drag cancellation and real reconnection preserve history at 0.55
01:17 +150: /Users/karim/Project/pokemonProject/apps/avelune_studio/test/dialogues_ui09_interaction_test.dart: wire drag cancellation and real reconnection preserve history at 0.55
01:17 +151: /Users/karim/Project/pokemonProject/apps/avelune_studio/test/dialogues_ui09_interaction_test.dart: wire drag cancellation and real reconnection preserve history at 0.55
01:17 +152: /Users/karim/Project/pokemonProject/apps/avelune_studio/test/dialogues_ui09_interaction_test.dart: wire drag cancellation and real reconnection preserve history at 0.55
01:18 +153: /Users/karim/Project/pokemonProject/apps/avelune_studio/test/dialogues_ui09_volume_test.dart: UI09 40 suites 200 lines 50 links navigation does not reread or compile
01:21 +154: /Users/karim/Project/pokemonProject/apps/avelune_studio/test/dialogues_ui09_volume_test.dart: UI09 40 suites 200 lines 50 links navigation does not reread or compile
UI09 volume: 40 suites, 200 lines, 50 links; 8 gestures; 1 source read; 0 additional compilations; 9 page builds (initial + 8 selection updates).
01:21 +155: /Users/karim/Project/pokemonProject/apps/avelune_studio/test/ui06_scene_runtime_test.dart: real scene executor commits the false branch after reopen
01:22 +156: /Users/karim/Project/pokemonProject/apps/avelune_studio/test/ui06_scene_runtime_test.dart: real runtime plays Yarn and refusal
[runtime_loader] bundle load start projectFilePath=/private/var/folders/b5/7gsfwzyd449_54n8l40h40gc0000gn/T/avelune_ui06_sETUMz/project.json mapId=jardin
[runtime_loader] project manifest lookup path=/private/var/folders/b5/7gsfwzyd449_54n8l40h40gc0000gn/T/avelune_ui06_sETUMz/project.json
[runtime_loader] project manifest read ok bytes=16666
[runtime_loader] project manifest validated maps=2 tilesets=1 scenarios=0
[runtime_loader] bundle map resolved mapId=jardin relativePath=maps/jardin.json mapPath=/private/var/folders/b5/7gsfwzyd449_54n8l40h40gc0000gn/T/avelune_ui06_sETUMz/maps/jardin.json
[runtime_loader] map file lookup path=/private/var/folders/b5/7gsfwzyd449_54n8l40h40gc0000gn/T/avelune_ui06_sETUMz/maps/jardin.json
[runtime_loader] map file read ok bytes=17182
[runtime_loader] map validated id=jardin size=24x16 layers=3 entities=1 placedElements=3 warps=0 triggers=0
[runtime_loader] bundle tilesets collected ids=atelier
[runtime_loader] bundle tileset path id=atelier path=/private/var/folders/b5/7gsfwzyd449_54n8l40h40gc0000gn/T/avelune_ui06_sETUMz/assets/atelier.png
[runtime_loader] bundle load ok mapId=jardin projectRoot=/private/var/folders/b5/7gsfwzyd449_54n8l40h40gc0000gn/T/avelune_ui06_sETUMz tilesets=1
[runtime_game] tileset image load start map=jardin
[runtime_game] tileset cache resolve requested=1
[runtime_game] tileset cache resolve ok result=1
[runtime_game] onLoad start map=jardin projectFilePath=/private/var/folders/b5/7gsfwzyd449_54n8l40h40gc0000gn/T/avelune_ui06_sETUMz/project.json tilesets=1
[runtime_game] world build start map=jardin
[runtime] Map loaded: jardin, spawn at (8, 9)
[runtime_game] tileset image load ok count=1 map=jardin
[runtime_game] mount root map start map=jardin
[runtime_game] mount root map ok map=jardin
[runtime_game] onLoad completed activeMapId=jardin
[runtime_loader] bundle load start projectFilePath=/private/var/folders/b5/7gsfwzyd449_54n8l40h40gc0000gn/T/avelune_ui06_sETUMz/project.json mapId=clairiere
[runtime_loader] project manifest lookup path=/private/var/folders/b5/7gsfwzyd449_54n8l40h40gc0000gn/T/avelune_ui06_sETUMz/project.json
[runtime_loader] project manifest read ok bytes=16666
[runtime_loader] project manifest validated maps=2 tilesets=1 scenarios=0
[runtime_loader] bundle map resolved mapId=clairiere relativePath=maps/clairiere.json mapPath=/private/var/folders/b5/7gsfwzyd449_54n8l40h40gc0000gn/T/avelune_ui06_sETUMz/maps/clairiere.json
[runtime_loader] map file lookup path=/private/var/folders/b5/7gsfwzyd449_54n8l40h40gc0000gn/T/avelune_ui06_sETUMz/maps/clairiere.json
[runtime_loader] map file read ok bytes=17187
[runtime_loader] map validated id=clairiere size=24x16 layers=3 entities=1 placedElements=3 warps=0 triggers=0
[runtime_loader] bundle tilesets collected ids=atelier
[runtime_loader] bundle tileset path id=atelier path=/private/var/folders/b5/7gsfwzyd449_54n8l40h40gc0000gn/T/avelune_ui06_sETUMz/assets/atelier.png
[runtime_loader] bundle load ok mapId=clairiere projectRoot=/private/var/folders/b5/7gsfwzyd449_54n8l40h40gc0000gn/T/avelune_ui06_sETUMz tilesets=1
[dialogue] interaction entity=event-v2:evt_019abcde-9000-7000-8000-000000000106:evx_01a0d3e6-afb7-7001-8000-0b5d3dddfc88:station_welcome:1790261505979
[dialogue] resolved dialogueId=station_welcome
[dialogue] resolved file=dialogues/station_welcome.yarn
[dialogue] requested startNode=Start
[scenario_lock] accepted source=event-v2:evt_019abcde-9000-7000-8000-000000000106:evx_01a0d3e6-afb7-7001-8000-0b5d3dddfc88:station_welcome:1790261505979 phase=dialogueLoading serial=1
[dialogue] parsed 1 node(s) from /private/var/folders/b5/7gsfwzyd449_54n8l40h40gc0000gn/T/avelune_ui06_sETUMz/dialogues/station_welcome.yarn
[dialogue] starting at node "Start"
[scene_runtime] dialogue content loaded request=event-v2:evt_019abcde-9000-7000-8000-000000000106:evx_01a0d3e6-afb7-7001-8000-0b5d3dddfc88:station_welcome:1790261505979 elapsedMs=50
[scenario_lock] cleared source=event-v2:evt_019abcde-9000-7000-8000-000000000106:evx_01a0d3e6-afb7-7001-8000-0b5d3dddfc88:station_welcome:1790261505979 reason=dialogueOpened serial=1
[dialogue] opened node=Start text="Bienvenue en gare. Avez-vous votre laissez-passer ?"
[dialogue] dialogue closed
[scene_runtime] dialogue completed request=event-v2:evt_019abcde-9000-7000-8000-000000000106:evx_01a0d3e6-afb7-7001-8000-0b5d3dddfc88:station_welcome:1790261505979 status=completed port=completed
[dialogue] finished
[dialogue] interaction entity=event-v2:evt_019abcde-9000-7000-8000-000000000106:evx_01a0d3e6-afb7-7001-8000-0b5d3dddfc88:station_refusal:1790261506045
[dialogue] resolved dialogueId=station_refusal
[dialogue] resolved file=dialogues/station_refusal.yarn
[dialogue] requested startNode=Start
[scenario_lock] accepted source=event-v2:evt_019abcde-9000-7000-8000-000000000106:evx_01a0d3e6-afb7-7001-8000-0b5d3dddfc88:station_refusal:1790261506045 phase=dialogueLoading serial=2
[dialogue] parsed 1 node(s) from /private/var/folders/b5/7gsfwzyd449_54n8l40h40gc0000gn/T/avelune_ui06_sETUMz/dialogues/station_refusal.yarn
[dialogue] starting at node "Start"
[scene_runtime] dialogue content loaded request=event-v2:evt_019abcde-9000-7000-8000-000000000106:evx_01a0d3e6-afb7-7001-8000-0b5d3dddfc88:station_refusal:1790261506045 elapsedMs=39
[scenario_lock] cleared source=event-v2:evt_019abcde-9000-7000-8000-000000000106:evx_01a0d3e6-afb7-7001-8000-0b5d3dddfc88:station_refusal:1790261506045 reason=dialogueOpened serial=2
[dialogue] opened node=Start text="Il vous faut un laissez-passer."
[dialogue] dialogue closed
[scene_runtime] dialogue completed request=event-v2:evt_019abcde-9000-7000-8000-000000000106:evx_01a0d3e6-afb7-7001-8000-0b5d3dddfc88:station_refusal:1790261506045 status=completed port=completed
[dialogue] finished
[event_v2] outcome noMatch producer=scene:scene_station_meeting outcome=attente legacyFallbackAllowed=false
[event_v2] mapEnter activation=mapact_1790261505757783_1 map=jardin reason=initialBoot result=MapEnterProductionDispatchV2Handled
[step_studio_trace] runtime_save_requested map=jardin completedStepIds=[] completedCutsceneIds=[]
01:24 +157: /Users/karim/Project/pokemonProject/apps/avelune_studio/test/app/studio_bootstrap_test.dart: bootstrap keeps its session until the root scope is removed
01:24 +158: /Users/karim/Project/pokemonProject/apps/avelune_studio/test/app/studio_bootstrap_test.dart: bootstrap keeps its session until the root scope is removed
01:24 +158: /Users/karim/Project/pokemonProject/apps/avelune_studio/test/ui06_scene_runtime_test.dart: real runtime plays Yarn and cinematic agreement
[runtime_loader] bundle load start projectFilePath=/private/var/folders/b5/7gsfwzyd449_54n8l40h40gc0000gn/T/avelune_ui06_ZX48no/project.json mapId=jardin
[runtime_loader] project manifest lookup path=/private/var/folders/b5/7gsfwzyd449_54n8l40h40gc0000gn/T/avelune_ui06_ZX48no/project.json
[runtime_loader] project manifest read ok bytes=17278
[runtime_loader] project manifest validated maps=2 tilesets=1 scenarios=0
[runtime_loader] bundle map resolved mapId=jardin relativePath=maps/jardin.json mapPath=/private/var/folders/b5/7gsfwzyd449_54n8l40h40gc0000gn/T/avelune_ui06_ZX48no/maps/jardin.json
[runtime_loader] map file lookup path=/private/var/folders/b5/7gsfwzyd449_54n8l40h40gc0000gn/T/avelune_ui06_ZX48no/maps/jardin.json
[runtime_loader] map file read ok bytes=17182
[runtime_loader] map validated id=jardin size=24x16 layers=3 entities=1 placedElements=3 warps=0 triggers=0
[runtime_loader] bundle tilesets collected ids=atelier
[runtime_loader] bundle tileset path id=atelier path=/private/var/folders/b5/7gsfwzyd449_54n8l40h40gc0000gn/T/avelune_ui06_ZX48no/assets/atelier.png
[runtime_loader] bundle load ok mapId=jardin projectRoot=/private/var/folders/b5/7gsfwzyd449_54n8l40h40gc0000gn/T/avelune_ui06_ZX48no tilesets=1
[runtime_game] tileset image load start map=jardin
[runtime_game] tileset cache resolve requested=1
[runtime_game] tileset cache resolve ok result=1
[runtime_game] onLoad start map=jardin projectFilePath=/private/var/folders/b5/7gsfwzyd449_54n8l40h40gc0000gn/T/avelune_ui06_ZX48no/project.json tilesets=1
[runtime_game] world build start map=jardin
[runtime] Map loaded: jardin, spawn at (8, 9)
[runtime_game] tileset image load ok count=1 map=jardin
[runtime_game] mount root map start map=jardin
[runtime_game] mount root map ok map=jardin
[runtime_game] onLoad completed activeMapId=jardin
[runtime_loader] bundle load start projectFilePath=/private/var/folders/b5/7gsfwzyd449_54n8l40h40gc0000gn/T/avelune_ui06_ZX48no/project.json mapId=clairiere
[runtime_loader] project manifest lookup path=/private/var/folders/b5/7gsfwzyd449_54n8l40h40gc0000gn/T/avelune_ui06_ZX48no/project.json
[runtime_loader] project manifest read ok bytes=17278
[runtime_loader] project manifest validated maps=2 tilesets=1 scenarios=0
[runtime_loader] bundle map resolved mapId=clairiere relativePath=maps/clairiere.json mapPath=/private/var/folders/b5/7gsfwzyd449_54n8l40h40gc0000gn/T/avelune_ui06_ZX48no/maps/clairiere.json
[runtime_loader] map file lookup path=/private/var/folders/b5/7gsfwzyd449_54n8l40h40gc0000gn/T/avelune_ui06_ZX48no/maps/clairiere.json
[runtime_loader] map file read ok bytes=17187
[runtime_loader] map validated id=clairiere size=24x16 layers=3 entities=1 placedElements=3 warps=0 triggers=0
[runtime_loader] bundle tilesets collected ids=atelier
[runtime_loader] bundle tileset path id=atelier path=/private/var/folders/b5/7gsfwzyd449_54n8l40h40gc0000gn/T/avelune_ui06_ZX48no/assets/atelier.png
[runtime_loader] bundle load ok mapId=clairiere projectRoot=/private/var/folders/b5/7gsfwzyd449_54n8l40h40gc0000gn/T/avelune_ui06_ZX48no tilesets=1
[dialogue] interaction entity=event-v2:evt_019abcde-9000-7000-8000-000000000106:evx_01a0d3e6-b39d-7001-8000-0dc60a22648e:station_welcome:1790261506974
[dialogue] resolved dialogueId=station_welcome
[dialogue] resolved file=dialogues/station_welcome.yarn
[dialogue] requested startNode=Start
[scenario_lock] accepted source=event-v2:evt_019abcde-9000-7000-8000-000000000106:evx_01a0d3e6-b39d-7001-8000-0dc60a22648e:station_welcome:1790261506974 phase=dialogueLoading serial=1
[dialogue] parsed 1 node(s) from /private/var/folders/b5/7gsfwzyd449_54n8l40h40gc0000gn/T/avelune_ui06_ZX48no/dialogues/station_welcome.yarn
[dialogue] starting at node "Start"
[scene_runtime] dialogue content loaded request=event-v2:evt_019abcde-9000-7000-8000-000000000106:evx_01a0d3e6-b39d-7001-8000-0dc60a22648e:station_welcome:1790261506974 elapsedMs=41
[scenario_lock] cleared source=event-v2:evt_019abcde-9000-7000-8000-000000000106:evx_01a0d3e6-b39d-7001-8000-0dc60a22648e:station_welcome:1790261506974 reason=dialogueOpened serial=1
[dialogue] opened node=Start text="Bienvenue en gare. Avez-vous votre laissez-passer ?"
[dialogue] dialogue closed
[scene_runtime] dialogue completed request=event-v2:evt_019abcde-9000-7000-8000-000000000106:evx_01a0d3e6-b39d-7001-8000-0dc60a22648e:station_welcome:1790261506974 status=completed port=completed
[dialogue] finished
[dialogue] interaction entity=event-v2:evt_019abcde-9000-7000-8000-000000000106:evx_01a0d3e6-b39d-7001-8000-0dc60a22648e:station_agreement:1790261507018
[dialogue] resolved dialogueId=station_agreement
[dialogue] resolved file=dialogues/station_agreement.yarn
[dialogue] requested startNode=Start
[scenario_lock] accepted source=event-v2:evt_019abcde-9000-7000-8000-000000000106:evx_01a0d3e6-b39d-7001-8000-0dc60a22648e:station_agreement:1790261507018 phase=dialogueLoading serial=2
[dialogue] parsed 1 node(s) from /private/var/folders/b5/7gsfwzyd449_54n8l40h40gc0000gn/T/avelune_ui06_ZX48no/dialogues/station_agreement.yarn
[dialogue] starting at node "Start"
[scene_runtime] dialogue content loaded request=event-v2:evt_019abcde-9000-7000-8000-000000000106:evx_01a0d3e6-b39d-7001-8000-0dc60a22648e:station_agreement:1790261507018 elapsedMs=38
[scenario_lock] cleared source=event-v2:evt_019abcde-9000-7000-8000-000000000106:evx_01a0d3e6-b39d-7001-8000-0dc60a22648e:station_agreement:1790261507018 reason=dialogueOpened serial=2
[dialogue] opened node=Start text="Vous pouvez embarquer."
[dialogue] dialogue closed
[scene_runtime] dialogue completed request=event-v2:evt_019abcde-9000-7000-8000-000000000106:evx_01a0d3e6-b39d-7001-8000-0dc60a22648e:station_agreement:1790261507018 status=completed port=completed
[dialogue] finished
[event_v2] outcome noMatch producer=scene:scene_station_meeting outcome=embarquement legacyFallbackAllowed=false
[event_v2] mapEnter activation=mapact_1790261506853113_1 map=jardin reason=initialBoot result=MapEnterProductionDispatchV2Handled
[step_studio_trace] runtime_save_requested map=jardin completedStepIds=[] completedCutsceneIds=[]
01:25 +159: /Users/karim/Project/pokemonProject/apps/avelune_studio/test/ui06_scene_runtime_test.dart: real runtime plays Yarn and cinematic agreement
01:25 +160: loading /Users/karim/Project/pokemonProject/apps/avelune_studio/test/app/provider_lifecycle_test.dart
01:25 +160: /Users/karim/Project/pokemonProject/apps/avelune_studio/test/presentations_ui11_transport_test.dart: canonical clock preserves pauses, exclusive ends and seek without mutation
01:25 +161: /Users/karim/Project/pokemonProject/apps/avelune_studio/test/presentations_ui11_transport_test.dart: document replacement and manual scrubs invalidate media epochs
01:25 +162: /Users/karim/Project/pokemonProject/apps/avelune_studio/test/presentations_ui11_transport_test.dart: step and loop use shared microsecond transport semantics
01:25 +163: /Users/karim/Project/pokemonProject/apps/avelune_studio/test/app/provider_lifecycle_test.dart: root session survives listener changes and closes exactly once
01:26 +164: /Users/karim/Project/pokemonProject/apps/avelune_studio/test/app/provider_lifecycle_test.dart: disposing the root releases a late opening result exactly once
01:26 +165: /Users/karim/Project/pokemonProject/apps/avelune_studio/test/app/provider_lifecycle_test.dart: workspace scopes isolate projects and separate session instances
01:26 +166: /Users/karim/Project/pokemonProject/apps/avelune_studio/test/app/provider_lifecycle_test.dart: unmounting the last workspace listener disposes and recreates its scope
01:26 +167: /Users/karim/Project/pokemonProject/apps/avelune_studio/test/ui13_verification_selection_test.dart: a new control keeps a selection whose key survives
01:27 +168: /Users/karim/Project/pokemonProject/apps/avelune_studio/test/ui13_verification_selection_test.dart: a new control keeps a selection whose key survives
01:27 +169: /Users/karim/Project/pokemonProject/apps/avelune_studio/test/ui13_verification_selection_test.dart: a new control keeps a selection whose key survives
01:27 +170: /Users/karim/Project/pokemonProject/apps/avelune_studio/test/events_ui08_map_context_test.dart: context does not outline an entity homonym on another map
01:27 +171: /Users/karim/Project/pokemonProject/apps/avelune_studio/test/ui13_verification_selection_test.dart: a selection that vanished is explained, not called solved
01:27 +172: /Users/karim/Project/pokemonProject/apps/avelune_studio/test/ui13_verification_selection_test.dart: a selection that vanished is explained, not called solved
01:27 +173: /Users/karim/Project/pokemonProject/apps/avelune_studio/test/ui13_verification_selection_test.dart: a selection that vanished is explained, not called solved
01:27 +174: /Users/karim/Project/pokemonProject/apps/avelune_studio/test/ui13_verification_selection_test.dart: a selection that vanished is explained, not called solved
01:29 +175: /Users/karim/Project/pokemonProject/apps/avelune_studio/test/cinematics_ui10_spatial_test.dart: UI10 destination uses 16 pixel cells after actual zoom pan and publication
01:35 +176: /Users/karim/Project/pokemonProject/apps/avelune_studio/test/cinematics_ui10_responsive_test.dart: UI10 1440.0x900.0 inspector edit keyboard save and reopen
01:36 +177: /Users/karim/Project/pokemonProject/apps/avelune_studio/test/cinematics_ui10_spatial_test.dart: UI10 destination uses 32 pixel cells after actual zoom pan and publication
01:39 +178: /Users/karim/Project/pokemonProject/apps/avelune_studio/test/cinematics_ui10_responsive_test.dart: UI10 1280.0x800.0 inspector edit keyboard save and reopen
01:40 +179: /Users/karim/Project/pokemonProject/apps/avelune_studio/test/pokemon/pokemon_external_import_host_test.dart: external search previews without writing and imports in Studio
01:44 +180: /Users/karim/Project/pokemonProject/apps/avelune_studio/test/pokemon/pokemon_external_import_host_test.dart: external search previews without writing and imports in Studio
01:48 +181: /Users/karim/Project/pokemonProject/apps/avelune_studio/test/pokemon/pokemon_corrections_host_test.dart: ambiguous legacy companion leaves the species readable
01:49 +182: /Users/karim/Project/pokemonProject/apps/avelune_studio/test/pokemon/pokemon_external_import_host_test.dart: external network error preserves local project
01:50 +183: /Users/karim/Project/pokemonProject/apps/avelune_studio/test/pokemon/pokemon_corrections_host_test.dart: legacy companion is replaced at its existing identity and path
01:52 +184: /Users/karim/Project/pokemonProject/apps/avelune_studio/test/pokemon/pokemon_corrections_host_test.dart: legacy companion is replaced at its existing identity and path
01:53 +185: /Users/karim/Project/pokemonProject/apps/avelune_studio/test/pokemon/pokemon_external_import_host_test.dart: external import attaches companions to empty references
01:56 +186: /Users/karim/Project/pokemonProject/apps/avelune_studio/test/pokemon/pokemon_corrections_host_test.dart: keeping a species with empty ref excludes unattached companion
01:56 +187: /Users/karim/Project/pokemonProject/apps/avelune_studio/test/pokemon/pokemon_corrections_host_test.dart: a changed retained reference invalidates an external preview
02:00 +188: /Users/karim/Project/pokemonProject/apps/avelune_studio/test/pokemon/pokemon_lot_a_visual_host_test.dart: Lot A surfaces use the real workspace and local media
02:03 +189: /Users/karim/Project/pokemonProject/apps/avelune_studio/test/pokemon/pokemon_language_corrections_host_test.dart: language selection does not write fallbacks and focused edit keeps its key
02:06 +190: /Users/karim/Project/pokemonProject/apps/avelune_studio/test/pokemon/pokemon_lot_a_visual_host_test.dart: compact Attack and import views keep essential actions
02:06 +191: /Users/karim/Project/pokemonProject/apps/avelune_studio/test/pokemon/pokemon_lot_a_visual_host_test.dart: 200% text keeps focused save reachable
02:09 +192: /Users/karim/Project/pokemonProject/apps/avelune_studio/test/pokemon/pokemon_json_collision_host_test.dart: overwriting selected species reloads its draft before editing
02:12 +193: /Users/karim/Project/pokemonProject/apps/avelune_studio/test/pokemon/pokemon_shared_media_host_test.dart: a form reads shared media without copying or changing it
02:13 +194: /Users/karim/Project/pokemonProject/apps/avelune_studio/test/pokemon/pokemon_json_collision_host_test.dart: JSON import does not replace a different species by filename
02:14 +195: /Users/karim/Project/pokemonProject/apps/avelune_studio/test/pokemon/pokemon_large_collection_host_test.dart: large Pokédex scrolls locally at 150% text scale
02:16 +196: /Users/karim/Project/pokemonProject/apps/avelune_studio/test/pokemon/pokemon_large_collection_host_test.dart: large Pokédex scrolls locally at 150% text scale
02:20 +197: /Users/karim/Project/pokemonProject/apps/avelune_studio/test/pokemon/pokemon_large_collection_host_test.dart: large Pokédex scrolls locally at 150% text scale
02:22 +198: /Users/karim/Project/pokemonProject/apps/avelune_studio/test/pokemon/pokemon_large_collection_host_test.dart: large Pokédex scrolls locally at 150% text scale
02:23 +199: /Users/karim/Project/pokemonProject/apps/avelune_studio/test/pokemon/pokemon_large_collection_host_test.dart: large Pokédex scrolls locally at 150% text scale
02:23 +200: /Users/karim/Project/pokemonProject/apps/avelune_studio/test/pokemon/pokemon_large_collection_host_test.dart: large Pokédex scrolls locally at 150% text scale
02:30 +201: /Users/karim/Project/pokemonProject/apps/avelune_studio/test/pokemon/pokemon_forms_evolution_host_test.dart: forms and evolution save together without losing old fields
02:33 +202: /Users/karim/Project/pokemonProject/apps/avelune_studio/test/pokemon/pokemon_homonym_host_test.dart: homonyms keep distinct identities through filtering and save
02:39 +203: /Users/karim/Project/pokemonProject/apps/avelune_studio/test/pokemon/pokemon_media_animation_host_test.dart: animation references and custom local PNG reopen from disk
02:42 +204: /Users/karim/Project/pokemonProject/apps/avelune_studio/test/pokemon/pokemon_border_notice_host_test.dart: border preview notice belongs to Map while diagnostics remain
02:46 +205: /Users/karim/Project/pokemonProject/apps/avelune_studio/test/pokemon/pokemon_project_switch_host_test.dart: read-only search can leave A and cannot update project B
02:49 +206: /Users/karim/Project/pokemonProject/apps/avelune_studio/test/pokemon/pokemon_project_switch_host_test.dart: read-only search can leave A and cannot update project B
02:49 +207: /Users/karim/Project/pokemonProject/apps/avelune_studio/test/pokemon/pokemon_project_switch_host_test.dart: read-only search can leave A and cannot update project B
02:49 +208: /Users/karim/Project/pokemonProject/apps/avelune_studio/test/pokemon/pokemon_project_switch_host_test.dart: read-only search can leave A and cannot update project B
02:52 +209: /Users/karim/Project/pokemonProject/apps/avelune_studio/test/pokemon/pokemon_custom_refs_host_test.dart: save follows manifest and companion refs, not species id
02:58 +210: /Users/karim/Project/pokemonProject/apps/avelune_studio/test/pokemon/pokemon_save_conflict_host_test.dart: disk revision conflict keeps the focused species draft
03:00 +211: /Users/karim/Project/pokemonProject/apps/avelune_studio/test/pokemon/pokemon_workspace_host_test.dart: Pokémon is a real workspace destination
03:03 +212: /Users/karim/Project/pokemonProject/apps/avelune_studio/test/pokemon/pokemon_corrections_visual_host_test.dart: 1145 species and 754 moves fill and scroll their own viewports
03:09 +213: /Users/karim/Project/pokemonProject/apps/avelune_studio/test/pokemon/pokemon_corrections_visual_host_test.dart: 1145 species and 754 moves fill and scroll their own viewports
03:11 +214: /Users/karim/Project/pokemonProject/apps/avelune_studio/test/pokemon/pokemon_corrections_visual_host_test.dart: 1145 species and 754 moves fill and scroll their own viewports
03:17 +215: /Users/karim/Project/pokemonProject/apps/avelune_studio/test/pokemon/pokemon_corrections_visual_host_test.dart: 1145 species and 754 moves fill and scroll their own viewports
03:19 +216: /Users/karim/Project/pokemonProject/apps/avelune_studio/test/pokemon/pokemon_workspace_host_test.dart: moves preview is read only and apply writes merged catalog
03:21 +217: /Users/karim/Project/pokemonProject/apps/avelune_studio/test/pokemon/pokemon_workspace_host_test.dart: moves preview is read only and apply writes merged catalog
03:22 +218: /Users/karim/Project/pokemonProject/apps/avelune_studio/test/pokemon/pokemon_workspace_host_test.dart: moves preview is read only and apply writes merged catalog
03:22 +219: /Users/karim/Project/pokemonProject/apps/avelune_studio/test/pokemon/pokemon_move_presentation_test.dart: the real Pokémon workspace uses the game export locale
03:25 +220: /Users/karim/Project/pokemonProject/apps/avelune_studio/test/dialogues_ui09_navigation_test.dart: scene opens exact dialogue and returns without losing dirty graph or text
03:30 +221: /Users/karim/Project/pokemonProject/apps/avelune_studio/test/dialogues_ui09_navigation_test.dart: scene opens exact dialogue and returns without losing dirty graph or text
03:30 +222: /Users/karim/Project/pokemonProject/apps/avelune_studio/test/dialogues_ui09_navigation_test.dart: scene opens exact dialogue and returns without losing dirty graph or text
03:30 +223: /Users/karim/Project/pokemonProject/apps/avelune_studio/test/dialogues_ui09_navigation_test.dart: scene opens exact dialogue and returns without losing dirty graph or text
03:31 +224: /Users/karim/Project/pokemonProject/apps/avelune_studio/test/dialogues_ui09_navigation_test.dart: scene opens exact dialogue and returns without losing dirty graph or text
03:34 +225: /Users/karim/Project/pokemonProject/apps/avelune_studio/test/ui13_verification_navigation_test.dart: a rule opened from the report comes back to that report
03:37 +226: /Users/karim/Project/pokemonProject/apps/avelune_studio/test/ui13_verification_navigation_test.dart: a rule opened from the report comes back to that report
03:37 +227: /Users/karim/Project/pokemonProject/apps/avelune_studio/test/ui13_verification_navigation_test.dart: a rule opened from the report comes back to that report
03:37 +228: /Users/karim/Project/pokemonProject/apps/avelune_studio/test/ui13_verification_navigation_test.dart: a rule opened from the report comes back to that report
03:38 +229: /Users/karim/Project/pokemonProject/apps/avelune_studio/test/ui13_verification_navigation_test.dart: a rule opened from the report comes back to that report
03:38 +230: /Users/karim/Project/pokemonProject/apps/avelune_studio/test/events_ui08_conditions_simulation_test.dart: consumed simulation input is isolated and withdraws selection
03:38 +231: /Users/karim/Project/pokemonProject/apps/avelune_studio/test/ui13_verification_navigation_test.dart: a story diagnostic opens its own step and comes back
03:41 +232: /Users/karim/Project/pokemonProject/apps/avelune_studio/test/ui13_verification_navigation_test.dart: verification, scene, dialogue, scene and back again
03:42 +233: /Users/karim/Project/pokemonProject/apps/avelune_studio/test/ui13_verification_navigation_test.dart: verification, scene, dialogue, scene and back again
03:42 +234: /Users/karim/Project/pokemonProject/apps/avelune_studio/test/ui13_verification_navigation_test.dart: verification, scene, dialogue, scene and back again
03:43 +235: /Users/karim/Project/pokemonProject/apps/avelune_studio/test/ui13_verification_navigation_test.dart: verification, scene, dialogue, scene and back again
03:43 +236: /Users/karim/Project/pokemonProject/apps/avelune_studio/test/ui13_verification_navigation_test.dart: verification, scene, dialogue, scene and back again
03:43 +237: /Users/karim/Project/pokemonProject/apps/avelune_studio/test/ui13_verification_navigation_test.dart: verification, scene, dialogue, scene and back again
03:43 +238: /Users/karim/Project/pokemonProject/apps/avelune_studio/test/ui13_verification_navigation_test.dart: verification, scene, dialogue, scene and back again
03:43 +239: /Users/karim/Project/pokemonProject/apps/avelune_studio/test/ui13_verification_navigation_test.dart: verification, scene, dialogue, scene and back again
03:43 +240: /Users/karim/Project/pokemonProject/apps/avelune_studio/test/ui13_verification_controller_test.dart: a hidden selection is announced, and keeps its own target
03:43 +241: /Users/karim/Project/pokemonProject/apps/avelune_studio/test/ui13_verification_navigation_test.dart: a map diagnostic opens its map and offers the way back
03:44 +242: /Users/karim/Project/pokemonProject/apps/avelune_studio/test/ui13_verification_navigation_test.dart: a map diagnostic opens its map and offers the way back
03:44 +243: /Users/karim/Project/pokemonProject/apps/avelune_studio/test/ui13_verification_navigation_test.dart: a map diagnostic opens its map and offers the way back
03:44 +244: /Users/karim/Project/pokemonProject/apps/avelune_studio/test/ui13_verification_navigation_test.dart: a map diagnostic opens its map and offers the way back
03:44 +245: /Users/karim/Project/pokemonProject/apps/avelune_studio/test/ui13_verification_navigation_test.dart: a map diagnostic opens its map and offers the way back
03:45 +246: /Users/karim/Project/pokemonProject/apps/avelune_studio/test/presentations_ui11_scenario_test.dart: published presentation holds on real cue then continues the real scene
03:48 +247: /Users/karim/Project/pokemonProject/apps/avelune_studio/test/ui06_scene_volume_test.dart: 200 canonical nodes retain document identity during eight viewport updates
UI06 volume: nodes=200 edges=265 viewportUpdates=8 documentMutations=0 firstFrameUs=978820 gesturesUs=1336340; no I/O adapter instantiated
03:49 +248: /Users/karim/Project/pokemonProject/apps/avelune_studio/test/narrative/narrative_editing_test.dart: consultation and source outside visual subset never create a mutation
03:49 +249: /Users/karim/Project/pokemonProject/apps/avelune_studio/test/narrative/narrative_editing_test.dart: new choice receives a matching scene outcome branch
03:49 +250: /Users/karim/Project/pokemonProject/apps/avelune_studio/test/narrative/narrative_editing_test.dart: removing a choice removes its effects in the same undoable edit
03:49 +251: /Users/karim/Project/pokemonProject/apps/avelune_studio/test/narrative/narrative_editing_test.dart: line order and named destinations are undoable and referenced branch deletion blocked
03:49 +252: /Users/karim/Project/pokemonProject/apps/avelune_studio/test/narrative/narrative_editing_test.dart: failed save prevents closure and keeps the complete draft and pending facts
03:49 +253: /Users/karim/Project/pokemonProject/apps/avelune_studio/test/narrative/narrative_editing_test.dart: save acknowledges snapshot only and undo never restores stale source revision
03:49 +254: /Users/karim/Project/pokemonProject/apps/avelune_studio/test/narrative/dialogue_draft_codec_test.dart: speaker without portrait survives canonical compiler and visual reopening
03:50 +255: /Users/karim/Project/pokemonProject/apps/avelune_studio/test/narrative/dialogue_draft_codec_test.dart: literal text preserves quotes accents newlines and reserved commands
03:50 +256: /Users/karim/Project/pokemonProject/apps/avelune_studio/test/narrative/dialogue_draft_codec_test.dart: advanced source even bearing visual tag remains read only
03:50 +257: /Users/karim/Project/pokemonProject/apps/avelune_studio/test/narrative/dialogue_draft_codec_test.dart: missing choice destination blocks publication
03:50 +258: /Users/karim/Project/pokemonProject/apps/avelune_studio/test/narrative/narrative_story_navigation_test.dart: advanced record never opens previous interaction
03:51 +259: /Users/karim/Project/pokemonProject/apps/avelune_studio/test/narrative/narrative_story_navigation_test.dart: advanced record never opens previous interaction
03:51 +260: /Users/karim/Project/pokemonProject/apps/avelune_studio/test/narrative/narrative_story_navigation_test.dart: advanced record never opens previous interaction
03:51 +261: /Users/karim/Project/pokemonProject/apps/avelune_studio/test/narrative/narrative_artwork_adapter_test.dart: artwork is read only from the current project and the expected path
03:52 +262: /Users/karim/Project/pokemonProject/apps/avelune_studio/test/narrative/narrative_artwork_adapter_test.dart: artwork is read only from the current project and the expected path
03:52 +263: /Users/karim/Project/pokemonProject/apps/avelune_studio/test/narrative/narrative_story_navigation_test.dart: long stories only mount visible step rows
03:52 +264: /Users/karim/Project/pokemonProject/apps/avelune_studio/test/narrative/narrative_story_navigation_test.dart: long stories only mount visible step rows
03:52 +265: /Users/karim/Project/pokemonProject/apps/avelune_studio/test/narrative/narrative_story_navigation_test.dart: long stories only mount visible step rows
03:53 +266: /Users/karim/Project/pokemonProject/apps/avelune_studio/test/narrative/narrative_story_navigation_test.dart: long stories only mount visible step rows
03:53 +267: /Users/karim/Project/pokemonProject/apps/avelune_studio/test/narrative/narrative_story_navigation_test.dart: long stories only mount visible step rows
03:53 +268: /Users/karim/Project/pokemonProject/apps/avelune_studio/test/narrative/narrative_story_navigation_test.dart: long stories only mount visible step rows
03:53 +269: /Users/karim/Project/pokemonProject/apps/avelune_studio/test/narrative/narrative_story_navigation_test.dart: long stories only mount visible step rows
03:53 +270: /Users/karim/Project/pokemonProject/apps/avelune_studio/test/narrative/narrative_story_navigation_test.dart: long stories only mount visible step rows
03:53 +271: /Users/karim/Project/pokemonProject/apps/avelune_studio/test/narrative/narrative_story_navigation_test.dart: 1000 interactions mount only visible rows without extra source reads
03:54 +272: /Users/karim/Project/pokemonProject/apps/avelune_studio/test/narrative/narrative_story_navigation_test.dart: 1000 interactions mount only visible rows without extra source reads
03:54 +273: /Users/karim/Project/pokemonProject/apps/avelune_studio/test/narrative/narrative_story_navigation_test.dart: 1000 interactions mount only visible rows without extra source reads
03:54 +274: /Users/karim/Project/pokemonProject/apps/avelune_studio/test/narrative/narrative_story_navigation_test.dart: 1000 interactions mount only visible rows without extra source reads
03:54 +275: /Users/karim/Project/pokemonProject/apps/avelune_studio/test/narrative/narrative_story_navigation_test.dart: 1000 interactions mount only visible rows without extra source reads
03:54 +276: /Users/karim/Project/pokemonProject/apps/avelune_studio/test/narrative/narrative_story_navigation_test.dart: 1000 interactions mount only visible rows without extra source reads
03:54 +277: /Users/karim/Project/pokemonProject/apps/avelune_studio/test/narrative/narrative_story_navigation_test.dart: 1000 interactions mount only visible rows without extra source reads
03:55 +278: /Users/karim/Project/pokemonProject/apps/avelune_studio/test/narrative/narrative_story_navigation_test.dart: new source variant ranks above existing conditional and fallback drafts
03:55 +279: /Users/karim/Project/pokemonProject/apps/avelune_studio/test/narrative/interaction_event_publication_ui08_test.dart: stale record-only write rejected inside mutation queue with unchanged scene
03:56 +280: /Users/karim/Project/pokemonProject/apps/avelune_studio/test/narrative/narrative_publication_test.dart: interrupted multi file publication resumes before reporting success
03:56 +281: /Users/karim/Project/pokemonProject/apps/avelune_studio/test/narrative/interaction_event_publication_ui08_test.dart: independent event remains publishable after another record changed
03:56 +282: /Users/karim/Project/pokemonProject/apps/avelune_studio/test/narrative/interaction_event_publication_ui08_test.dart: independent event remains publishable after another record changed
03:56 +283: /Users/karim/Project/pokemonProject/apps/avelune_studio/test/narrative/interaction_event_publication_ui08_test.dart: independent event remains publishable after another record changed
03:56 +284: /Users/karim/Project/pokemonProject/apps/avelune_studio/test/narrative/interaction_event_publication_ui08_test.dart: independent event remains publishable after another record changed
03:56 +285: /Users/karim/Project/pokemonProject/apps/avelune_studio/test/narrative/narrative_publication_test.dart: external dialogue edit blocks overwrite after reading draft
03:56 +286: /Users/karim/Project/pokemonProject/apps/avelune_studio/test/narrative/interaction_event_publication_ui08_test.dart: scene baseline is protected even when record stays identical
03:57 +287: /Users/karim/Project/pokemonProject/apps/avelune_studio/test/narrative/interaction_event_publication_ui08_test.dart: dialogue metadata baseline is protected when source bytes stay identical
03:57 +288: /Users/karim/Project/pokemonProject/apps/avelune_studio/test/narrative/interaction_event_roundtrip_ui08_test.dart: UI08 priority publication refreshes clean simplified record with scene unchanged
03:58 +289: /Users/karim/Project/pokemonProject/apps/avelune_studio/test/narrative/interaction_event_roundtrip_ui08_test.dart: UI08 dirty record blocks simplified changes until explicit discard
04:00 +290: /Users/karim/Project/pokemonProject/apps/avelune_studio/test/narrative/narrative_navigation_ui05_test.dart: only latest dialogue opening becomes an edit session
04:00 +291: /Users/karim/Project/pokemonProject/apps/avelune_studio/test/narrative/narrative_navigation_ui05_test.dart: superseded map load cannot switch map or read its dialogue
04:00 +292: /Users/karim/Project/pokemonProject/apps/avelune_studio/test/narrative/narrative_navigation_ui05_test.dart: closing workspace during read cannot publish late state
04:00 +293: /Users/karim/Project/pokemonProject/apps/avelune_studio/test/narrative/narrative_navigation_ui05_test.dart: catalogue replacement invalidates an outstanding read
04:00 +294: /Users/karim/Project/pokemonProject/apps/avelune_studio/test/narrative/narrative_navigation_ui05_test.dart: explicit cancellation prevents late errors and sessions
04:00 +295: /Users/karim/Project/pokemonProject/apps/avelune_studio/test/narrative/narrative_navigation_ui05_test.dart: localizing uses dirty source and preserves history without writes
04:00 +296: /Users/karim/Project/pokemonProject/apps/avelune_studio/test/narrative/narrative_navigation_ui05_test.dart: missing source produces local diagnosis and no fictitious session
04:00 +297: /Users/karim/Project/pokemonProject/apps/avelune_studio/test/narrative/narrative_navigation_ui05_test.dart: resuming local draft retains edits and restores original map
04:00 +298: /Users/karim/Project/pokemonProject/apps/avelune_studio/test/narrative/narrative_navigation_ui05_test.dart: whitespace-only steps cannot create empty stories
04:00 +299: /Users/karim/Project/pokemonProject/apps/avelune_studio/test/narrative/narrative_navigation_ui05_test.dart: zone localization resolves its current rectangle without editing
04:02 +300: /Users/karim/Project/pokemonProject/apps/avelune_studio/test/events_ui08_source_loading_test.dart: switch A to delayed B removes all stale clickable targets until B loads
04:04 +301: /Users/karim/Project/pokemonProject/apps/avelune_studio/test/events_ui08_source_loading_test.dart: source identity does not show homonymous A while B is loading
04:04 +302: /Users/karim/Project/pokemonProject/apps/avelune_studio/test/story_scenario_links_test.dart: role change preserves metadata, outcomes and existing effects at 150 percent text
04:05 +303: /Users/karim/Project/pokemonProject/apps/avelune_studio/test/story_scenario_links_test.dart: association starts with real declared sources and no fabricated effects
04:07 +304: /Users/karim/Project/pokemonProject/apps/avelune_studio/test/ui11_presentation_field_guard_test.dart: UI11 invalid focused duration blocks save and switching until corrected
04:11 +305: /Users/karim/Project/pokemonProject/apps/avelune_studio/test/ui11_presentation_field_guard_test.dart: UI11 invalid focused duration blocks save and switching until corrected
04:13 +306: /Users/karim/Project/pokemonProject/apps/avelune_studio/test/ui11_presentation_widget_test.dart: UI11 blank to image text canvas timeline save and reopen via controls
04:13 +307: /Users/karim/Project/pokemonProject/apps/avelune_studio/test/ui11_presentation_widget_test.dart: UI11 blank to image text canvas timeline save and reopen via controls
04:16 +307: /Users/karim/Project/pokemonProject/apps/avelune_studio/test/ui07_story_graph_volume_test.dart: 200 steps and 100 semantic links retain projection during viewport gestures
UI07 volume stories=10 chapters=20 steps=200 semanticLinks=100 gestures=8 viewportUpdates=12 projectionRebuilt=false documentMutations=0 firstFrameUs=760739 gesturesUs=885173; no I/O adapter instantiated
04:16 +308: /Users/karim/Project/pokemonProject/apps/avelune_studio/test/ui11_presentation_widget_test.dart: UI11 blank to image text canvas timeline save and reopen via controls
04:18 +309: /Users/karim/Project/pokemonProject/apps/avelune_studio/test/ui11_presentation_canvas_gesture_test.dart: UI11 real scale handle preview cancel and one undo
04:21 +310: /Users/karim/Project/pokemonProject/apps/avelune_studio/test/ui12_world_page_test.dart: a state and its rule are composed from the page controls
04:23 +311: /Users/karim/Project/pokemonProject/apps/avelune_studio/test/ui11_presentation_canvas_gesture_test.dart: UI11 real rotate handle preview cancel and one undo
04:24 +312: /Users/karim/Project/pokemonProject/apps/avelune_studio/test/ui12_world_page_test.dart: a rule refuses to outrun the state it reads, and offers it
04:25 +313: /Users/karim/Project/pokemonProject/apps/avelune_studio/test/events_runtime_ui09_dialogue_test.dart: UI09 published conversation choice 0 drives its real Scene branch
[runtime_loader] bundle load start projectFilePath=/private/var/folders/b5/7gsfwzyd449_54n8l40h40gc0000gn/T/avelune_ui06_NeSMRo/project.json mapId=jardin
[runtime_loader] project manifest lookup path=/private/var/folders/b5/7gsfwzyd449_54n8l40h40gc0000gn/T/avelune_ui06_NeSMRo/project.json
[runtime_loader] project manifest read ok bytes=14470
[runtime_loader] project manifest validated maps=2 tilesets=1 scenarios=0
[runtime_loader] bundle map resolved mapId=jardin relativePath=maps/jardin.json mapPath=/private/var/folders/b5/7gsfwzyd449_54n8l40h40gc0000gn/T/avelune_ui06_NeSMRo/maps/jardin.json
[runtime_loader] map file lookup path=/private/var/folders/b5/7gsfwzyd449_54n8l40h40gc0000gn/T/avelune_ui06_NeSMRo/maps/jardin.json
[runtime_loader] map file read ok bytes=17182
[runtime_loader] map validated id=jardin size=24x16 layers=3 entities=1 placedElements=3 warps=0 triggers=0
[runtime_loader] bundle tilesets collected ids=atelier
[runtime_loader] bundle tileset path id=atelier path=/private/var/folders/b5/7gsfwzyd449_54n8l40h40gc0000gn/T/avelune_ui06_NeSMRo/assets/atelier.png
[runtime_loader] bundle load ok mapId=jardin projectRoot=/private/var/folders/b5/7gsfwzyd449_54n8l40h40gc0000gn/T/avelune_ui06_NeSMRo tilesets=1
[runtime_game] tileset image load start map=jardin
[runtime_game] tileset cache resolve requested=1
[runtime_game] tileset cache resolve ok result=1
[runtime_game] onLoad start map=jardin projectFilePath=/private/var/folders/b5/7gsfwzyd449_54n8l40h40gc0000gn/T/avelune_ui06_NeSMRo/project.json tilesets=1
[runtime_game] world build start map=jardin
[runtime] Map loaded: jardin, spawn at (8, 9)
[runtime_game] tileset image load ok count=1 map=jardin
[runtime_game] mount root map start map=jardin
[runtime_game] mount root map ok map=jardin
[runtime_game] onLoad completed activeMapId=jardin
[runtime_loader] bundle load start projectFilePath=/private/var/folders/b5/7gsfwzyd449_54n8l40h40gc0000gn/T/avelune_ui06_NeSMRo/project.json mapId=clairiere
[runtime_loader] project manifest lookup path=/private/var/folders/b5/7gsfwzyd449_54n8l40h40gc0000gn/T/avelune_ui06_NeSMRo/project.json
[runtime_loader] project manifest read ok bytes=14470
[runtime_loader] project manifest validated maps=2 tilesets=1 scenarios=0
[runtime_loader] bundle map resolved mapId=clairiere relativePath=maps/clairiere.json mapPath=/private/var/folders/b5/7gsfwzyd449_54n8l40h40gc0000gn/T/avelune_ui06_NeSMRo/maps/clairiere.json
[runtime_loader] map file lookup path=/private/var/folders/b5/7gsfwzyd449_54n8l40h40gc0000gn/T/avelune_ui06_NeSMRo/maps/clairiere.json
[runtime_loader] map file read ok bytes=17187
[runtime_loader] map validated id=clairiere size=24x16 layers=3 entities=1 placedElements=3 warps=0 triggers=0
[runtime_loader] bundle tilesets collected ids=atelier
[runtime_loader] bundle tileset path id=atelier path=/private/var/folders/b5/7gsfwzyd449_54n8l40h40gc0000gn/T/avelune_ui06_NeSMRo/assets/atelier.png
[runtime_loader] bundle load ok mapId=clairiere projectRoot=/private/var/folders/b5/7gsfwzyd449_54n8l40h40gc0000gn/T/avelune_ui06_NeSMRo tilesets=1
[dialogue] interaction entity=event-v2:evt_019abcde-9000-7000-8000-000000000106:evx_01a0d3e9-7957-7001-8000-c468a2780428:ui09_guichet:1790261688669
[dialogue] resolved dialogueId=ui09_guichet
[dialogue] resolved file=dialogues/ui09_guichet.yarn
[dialogue] requested startNode=Accueil
[scenario_lock] accepted source=event-v2:evt_019abcde-9000-7000-8000-000000000106:evx_01a0d3e9-7957-7001-8000-c468a2780428:ui09_guichet:1790261688669 phase=dialogueLoading serial=1
[dialogue] parsed 1 node(s) from /private/var/folders/b5/7gsfwzyd449_54n8l40h40gc0000gn/T/avelune_ui06_NeSMRo/dialogues/ui09_guichet.yarn
[dialogue] starting at node "Accueil"
[scene_runtime] dialogue content loaded request=event-v2:evt_019abcde-9000-7000-8000-000000000106:evx_01a0d3e9-7957-7001-8000-c468a2780428:ui09_guichet:1790261688669 elapsedMs=4
[scenario_lock] cleared source=event-v2:evt_019abcde-9000-7000-8000-000000000106:evx_01a0d3e9-7957-7001-8000-c468a2780428:ui09_guichet:1790261688669 reason=dialogueOpened serial=1
[dialogue] opened node=Accueil text="Chef: Bonjour ! Souhaitez-vous préparer votre départ ?"
[dialogue] choice opened count=2 selected=0
[dialogue] choice confirmed index=0 text="Je pars maintenant"
[dialogue] line text="Chef: Votre train vous attend sur le quai."
[dialogue] dialogue closed
[scene_runtime] dialogue completed request=event-v2:evt_019abcde-9000-7000-8000-000000000106:evx_01a0d3e9-7957-7001-8000-c468a2780428:ui09_guichet:1790261688669 status=completed port=depart
[dialogue] finished
[event_v2] mapEnter activation=mapact_1790261688589685_1 map=jardin reason=initialBoot result=MapEnterProductionDispatchV2Handled
04:26 +314: /Users/karim/Project/pokemonProject/apps/avelune_studio/test/events_runtime_ui09_dialogue_test.dart: UI09 published conversation choice 1 drives its real Scene branch
[runtime_loader] bundle load start projectFilePath=/private/var/folders/b5/7gsfwzyd449_54n8l40h40gc0000gn/T/avelune_ui06_etE4MH/project.json mapId=jardin
[runtime_loader] project manifest lookup path=/private/var/folders/b5/7gsfwzyd449_54n8l40h40gc0000gn/T/avelune_ui06_etE4MH/project.json
[runtime_loader] project manifest read ok bytes=14470
[runtime_loader] project manifest validated maps=2 tilesets=1 scenarios=0
[runtime_loader] bundle map resolved mapId=jardin relativePath=maps/jardin.json mapPath=/private/var/folders/b5/7gsfwzyd449_54n8l40h40gc0000gn/T/avelune_ui06_etE4MH/maps/jardin.json
[runtime_loader] map file lookup path=/private/var/folders/b5/7gsfwzyd449_54n8l40h40gc0000gn/T/avelune_ui06_etE4MH/maps/jardin.json
[runtime_loader] map file read ok bytes=17182
[runtime_loader] map validated id=jardin size=24x16 layers=3 entities=1 placedElements=3 warps=0 triggers=0
[runtime_loader] bundle tilesets collected ids=atelier
[runtime_loader] bundle tileset path id=atelier path=/private/var/folders/b5/7gsfwzyd449_54n8l40h40gc0000gn/T/avelune_ui06_etE4MH/assets/atelier.png
[runtime_loader] bundle load ok mapId=jardin projectRoot=/private/var/folders/b5/7gsfwzyd449_54n8l40h40gc0000gn/T/avelune_ui06_etE4MH tilesets=1
[runtime_game] tileset image load start map=jardin
[runtime_game] tileset cache resolve requested=1
[runtime_game] tileset cache resolve ok result=1
[runtime_game] onLoad start map=jardin projectFilePath=/private/var/folders/b5/7gsfwzyd449_54n8l40h40gc0000gn/T/avelune_ui06_etE4MH/project.json tilesets=1
[runtime_game] world build start map=jardin
[runtime] Map loaded: jardin, spawn at (8, 9)
[runtime_game] tileset image load ok count=1 map=jardin
[runtime_game] mount root map start map=jardin
[runtime_game] mount root map ok map=jardin
[runtime_game] onLoad completed activeMapId=jardin
[runtime_loader] bundle load start projectFilePath=/private/var/folders/b5/7gsfwzyd449_54n8l40h40gc0000gn/T/avelune_ui06_etE4MH/project.json mapId=clairiere
[runtime_loader] project manifest lookup path=/private/var/folders/b5/7gsfwzyd449_54n8l40h40gc0000gn/T/avelune_ui06_etE4MH/project.json
[runtime_loader] project manifest read ok bytes=14470
[runtime_loader] project manifest validated maps=2 tilesets=1 scenarios=0
[runtime_loader] bundle map resolved mapId=clairiere relativePath=maps/clairiere.json mapPath=/private/var/folders/b5/7gsfwzyd449_54n8l40h40gc0000gn/T/avelune_ui06_etE4MH/maps/clairiere.json
[runtime_loader] map file lookup path=/private/var/folders/b5/7gsfwzyd449_54n8l40h40gc0000gn/T/avelune_ui06_etE4MH/maps/clairiere.json
[runtime_loader] map file read ok bytes=17187
[runtime_loader] map validated id=clairiere size=24x16 layers=3 entities=1 placedElements=3 warps=0 triggers=0
[runtime_loader] bundle tilesets collected ids=atelier
[runtime_loader] bundle tileset path id=atelier path=/private/var/folders/b5/7gsfwzyd449_54n8l40h40gc0000gn/T/avelune_ui06_etE4MH/assets/atelier.png
[runtime_loader] bundle load ok mapId=clairiere projectRoot=/private/var/folders/b5/7gsfwzyd449_54n8l40h40gc0000gn/T/avelune_ui06_etE4MH tilesets=1
[dialogue] interaction entity=event-v2:evt_019abcde-9000-7000-8000-000000000106:evx_01a0d3e9-7ab0-7001-8000-c53ddb3b03b1:ui09_guichet:1790261689008
[dialogue] resolved dialogueId=ui09_guichet
[dialogue] resolved file=dialogues/ui09_guichet.yarn
[dialogue] requested startNode=Accueil
[scenario_lock] accepted source=event-v2:evt_019abcde-9000-7000-8000-000000000106:evx_01a0d3e9-7ab0-7001-8000-c53ddb3b03b1:ui09_guichet:1790261689008 phase=dialogueLoading serial=1
[dialogue] parsed 1 node(s) from /private/var/folders/b5/7gsfwzyd449_54n8l40h40gc0000gn/T/avelune_ui06_etE4MH/dialogues/ui09_guichet.yarn
[dialogue] starting at node "Accueil"
[scene_runtime] dialogue content loaded request=event-v2:evt_019abcde-9000-7000-8000-000000000106:evx_01a0d3e9-7ab0-7001-8000-c53ddb3b03b1:ui09_guichet:1790261689008 elapsedMs=1
[scenario_lock] cleared source=event-v2:evt_019abcde-9000-7000-8000-000000000106:evx_01a0d3e9-7ab0-7001-8000-c53ddb3b03b1:ui09_guichet:1790261689008 reason=dialogueOpened serial=1
[dialogue] opened node=Accueil text="Chef: Bonjour ! Souhaitez-vous préparer votre départ ?"
[dialogue] choice opened count=2 selected=0
[dialogue] choice confirmed index=1 text="Je préfère attendre"
[dialogue] line text="Chef: Prenez votre temps dans la salle d’attente."
[dialogue] dialogue closed
[scene_runtime] dialogue completed request=event-v2:evt_019abcde-9000-7000-8000-000000000106:evx_01a0d3e9-7ab0-7001-8000-c53ddb3b03b1:ui09_guichet:1790261689008 status=completed port=attente
[dialogue] finished
[event_v2] mapEnter activation=mapact_1790261688997124_1 map=jardin reason=initialBoot result=MapEnterProductionDispatchV2Handled
04:26 +315: /Users/karim/Project/pokemonProject/apps/avelune_studio/test/m3_story_runtime_test.dart: published story plays choices, conditions, one-shot and isolated save/load
04:27 +316: /Users/karim/Project/pokemonProject/apps/avelune_studio/test/m3_story_runtime_test.dart: published story plays choices, conditions, one-shot and isolated save/load
04:27 +317: /Users/karim/Project/pokemonProject/apps/avelune_studio/test/m3_story_runtime_test.dart: published story plays choices, conditions, one-shot and isolated save/load
04:27 +318: /Users/karim/Project/pokemonProject/apps/avelune_studio/test/m3_story_runtime_test.dart: published story plays choices, conditions, one-shot and isolated save/load
04:27 +319: /Users/karim/Project/pokemonProject/apps/avelune_studio/test/m3_story_runtime_test.dart: published story plays choices, conditions, one-shot and isolated save/load
[runtime_loader] bundle load start projectFilePath=/private/var/folders/b5/7gsfwzyd449_54n8l40h40gc0000gn/T/avelune_m3_story_oRIHhM/project.json mapId=jardin
[runtime_loader] project manifest lookup path=/private/var/folders/b5/7gsfwzyd449_54n8l40h40gc0000gn/T/avelune_m3_story_oRIHhM/project.json
[runtime_loader] project manifest read ok bytes=34071
[runtime_loader] project manifest validated maps=2 tilesets=1 scenarios=0
[runtime_loader] bundle map resolved mapId=jardin relativePath=maps/jardin.json mapPath=/private/var/folders/b5/7gsfwzyd449_54n8l40h40gc0000gn/T/avelune_m3_story_oRIHhM/maps/jardin.json
[runtime_loader] map file lookup path=/private/var/folders/b5/7gsfwzyd449_54n8l40h40gc0000gn/T/avelune_m3_story_oRIHhM/maps/jardin.json
[runtime_loader] map file read ok bytes=19146
[runtime_loader] map validated id=jardin size=24x16 layers=3 entities=3 placedElements=3 warps=0 triggers=1
[runtime_loader] bundle tilesets collected ids=atelier
[runtime_loader] bundle tileset path id=atelier path=/private/var/folders/b5/7gsfwzyd449_54n8l40h40gc0000gn/T/avelune_m3_story_oRIHhM/assets/atelier.png
[runtime_loader] bundle load ok mapId=jardin projectRoot=/private/var/folders/b5/7gsfwzyd449_54n8l40h40gc0000gn/T/avelune_m3_story_oRIHhM tilesets=1
[runtime_game] tileset image load start map=jardin
[runtime_game] tileset cache resolve requested=1
[runtime_game] tileset cache resolve ok result=1
[runtime_game] onLoad start map=jardin projectFilePath=/private/var/folders/b5/7gsfwzyd449_54n8l40h40gc0000gn/T/avelune_m3_story_oRIHhM/project.json tilesets=1
[runtime_game] world build start map=jardin
[runtime] Map loaded: jardin, spawn at (8, 9)
[runtime_game] tileset image load ok count=1 map=jardin
[runtime_game] mount root map start map=jardin
[step_studio_trace] npc_mount_added map=jardin entity=chief
[step_studio_trace] npc_mount_added map=jardin entity=traveller
[step_studio_trace] npc_presence_applied map=jardin entity=chief present=true
[step_studio_trace] npc_presence_applied map=jardin entity=traveller present=true
[runtime_game] mount root map ok map=jardin
[npc_patrol] read movement entity=chief pos=(8,10) size=1x1 mode=idle waypoints= loop=true pauseMs=0 stepMs=200
[npc_patrol] read movement entity=traveller pos=(10,10) size=1x1 mode=idle waypoints= loop=true pauseMs=0 stepMs=200
[runtime_game] onLoad completed activeMapId=jardin
[runtime_loader] bundle load start projectFilePath=/private/var/folders/b5/7gsfwzyd449_54n8l40h40gc0000gn/T/avelune_m3_story_oRIHhM/project.json mapId=clairiere
[runtime_loader] project manifest lookup path=/private/var/folders/b5/7gsfwzyd449_54n8l40h40gc0000gn/T/avelune_m3_story_oRIHhM/project.json
[runtime_loader] project manifest read ok bytes=34071
[runtime_loader] project manifest validated maps=2 tilesets=1 scenarios=0
[runtime_loader] bundle map resolved mapId=clairiere relativePath=maps/clairiere.json mapPath=/private/var/folders/b5/7gsfwzyd449_54n8l40h40gc0000gn/T/avelune_m3_story_oRIHhM/maps/clairiere.json
[runtime_loader] map file lookup path=/private/var/folders/b5/7gsfwzyd449_54n8l40h40gc0000gn/T/avelune_m3_story_oRIHhM/maps/clairiere.json
[runtime_loader] map file read ok bytes=17187
[runtime_loader] map validated id=clairiere size=24x16 layers=3 entities=1 placedElements=3 warps=0 triggers=0
[runtime_loader] bundle tilesets collected ids=atelier
[runtime_loader] bundle tileset path id=atelier path=/private/var/folders/b5/7gsfwzyd449_54n8l40h40gc0000gn/T/avelune_m3_story_oRIHhM/assets/atelier.png
[runtime_loader] bundle load ok mapId=clairiere projectRoot=/private/var/folders/b5/7gsfwzyd449_54n8l40h40gc0000gn/T/avelune_m3_story_oRIHhM tilesets=1
[step_studio_trace] npc_presence_applied map=jardin entity=chief present=true
[step_studio_trace] npc_presence_applied map=jardin entity=traveller present=true
[npc_patrol] read movement entity=chief pos=(8,10) size=1x1 mode=idle waypoints= loop=true pauseMs=0 stepMs=200
[npc_patrol] read movement entity=traveller pos=(10,10) size=1x1 mode=idle waypoints= loop=true pauseMs=0 stepMs=200
[step_studio_trace] npc_presence_applied map=jardin entity=chief present=true
[step_studio_trace] npc_presence_applied map=jardin entity=traveller present=true
[npc_patrol] read movement entity=chief pos=(8,10) size=1x1 mode=idle waypoints= loop=true pauseMs=0 stepMs=200
[npc_patrol] read movement entity=traveller pos=(10,10) size=1x1 mode=idle waypoints= loop=true pauseMs=0 stepMs=200
[step_studio_trace] npc_presence_applied map=jardin entity=chief present=true
[step_studio_trace] npc_presence_applied map=jardin entity=traveller present=true
[npc_patrol] read movement entity=chief pos=(8,10) size=1x1 mode=idle waypoints= loop=true pauseMs=0 stepMs=200
[npc_patrol] read movement entity=traveller pos=(10,10) size=1x1 mode=idle waypoints= loop=true pauseMs=0 stepMs=200
[event_v2] mapEnter activation=mapact_1790261690389053_1 map=jardin reason=initialBoot result=MapEnterProductionDispatchLegacyFallback
[dialogue] interaction entity=event-v2:evt_019abcde-9000-7000-8000-000000000002:evx_01a0d3e9-813f-7004-8000-c94b89122393:before:1790261690704
[dialogue] resolved dialogueId=before
[dialogue] resolved file=dialogues/before.yarn
[dialogue] requested startNode=Start
[scenario_lock] accepted source=event-v2:evt_019abcde-9000-7000-8000-000000000002:evx_01a0d3e9-813f-7004-8000-c94b89122393:before:1790261690704 phase=dialogueLoading serial=1
[dialogue] parsed 1 node(s) from /private/var/folders/b5/7gsfwzyd449_54n8l40h40gc0000gn/T/avelune_m3_story_oRIHhM/dialogues/before.yarn
[dialogue] starting at node "Start"
[scene_runtime] dialogue content loaded request=event-v2:evt_019abcde-9000-7000-8000-000000000002:evx_01a0d3e9-813f-7004-8000-c94b89122393:before:1790261690704 elapsedMs=44
[scenario_lock] cleared source=event-v2:evt_019abcde-9000-7000-8000-000000000002:evx_01a0d3e9-813f-7004-8000-c94b89122393:before:1790261690704 reason=dialogueOpened serial=1
[dialogue] opened node=Start text="Je patiente avant le départ."
[dialogue] dialogue closed
[scene_runtime] dialogue completed request=event-v2:evt_019abcde-9000-7000-8000-000000000002:evx_01a0d3e9-813f-7004-8000-c94b89122393:before:1790261690704 status=completed port=completed
[dialogue] finished
[step_studio_trace] npc_presence_applied map=jardin entity=chief present=true
[step_studio_trace] npc_presence_applied map=jardin entity=traveller present=true
[npc_patrol] read movement entity=chief pos=(8,10) size=1x1 mode=idle waypoints= loop=true pauseMs=0 stepMs=200
[npc_patrol] read movement entity=traveller pos=(10,10) size=1x1 mode=idle waypoints= loop=true pauseMs=0 stepMs=200
[step_studio_trace] npc_presence_applied map=jardin entity=chief present=true
[step_studio_trace] npc_presence_applied map=jardin entity=traveller present=true
[npc_patrol] read movement entity=chief pos=(8,10) size=1x1 mode=idle waypoints= loop=true pauseMs=0 stepMs=200
[npc_patrol] read movement entity=traveller pos=(10,10) size=1x1 mode=idle waypoints= loop=true pauseMs=0 stepMs=200
[dialogue] interaction entity=event-v2:evt_019abcde-9000-7000-8000-000000000001:evx_01a0d3e9-81bf-7007-8000-c99aa4cefc16:offer:1790261690816
[dialogue] resolved dialogueId=offer
[dialogue] resolved file=dialogues/offer.yarn
[dialogue] requested startNode=Start
[scenario_lock] accepted source=event-v2:evt_019abcde-9000-7000-8000-000000000001:evx_01a0d3e9-81bf-7007-8000-c99aa4cefc16:offer:1790261690816 phase=dialogueLoading serial=2
[dialogue] parsed 3 node(s) from /private/var/folders/b5/7gsfwzyd449_54n8l40h40gc0000gn/T/avelune_m3_story_oRIHhM/dialogues/offer.yarn
[dialogue] starting at node "Start"
[scene_runtime] dialogue content loaded request=event-v2:evt_019abcde-9000-7000-8000-000000000001:evx_01a0d3e9-81bf-7007-8000-c99aa4cefc16:offer:1790261690816 elapsedMs=38
[scenario_lock] cleared source=event-v2:evt_019abcde-9000-7000-8000-000000000001:evx_01a0d3e9-81bf-7007-8000-c99aa4cefc16:offer:1790261690816 reason=dialogueOpened serial=2
[dialogue] opened node=Start text="Voulez-vous aider au départ ?"
[dialogue] choice opened count=2 selected=0
[dialogue] choice moved selected=1
[dialogue] choice confirmed index=1 text="Pas maintenant"
[dialogue] jump to=Refuse
[dialogue] line text="Revenez quand vous voulez."
[dialogue] dialogue closed
[scene_runtime] dialogue completed request=event-v2:evt_019abcde-9000-7000-8000-000000000001:evx_01a0d3e9-81bf-7007-8000-c99aa4cefc16:offer:1790261690816 status=completed port=refused
[dialogue] finished
[step_studio_trace] npc_presence_applied map=jardin entity=chief present=true
[step_studio_trace] npc_presence_applied map=jardin entity=traveller present=true
[npc_patrol] read movement entity=chief pos=(8,10) size=1x1 mode=idle waypoints= loop=true pauseMs=0 stepMs=200
[npc_patrol] read movement entity=traveller pos=(10,10) size=1x1 mode=idle waypoints= loop=true pauseMs=0 stepMs=200
[step_studio_trace] npc_presence_applied map=jardin entity=chief present=true
[step_studio_trace] npc_presence_applied map=jardin entity=traveller present=true
[npc_patrol] read movement entity=chief pos=(8,10) size=1x1 mode=idle waypoints= loop=true pauseMs=0 stepMs=200
[npc_patrol] read movement entity=traveller pos=(10,10) size=1x1 mode=idle waypoints= loop=true pauseMs=0 stepMs=200
[dialogue] interaction entity=event-v2:evt_019abcde-9000-7000-8000-000000000001:evx_01a0d3e9-8207-700a-8000-c9c7246935e1:offer:1790261690887
[dialogue] resolved dialogueId=offer
[dialogue] resolved file=dialogues/offer.yarn
[dialogue] requested startNode=Start
[scenario_lock] accepted source=event-v2:evt_019abcde-9000-7000-8000-000000000001:evx_01a0d3e9-8207-700a-8000-c9c7246935e1:offer:1790261690887 phase=dialogueLoading serial=3
[dialogue] parsed 3 node(s) from /private/var/folders/b5/7gsfwzyd449_54n8l40h40gc0000gn/T/avelune_m3_story_oRIHhM/dialogues/offer.yarn
[dialogue] starting at node "Start"
[scene_runtime] dialogue content loaded request=event-v2:evt_019abcde-9000-7000-8000-000000000001:evx_01a0d3e9-8207-700a-8000-c9c7246935e1:offer:1790261690887 elapsedMs=5
[scenario_lock] cleared source=event-v2:evt_019abcde-9000-7000-8000-000000000001:evx_01a0d3e9-8207-700a-8000-c9c7246935e1:offer:1790261690887 reason=dialogueOpened serial=3
[dialogue] opened node=Start text="Voulez-vous aider au départ ?"
[dialogue] choice opened count=2 selected=0
[dialogue] choice confirmed index=0 text="Je vous aide"
[dialogue] jump to=Accept
[dialogue] line text="Très bien, retrouvez la voyageuse."
[dialogue] dialogue closed
[scene_runtime] dialogue completed request=event-v2:evt_019abcde-9000-7000-8000-000000000001:evx_01a0d3e9-8207-700a-8000-c9c7246935e1:offer:1790261690887 status=completed port=accepted
[dialogue] finished
[step_studio_trace] npc_presence_applied map=jardin entity=chief present=true
[step_studio_trace] npc_presence_applied map=jardin entity=traveller present=true
[npc_patrol] read movement entity=chief pos=(8,10) size=1x1 mode=idle waypoints= loop=true pauseMs=0 stepMs=200
[npc_patrol] read movement entity=traveller pos=(10,10) size=1x1 mode=idle waypoints= loop=true pauseMs=0 stepMs=200
[step_studio_trace] npc_presence_applied map=jardin entity=chief present=true
[step_studio_trace] npc_presence_applied map=jardin entity=traveller present=true
[npc_patrol] read movement entity=chief pos=(8,10) size=1x1 mode=idle waypoints= loop=true pauseMs=0 stepMs=200
[npc_patrol] read movement entity=traveller pos=(10,10) size=1x1 mode=idle waypoints= loop=true pauseMs=0 stepMs=200
[dialogue] interaction entity=event-v2:evt_019abcde-9000-7000-8000-000000000003:evx_01a0d3e9-8253-700d-8000-c9f61ce15670:traveller:1790261690964
[dialogue] resolved dialogueId=traveller
[dialogue] resolved file=dialogues/traveller.yarn
[dialogue] requested startNode=Start
[scenario_lock] accepted source=event-v2:evt_019abcde-9000-7000-8000-000000000003:evx_01a0d3e9-8253-700d-8000-c9f61ce15670:traveller:1790261690964 phase=dialogueLoading serial=4
[dialogue] parsed 1 node(s) from /private/var/folders/b5/7gsfwzyd449_54n8l40h40gc0000gn/T/avelune_m3_story_oRIHhM/dialogues/traveller.yarn
[dialogue] starting at node "Start"
[scene_runtime] dialogue content loaded request=event-v2:evt_019abcde-9000-7000-8000-000000000003:evx_01a0d3e9-8253-700d-8000-c9f61ce15670:traveller:1790261690964 elapsedMs=36
[scenario_lock] cleared source=event-v2:evt_019abcde-9000-7000-8000-000000000003:evx_01a0d3e9-8253-700d-8000-c9f61ce15670:traveller:1790261690964 reason=dialogueOpened serial=4
[dialogue] opened node=Start text="Merci, ma place est prête !"
[dialogue] dialogue closed
[scene_runtime] dialogue completed request=event-v2:evt_019abcde-9000-7000-8000-000000000003:evx_01a0d3e9-8253-700d-8000-c9f61ce15670:traveller:1790261690964 status=completed port=completed
[dialogue] finished
[step_studio_trace] npc_presence_applied map=jardin entity=chief present=true
[step_studio_trace] npc_presence_applied map=jardin entity=traveller present=true
[npc_patrol] read movement entity=chief pos=(8,10) size=1x1 mode=idle waypoints= loop=true pauseMs=0 stepMs=200
[npc_patrol] read movement entity=traveller pos=(10,10) size=1x1 mode=idle waypoints= loop=true pauseMs=0 stepMs=200
[step_studio_trace] npc_presence_applied map=jardin entity=chief present=true
[step_studio_trace] npc_presence_applied map=jardin entity=traveller present=true
[npc_patrol] read movement entity=chief pos=(8,10) size=1x1 mode=idle waypoints= loop=true pauseMs=0 stepMs=200
[npc_patrol] read movement entity=traveller pos=(10,10) size=1x1 mode=idle waypoints= loop=true pauseMs=0 stepMs=200
[dialogue] interaction entity=event-v2:evt_019abcde-9000-7000-8000-000000000005:evx_01a0d3e9-82ad-7010-8000-ca2dbc621ead:finish:1790261691054
[dialogue] resolved dialogueId=finish
[dialogue] resolved file=dialogues/finish.yarn
[dialogue] requested startNode=Start
[scenario_lock] accepted source=event-v2:evt_019abcde-9000-7000-8000-000000000005:evx_01a0d3e9-82ad-7010-8000-ca2dbc621ead:finish:1790261691054 phase=dialogueLoading serial=5
[dialogue] parsed 1 node(s) from /private/var/folders/b5/7gsfwzyd449_54n8l40h40gc0000gn/T/avelune_m3_story_oRIHhM/dialogues/finish.yarn
[dialogue] starting at node "Start"
[scene_runtime] dialogue content loaded request=event-v2:evt_019abcde-9000-7000-8000-000000000005:evx_01a0d3e9-82ad-7010-8000-ca2dbc621ead:finish:1790261691054 elapsedMs=37
[scenario_lock] cleared source=event-v2:evt_019abcde-9000-7000-8000-000000000005:evx_01a0d3e9-82ad-7010-8000-ca2dbc621ead:finish:1790261691054 reason=dialogueOpened serial=5
[dialogue] opened node=Start text="Tout est prêt, départ autorisé !"
[dialogue] dialogue closed
[scene_runtime] dialogue completed request=event-v2:evt_019abcde-9000-7000-8000-000000000005:evx_01a0d3e9-82ad-7010-8000-ca2dbc621ead:finish:1790261691054 status=completed port=completed
[dialogue] finished
[step_studio_trace] npc_presence_applied map=jardin entity=chief present=true
[step_studio_trace] npc_presence_applied map=jardin entity=traveller present=true
[npc_patrol] read movement entity=chief pos=(8,10) size=1x1 mode=idle waypoints= loop=true pauseMs=0 stepMs=200
[npc_patrol] read movement entity=traveller pos=(10,10) size=1x1 mode=idle waypoints= loop=true pauseMs=0 stepMs=200
[step_studio_trace] npc_presence_applied map=jardin entity=chief present=true
[step_studio_trace] npc_presence_applied map=jardin entity=traveller present=true
[npc_patrol] read movement entity=chief pos=(8,10) size=1x1 mode=idle waypoints= loop=true pauseMs=0 stepMs=200
[npc_patrol] read movement entity=traveller pos=(10,10) size=1x1 mode=idle waypoints= loop=true pauseMs=0 stepMs=200
[dialogue] interaction entity=event-v2:evt_019abcde-9000-7000-8000-000000000006:evx_01a0d3e9-82e9-7013-8000-ca52d162a42c:conclusion:1790261691113
[dialogue] resolved dialogueId=conclusion
[dialogue] resolved file=dialogues/conclusion.yarn
[dialogue] requested startNode=Start
[scenario_lock] accepted source=event-v2:evt_019abcde-9000-7000-8000-000000000006:evx_01a0d3e9-82e9-7013-8000-ca52d162a42c:conclusion:1790261691113 phase=dialogueLoading serial=6
[dialogue] parsed 1 node(s) from /private/var/folders/b5/7gsfwzyd449_54n8l40h40gc0000gn/T/avelune_m3_story_oRIHhM/dialogues/conclusion.yarn
[dialogue] starting at node "Start"
[scene_runtime] dialogue content loaded request=event-v2:evt_019abcde-9000-7000-8000-000000000006:evx_01a0d3e9-82e9-7013-8000-ca52d162a42c:conclusion:1790261691113 elapsedMs=42
[scenario_lock] cleared source=event-v2:evt_019abcde-9000-7000-8000-000000000006:evx_01a0d3e9-82e9-7013-8000-ca52d162a42c:conclusion:1790261691113 reason=dialogueOpened serial=6
[dialogue] opened node=Start text="Merci encore pour votre aide."
[dialogue] dialogue closed
[scene_runtime] dialogue completed request=event-v2:evt_019abcde-9000-7000-8000-000000000006:evx_01a0d3e9-82e9-7013-8000-ca52d162a42c:conclusion:1790261691113 status=completed port=completed
[dialogue] finished
[step_studio_trace] npc_presence_applied map=jardin entity=chief present=true
[step_studio_trace] npc_presence_applied map=jardin entity=traveller present=true
[npc_patrol] read movement entity=chief pos=(8,10) size=1x1 mode=idle waypoints= loop=true pauseMs=0 stepMs=200
[npc_patrol] read movement entity=traveller pos=(10,10) size=1x1 mode=idle waypoints= loop=true pauseMs=0 stepMs=200
[step_studio_trace] npc_presence_applied map=jardin entity=chief present=true
[step_studio_trace] npc_presence_applied map=jardin entity=traveller present=true
[npc_patrol] read movement entity=chief pos=(8,10) size=1x1 mode=idle waypoints= loop=true pauseMs=0 stepMs=200
[npc_patrol] read movement entity=traveller pos=(10,10) size=1x1 mode=idle waypoints= loop=true pauseMs=0 stepMs=200
[dialogue] interaction entity=event-v2:evt_019abcde-9000-7000-8000-000000000007:evx_01a0d3e9-833e-7016-8000-ca8759ce0bf4:zone:1790261691198
[dialogue] resolved dialogueId=zone
[dialogue] resolved file=dialogues/zone.yarn
[dialogue] requested startNode=Start
[scenario_lock] accepted source=event-v2:evt_019abcde-9000-7000-8000-000000000007:evx_01a0d3e9-833e-7016-8000-ca8759ce0bf4:zone:1790261691198 phase=dialogueLoading serial=7
[dialogue] parsed 1 node(s) from /private/var/folders/b5/7gsfwzyd449_54n8l40h40gc0000gn/T/avelune_m3_story_oRIHhM/dialogues/zone.yarn
[dialogue] starting at node "Start"
[scene_runtime] dialogue content loaded request=event-v2:evt_019abcde-9000-7000-8000-000000000007:evx_01a0d3e9-833e-7016-8000-ca8759ce0bf4:zone:1790261691198 elapsedMs=45
[scenario_lock] cleared source=event-v2:evt_019abcde-9000-7000-8000-000000000007:evx_01a0d3e9-833e-7016-8000-ca8759ce0bf4:zone:1790261691198 reason=dialogueOpened serial=7
[dialogue] opened node=Start text="Bienvenue sur le quai."
[dialogue] dialogue closed
[scene_runtime] dialogue completed request=event-v2:evt_019abcde-9000-7000-8000-000000000007:evx_01a0d3e9-833e-7016-8000-ca8759ce0bf4:zone:1790261691198 status=completed port=completed
[dialogue] finished
[step_studio_trace] npc_presence_applied map=jardin entity=chief present=true
[step_studio_trace] npc_presence_applied map=jardin entity=traveller present=true
[npc_patrol] read movement entity=chief pos=(8,10) size=1x1 mode=idle waypoints= loop=true pauseMs=0 stepMs=200
[npc_patrol] read movement entity=traveller pos=(10,10) size=1x1 mode=idle waypoints= loop=true pauseMs=0 stepMs=200
[step_studio_trace] npc_presence_applied map=jardin entity=chief present=true
[step_studio_trace] npc_presence_applied map=jardin entity=traveller present=true
[npc_patrol] read movement entity=chief pos=(8,10) size=1x1 mode=idle waypoints= loop=true pauseMs=0 stepMs=200
[npc_patrol] read movement entity=traveller pos=(10,10) size=1x1 mode=idle waypoints= loop=true pauseMs=0 stepMs=200
[step_studio_trace] runtime_save_requested map=jardin completedStepIds=[prepare, help, finish] completedCutsceneIds=[]
[runtime_game] tileset cache resolve requested=1
[runtime_game] tileset cache resolve ok result=1
[step_studio_trace] npc_mount_added map=jardin entity=chief
[step_studio_trace] npc_mount_added map=jardin entity=traveller
[step_studio_trace] npc_presence_applied map=jardin entity=chief present=true
[step_studio_trace] npc_presence_applied map=jardin entity=traveller present=true
[npc_patrol] read movement entity=chief pos=(8,10) size=1x1 mode=idle waypoints= loop=true pauseMs=0 stepMs=200
[npc_patrol] read movement entity=traveller pos=(10,10) size=1x1 mode=idle waypoints= loop=true pauseMs=0 stepMs=200
[step_studio_trace] npc_presence_applied map=jardin entity=chief present=true
[step_studio_trace] npc_presence_applied map=jardin entity=traveller present=true
[npc_patrol] read movement entity=chief pos=(8,10) size=1x1 mode=idle waypoints= loop=true pauseMs=0 stepMs=200
[npc_patrol] read movement entity=traveller pos=(10,10) size=1x1 mode=idle waypoints= loop=true pauseMs=0 stepMs=200
[step_studio_trace] npc_presence_applied map=jardin entity=chief present=true
[step_studio_trace] npc_presence_applied map=jardin entity=traveller present=true
[npc_patrol] read movement entity=chief pos=(8,10) size=1x1 mode=idle waypoints= loop=true pauseMs=0 stepMs=200
[npc_patrol] read movement entity=traveller pos=(10,10) size=1x1 mode=idle waypoints= loop=true pauseMs=0 stepMs=200
[step_studio_trace] npc_presence_applied map=jardin entity=chief present=true
[step_studio_trace] npc_presence_applied map=jardin entity=traveller present=true
[npc_patrol] read movement entity=chief pos=(8,10) size=1x1 mode=idle waypoints= loop=true pauseMs=0 stepMs=200
[npc_patrol] read movement entity=traveller pos=(10,10) size=1x1 mode=idle waypoints= loop=true pauseMs=0 stepMs=200
[step_studio_trace] npc_presence_applied map=jardin entity=chief present=true
[step_studio_trace] npc_presence_applied map=jardin entity=traveller present=true
[npc_patrol] read movement entity=chief pos=(8,10) size=1x1 mode=idle waypoints= loop=true pauseMs=0 stepMs=200
[npc_patrol] read movement entity=traveller pos=(10,10) size=1x1 mode=idle waypoints= loop=true pauseMs=0 stepMs=200
[step_studio_trace] npc_presence_applied map=jardin entity=chief present=true
[step_studio_trace] npc_presence_applied map=jardin entity=traveller present=true
[npc_patrol] read movement entity=chief pos=(8,10) size=1x1 mode=idle waypoints= loop=true pauseMs=0 stepMs=200
[npc_patrol] read movement entity=traveller pos=(10,10) size=1x1 mode=idle waypoints= loop=true pauseMs=0 stepMs=200
[step_studio_trace] npc_presence_applied map=jardin entity=chief present=true
[step_studio_trace] npc_presence_applied map=jardin entity=traveller present=true
[npc_patrol] read movement entity=chief pos=(8,10) size=1x1 mode=idle waypoints= loop=true pauseMs=0 stepMs=200
[npc_patrol] read movement entity=traveller pos=(10,10) size=1x1 mode=idle waypoints= loop=true pauseMs=0 stepMs=200
[event_v2] mapEnter activation=mapact_1790261691291252_2 map=jardin reason=saveRestore result=MapEnterProductionDispatchLegacyFallback
[load] game loaded from saveId=default
[runtime_loader] bundle load start projectFilePath=/private/var/folders/b5/7gsfwzyd449_54n8l40h40gc0000gn/T/avelune_m3_story_oRIHhM/project.json mapId=jardin
[runtime_loader] project manifest lookup path=/private/var/folders/b5/7gsfwzyd449_54n8l40h40gc0000gn/T/avelune_m3_story_oRIHhM/project.json
[runtime_loader] project manifest read ok bytes=34071
[runtime_loader] project manifest validated maps=2 tilesets=1 scenarios=0
[runtime_loader] bundle map resolved mapId=jardin relativePath=maps/jardin.json mapPath=/private/var/folders/b5/7gsfwzyd449_54n8l40h40gc0000gn/T/avelune_m3_story_oRIHhM/maps/jardin.json
[runtime_loader] map file lookup path=/private/var/folders/b5/7gsfwzyd449_54n8l40h40gc0000gn/T/avelune_m3_story_oRIHhM/maps/jardin.json
[runtime_loader] map file read ok bytes=19146
[runtime_loader] map validated id=jardin size=24x16 layers=3 entities=3 placedElements=3 warps=0 triggers=1
[runtime_loader] bundle tilesets collected ids=atelier
[runtime_loader] bundle tileset path id=atelier path=/private/var/folders/b5/7gsfwzyd449_54n8l40h40gc0000gn/T/avelune_m3_story_oRIHhM/assets/atelier.png
[runtime_loader] bundle load ok mapId=jardin projectRoot=/private/var/folders/b5/7gsfwzyd449_54n8l40h40gc0000gn/T/avelune_m3_story_oRIHhM tilesets=1
[runtime_game] tileset image load start map=jardin
[runtime_game] tileset cache resolve requested=1
[runtime_game] tileset cache resolve ok result=1
[runtime_game] onLoad start map=jardin projectFilePath=/private/var/folders/b5/7gsfwzyd449_54n8l40h40gc0000gn/T/avelune_m3_story_oRIHhM/project.json tilesets=1
[runtime_game] world build start map=jardin
[runtime] Map loaded: jardin, spawn at (8, 9)
[runtime_game] tileset image load ok count=1 map=jardin
[runtime_game] mount root map start map=jardin
[step_studio_trace] npc_mount_added map=jardin entity=chief
[step_studio_trace] npc_mount_added map=jardin entity=traveller
[step_studio_trace] npc_presence_applied map=jardin entity=chief present=true
[step_studio_trace] npc_presence_applied map=jardin entity=traveller present=true
[runtime_game] mount root map ok map=jardin
[npc_patrol] read movement entity=chief pos=(8,10) size=1x1 mode=idle waypoints= loop=true pauseMs=0 stepMs=200
[npc_patrol] read movement entity=traveller pos=(10,10) size=1x1 mode=idle waypoints= loop=true pauseMs=0 stepMs=200
[runtime_game] onLoad completed activeMapId=jardin
[runtime_loader] bundle load start projectFilePath=/private/var/folders/b5/7gsfwzyd449_54n8l40h40gc0000gn/T/avelune_m3_story_oRIHhM/project.json mapId=clairiere
[runtime_loader] project manifest lookup path=/private/var/folders/b5/7gsfwzyd449_54n8l40h40gc0000gn/T/avelune_m3_story_oRIHhM/project.json
[runtime_loader] project manifest read ok bytes=34071
[runtime_loader] project manifest validated maps=2 tilesets=1 scenarios=0
[runtime_loader] bundle map resolved mapId=clairiere relativePath=maps/clairiere.json mapPath=/private/var/folders/b5/7gsfwzyd449_54n8l40h40gc0000gn/T/avelune_m3_story_oRIHhM/maps/clairiere.json
[runtime_loader] map file lookup path=/private/var/folders/b5/7gsfwzyd449_54n8l40h40gc0000gn/T/avelune_m3_story_oRIHhM/maps/clairiere.json
[runtime_loader] map file read ok bytes=17187
[runtime_loader] map validated id=clairiere size=24x16 layers=3 entities=1 placedElements=3 warps=0 triggers=0
[runtime_loader] bundle tilesets collected ids=atelier
[runtime_loader] bundle tileset path id=atelier path=/private/var/folders/b5/7gsfwzyd449_54n8l40h40gc0000gn/T/avelune_m3_story_oRIHhM/assets/atelier.png
[runtime_loader] bundle load ok mapId=clairiere projectRoot=/private/var/folders/b5/7gsfwzyd449_54n8l40h40gc0000gn/T/avelune_m3_story_oRIHhM tilesets=1
[step_studio_trace] npc_presence_applied map=jardin entity=chief present=true
[step_studio_trace] npc_presence_applied map=jardin entity=traveller present=true
[npc_patrol] read movement entity=chief pos=(8,10) size=1x1 mode=idle waypoints= loop=true pauseMs=0 stepMs=200
[npc_patrol] read movement entity=traveller pos=(10,10) size=1x1 mode=idle waypoints= loop=true pauseMs=0 stepMs=200
[step_studio_trace] npc_presence_applied map=jardin entity=chief present=true
[step_studio_trace] npc_presence_applied map=jardin entity=traveller present=true
[npc_patrol] read movement entity=chief pos=(8,10) size=1x1 mode=idle waypoints= loop=true pauseMs=0 stepMs=200
[npc_patrol] read movement entity=traveller pos=(10,10) size=1x1 mode=idle waypoints= loop=true pauseMs=0 stepMs=200
[step_studio_trace] npc_presence_applied map=jardin entity=chief present=true
[step_studio_trace] npc_presence_applied map=jardin entity=traveller present=true
[npc_patrol] read movement entity=chief pos=(8,10) size=1x1 mode=idle waypoints= loop=true pauseMs=0 stepMs=200
[npc_patrol] read movement entity=traveller pos=(10,10) size=1x1 mode=idle waypoints= loop=true pauseMs=0 stepMs=200
[event_v2] mapEnter activation=mapact_1790261691682853_1 map=jardin reason=initialBoot result=MapEnterProductionDispatchLegacyFallback
[step_studio_trace] runtime_save_requested map=jardin completedStepIds=[] completedCutsceneIds=[]
04:29 +320: /Users/karim/Project/pokemonProject/apps/avelune_studio/test/cinematics_ui10_widget_test.dart: UI10 full Studio frame early composition with isolated real project
04:31 +321: /Users/karim/Project/pokemonProject/apps/avelune_studio/test/cinematics_ui10_widget_test.dart: UI10 full Studio frame early composition with isolated real project
04:31 +322: /Users/karim/Project/pokemonProject/apps/avelune_studio/test/cinematics_ui10_widget_test.dart: UI10 full Studio frame early composition with isolated real project
04:31 +323: /Users/karim/Project/pokemonProject/apps/avelune_studio/test/cinematics_ui10_widget_test.dart: UI10 full Studio frame early composition with isolated real project
04:33 +324: /Users/karim/Project/pokemonProject/apps/avelune_studio/test/cinematics_ui10_widget_test.dart: UI10 full Studio frame early composition with isolated real project
04:33 +325: /Users/karim/Project/pokemonProject/apps/avelune_studio/test/cinematics_ui10_widget_test.dart: UI10 full Studio frame early composition with isolated real project
04:33 +326: /Users/karim/Project/pokemonProject/apps/avelune_studio/test/cinematics_ui10_widget_test.dart: UI10 full Studio frame early composition with isolated real project
04:34 +327: /Users/karim/Project/pokemonProject/apps/avelune_studio/test/ui13_verification_runtime_test.dart: a receipt of another version is stale, never a success
04:35 +328: /Users/karim/Project/pokemonProject/apps/avelune_studio/test/ui13_verification_runtime_test.dart: a receipt of another profile is refused with its provenance
04:35 +329: /Users/karim/Project/pokemonProject/apps/avelune_studio/test/ui13_verification_runtime_test.dart: a receipt missing a required suite stays inconclusive
04:35 +330: /Users/karim/Project/pokemonProject/apps/avelune_studio/test/ui13_verification_runtime_test.dart: an unreadable receipt is reported, not ignored
04:35 +331: /Users/karim/Project/pokemonProject/apps/avelune_studio/test/ui13_verification_runtime_test.dart: a matching receipt is the only one that verifies runtime
04:35 +332: /Users/karim/Project/pokemonProject/apps/avelune_studio/test/ui13_verification_runtime_test.dart: a failed run of this version is a failure, not a notRun
04:36 +333: /Users/karim/Project/pokemonProject/apps/avelune_studio/test/ui13_verification_executor_test.dart: the real analysis runs outside the interface isolate
04:37 +334: /Users/karim/Project/pokemonProject/apps/avelune_studio/test/stories/story_publication_ui07_test.dart: story action preserves concurrent image import and every map byte
04:37 +335: /Users/karim/Project/pokemonProject/apps/avelune_studio/test/stories/story_publication_ui07_test.dart: story action preserves concurrent image import and every map byte
04:37 +336: /Users/karim/Project/pokemonProject/apps/avelune_studio/test/stories/story_publication_ui07_test.dart: story action preserves concurrent image import and every map byte
04:37 +337: /Users/karim/Project/pokemonProject/apps/avelune_studio/test/stories/story_publication_ui07_test.dart: story action preserves concurrent image import and every map byte
04:38 +338: /Users/karim/Project/pokemonProject/apps/avelune_studio/test/stories/story_publication_ui07_test.dart: story action preserves concurrent image import and every map byte
04:38 +339: /Users/karim/Project/pokemonProject/apps/avelune_studio/test/ui13_verification_executor_test.dart: a failed read leaves no synthetic green report
04:38 +340: /Users/karim/Project/pokemonProject/apps/avelune_studio/test/stories/story_publication_ui07_test.dart: same aggregate conflict and vanished target are refused without overwrite
04:38 +341: /Users/karim/Project/pokemonProject/apps/avelune_studio/test/ui13_verification_executor_test.dart: a second launch while one runs starts no second job
04:38 +342: /Users/karim/Project/pokemonProject/apps/avelune_studio/test/stories/story_publication_ui07_test.dart: interrupted promotion recovers; external journal conflict keeps draft and file
04:39 +343: /Users/karim/Project/pokemonProject/apps/avelune_studio/test/stories/ui07_story_fixture_test.dart: rich fixture publishes real outcomes, owner relationship and modern scene link
04:39 +344: /Users/karim/Project/pokemonProject/apps/avelune_studio/test/stories/ui07_story_fixture_test.dart: rich fixture publishes real outcomes, owner relationship and modern scene link
04:39 +345: /Users/karim/Project/pokemonProject/apps/avelune_studio/test/stories/ui07_story_fixture_test.dart: rich fixture publishes real outcomes, owner relationship and modern scene link
04:39 +346: /Users/karim/Project/pokemonProject/apps/avelune_studio/test/stories/ui07_story_fixture_test.dart: rich fixture publishes real outcomes, owner relationship and modern scene link
04:39 +347: /Users/karim/Project/pokemonProject/apps/avelune_studio/test/stories/ui07_story_fixture_test.dart: rich fixture publishes real outcomes, owner relationship and modern scene link
04:39 +348: /Users/karim/Project/pokemonProject/apps/avelune_studio/test/stories/ui07_story_fixture_test.dart: rich fixture publishes real outcomes, owner relationship and modern scene link
04:39 +349: /Users/karim/Project/pokemonProject/apps/avelune_studio/test/stories/ui07_story_fixture_test.dart: rich fixture publishes real outcomes, owner relationship and modern scene link
04:40 +350: /Users/karim/Project/pokemonProject/apps/avelune_studio/test/stories/ui07_story_fixture_test.dart: construction fixture provides prerequisites but no authored stories
04:40 +351: /Users/karim/Project/pokemonProject/apps/avelune_studio/test/stories/story_publication_races_ui07_test.dart: edit during publication stays dirty, revertToBase=false
04:41 +352: /Users/karim/Project/pokemonProject/apps/avelune_studio/test/stories/story_publication_races_ui07_test.dart: edit during publication stays dirty, revertToBase=false
04:41 +353: /Users/karim/Project/pokemonProject/apps/avelune_studio/test/stories/story_publication_races_ui07_test.dart: edit during publication stays dirty, revertToBase=false
04:41 +354: /Users/karim/Project/pokemonProject/apps/avelune_studio/test/stories/story_document_commands_test.dart: empty story gains real chapter then step without fake placeholders
04:41 +355: /Users/karim/Project/pokemonProject/apps/avelune_studio/test/stories/story_document_commands_test.dart: empty story gains real chapter then step without fake placeholders
04:41 +356: /Users/karim/Project/pokemonProject/apps/avelune_studio/test/stories/story_publication_races_ui07_test.dart: late response after close does not replace the workspace catalog
04:41 +357: /Users/karim/Project/pokemonProject/apps/avelune_studio/test/stories/story_publication_races_ui07_test.dart: partial multi-owner failure reports written scope and keeps remaining draft
04:42 +358: /Users/karim/Project/pokemonProject/apps/avelune_studio/test/architecture/dart_dependency_graph_test.dart: detecte I/O derriere un import relatif et un export
04:42 +359: /Users/karim/Project/pokemonProject/apps/avelune_studio/test/architecture/dart_dependency_graph_test.dart: detecte I/O derriere un barrel package public
04:42 +360: /Users/karim/Project/pokemonProject/apps/avelune_studio/test/architecture/dart_dependency_graph_test.dart: inspecte aussi les branches conditionnelles des exports
04:42 +361: /Users/karim/Project/pokemonProject/apps/avelune_studio/test/architecture/dart_dependency_graph_test.dart: termine sur un cycle et accepte les SDK purs
04:42 +362: /Users/karim/Project/pokemonProject/apps/avelune_studio/test/architecture/dart_dependency_graph_test.dart: un package inconnu echoue au lieu de masquer une dependance
04:42 +363: /Users/karim/Project/pokemonProject/apps/avelune_studio/test/stories/story_reconciliation_ui07_test.dart: explicit reload reconciles target and preserves every unrelated dirty draft
04:42 +364: /Users/karim/Project/pokemonProject/apps/avelune_studio/test/architecture/architecture_boundaries_test.dart: application et domaine restent purs dans leur graphe transitif
04:42 +365: /Users/karim/Project/pokemonProject/apps/avelune_studio/test/architecture/architecture_boundaries_test.dart: application et domaine restent purs dans leur graphe transitif
04:42 +366: /Users/karim/Project/pokemonProject/apps/avelune_studio/test/stories/story_reconciliation_ui07_test.dart: multi-owner deletion publishes consumers before referenced stories
04:43 +367: /Users/karim/Project/pokemonProject/apps/avelune_studio/test/architecture/architecture_boundaries_test.dart: presentation sans acces aux adaptateurs ou au filesystem
04:43 +368: /Users/karim/Project/pokemonProject/apps/avelune_studio/test/architecture/architecture_boundaries_test.dart: theme et widgets partages independants des features et de la DI
04:43 +369: /Users/karim/Project/pokemonProject/apps/avelune_studio/test/architecture/architecture_boundaries_test.dart: presentation centralisee et barrel DI limite aux exports
04:43 +370: /Users/karim/Project/pokemonProject/apps/avelune_studio/test/architecture/architecture_boundaries_test.dart: aucun import prive inter-package dans les sources Studio
04:43 +371: /Users/karim/Project/pokemonProject/apps/avelune_studio/test/architecture/architecture_boundaries_test.dart: aucune dependance vers ancien editeur
04:44 +372: /Users/karim/Project/pokemonProject/apps/avelune_studio/test/dialogues_ui09_nested_navigation_test.dart: nested events → scene → dialogue returns to exact owner
04:44 +373: /Users/karim/Project/pokemonProject/apps/avelune_studio/test/dialogues_ui09_nested_navigation_test.dart: nested events → scene → dialogue returns to exact owner
04:45 +374: /Users/karim/Project/pokemonProject/apps/avelune_studio/test/dialogues_ui09_nested_navigation_test.dart: nested events → scene → dialogue returns to exact owner
04:45 +375: /Users/karim/Project/pokemonProject/apps/avelune_studio/test/dialogues_ui09_nested_navigation_test.dart: nested events → scene → dialogue returns to exact owner
04:45 +376: /Users/karim/Project/pokemonProject/apps/avelune_studio/test/dialogues_ui09_nested_navigation_test.dart: nested events → scene → dialogue returns to exact owner
04:45 +377: /Users/karim/Project/pokemonProject/apps/avelune_studio/test/dialogues_ui09_nested_navigation_test.dart: nested events → scene → dialogue returns to exact owner
04:45 +378: /Users/karim/Project/pokemonProject/apps/avelune_studio/test/dialogues_ui09_nested_navigation_test.dart: nested events → scene → dialogue returns to exact owner
04:46 +379: /Users/karim/Project/pokemonProject/apps/avelune_studio/test/dialogues_ui09_nested_navigation_test.dart: nested events → scene → dialogue returns to exact owner
04:47 +380: /Users/karim/Project/pokemonProject/apps/avelune_studio/test/dialogues_ui09_nested_navigation_test.dart: nested events → scene → dialogue returns to exact owner
04:47 +381: /Users/karim/Project/pokemonProject/apps/avelune_studio/test/dialogues_ui09_nested_navigation_test.dart: nested events → scene → dialogue returns to exact owner
04:47 +382: /Users/karim/Project/pokemonProject/apps/avelune_studio/test/dialogues_ui09_nested_navigation_test.dart: nested events → scene → dialogue returns to exact owner
04:48 +383: /Users/karim/Project/pokemonProject/apps/avelune_studio/test/dialogues_ui09_nested_navigation_test.dart: nested events → scene → dialogue returns to exact owner
04:48 +384: /Users/karim/Project/pokemonProject/apps/avelune_studio/test/dialogues_ui09_nested_navigation_test.dart: nested events → scene → dialogue returns to exact owner
04:49 +385: /Users/karim/Project/pokemonProject/apps/avelune_studio/test/presentations/presentation_controller_ui11_test.dart: create no disk write, grouped canonical intent, undo redo save and reopen
04:49 +386: /Users/karim/Project/pokemonProject/apps/avelune_studio/test/dialogues_ui09_nested_navigation_test.dart: nested stories → scene → dialogue returns to exact owner
04:49 +387: /Users/karim/Project/pokemonProject/apps/avelune_studio/test/dialogues_ui09_nested_navigation_test.dart: nested stories → scene → dialogue returns to exact owner
04:50 +388: /Users/karim/Project/pokemonProject/apps/avelune_studio/test/dialogues_ui09_nested_navigation_test.dart: nested stories → scene → dialogue returns to exact owner
04:50 +389: /Users/karim/Project/pokemonProject/apps/avelune_studio/test/dialogues_ui09_nested_navigation_test.dart: nested stories → scene → dialogue returns to exact owner
04:50 +390: /Users/karim/Project/pokemonProject/apps/avelune_studio/test/dialogues_ui09_nested_navigation_test.dart: nested stories → scene → dialogue returns to exact owner
04:50 +391: /Users/karim/Project/pokemonProject/apps/avelune_studio/test/dialogues_ui09_nested_navigation_test.dart: nested stories → scene → dialogue returns to exact owner
04:50 +392: /Users/karim/Project/pokemonProject/apps/avelune_studio/test/dialogues_ui09_nested_navigation_test.dart: nested stories → scene → dialogue returns to exact owner
04:50 +393: /Users/karim/Project/pokemonProject/apps/avelune_studio/test/dialogues_ui09_nested_navigation_test.dart: nested stories → scene → dialogue returns to exact owner
04:52 +394: /Users/karim/Project/pokemonProject/apps/avelune_studio/test/dialogues_ui09_nested_navigation_test.dart: nested stories → scene → dialogue returns to exact owner
04:53 +395: /Users/karim/Project/pokemonProject/apps/avelune_studio/test/resource_io/terrain_navigation_ui04_test.dart: same image creates distinct drafts and reopening retains canonical identity
04:54 +396: /Users/karim/Project/pokemonProject/apps/avelune_studio/test/resource_io/terrain_resource_io_test.dart: draft, publish, paint, erase, save and fresh reopen use canonical resources
04:54 +397: /Users/karim/Project/pokemonProject/apps/avelune_studio/test/resource_io/terrain_resource_io_test.dart: draft, publish, paint, erase, save and fresh reopen use canonical resources
04:55 +398: /Users/karim/Project/pokemonProject/apps/avelune_studio/test/resource_io/local_resource_adapter_test.dart: cancel before validation publishes no file or resource
04:55 +399: /Users/karim/Project/pokemonProject/apps/avelune_studio/test/resource_io/local_resource_adapter_test.dart: PNG imports atomically into durable catalogue with non-square grid
04:55 +400: /Users/karim/Project/pokemonProject/apps/avelune_studio/test/resource_io/local_resource_adapter_test.dart: dirty map survives import and saves against accepted receipt
04:55 +401: /Users/karim/Project/pokemonProject/apps/avelune_studio/test/resource_io/resource_navigation_save_test.dart: open from map reveals exact resource without writing or losing drafts
04:55 +402: /Users/karim/Project/pokemonProject/apps/avelune_studio/test/resource_io/local_resource_adapter_test.dart: first decor category and definition commit together; variant preserves original
04:55 +403: /Users/karim/Project/pokemonProject/apps/avelune_studio/test/resource_io/local_resource_adapter_test.dart: first decor category and definition commit together; variant preserves original
04:55 +404: /Users/karim/Project/pokemonProject/apps/avelune_studio/test/resource_io/local_resource_adapter_test.dart: first decor category and definition commit together; variant preserves original
04:55 +405: /Users/karim/Project/pokemonProject/apps/avelune_studio/test/resource_io/local_resource_adapter_test.dart: first decor category and definition commit together; variant preserves original
04:56 +406: /Users/karim/Project/pokemonProject/apps/avelune_studio/test/resource_io/local_resource_adapter_test.dart: invalid grid leaves manifest, source and resource catalogue unpublished
04:56 +407: /Users/karim/Project/pokemonProject/apps/avelune_studio/test/resource_io/local_resource_adapter_test.dart: external manifest edit blocks import without accepting foreign revision
04:56 +408: /Users/karim/Project/pokemonProject/apps/avelune_studio/test/resource_io/local_resource_adapter_test.dart: external map edit stays protected by map CAS after own import
04:56 +409: /Users/karim/Project/pokemonProject/apps/avelune_studio/test/resource_io/local_resource_adapter_test.dart: resource API rejects map mutation and preserves map bytes
04:56 +410: /Users/karim/Project/pokemonProject/apps/avelune_studio/test/resource_io/local_resource_adapter_test.dart: unchanged definition can be used without a mutation or lost conflict guard
04:56 +411: /Users/karim/Project/pokemonProject/apps/avelune_studio/test/ui13_verification_identity_test.dart: two entities sharing an identifier stay two documents
04:57 +412: /Users/karim/Project/pokemonProject/apps/avelune_studio/test/cinematics_ui10_parity_viewport_test.dart: preview camera zoom shake fade uses playback transform and Stop restores author view
04:57 +413: /Users/karim/Project/pokemonProject/apps/avelune_studio/test/cinematics_ui10_parity_viewport_test.dart: preview camera zoom shake fade uses playback transform and Stop restores author view
04:57 +414: /Users/karim/Project/pokemonProject/apps/avelune_studio/test/cinematics_ui10_parity_viewport_test.dart: preview camera zoom shake fade uses playback transform and Stop restores author view
04:57 +415: /Users/karim/Project/pokemonProject/apps/avelune_studio/test/cinematics_ui10_parity_viewport_test.dart: preview camera zoom shake fade uses playback transform and Stop restores author view
04:57 +416: /Users/karim/Project/pokemonProject/apps/avelune_studio/test/cinematics_ui10_parity_viewport_test.dart: preview camera zoom shake fade uses playback transform and Stop restores author view
05:02 +417: /Users/karim/Project/pokemonProject/apps/avelune_studio/test/cinematics_ui10_nested_navigation_test.dart: UI10 nested events → scene → cinematic → dialogue returns to dirty owners
05:03 +418: /Users/karim/Project/pokemonProject/apps/avelune_studio/test/cinematics_ui10_nested_navigation_test.dart: UI10 nested events → scene → cinematic → dialogue returns to dirty owners
05:03 +419: /Users/karim/Project/pokemonProject/apps/avelune_studio/test/cinematics_ui10_nested_navigation_test.dart: UI10 nested events → scene → cinematic → dialogue returns to dirty owners
05:03 +420: /Users/karim/Project/pokemonProject/apps/avelune_studio/test/cinematics_ui10_nested_navigation_test.dart: UI10 nested events → scene → cinematic → dialogue returns to dirty owners
05:03 +421: /Users/karim/Project/pokemonProject/apps/avelune_studio/test/cinematics_ui10_nested_navigation_test.dart: UI10 nested events → scene → cinematic → dialogue returns to dirty owners
05:04 +422: /Users/karim/Project/pokemonProject/apps/avelune_studio/test/cinematics_ui10_nested_navigation_test.dart: UI10 nested events → scene → cinematic → dialogue returns to dirty owners
05:06 +423: /Users/karim/Project/pokemonProject/apps/avelune_studio/test/cinematics_ui10_nested_navigation_test.dart: UI10 nested events → scene → cinematic → dialogue returns to dirty owners
05:06 +424: /Users/karim/Project/pokemonProject/apps/avelune_studio/test/cinematics_ui10_nested_navigation_test.dart: UI10 nested stories → scene → cinematic → dialogue returns to dirty owners
05:07 +425: /Users/karim/Project/pokemonProject/apps/avelune_studio/test/cinematics_ui10_nested_navigation_test.dart: UI10 nested stories → scene → cinematic → dialogue returns to dirty owners
05:07 +426: /Users/karim/Project/pokemonProject/apps/avelune_studio/test/cinematics_ui10_nested_navigation_test.dart: UI10 nested stories → scene → cinematic → dialogue returns to dirty owners
05:10 +427: /Users/karim/Project/pokemonProject/apps/avelune_studio/test/cinematics_ui10_nested_navigation_test.dart: UI10 nested stories → scene → cinematic → dialogue returns to dirty owners
05:11 +428: /Users/karim/Project/pokemonProject/apps/avelune_studio/test/cinematics_ui10_nested_navigation_test.dart: UI10 nested stories → scene → cinematic → dialogue returns to dirty owners
05:11 +429: /Users/karim/Project/pokemonProject/apps/avelune_studio/test/ui12_world_responsive_test.dart: UI12 stays usable at 1280
05:12 +430: /Users/karim/Project/pokemonProject/apps/avelune_studio/test/terrain_canvas_test.dart: canvas previews interpolated terrain, commits one history, erases neighbors and cancels
05:12 +431: /Users/karim/Project/pokemonProject/apps/avelune_studio/test/ui12_world_responsive_test.dart: UI12 stays usable at 1024
05:13 +432: /Users/karim/Project/pokemonProject/apps/avelune_studio/test/events_ui09_dialogue_fixture_test.dart: UI09 fixture opens editable canonical conversation, portrait and dirty consumer
05:14 +433: /Users/karim/Project/pokemonProject/apps/avelune_studio/test/events_ui08_legacy_consultation_test.dart: canonical historical projections preserve pages, scenario and registry
05:14 +434: /Users/karim/Project/pokemonProject/apps/avelune_studio/test/events_ui08_legacy_consultation_test.dart: historical library opens read-only detail without modern selection
05:15 +435: /Users/karim/Project/pokemonProject/apps/avelune_studio/test/events_ui08_legacy_consultation_test.dart: partial historical inventory is explicit and search includes scenario
05:15 +436: /Users/karim/Project/pokemonProject/apps/avelune_studio/test/ui11_presentation_library_test.dart: UI11 library visual ordering archives and restores the real asset
05:16 +437: /Users/karim/Project/pokemonProject/apps/avelune_studio/test/ui11_presentation_library_test.dart: UI11 library visual ordering archives and restores the real asset
05:16 +438: /Users/karim/Project/pokemonProject/apps/avelune_studio/test/ui11_presentation_library_test.dart: UI11 library visual ordering archives and restores the real asset
05:17 +439: /Users/karim/Project/pokemonProject/apps/avelune_studio/test/ui11_presentation_library_test.dart: UI11 library visual ordering archives and restores the real asset
05:17 +440: /Users/karim/Project/pokemonProject/apps/avelune_studio/test/ui11_presentation_library_test.dart: UI11 library visual ordering archives and restores the real asset
05:17 +441: /Users/karim/Project/pokemonProject/apps/avelune_studio/test/ui11_presentation_library_test.dart: UI11 library visual ordering archives and restores the real asset
05:17 +442: /Users/karim/Project/pokemonProject/apps/avelune_studio/test/ui11_presentation_library_test.dart: UI11 library visual ordering archives and restores the real asset
05:17 +443: /Users/karim/Project/pokemonProject/apps/avelune_studio/test/ui11_presentation_library_test.dart: UI11 library visual ordering archives and restores the real asset
05:17 +444: /Users/karim/Project/pokemonProject/apps/avelune_studio/test/ui11_presentation_library_test.dart: UI11 library visual ordering archives and restores the real asset
05:17 +445: /Users/karim/Project/pokemonProject/apps/avelune_studio/test/ui11_presentation_library_test.dart: UI11 library visual ordering archives and restores the real asset
05:22 +446: /Users/karim/Project/pokemonProject/apps/avelune_studio/test/ui12_workspace_return_test.dart: a detour through a second consumer still returns to scene A
05:24 +447: /Users/karim/Project/pokemonProject/apps/avelune_studio/test/cinematics_ui10_renderer_test.dart: UI10 real map paints inside a new RepaintBoundary with unbounded recording clip
05:25 +448: /Users/karim/Project/pokemonProject/apps/avelune_studio/test/cinematics_ui10_renderer_test.dart: UI10 real map paints inside a new RepaintBoundary with unbounded recording clip
05:25 +449: /Users/karim/Project/pokemonProject/apps/avelune_studio/test/story_graph_canvas_test.dart: first declared outcome connects without a fabricated effect
05:26 +450: /Users/karim/Project/pokemonProject/apps/avelune_studio/test/cinematics_ui10_renderer_test.dart: UI10 canonical actor renderer selects walk frames at absolute time and rewinds exactly
05:26 +451: /Users/karim/Project/pokemonProject/apps/avelune_studio/test/cinematics_ui10_renderer_test.dart: UI10 canonical actor renderer selects walk frames at absolute time and rewinds exactly
05:26 +452: /Users/karim/Project/pokemonProject/apps/avelune_studio/test/cinematics_ui10_renderer_test.dart: UI10 canonical actor renderer selects walk frames at absolute time and rewinds exactly
05:26 +453: /Users/karim/Project/pokemonProject/apps/avelune_studio/test/cinematics_ui10_renderer_test.dart: UI10 canonical actor renderer selects walk frames at absolute time and rewinds exactly
05:26 +454: /Users/karim/Project/pokemonProject/apps/avelune_studio/test/story_graph_canvas_test.dart: pointer cancellation and empty drop have zero mutations
05:26 +455: /Users/karim/Project/pokemonProject/apps/avelune_studio/test/story_graph_canvas_test.dart: group drag and view undo preserve canonical order and document
05:26 +456: /Users/karim/Project/pokemonProject/apps/avelune_studio/test/story_graph_canvas_test.dart: trackpad over chapter and text shortcuts never mutate story
05:27 +457: /Users/karim/Project/pokemonProject/apps/avelune_studio/test/story_graph_canvas_test.dart: curve hit testing resolves semantic edge away from its label
05:27 +458: /Users/karim/Project/pokemonProject/apps/avelune_studio/test/application/m1_editing_test.dart: selection and inspection never create dirty state or history
05:27 +459: /Users/karim/Project/pokemonProject/apps/avelune_studio/test/application/m1_editing_test.dart: move changes only position and out of bounds movement is ignored
05:27 +460: /Users/karim/Project/pokemonProject/apps/avelune_studio/test/application/m1_editing_test.dart: reorder undo redo keeps list priority and every non-order field
05:27 +461: /Users/karim/Project/pokemonProject/apps/avelune_studio/test/application/m1_editing_test.dart: delete targets selection and undo restores exact decoration metadata
05:27 +462: /Users/karim/Project/pokemonProject/apps/avelune_studio/test/application/m1_editing_test.dart: place validates footprint and one undo removes only the new instance
05:27 +463: /Users/karim/Project/pokemonProject/apps/avelune_studio/test/application/m1_editing_test.dart: one buffered stroke is one undo and interrupted stroke stays clean
05:27 +464: /Users/karim/Project/pokemonProject/apps/avelune_studio/test/application/m1_editing_test.dart: new edits after undo discard redo and saved equality governs dirty
05:28 +465: /Users/karim/Project/pokemonProject/apps/avelune_studio/test/application/project_session_controller_test.dart: starts idle without reading a project
05:28 +466: /Users/karim/Project/pokemonProject/apps/avelune_studio/test/application/project_session_controller_test.dart: opens the requested project and propagates its actual identity
05:28 +467: /Users/karim/Project/pokemonProject/apps/avelune_studio/test/application/project_session_controller_test.dart: closes its current session exactly once and resets state
05:28 +468: /Users/karim/Project/pokemonProject/apps/avelune_studio/test/application/project_session_controller_test.dart: exposes ProjectOpenProblem.invalidPath and allows an explicit retry
05:28 +469: /Users/karim/Project/pokemonProject/apps/avelune_studio/test/application/project_session_controller_test.dart: exposes ProjectOpenProblem.pathNotPreserved and allows an explicit retry
05:28 +470: /Users/karim/Project/pokemonProject/apps/avelune_studio/test/application/project_session_controller_test.dart: exposes ProjectOpenProblem.directoryUnavailable and allows an explicit retry
05:28 +471: /Users/karim/Project/pokemonProject/apps/avelune_studio/test/application/project_session_controller_test.dart: exposes ProjectOpenProblem.manifestMissing and allows an explicit retry
05:28 +472: /Users/karim/Project/pokemonProject/apps/avelune_studio/test/application/project_session_controller_test.dart: exposes ProjectOpenProblem.manifestInvalid and allows an explicit retry
05:28 +473: /Users/karim/Project/pokemonProject/apps/avelune_studio/test/application/project_session_controller_test.dart: exposes ProjectOpenProblem.accessDenied and allows an explicit retry
05:28 +474: /Users/karim/Project/pokemonProject/apps/avelune_studio/test/application/project_session_controller_test.dart: exposes ProjectOpenProblem.readFailed and allows an explicit retry
05:28 +475: /Users/karim/Project/pokemonProject/apps/avelune_studio/test/application/m1_controller_test.dart: warm map activation keeps edits and loads project and maps only once
05:28 +476: /Users/karim/Project/pokemonProject/apps/avelune_studio/test/application/m1_controller_test.dart: warm map activation keeps edits and loads project and maps only once
05:28 +477: /Users/karim/Project/pokemonProject/apps/avelune_studio/test/application/m1_controller_test.dart: warm map activation keeps edits and loads project and maps only once
05:28 +478: /Users/karim/Project/pokemonProject/apps/avelune_studio/test/application/m1_controller_test.dart: warm map activation keeps edits and loads project and maps only once
05:28 +479: /Users/karim/Project/pokemonProject/apps/avelune_studio/test/application/m1_controller_test.dart: warm map activation keeps edits and loads project and maps only once
05:28 +480: /Users/karim/Project/pokemonProject/apps/avelune_studio/test/application/m1_controller_test.dart: late activation cannot replace the latest choice
05:28 +481: /Users/karim/Project/pokemonProject/apps/avelune_studio/test/application/m1_controller_test.dart: simultaneous requests for one map share the same load
05:28 +482: /Users/karim/Project/pokemonProject/apps/avelune_studio/test/application/m1_controller_test.dart: obsolete load failure does not replace current success
05:28 +483: /Users/karim/Project/pokemonProject/apps/avelune_studio/test/application/m1_controller_test.dart: disposed project initialization cannot trigger a map load
05:28 +484: /Users/karim/Project/pokemonProject/apps/avelune_studio/test/application/m1_controller_test.dart: disposed map completion cannot publish or retain a document
05:28 +485: /Users/karim/Project/pokemonProject/apps/avelune_studio/test/application/m1_controller_test.dart: save uses its snapshot and retains edits made during the write
05:28 +486: /Users/karim/Project/pokemonProject/apps/avelune_studio/test/application/m1_controller_test.dart: conflict keeps current, base revision and dirty for retry
05:28 +487: /Users/karim/Project/pokemonProject/apps/avelune_studio/test/application/m1_controller_test.dart: writeFailed keeps current, base revision and dirty for retry
05:28 +488: /Users/karim/Project/pokemonProject/apps/avelune_studio/test/application/m1_controller_test.dart: saveAll refuses closing if a document changed during save
05:28 +489: /Users/karim/Project/pokemonProject/apps/avelune_studio/test/application/m1_controller_test.dart: saveAll stops on failure and leaves every later document dirty
05:28 +490: /Users/karim/Project/pokemonProject/apps/avelune_studio/test/application/m1_controller_test.dart: disposed save completion cannot accept a new baseline
05:28 +491: /Users/karim/Project/pokemonProject/apps/avelune_studio/test/application/m1_controller_test.dart: a disposed empty controller cannot authorize saveAll close
05:28 +492: /Users/karim/Project/pokemonProject/apps/avelune_studio/test/application/m1_controller_test.dart: failed navigation preserves the previous dirty document
05:28 +493: /Users/karim/Project/pokemonProject/apps/avelune_studio/test/application/m1_controller_test.dart: saveAll succeeds only after all dirty documents finish sequentially
05:28 +494: /Users/karim/Project/pokemonProject/apps/avelune_studio/test/application/decor_draft_test.dart: decor conversion permits matching non-square grid and precisely rejects unsupported geometry
05:28 +495: /Users/karim/Project/pokemonProject/apps/avelune_studio/test/application/decor_draft_test.dart: variant creates independent identity and preserves animation, categories and advanced collision data
05:28 +496: /Users/karim/Project/pokemonProject/apps/avelune_studio/test/application/decor_draft_test.dart: new rectangle decor blocks selected cells and rejects blank name
05:28 +497: /Users/karim/Project/pokemonProject/apps/avelune_studio/test/application/project_session_races_test.dart: late A is released without replacing or closing ready B
05:28 +498: /Users/karim/Project/pokemonProject/apps/avelune_studio/test/application/project_session_races_test.dart: late A failure leaves ready B unchanged
05:28 +499: /Users/karim/Project/pokemonProject/apps/avelune_studio/test/application/project_session_races_test.dart: close during a read releases its late success and stays idle
05:28 +500: /Users/karim/Project/pokemonProject/apps/avelune_studio/test/application/project_session_races_test.dart: close during a read ignores its late failure
05:28 +501: /Users/karim/Project/pokemonProject/apps/avelune_studio/test/application/project_session_races_test.dart: dispose rejects late success without notifying detached views
05:28 +502: /Users/karim/Project/pokemonProject/apps/avelune_studio/test/application/project_session_races_test.dart: opening B retains A and a failed replacement leaves A available
05:28 +503: /Users/karim/Project/pokemonProject/apps/avelune_studio/test/application/project_session_races_test.dart: close while replacing releases previous and late candidate once each
05:28 +504: /Users/karim/Project/pokemonProject/apps/avelune_studio/test/application/project_session_races_test.dart: successful replacement publishes B before releasing A
05:28 +505: /Users/karim/Project/pokemonProject/apps/avelune_studio/test/application/project_session_races_test.dart: cancel keeps A ready and closes late B
05:28 +506: /Users/karim/Project/pokemonProject/apps/avelune_studio/test/application/project_session_races_test.dart: cancel without previous project stays idle after late failure
05:28 +507: /Users/karim/Project/pokemonProject/apps/avelune_studio/test/application/project_session_races_test.dart: dispose while replacing releases previous and late candidate
05:28 +508: /Users/karim/Project/pokemonProject/apps/avelune_studio/test/application/project_session_races_test.dart: latest replacement failure retains A despite older success
05:29 +509: /Users/karim/Project/pokemonProject/apps/avelune_studio/test/terrain_runtime_test.dart: new imported and published terrain renders its pixels in real runtime and walks
[runtime_loader] bundle load start projectFilePath=/private/var/folders/b5/7gsfwzyd449_54n8l40h40gc0000gn/T/studio_terrain_runtime_HmJLv0/project.json mapId=jardin
[runtime_loader] project manifest lookup path=/private/var/folders/b5/7gsfwzyd449_54n8l40h40gc0000gn/T/studio_terrain_runtime_HmJLv0/project.json
[runtime_loader] project manifest read ok bytes=43142
[runtime_loader] project manifest validated maps=2 tilesets=2 scenarios=0
[runtime_loader] bundle map resolved mapId=jardin relativePath=maps/jardin.json mapPath=/private/var/folders/b5/7gsfwzyd449_54n8l40h40gc0000gn/T/studio_terrain_runtime_HmJLv0/maps/jardin.json
[runtime_loader] map file lookup path=/private/var/folders/b5/7gsfwzyd449_54n8l40h40gc0000gn/T/studio_terrain_runtime_HmJLv0/maps/jardin.json
[runtime_loader] map file read ok bytes=22682
[runtime_loader] map validated id=jardin size=24x16 layers=4 entities=1 placedElements=3 warps=0 triggers=0
[runtime_loader] bundle tilesets collected ids=atelier,source_1790261752128049_3441732026
[runtime_loader] bundle tileset path id=atelier path=/private/var/folders/b5/7gsfwzyd449_54n8l40h40gc0000gn/T/studio_terrain_runtime_HmJLv0/assets/atelier.png
[runtime_loader] bundle tileset path id=source_1790261752128049_3441732026 path=/private/var/folders/b5/7gsfwzyd449_54n8l40h40gc0000gn/T/studio_terrain_runtime_HmJLv0/assets/.pokemap-store/9417e071d7b249ab91d1e45db390e4a3b5b332ee420f1ae0f5acd110df673697.blob
[runtime_loader] bundle load ok mapId=jardin projectRoot=/private/var/folders/b5/7gsfwzyd449_54n8l40h40gc0000gn/T/studio_terrain_runtime_HmJLv0 tilesets=2
[runtime_game] tileset image load start map=jardin
[runtime_game] tileset cache resolve requested=2
[runtime_game] tileset cache resolve ok result=2
[runtime_game] onLoad start map=jardin projectFilePath=/private/var/folders/b5/7gsfwzyd449_54n8l40h40gc0000gn/T/studio_terrain_runtime_HmJLv0/project.json tilesets=2
[runtime_game] world build start map=jardin
[runtime] Map loaded: jardin, spawn at (8, 9)
[runtime_game] tileset image load ok count=2 map=jardin
[runtime_game] mount root map start map=jardin
[runtime_game] mount root map ok map=jardin
[runtime_game] onLoad completed activeMapId=jardin
05:31 +509: /Users/karim/Project/pokemonProject/apps/avelune_studio/test/cinematics_ui10_runtime_test.dart: UI10 real Flame cinematic animates before Scene continuation and restores authoring bytes
[runtime_loader] bundle load start projectFilePath=/private/var/folders/b5/7gsfwzyd449_54n8l40h40gc0000gn/T/avelune_ui06_60mIUi/project.json mapId=jardin
[runtime_loader] project manifest lookup path=/private/var/folders/b5/7gsfwzyd449_54n8l40h40gc0000gn/T/avelune_ui06_60mIUi/project.json
[runtime_loader] project manifest read ok bytes=33949
[runtime_loader] project manifest validated maps=2 tilesets=4 scenarios=1
[runtime_loader] bundle map resolved mapId=jardin relativePath=maps/jardin.json mapPath=/private/var/folders/b5/7gsfwzyd449_54n8l40h40gc0000gn/T/avelune_ui06_60mIUi/maps/jardin.json
[runtime_loader] map file lookup path=/private/var/folders/b5/7gsfwzyd449_54n8l40h40gc0000gn/T/avelune_ui06_60mIUi/maps/jardin.json
[runtime_loader] map file read ok bytes=18711
[runtime_loader] map validated id=jardin size=24x16 layers=2 entities=3 placedElements=6 warps=0 triggers=1
[runtime_loader] bundle tilesets collected ids=grass,path,actor,forest
[runtime_loader] bundle tileset path id=grass path=/private/var/folders/b5/7gsfwzyd449_54n8l40h40gc0000gn/T/avelune_ui06_60mIUi/assets/ui10_grass.png
[runtime_loader] bundle tileset path id=path path=/private/var/folders/b5/7gsfwzyd449_54n8l40h40gc0000gn/T/avelune_ui06_60mIUi/assets/ui10_path.png
[runtime_loader] bundle tileset path id=actor path=/private/var/folders/b5/7gsfwzyd449_54n8l40h40gc0000gn/T/avelune_ui06_60mIUi/assets/ui10_actor.png
[runtime_loader] bundle tileset path id=forest path=/private/var/folders/b5/7gsfwzyd449_54n8l40h40gc0000gn/T/avelune_ui06_60mIUi/assets/ui10_forest.png
[runtime_loader] bundle load ok mapId=jardin projectRoot=/private/var/folders/b5/7gsfwzyd449_54n8l40h40gc0000gn/T/avelune_ui06_60mIUi tilesets=4
05:31 +509: /Users/karim/Project/pokemonProject/apps/avelune_studio/test/terrain_runtime_test.dart: new imported and published terrain renders its pixels in real runtime and walks
[event_v2] mapEnter activation=mapact_1790261753933411_1 map=jardin reason=initialBoot result=MapEnterProductionDispatchLegacyFallback
05:31 +509: /Users/karim/Project/pokemonProject/apps/avelune_studio/test/cinematics_ui10_runtime_test.dart: UI10 real Flame cinematic animates before Scene continuation and restores authoring bytes
[runtime_game] tileset image load start map=jardin
[runtime_game] tileset cache resolve requested=4
05:32 +510: /Users/karim/Project/pokemonProject/apps/avelune_studio/test/cinematics_ui10_runtime_test.dart: UI10 real Flame cinematic animates before Scene continuation and restores authoring bytes
[runtime_game] tileset cache resolve ok result=4
[runtime_game] onLoad start map=jardin projectFilePath=/private/var/folders/b5/7gsfwzyd449_54n8l40h40gc0000gn/T/avelune_ui06_60mIUi/project.json tilesets=4
[runtime_game] world build start map=jardin
[runtime] Map loaded: jardin, spawn at (8, 9)
[runtime_game] tileset image load ok count=4 map=jardin
[runtime_game] mount root map start map=jardin
[step_studio_trace] npc_mount_added map=jardin entity=chief
[step_studio_trace] npc_mount_added map=jardin entity=traveller
[step_studio_trace] npc_presence_applied map=jardin entity=chief present=true
[step_studio_trace] npc_presence_applied map=jardin entity=traveller present=true
[runtime_game] mount root map ok map=jardin
[npc_patrol] read movement entity=chief pos=(13,7) size=1x1 mode=idle waypoints= loop=true pauseMs=0 stepMs=200
[npc_patrol] read movement entity=traveller pos=(10,9) size=1x1 mode=idle waypoints= loop=true pauseMs=0 stepMs=200
[runtime_game] onLoad completed activeMapId=jardin
[runtime_loader] bundle load start projectFilePath=/private/var/folders/b5/7gsfwzyd449_54n8l40h40gc0000gn/T/avelune_ui06_60mIUi/project.json mapId=clairiere
[runtime_loader] project manifest lookup path=/private/var/folders/b5/7gsfwzyd449_54n8l40h40gc0000gn/T/avelune_ui06_60mIUi/project.json
[runtime_loader] project manifest read ok bytes=33949
[runtime_loader] project manifest validated maps=2 tilesets=4 scenarios=1
[runtime_loader] bundle map resolved mapId=clairiere relativePath=maps/clairiere.json mapPath=/private/var/folders/b5/7gsfwzyd449_54n8l40h40gc0000gn/T/avelune_ui06_60mIUi/maps/clairiere.json
[runtime_loader] map file lookup path=/private/var/folders/b5/7gsfwzyd449_54n8l40h40gc0000gn/T/avelune_ui06_60mIUi/maps/clairiere.json
[runtime_loader] map file read ok bytes=16729
[runtime_loader] map validated id=clairiere size=24x16 layers=2 entities=1 placedElements=6 warps=0 triggers=0
[runtime_loader] bundle tilesets collected ids=grass,path,actor,forest
[runtime_loader] bundle tileset path id=grass path=/private/var/folders/b5/7gsfwzyd449_54n8l40h40gc0000gn/T/avelune_ui06_60mIUi/assets/ui10_grass.png
[runtime_loader] bundle tileset path id=path path=/private/var/folders/b5/7gsfwzyd449_54n8l40h40gc0000gn/T/avelune_ui06_60mIUi/assets/ui10_path.png
[runtime_loader] bundle tileset path id=actor path=/private/var/folders/b5/7gsfwzyd449_54n8l40h40gc0000gn/T/avelune_ui06_60mIUi/assets/ui10_actor.png
[runtime_loader] bundle tileset path id=forest path=/private/var/folders/b5/7gsfwzyd449_54n8l40h40gc0000gn/T/avelune_ui06_60mIUi/assets/ui10_forest.png
[runtime_loader] bundle load ok mapId=clairiere projectRoot=/private/var/folders/b5/7gsfwzyd449_54n8l40h40gc0000gn/T/avelune_ui06_60mIUi tilesets=4
[step_studio_trace] npc_presence_applied map=jardin entity=chief present=true
[step_studio_trace] npc_presence_applied map=jardin entity=traveller present=true
[npc_patrol] read movement entity=chief pos=(13,7) size=1x1 mode=idle waypoints= loop=true pauseMs=0 stepMs=200
[npc_patrol] read movement entity=traveller pos=(10,9) size=1x1 mode=idle waypoints= loop=true pauseMs=0 stepMs=200
[step_studio_trace] npc_presence_applied map=jardin entity=chief present=true
[step_studio_trace] npc_presence_applied map=jardin entity=traveller present=true
[npc_patrol] read movement entity=chief pos=(13,7) size=1x1 mode=idle waypoints= loop=true pauseMs=0 stepMs=200
[npc_patrol] read movement entity=traveller pos=(10,9) size=1x1 mode=idle waypoints= loop=true pauseMs=0 stepMs=200
[event_v2] mapEnter activation=mapact_1790261754189361_1 map=jardin reason=initialBoot result=MapEnterProductionDispatchV2Handled
05:32 +511: /Users/karim/Project/pokemonProject/apps/avelune_studio/test/cinematics_ui10_runtime_test.dart: UI10 leaving real runtime cancels cinematic without continuation or event consumption
[runtime_loader] bundle load start projectFilePath=/private/var/folders/b5/7gsfwzyd449_54n8l40h40gc0000gn/T/avelune_ui06_05Dsle/project.json mapId=jardin
[runtime_loader] project manifest lookup path=/private/var/folders/b5/7gsfwzyd449_54n8l40h40gc0000gn/T/avelune_ui06_05Dsle/project.json
[runtime_loader] project manifest read ok bytes=33949
[runtime_loader] project manifest validated maps=2 tilesets=4 scenarios=1
[runtime_loader] bundle map resolved mapId=jardin relativePath=maps/jardin.json mapPath=/private/var/folders/b5/7gsfwzyd449_54n8l40h40gc0000gn/T/avelune_ui06_05Dsle/maps/jardin.json
[runtime_loader] map file lookup path=/private/var/folders/b5/7gsfwzyd449_54n8l40h40gc0000gn/T/avelune_ui06_05Dsle/maps/jardin.json
[runtime_loader] map file read ok bytes=18711
[runtime_loader] map validated id=jardin size=24x16 layers=2 entities=3 placedElements=6 warps=0 triggers=1
[runtime_loader] bundle tilesets collected ids=grass,path,actor,forest
[runtime_loader] bundle tileset path id=grass path=/private/var/folders/b5/7gsfwzyd449_54n8l40h40gc0000gn/T/avelune_ui06_05Dsle/assets/ui10_grass.png
[runtime_loader] bundle tileset path id=path path=/private/var/folders/b5/7gsfwzyd449_54n8l40h40gc0000gn/T/avelune_ui06_05Dsle/assets/ui10_path.png
[runtime_loader] bundle tileset path id=actor path=/private/var/folders/b5/7gsfwzyd449_54n8l40h40gc0000gn/T/avelune_ui06_05Dsle/assets/ui10_actor.png
[runtime_loader] bundle tileset path id=forest path=/private/var/folders/b5/7gsfwzyd449_54n8l40h40gc0000gn/T/avelune_ui06_05Dsle/assets/ui10_forest.png
[runtime_loader] bundle load ok mapId=jardin projectRoot=/private/var/folders/b5/7gsfwzyd449_54n8l40h40gc0000gn/T/avelune_ui06_05Dsle tilesets=4
[runtime_game] tileset image load start map=jardin
[runtime_game] tileset cache resolve requested=4
[runtime_game] tileset cache resolve ok result=4
[runtime_game] onLoad start map=jardin projectFilePath=/private/var/folders/b5/7gsfwzyd449_54n8l40h40gc0000gn/T/avelune_ui06_05Dsle/project.json tilesets=4
[runtime_game] world build start map=jardin
[runtime] Map loaded: jardin, spawn at (8, 9)
[runtime_game] tileset image load ok count=4 map=jardin
[runtime_game] mount root map start map=jardin
[step_studio_trace] npc_mount_added map=jardin entity=chief
[step_studio_trace] npc_mount_added map=jardin entity=traveller
[step_studio_trace] npc_presence_applied map=jardin entity=chief present=true
[step_studio_trace] npc_presence_applied map=jardin entity=traveller present=true
[runtime_game] mount root map ok map=jardin
[npc_patrol] read movement entity=chief pos=(13,7) size=1x1 mode=idle waypoints= loop=true pauseMs=0 stepMs=200
[npc_patrol] read movement entity=traveller pos=(10,9) size=1x1 mode=idle waypoints= loop=true pauseMs=0 stepMs=200
[runtime_game] onLoad completed activeMapId=jardin
[runtime_loader] bundle load start projectFilePath=/private/var/folders/b5/7gsfwzyd449_54n8l40h40gc0000gn/T/avelune_ui06_05Dsle/project.json mapId=clairiere
[runtime_loader] project manifest lookup path=/private/var/folders/b5/7gsfwzyd449_54n8l40h40gc0000gn/T/avelune_ui06_05Dsle/project.json
[runtime_loader] project manifest read ok bytes=33949
[runtime_loader] project manifest validated maps=2 tilesets=4 scenarios=1
[runtime_loader] bundle map resolved mapId=clairiere relativePath=maps/clairiere.json mapPath=/private/var/folders/b5/7gsfwzyd449_54n8l40h40gc0000gn/T/avelune_ui06_05Dsle/maps/clairiere.json
[runtime_loader] map file lookup path=/private/var/folders/b5/7gsfwzyd449_54n8l40h40gc0000gn/T/avelune_ui06_05Dsle/maps/clairiere.json
[runtime_loader] map file read ok bytes=16729
[runtime_loader] map validated id=clairiere size=24x16 layers=2 entities=1 placedElements=6 warps=0 triggers=0
[runtime_loader] bundle tilesets collected ids=grass,path,actor,forest
[runtime_loader] bundle tileset path id=grass path=/private/var/folders/b5/7gsfwzyd449_54n8l40h40gc0000gn/T/avelune_ui06_05Dsle/assets/ui10_grass.png
[runtime_loader] bundle tileset path id=path path=/private/var/folders/b5/7gsfwzyd449_54n8l40h40gc0000gn/T/avelune_ui06_05Dsle/assets/ui10_path.png
[runtime_loader] bundle tileset path id=actor path=/private/var/folders/b5/7gsfwzyd449_54n8l40h40gc0000gn/T/avelune_ui06_05Dsle/assets/ui10_actor.png
[runtime_loader] bundle tileset path id=forest path=/private/var/folders/b5/7gsfwzyd449_54n8l40h40gc0000gn/T/avelune_ui06_05Dsle/assets/ui10_forest.png
[runtime_loader] bundle load ok mapId=clairiere projectRoot=/private/var/folders/b5/7gsfwzyd449_54n8l40h40gc0000gn/T/avelune_ui06_05Dsle tilesets=4
[event_v2] mapEnter activation=mapact_1790261756112021_1 map=jardin reason=initialBoot result=MapEnterProductionDispatchFailed
[event_v2] mapEnter failure=Instance of 'NarrativeEventExecutionFailure'
05:34 +512: /Users/karim/Project/pokemonProject/apps/avelune_studio/test/ui13_verification_scale_test.dart: UI13 stays usable at 1536
05:34 +513: /Users/karim/Project/pokemonProject/apps/avelune_studio/test/ui13_verification_scale_test.dart: UI13 stays usable at 1440
05:35 +514: /Users/karim/Project/pokemonProject/apps/avelune_studio/test/dialogues_ui09_safety_test.dart: CmdS and CtrlS publish text while inspector keeps keyboard focus
05:36 +515: /Users/karim/Project/pokemonProject/apps/avelune_studio/test/dialogues_ui09_safety_test.dart: CmdS and CtrlS publish text while inspector keeps keyboard focus
05:37 +516: /Users/karim/Project/pokemonProject/apps/avelune_studio/test/dialogues_ui09_safety_test.dart: CmdS and CtrlS publish text while inspector keeps keyboard focus
05:38 +517: /Users/karim/Project/pokemonProject/apps/avelune_studio/test/dialogues_ui09_safety_test.dart: CmdS and CtrlS publish text while inspector keeps keyboard focus
05:39 +518: /Users/karim/Project/pokemonProject/apps/avelune_studio/test/cinematics_ui10_preview_runtime_parity_test.dart: preview matches real Flame actors camera shake fade at 16x16 reset=false
[runtime_loader] bundle load start projectFilePath=/private/var/folders/b5/7gsfwzyd449_54n8l40h40gc0000gn/T/avelune_ui06_5jDCbG/project.json mapId=jardin
[runtime_loader] project manifest lookup path=/private/var/folders/b5/7gsfwzyd449_54n8l40h40gc0000gn/T/avelune_ui06_5jDCbG/project.json
[runtime_loader] project manifest read ok bytes=17581
[runtime_loader] project manifest validated maps=2 tilesets=4 scenarios=1
[runtime_loader] bundle map resolved mapId=jardin relativePath=maps/jardin.json mapPath=/private/var/folders/b5/7gsfwzyd449_54n8l40h40gc0000gn/T/avelune_ui06_5jDCbG/maps/jardin.json
[runtime_loader] map file lookup path=/private/var/folders/b5/7gsfwzyd449_54n8l40h40gc0000gn/T/avelune_ui06_5jDCbG/maps/jardin.json
[runtime_loader] map file read ok bytes=17669
[runtime_loader] map validated id=jardin size=24x16 layers=2 entities=3 placedElements=3 warps=0 triggers=1
[runtime_loader] bundle tilesets collected ids=grass,path,actor,forest
[runtime_loader] bundle tileset path id=grass path=/private/var/folders/b5/7gsfwzyd449_54n8l40h40gc0000gn/T/avelune_ui06_5jDCbG/assets/ui10_grass.png
[runtime_loader] bundle tileset path id=path path=/private/var/folders/b5/7gsfwzyd449_54n8l40h40gc0000gn/T/avelune_ui06_5jDCbG/assets/ui10_path.png
[runtime_loader] bundle tileset path id=actor path=/private/var/folders/b5/7gsfwzyd449_54n8l40h40gc0000gn/T/avelune_ui06_5jDCbG/assets/ui10_actor.png
[runtime_loader] bundle tileset path id=forest path=/private/var/folders/b5/7gsfwzyd449_54n8l40h40gc0000gn/T/avelune_ui06_5jDCbG/assets/ui10_forest.png
[runtime_loader] bundle load ok mapId=jardin projectRoot=/private/var/folders/b5/7gsfwzyd449_54n8l40h40gc0000gn/T/avelune_ui06_5jDCbG tilesets=4
[runtime_game] tileset image load start map=jardin
[runtime_game] tileset cache resolve requested=4
[runtime_game] tileset cache resolve ok result=4
[runtime_game] onLoad start map=jardin projectFilePath=/private/var/folders/b5/7gsfwzyd449_54n8l40h40gc0000gn/T/avelune_ui06_5jDCbG/project.json tilesets=4
[runtime_game] world build start map=jardin
[runtime] Map loaded: jardin, spawn at (8, 9)
[runtime_game] tileset image load ok count=4 map=jardin
[runtime_game] mount root map start map=jardin
[step_studio_trace] npc_mount_added map=jardin entity=chief
[step_studio_trace] npc_mount_added map=jardin entity=traveller
[step_studio_trace] npc_presence_applied map=jardin entity=chief present=true
[step_studio_trace] npc_presence_applied map=jardin entity=traveller present=true
[runtime_game] mount root map ok map=jardin
[npc_patrol] read movement entity=chief pos=(13,7) size=1x1 mode=idle waypoints= loop=true pauseMs=0 stepMs=200
[npc_patrol] read movement entity=traveller pos=(10,9) size=1x1 mode=idle waypoints= loop=true pauseMs=0 stepMs=200
[runtime_game] onLoad completed activeMapId=jardin
[runtime_loader] bundle load start projectFilePath=/private/var/folders/b5/7gsfwzyd449_54n8l40h40gc0000gn/T/avelune_ui06_5jDCbG/project.json mapId=clairiere
[runtime_loader] project manifest lookup path=/private/var/folders/b5/7gsfwzyd449_54n8l40h40gc0000gn/T/avelune_ui06_5jDCbG/project.json
[runtime_loader] project manifest read ok bytes=17581
[runtime_loader] project manifest validated maps=2 tilesets=4 scenarios=1
[runtime_loader] bundle map resolved mapId=clairiere relativePath=maps/clairiere.json mapPath=/private/var/folders/b5/7gsfwzyd449_54n8l40h40gc0000gn/T/avelune_ui06_5jDCbG/maps/clairiere.json
[runtime_loader] map file lookup path=/private/var/folders/b5/7gsfwzyd449_54n8l40h40gc0000gn/T/avelune_ui06_5jDCbG/maps/clairiere.json
05:41 +519: /Users/karim/Project/pokemonProject/apps/avelune_studio/test/cinematics_ui10_preview_runtime_parity_test.dart: preview matches real Flame actors camera shake fade at 16x16 reset=false
[runtime_loader] map file read ok bytes=15687
[runtime_loader] map validated id=clairiere size=24x16 layers=2 entities=1 placedElements=3 warps=0 triggers=0
[runtime_loader] bundle tilesets collected ids=grass,path,actor,forest
[runtime_loader] bundle tileset path id=grass path=/private/var/folders/b5/7gsfwzyd449_54n8l40h40gc0000gn/T/avelune_ui06_5jDCbG/assets/ui10_grass.png
[runtime_loader] bundle tileset path id=path path=/private/var/folders/b5/7gsfwzyd449_54n8l40h40gc0000gn/T/avelune_ui06_5jDCbG/assets/ui10_path.png
[runtime_loader] bundle tileset path id=actor path=/private/var/folders/b5/7gsfwzyd449_54n8l40h40gc0000gn/T/avelune_ui06_5jDCbG/assets/ui10_actor.png
[runtime_loader] bundle tileset path id=forest path=/private/var/folders/b5/7gsfwzyd449_54n8l40h40gc0000gn/T/avelune_ui06_5jDCbG/assets/ui10_forest.png
[runtime_loader] bundle load ok mapId=clairiere projectRoot=/private/var/folders/b5/7gsfwzyd449_54n8l40h40gc0000gn/T/avelune_ui06_5jDCbG tilesets=4
[step_studio_trace] npc_presence_applied map=jardin entity=chief present=true
[step_studio_trace] npc_presence_applied map=jardin entity=traveller present=true
[npc_patrol] read movement entity=chief pos=(13,7) size=1x1 mode=idle waypoints= loop=true pauseMs=0 stepMs=200
[npc_patrol] read movement entity=traveller pos=(10,9) size=1x1 mode=idle waypoints= loop=true pauseMs=0 stepMs=200
[step_studio_trace] npc_presence_applied map=jardin entity=chief present=true
[step_studio_trace] npc_presence_applied map=jardin entity=traveller present=true
[npc_patrol] read movement entity=chief pos=(13,7) size=1x1 mode=idle waypoints= loop=true pauseMs=0 stepMs=200
[npc_patrol] read movement entity=traveller pos=(10,9) size=1x1 mode=idle waypoints= loop=true pauseMs=0 stepMs=200
[event_v2] mapEnter activation=mapact_1790261763307653_1 map=jardin reason=initialBoot result=MapEnterProductionDispatchV2Handled
05:41 +520: /Users/karim/Project/pokemonProject/apps/avelune_studio/test/dialogues_ui09_safety_test.dart: undo commits pending focused edit then restores exactly once
05:42 +520: /Users/karim/Project/pokemonProject/apps/avelune_studio/test/cinematics_ui10_preview_runtime_parity_test.dart: preview matches real Flame actors camera shake fade at 32x24 reset=false
[runtime_loader] bundle load start projectFilePath=/private/var/folders/b5/7gsfwzyd449_54n8l40h40gc0000gn/T/avelune_ui06_wQUa6C/project.json mapId=jardin
[runtime_loader] project manifest lookup path=/private/var/folders/b5/7gsfwzyd449_54n8l40h40gc0000gn/T/avelune_ui06_wQUa6C/project.json
[runtime_loader] project manifest read ok bytes=17578
[runtime_loader] project manifest validated maps=2 tilesets=4 scenarios=1
[runtime_loader] bundle map resolved mapId=jardin relativePath=maps/jardin.json mapPath=/private/var/folders/b5/7gsfwzyd449_54n8l40h40gc0000gn/T/avelune_ui06_wQUa6C/maps/jardin.json
[runtime_loader] map file lookup path=/private/var/folders/b5/7gsfwzyd449_54n8l40h40gc0000gn/T/avelune_ui06_wQUa6C/maps/jardin.json
[runtime_loader] map file read ok bytes=18711
[runtime_loader] map validated id=jardin size=24x16 layers=2 entities=3 placedElements=6 warps=0 triggers=1
[runtime_loader] bundle tilesets collected ids=grass,path,actor,forest
[runtime_loader] bundle tileset path id=grass path=/private/var/folders/b5/7gsfwzyd449_54n8l40h40gc0000gn/T/avelune_ui06_wQUa6C/assets/ui10_grass.png
[runtime_loader] bundle tileset path id=path path=/private/var/folders/b5/7gsfwzyd449_54n8l40h40gc0000gn/T/avelune_ui06_wQUa6C/assets/ui10_path.png
[runtime_loader] bundle tileset path id=actor path=/private/var/folders/b5/7gsfwzyd449_54n8l40h40gc0000gn/T/avelune_ui06_wQUa6C/assets/ui10_actor.png
[runtime_loader] bundle tileset path id=forest path=/private/var/folders/b5/7gsfwzyd449_54n8l40h40gc0000gn/T/avelune_ui06_wQUa6C/assets/ui10_forest.png
[runtime_loader] bundle load ok mapId=jardin projectRoot=/private/var/folders/b5/7gsfwzyd449_54n8l40h40gc0000gn/T/avelune_ui06_wQUa6C tilesets=4
[runtime_game] tileset image load start map=jardin
[runtime_game] tileset cache resolve requested=4
[runtime_game] tileset cache resolve ok result=4
[runtime_game] onLoad start map=jardin projectFilePath=/private/var/folders/b5/7gsfwzyd449_54n8l40h40gc0000gn/T/avelune_ui06_wQUa6C/project.json tilesets=4
[runtime_game] world build start map=jardin
[runtime] Map loaded: jardin, spawn at (8, 9)
[runtime_game] tileset image load ok count=4 map=jardin
[runtime_game] mount root map start map=jardin
[step_studio_trace] npc_mount_added map=jardin entity=chief
[step_studio_trace] npc_mount_added map=jardin entity=traveller
[step_studio_trace] npc_presence_applied map=jardin entity=chief present=true
[step_studio_trace] npc_presence_applied map=jardin entity=traveller present=true
[runtime_game] mount root map ok map=jardin
[npc_patrol] read movement entity=chief pos=(13,7) size=1x1 mode=idle waypoints= loop=true pauseMs=0 stepMs=200
[npc_patrol] read movement entity=traveller pos=(10,9) size=1x1 mode=idle waypoints= loop=true pauseMs=0 stepMs=200
[runtime_game] onLoad completed activeMapId=jardin
[runtime_loader] bundle load start projectFilePath=/private/var/folders/b5/7gsfwzyd449_54n8l40h40gc0000gn/T/avelune_ui06_wQUa6C/project.json mapId=clairiere
[runtime_loader] project manifest lookup path=/private/var/folders/b5/7gsfwzyd449_54n8l40h40gc0000gn/T/avelune_ui06_wQUa6C/project.json
[runtime_loader] project manifest read ok bytes=17578
[runtime_loader] project manifest validated maps=2 tilesets=4 scenarios=1
[runtime_loader] bundle map resolved mapId=clairiere relativePath=maps/clairiere.json mapPath=/private/var/folders/b5/7gsfwzyd449_54n8l40h40gc0000gn/T/avelune_ui06_wQUa6C/maps/clairiere.json
[runtime_loader] map file lookup path=/private/var/folders/b5/7gsfwzyd449_54n8l40h40gc0000gn/T/avelune_ui06_wQUa6C/maps/clairiere.json
[runtime_loader] map file read ok bytes=16729
[runtime_loader] map validated id=clairiere size=24x16 layers=2 entities=1 placedElements=6 warps=0 triggers=0
[runtime_loader] bundle tilesets collected ids=grass,path,actor,forest
[runtime_loader] bundle tileset path id=grass path=/private/var/folders/b5/7gsfwzyd449_54n8l40h40gc0000gn/T/avelune_ui06_wQUa6C/assets/ui10_grass.png
[runtime_loader] bundle tileset path id=path path=/private/var/folders/b5/7gsfwzyd449_54n8l40h40gc0000gn/T/avelune_ui06_wQUa6C/assets/ui10_path.png
[runtime_loader] bundle tileset path id=actor path=/private/var/folders/b5/7gsfwzyd449_54n8l40h40gc0000gn/T/avelune_ui06_wQUa6C/assets/ui10_actor.png
[runtime_loader] bundle tileset path id=forest path=/private/var/folders/b5/7gsfwzyd449_54n8l40h40gc0000gn/T/avelune_ui06_wQUa6C/assets/ui10_forest.png
[runtime_loader] bundle load ok mapId=clairiere projectRoot=/private/var/folders/b5/7gsfwzyd449_54n8l40h40gc0000gn/T/avelune_ui06_wQUa6C tilesets=4
[step_studio_trace] npc_presence_applied map=jardin entity=chief present=true
[step_studio_trace] npc_presence_applied map=jardin entity=traveller present=true
[npc_patrol] read movement entity=chief pos=(13,7) size=1x1 mode=idle waypoints= loop=true pauseMs=0 stepMs=200
[npc_patrol] read movement entity=traveller pos=(10,9) size=1x1 mode=idle waypoints= loop=true pauseMs=0 stepMs=200
[step_studio_trace] npc_presence_applied map=jardin entity=chief present=true
[step_studio_trace] npc_presence_applied map=jardin entity=traveller present=true
[npc_patrol] read movement entity=chief pos=(13,7) size=1x1 mode=idle waypoints= loop=true pauseMs=0 stepMs=200
[npc_patrol] read movement entity=traveller pos=(10,9) size=1x1 mode=idle waypoints= loop=true pauseMs=0 stepMs=200
[event_v2] mapEnter activation=mapact_1790261764932002_1 map=jardin reason=initialBoot result=MapEnterProductionDispatchV2Handled
05:43 +521: /Users/karim/Project/pokemonProject/apps/avelune_studio/test/dialogues_ui09_safety_test.dart: undo commits pending focused edit then restores exactly once
05:43 +522: /Users/karim/Project/pokemonProject/apps/avelune_studio/test/cinematics_ui10_preview_runtime_parity_test.dart: preview matches real Flame actors camera shake fade at 32x32 reset=true
[runtime_loader] bundle load start projectFilePath=/private/var/folders/b5/7gsfwzyd449_54n8l40h40gc0000gn/T/avelune_ui06_2oyQkS/project.json mapId=jardin
[runtime_loader] project manifest lookup path=/private/var/folders/b5/7gsfwzyd449_54n8l40h40gc0000gn/T/avelune_ui06_2oyQkS/project.json
[runtime_loader] project manifest read ok bytes=17668
[runtime_loader] project manifest validated maps=2 tilesets=4 scenarios=1
[runtime_loader] bundle map resolved mapId=jardin relativePath=maps/jardin.json mapPath=/private/var/folders/b5/7gsfwzyd449_54n8l40h40gc0000gn/T/avelune_ui06_2oyQkS/maps/jardin.json
[runtime_loader] map file lookup path=/private/var/folders/b5/7gsfwzyd449_54n8l40h40gc0000gn/T/avelune_ui06_2oyQkS/maps/jardin.json
[runtime_loader] map file read ok bytes=18711
[runtime_loader] map validated id=jardin size=24x16 layers=2 entities=3 placedElements=6 warps=0 triggers=1
[runtime_loader] bundle tilesets collected ids=grass,path,actor,forest
[runtime_loader] bundle tileset path id=grass path=/private/var/folders/b5/7gsfwzyd449_54n8l40h40gc0000gn/T/avelune_ui06_2oyQkS/assets/ui10_grass.png
[runtime_loader] bundle tileset path id=path path=/private/var/folders/b5/7gsfwzyd449_54n8l40h40gc0000gn/T/avelune_ui06_2oyQkS/assets/ui10_path.png
[runtime_loader] bundle tileset path id=actor path=/private/var/folders/b5/7gsfwzyd449_54n8l40h40gc0000gn/T/avelune_ui06_2oyQkS/assets/ui10_actor.png
[runtime_loader] bundle tileset path id=forest path=/private/var/folders/b5/7gsfwzyd449_54n8l40h40gc0000gn/T/avelune_ui06_2oyQkS/assets/ui10_forest.png
[runtime_loader] bundle load ok mapId=jardin projectRoot=/private/var/folders/b5/7gsfwzyd449_54n8l40h40gc0000gn/T/avelune_ui06_2oyQkS tilesets=4
[runtime_game] tileset image load start map=jardin
[runtime_game] tileset cache resolve requested=4
[runtime_game] tileset cache resolve ok result=4
[runtime_game] onLoad start map=jardin projectFilePath=/private/var/folders/b5/7gsfwzyd449_54n8l40h40gc0000gn/T/avelune_ui06_2oyQkS/project.json tilesets=4
[runtime_game] world build start map=jardin
[runtime] Map loaded: jardin, spawn at (8, 9)
[runtime_game] tileset image load ok count=4 map=jardin
[runtime_game] mount root map start map=jardin
[step_studio_trace] npc_mount_added map=jardin entity=chief
[step_studio_trace] npc_mount_added map=jardin entity=traveller
[step_studio_trace] npc_presence_applied map=jardin entity=chief present=true
[step_studio_trace] npc_presence_applied map=jardin entity=traveller present=true
[runtime_game] mount root map ok map=jardin
[npc_patrol] read movement entity=chief pos=(13,7) size=1x1 mode=idle waypoints= loop=true pauseMs=0 stepMs=200
[npc_patrol] read movement entity=traveller pos=(10,9) size=1x1 mode=idle waypoints= loop=true pauseMs=0 stepMs=200
[runtime_game] onLoad completed activeMapId=jardin
[runtime_loader] bundle load start projectFilePath=/private/var/folders/b5/7gsfwzyd449_54n8l40h40gc0000gn/T/avelune_ui06_2oyQkS/project.json mapId=clairiere
[runtime_loader] project manifest lookup path=/private/var/folders/b5/7gsfwzyd449_54n8l40h40gc0000gn/T/avelune_ui06_2oyQkS/project.json
[runtime_loader] project manifest read ok bytes=17668
[runtime_loader] project manifest validated maps=2 tilesets=4 scenarios=1
[runtime_loader] bundle map resolved mapId=clairiere relativePath=maps/clairiere.json mapPath=/private/var/folders/b5/7gsfwzyd449_54n8l40h40gc0000gn/T/avelune_ui06_2oyQkS/maps/clairiere.json
[runtime_loader] map file lookup path=/private/var/folders/b5/7gsfwzyd449_54n8l40h40gc0000gn/T/avelune_ui06_2oyQkS/maps/clairiere.json
[runtime_loader] map file read ok bytes=16729
[runtime_loader] map validated id=clairiere size=24x16 layers=2 entities=1 placedElements=6 warps=0 triggers=0
[runtime_loader] bundle tilesets collected ids=grass,path,actor,forest
[runtime_loader] bundle tileset path id=grass path=/private/var/folders/b5/7gsfwzyd449_54n8l40h40gc0000gn/T/avelune_ui06_2oyQkS/assets/ui10_grass.png
[runtime_loader] bundle tileset path id=path path=/private/var/folders/b5/7gsfwzyd449_54n8l40h40gc0000gn/T/avelune_ui06_2oyQkS/assets/ui10_path.png
[runtime_loader] bundle tileset path id=actor path=/private/var/folders/b5/7gsfwzyd449_54n8l40h40gc0000gn/T/avelune_ui06_2oyQkS/assets/ui10_actor.png
[runtime_loader] bundle tileset path id=forest path=/private/var/folders/b5/7gsfwzyd449_54n8l40h40gc0000gn/T/avelune_ui06_2oyQkS/assets/ui10_forest.png
[runtime_loader] bundle load ok mapId=clairiere projectRoot=/private/var/folders/b5/7gsfwzyd449_54n8l40h40gc0000gn/T/avelune_ui06_2oyQkS tilesets=4
[step_studio_trace] npc_presence_applied map=jardin entity=chief present=true
[step_studio_trace] npc_presence_applied map=jardin entity=traveller present=true
[npc_patrol] read movement entity=chief pos=(13,7) size=1x1 mode=idle waypoints= loop=true pauseMs=0 stepMs=200
[npc_patrol] read movement entity=traveller pos=(10,9) size=1x1 mode=idle waypoints= loop=true pauseMs=0 stepMs=200
[step_studio_trace] npc_presence_applied map=jardin entity=chief present=true
[step_studio_trace] npc_presence_applied map=jardin entity=traveller present=true
[npc_patrol] read movement entity=chief pos=(13,7) size=1x1 mode=idle waypoints= loop=true pauseMs=0 stepMs=200
[npc_patrol] read movement entity=traveller pos=(10,9) size=1x1 mode=idle waypoints= loop=true pauseMs=0 stepMs=200
[event_v2] mapEnter activation=mapact_1790261766762834_1 map=jardin reason=initialBoot result=MapEnterProductionDispatchV2Handled
05:44 +523: /Users/karim/Project/pokemonProject/apps/avelune_studio/test/dialogues_ui09_safety_test.dart: wire replacement confirms and semantic edit cancels pending wire
05:45 +524: /Users/karim/Project/pokemonProject/apps/avelune_studio/test/dialogues_ui09_safety_test.dart: wire replacement confirms and semantic edit cancels pending wire
05:45 +525: /Users/karim/Project/pokemonProject/apps/avelune_studio/test/dialogues_ui09_safety_test.dart: wire replacement confirms and semantic edit cancels pending wire
05:45 +526: /Users/karim/Project/pokemonProject/apps/avelune_studio/test/dialogues_ui09_safety_test.dart: wire replacement confirms and semantic edit cancels pending wire
05:45 +527: /Users/karim/Project/pokemonProject/apps/avelune_studio/test/dialogues_ui09_safety_test.dart: wire replacement confirms and semantic edit cancels pending wire
05:45 +528: /Users/karim/Project/pokemonProject/apps/avelune_studio/test/dialogues_ui09_safety_test.dart: wire replacement confirms and semantic edit cancels pending wire
05:45 +529: /Users/karim/Project/pokemonProject/apps/avelune_studio/test/dialogues_ui09_safety_test.dart: wire replacement confirms and semantic edit cancels pending wire
05:45 +530: /Users/karim/Project/pokemonProject/apps/avelune_studio/test/dialogues_ui09_safety_test.dart: wire replacement confirms and semantic edit cancels pending wire
05:45 +531: /Users/karim/Project/pokemonProject/apps/avelune_studio/test/dialogues_ui09_safety_test.dart: wire replacement confirms and semantic edit cancels pending wire
05:46 +532: /Users/karim/Project/pokemonProject/apps/avelune_studio/test/events/event_rename_ui09_test.dart: UI09 metadata rename preserves activation=true through history and publication
05:47 +533: /Users/karim/Project/pokemonProject/apps/avelune_studio/test/events/event_catalog_ui08_test.dart: library performs no map scan, explicit preparation caches unchanged catalogue
05:47 +534: /Users/karim/Project/pokemonProject/apps/avelune_studio/test/events/event_rename_ui09_test.dart: UI09 metadata rename preserves activation=false through history and publication
05:47 +535: /Users/karim/Project/pokemonProject/apps/avelune_studio/test/events/event_catalog_ui08_test.dart: event consumed dependency blocks deleting its target
05:47 +536: /Users/karim/Project/pokemonProject/apps/avelune_studio/test/events/event_rename_ui09_test.dart: UI09 unchanged name is a true no-op and behavior edits still deactivate
05:48 +537: /Users/karim/Project/pokemonProject/apps/avelune_studio/test/events/event_sources_ui08_test.dart: four canonical sources publish exact identity and leave existing maps and scenes alone
05:49 +538: /Users/karim/Project/pokemonProject/apps/avelune_studio/test/events/event_sources_ui08_test.dart: four canonical sources publish exact identity and leave existing maps and scenes alone
05:49 +539: /Users/karim/Project/pokemonProject/apps/avelune_studio/test/events/event_sources_ui08_test.dart: four canonical sources publish exact identity and leave existing maps and scenes alone
05:49 +540: /Users/karim/Project/pokemonProject/apps/avelune_studio/test/events/event_recovery_ui08_test.dart: clean reconciliation invalidates obsolete undo; dirty external change stays editable
05:49 +541: /Users/karim/Project/pokemonProject/apps/avelune_studio/test/events/event_recovery_ui08_test.dart: clean reconciliation invalidates obsolete undo; dirty external change stays editable
05:49 +542: /Users/karim/Project/pokemonProject/apps/avelune_studio/test/events/event_sources_ui08_test.dart: unavailable outcome does not replace source and full key is retained
05:50 +543: /Users/karim/Project/pokemonProject/apps/avelune_studio/test/events/event_publication_ui08_test.dart: external event-only edit conflicts without losing scene or draft; reload is targeted
05:51 +544: /Users/karim/Project/pokemonProject/apps/avelune_studio/test/events/event_publication_ui08_test.dart: external event-only edit conflicts without losing scene or draft; reload is targeted
05:51 +545: /Users/karim/Project/pokemonProject/apps/avelune_studio/test/events/event_flush_ui08_test.dart: saveAll awaits focused edit before capturing publication snapshot
05:51 +546: /Users/karim/Project/pokemonProject/apps/avelune_studio/test/events/event_publication_ui08_test.dart: edit during write retains newer draft and second save publishes it
05:51 +547: /Users/karim/Project/pokemonProject/apps/avelune_studio/test/events/event_publication_ui08_test.dart: edit during write retains newer draft and second save publishes it
05:51 +548: /Users/karim/Project/pokemonProject/apps/avelune_studio/test/events/event_flush_ui08_test.dart: failed focused edit flush reports error without publishing other drafts
05:51 +549: /Users/karim/Project/pokemonProject/apps/avelune_studio/test/events/event_publication_ui08_test.dart: close during write never installs an obsolete receipt
05:51 +550: /Users/karim/Project/pokemonProject/apps/avelune_studio/test/events/event_publication_ui08_test.dart: unrelated fact publication survives targeted event save
05:52 +551: /Users/karim/Project/pokemonProject/apps/avelune_studio/test/events/event_publication_ui08_test.dart: registry mode change is explicit and refuses active author drafts
05:52 +552: /Users/karim/Project/pokemonProject/apps/avelune_studio/test/events/event_workspace_ui08_test.dart: draft creation save reopens without inventing scene or changing registry mode
05:53 +553: /Users/karim/Project/pokemonProject/apps/avelune_studio/test/events/event_workspace_ui08_test.dart: renaming activated record preserves activation and history restores name
05:53 +554: /Users/karim/Project/pokemonProject/apps/avelune_studio/test/events/event_workspace_ui08_test.dart: duplicate is distinct draft and deletion uses canonical confirmation
05:53 +555: /Users/karim/Project/pokemonProject/apps/avelune_studio/test/characters/dialogue_portrait_choice_test.dart: portrait names select canonical state without rewriting the line or speaker
05:54 +556: /Users/karim/Project/pokemonProject/apps/avelune_studio/test/characters/dialogue_portrait_choice_test.dart: portrait names select canonical state without rewriting the line or speaker
05:54 +557: /Users/karim/Project/pokemonProject/apps/avelune_studio/test/events/event_workspace_ui08_test.dart: canonical simulation handles disabled configured and consumed states without writes
05:54 +558: /Users/karim/Project/pokemonProject/apps/avelune_studio/test/characters/character_editing_test.dart: place, move, duplicate, properties, deletion and undo use map history
05:55 +559: /Users/karim/Project/pokemonProject/apps/avelune_studio/test/characters/character_editing_test.dart: changing one instance property preserves all advanced payloads
05:55 +560: /Users/karim/Project/pokemonProject/apps/avelune_studio/test/characters/character_editing_test.dart: out of bounds does not add a history entry
05:55 +561: /Users/karim/Project/pokemonProject/apps/avelune_studio/test/characters/character_editing_test.dart: story source references block deletion with the canonical index
05:55 +562: /Users/karim/Project/pokemonProject/apps/avelune_studio/test/characters/character_render_io_test.dart: dedicated Character Studio asset uses canonical pixel source and shared image budget
05:55 +563: /Users/karim/Project/pokemonProject/apps/avelune_studio/test/characters/character_render_io_test.dart: existing sprite pixels render on map and instance survives canonical save/reopen
05:55 +564: /Users/karim/Project/pokemonProject/apps/avelune_studio/test/characters/character_canvas_test.dart: selection distinguishes covered character and decor without moving either
05:55 +565: /Users/karim/Project/pokemonProject/apps/avelune_studio/test/characters/character_canvas_test.dart: canvas places, drags once, cancels and draws a bounded story zone
05:56 +566: /Users/karim/Project/pokemonProject/apps/avelune_studio/test/characters/character_widgets_test.dart: palette and inspector support real instance edits at enlarged text
05:57 +567: /Users/karim/Project/pokemonProject/apps/avelune_studio/test/characters/character_compact_workspace_test.dart: enlarged text keeps palette and character inspector reachable over the map
05:58 +568: /Users/karim/Project/pokemonProject/apps/avelune_studio/test/characters/character_compact_workspace_test.dart: enlarged text keeps palette and character inspector reachable over the map
05:58 +569: /Users/karim/Project/pokemonProject/apps/avelune_studio/test/characters/character_compact_workspace_test.dart: keyboard deletion guards pending stories and duplication keeps independent instances
05:59 +570: /Users/karim/Project/pokemonProject/apps/avelune_studio/test/ui11_presentation_responsive_test.dart: UI11 responsive 1536 portrait and compare
06:00 +571: /Users/karim/Project/pokemonProject/apps/avelune_studio/test/ui11_presentation_responsive_test.dart: UI11 responsive 1536 portrait and compare
06:00 +572: /Users/karim/Project/pokemonProject/apps/avelune_studio/test/ui11_presentation_responsive_test.dart: UI11 responsive 1536 portrait and compare
06:01 +573: /Users/karim/Project/pokemonProject/apps/avelune_studio/test/ui11_presentation_responsive_test.dart: UI11 responsive 1536 portrait and compare
06:01 +574: /Users/karim/Project/pokemonProject/apps/avelune_studio/test/ui11_presentation_responsive_test.dart: UI11 responsive 1536 portrait and compare
06:01 +575: /Users/karim/Project/pokemonProject/apps/avelune_studio/test/ui11_presentation_responsive_test.dart: UI11 responsive 1536 portrait and compare
06:01 +576: /Users/karim/Project/pokemonProject/apps/avelune_studio/test/ui11_presentation_responsive_test.dart: UI11 responsive 1536 portrait and compare
06:01 +577: /Users/karim/Project/pokemonProject/apps/avelune_studio/test/ui11_presentation_responsive_test.dart: UI11 responsive 1536 portrait and compare
06:01 +578: /Users/karim/Project/pokemonProject/apps/avelune_studio/test/ui11_presentation_responsive_test.dart: UI11 responsive 1536 portrait and compare
06:02 +579: /Users/karim/Project/pokemonProject/apps/avelune_studio/test/ui11_presentation_responsive_test.dart: UI11 responsive 1536 portrait and compare
06:02 +580: /Users/karim/Project/pokemonProject/apps/avelune_studio/test/ui11_presentation_responsive_test.dart: UI11 responsive 1536 portrait and compare
06:02 +581: /Users/karim/Project/pokemonProject/apps/avelune_studio/test/ui11_presentation_responsive_test.dart: UI11 responsive 1536 portrait and compare
06:02 +582: /Users/karim/Project/pokemonProject/apps/avelune_studio/test/ui11_presentation_responsive_test.dart: UI11 responsive 1536 portrait and compare
06:02 +583: /Users/karim/Project/pokemonProject/apps/avelune_studio/test/ui11_presentation_responsive_test.dart: UI11 responsive 1536 portrait and compare
06:02 +584: /Users/karim/Project/pokemonProject/apps/avelune_studio/test/ui11_presentation_responsive_test.dart: UI11 responsive 1536 portrait and compare
06:02 +585: /Users/karim/Project/pokemonProject/apps/avelune_studio/test/ui11_presentation_responsive_test.dart: UI11 responsive 1536 portrait and compare
06:02 +586: /Users/karim/Project/pokemonProject/apps/avelune_studio/test/ui11_presentation_responsive_test.dart: UI11 responsive 1536 portrait and compare
06:02 +587: /Users/karim/Project/pokemonProject/apps/avelune_studio/test/ui11_presentation_responsive_test.dart: UI11 responsive 1536 portrait and compare
06:02 +588: /Users/karim/Project/pokemonProject/apps/avelune_studio/test/ui11_presentation_responsive_test.dart: UI11 responsive 1536 portrait and compare
06:02 +589: /Users/karim/Project/pokemonProject/apps/avelune_studio/test/ui11_presentation_responsive_test.dart: UI11 responsive 1536 portrait and compare
06:02 +590: /Users/karim/Project/pokemonProject/apps/avelune_studio/test/ui11_presentation_responsive_test.dart: UI11 responsive 1536 portrait and compare
06:03 +590: /Users/karim/Project/pokemonProject/apps/avelune_studio/test/infrastructure/studio_large_atlas_test.dart: isolated Train building atlas renders a real decor without loading its 329 atlas catalogue
  Skip: AVELUNE_PROJECT_COPY non fourni
06:03 +590 ~1: /Users/karim/Project/pokemonProject/apps/avelune_studio/test/ui11_presentation_responsive_test.dart: UI11 responsive 1536 portrait and compare
06:04 +591 ~1: /Users/karim/Project/pokemonProject/apps/avelune_studio/test/ui11_presentation_responsive_test.dart: UI11 responsive 1536 portrait and compare
06:04 +592 ~1: /Users/karim/Project/pokemonProject/apps/avelune_studio/test/ui11_presentation_responsive_test.dart: UI11 responsive 1536 portrait and compare
06:04 +593 ~1: /Users/karim/Project/pokemonProject/apps/avelune_studio/test/ui11_presentation_responsive_test.dart: UI11 responsive 1536 portrait and compare
06:04 +594 ~1: /Users/karim/Project/pokemonProject/apps/avelune_studio/test/ui11_presentation_responsive_test.dart: UI11 responsive 1440 portrait and compare
06:05 +595 ~1: /Users/karim/Project/pokemonProject/apps/avelune_studio/test/ui11_presentation_responsive_test.dart: UI11 responsive 1440 portrait and compare
06:05 +596 ~1: /Users/karim/Project/pokemonProject/apps/avelune_studio/test/ui11_presentation_responsive_test.dart: UI11 responsive 1440 portrait and compare
06:05 +597 ~1: /Users/karim/Project/pokemonProject/apps/avelune_studio/test/ui11_presentation_responsive_test.dart: UI11 responsive 1440 portrait and compare
06:05 +598 ~1: /Users/karim/Project/pokemonProject/apps/avelune_studio/test/ui11_presentation_responsive_test.dart: UI11 responsive 1440 portrait and compare
06:05 +599 ~1: /Users/karim/Project/pokemonProject/apps/avelune_studio/test/ui11_presentation_responsive_test.dart: UI11 responsive 1440 portrait and compare
06:06 +600 ~1: /Users/karim/Project/pokemonProject/apps/avelune_studio/test/ui11_presentation_responsive_test.dart: UI11 responsive 1440 portrait and compare
06:06 +601 ~1: /Users/karim/Project/pokemonProject/apps/avelune_studio/test/ui11_presentation_responsive_test.dart: UI11 responsive 1440 portrait and compare
06:06 +602 ~1: /Users/karim/Project/pokemonProject/apps/avelune_studio/test/ui11_presentation_responsive_test.dart: UI11 responsive 1440 portrait and compare
06:06 +603 ~1: /Users/karim/Project/pokemonProject/apps/avelune_studio/test/ui11_presentation_responsive_test.dart: UI11 responsive 1440 portrait and compare
06:06 +604 ~1: /Users/karim/Project/pokemonProject/apps/avelune_studio/test/ui11_presentation_responsive_test.dart: UI11 responsive 1440 portrait and compare
06:06 +605 ~1: /Users/karim/Project/pokemonProject/apps/avelune_studio/test/ui11_presentation_responsive_test.dart: UI11 responsive 1440 portrait and compare
06:06 +606 ~1: /Users/karim/Project/pokemonProject/apps/avelune_studio/test/ui11_presentation_responsive_test.dart: UI11 responsive 1440 portrait and compare
06:06 +607 ~1: /Users/karim/Project/pokemonProject/apps/avelune_studio/test/ui11_presentation_responsive_test.dart: UI11 responsive 1440 portrait and compare
06:06 +608 ~1: /Users/karim/Project/pokemonProject/apps/avelune_studio/test/ui11_presentation_responsive_test.dart: UI11 responsive 1440 portrait and compare
06:06 +609 ~1: /Users/karim/Project/pokemonProject/apps/avelune_studio/test/ui11_presentation_responsive_test.dart: UI11 responsive 1440 portrait and compare
06:06 +610 ~1: /Users/karim/Project/pokemonProject/apps/avelune_studio/test/ui11_presentation_responsive_test.dart: UI11 responsive 1440 portrait and compare
06:06 +611 ~1: /Users/karim/Project/pokemonProject/apps/avelune_studio/test/ui11_presentation_responsive_test.dart: UI11 responsive 1440 portrait and compare
06:06 +612 ~1: /Users/karim/Project/pokemonProject/apps/avelune_studio/test/ui11_presentation_responsive_test.dart: UI11 responsive 1440 portrait and compare
06:06 +613 ~1: /Users/karim/Project/pokemonProject/apps/avelune_studio/test/ui11_presentation_responsive_test.dart: UI11 responsive 1440 portrait and compare
06:06 +614 ~1: /Users/karim/Project/pokemonProject/apps/avelune_studio/test/ui11_presentation_responsive_test.dart: UI11 responsive 1440 portrait and compare
06:06 +615 ~1: /Users/karim/Project/pokemonProject/apps/avelune_studio/test/ui11_presentation_responsive_test.dart: UI11 responsive 1440 portrait and compare
06:06 +616 ~1: /Users/karim/Project/pokemonProject/apps/avelune_studio/test/ui11_presentation_responsive_test.dart: UI11 responsive 1440 portrait and compare
06:07 +617 ~1: /Users/karim/Project/pokemonProject/apps/avelune_studio/test/ui11_presentation_responsive_test.dart: UI11 responsive 1440 portrait and compare
06:07 +618 ~1: /Users/karim/Project/pokemonProject/apps/avelune_studio/test/ui11_presentation_responsive_test.dart: UI11 responsive 1440 portrait and compare
06:07 +619 ~1: /Users/karim/Project/pokemonProject/apps/avelune_studio/test/ui11_presentation_responsive_test.dart: UI11 responsive 1440 portrait and compare
06:07 +620 ~1: /Users/karim/Project/pokemonProject/apps/avelune_studio/test/infrastructure/studio_playtest_test.dart: revision conflict refuses runtime before file bundle load
06:08 +621 ~1: /Users/karim/Project/pokemonProject/apps/avelune_studio/test/ui11_presentation_responsive_test.dart: UI11 responsive 1280 portrait and compare
06:08 +621 ~1: /Users/karim/Project/pokemonProject/apps/avelune_studio/test/infrastructure/studio_playtest_test.dart: saved example mounts real runtime, walks, and returns
[runtime_loader] bundle load start projectFilePath=/private/var/folders/b5/7gsfwzyd449_54n8l40h40gc0000gn/T/studio_playtest_5yW2EA/project.json mapId=jardin
[runtime_loader] project manifest lookup path=/private/var/folders/b5/7gsfwzyd449_54n8l40h40gc0000gn/T/studio_playtest_5yW2EA/project.json
[runtime_loader] project manifest read ok bytes=8480
[runtime_loader] project manifest validated maps=2 tilesets=1 scenarios=0
[runtime_loader] bundle map resolved mapId=jardin relativePath=maps/jardin.json mapPath=/private/var/folders/b5/7gsfwzyd449_54n8l40h40gc0000gn/T/studio_playtest_5yW2EA/maps/jardin.json
[runtime_loader] map file lookup path=/private/var/folders/b5/7gsfwzyd449_54n8l40h40gc0000gn/T/studio_playtest_5yW2EA/maps/jardin.json
[runtime_loader] map file read ok bytes=17182
[runtime_loader] map validated id=jardin size=24x16 layers=3 entities=1 placedElements=3 warps=0 triggers=0
[runtime_loader] bundle tilesets collected ids=atelier
[runtime_loader] bundle tileset path id=atelier path=/private/var/folders/b5/7gsfwzyd449_54n8l40h40gc0000gn/T/studio_playtest_5yW2EA/assets/atelier.png
[runtime_loader] bundle load ok mapId=jardin projectRoot=/private/var/folders/b5/7gsfwzyd449_54n8l40h40gc0000gn/T/studio_playtest_5yW2EA tilesets=1
[runtime_game] tileset image load start map=jardin
[runtime_game] tileset cache resolve requested=1
[runtime_game] tileset cache resolve ok result=1
[runtime_game] onLoad start map=jardin projectFilePath=/private/var/folders/b5/7gsfwzyd449_54n8l40h40gc0000gn/T/studio_playtest_5yW2EA/project.json tilesets=1
[runtime_game] world build start map=jardin
[runtime] Map loaded: jardin, spawn at (8, 9)
[runtime_game] tileset image load ok count=1 map=jardin
[runtime_game] mount root map start map=jardin
[runtime_game] mount root map ok map=jardin
[runtime_game] onLoad completed activeMapId=jardin
[event_v2] mapEnter activation=mapact_1790261791291654_1 map=jardin reason=initialBoot result=MapEnterProductionDispatchLegacyFallback
06:09 +622 ~1: /Users/karim/Project/pokemonProject/apps/avelune_studio/test/ui11_presentation_responsive_test.dart: UI11 responsive 1280 portrait and compare
06:10 +623 ~1: /Users/karim/Project/pokemonProject/apps/avelune_studio/test/ui11_presentation_responsive_test.dart: UI11 responsive 1280 portrait and compare
06:11 +624 ~1: /Users/karim/Project/pokemonProject/apps/avelune_studio/test/ui11_presentation_responsive_test.dart: UI11 responsive 1024 portrait and compare
06:11 +625 ~1: /Users/karim/Project/pokemonProject/apps/avelune_studio/test/ui11_presentation_responsive_test.dart: UI11 responsive 1024 portrait and compare
06:11 +626 ~1: /Users/karim/Project/pokemonProject/apps/avelune_studio/test/ui11_presentation_responsive_test.dart: UI11 responsive 1024 portrait and compare
06:11 +627 ~1: /Users/karim/Project/pokemonProject/apps/avelune_studio/test/ui11_presentation_responsive_test.dart: UI11 responsive 1024 portrait and compare
06:12 +628 ~1: /Users/karim/Project/pokemonProject/apps/avelune_studio/test/ui11_presentation_responsive_test.dart: UI11 responsive 1024 portrait and compare
06:12 +629 ~1: /Users/karim/Project/pokemonProject/apps/avelune_studio/test/ui11_presentation_responsive_test.dart: UI11 responsive 1024 portrait and compare
06:12 +630 ~1: /Users/karim/Project/pokemonProject/apps/avelune_studio/test/ui11_presentation_responsive_test.dart: UI11 responsive 1024 portrait and compare
06:12 +631 ~1: /Users/karim/Project/pokemonProject/apps/avelune_studio/test/ui11_presentation_responsive_test.dart: UI11 responsive 1024 portrait and compare
06:13 +632 ~1: /Users/karim/Project/pokemonProject/apps/avelune_studio/test/ui11_presentation_responsive_test.dart: UI11 responsive 1024 portrait and compare
06:14 +633 ~1: /Users/karim/Project/pokemonProject/apps/avelune_studio/test/cinematics_ui10_timeline_gesture_test.dart: UI10 timeline drag reorders and duration handle commits once with undo redo
06:19 +633 ~1: /Users/karim/Project/pokemonProject/apps/avelune_studio/test/ui06_scene_construction_test.dart: build both branches through palette, properties and wires then publish and reopen
UI06 construction: 8 blocs et 7 fils construits, publication
UI06 construction: publication terminée, relecture indépendante
06:19 +634 ~1: /Users/karim/Project/pokemonProject/apps/avelune_studio/test/cinematics_ui10_timeline_gesture_test.dart: UI10 timeline drag reorders and duration handle commits once with undo redo
06:20 +635 ~1: /Users/karim/Project/pokemonProject/apps/avelune_studio/test/ui11_presentation_busy_test.dart: UI11 a slow creation shows progress and blocks a second start
06:21 +636 ~1: /Users/karim/Project/pokemonProject/apps/avelune_studio/test/ui11_presentation_busy_test.dart: UI11 a slow creation shows progress and blocks a second start
06:24 +637 ~1: /Users/karim/Project/pokemonProject/apps/avelune_studio/test/ui11_presentation_busy_test.dart: UI11 a slow creation shows progress and blocks a second start
06:25 +638 ~1: /Users/karim/Project/pokemonProject/apps/avelune_studio/test/ui12_world_close_test.dart: invalid rule input blocks global save until corrected
06:31 +639 ~1: /Users/karim/Project/pokemonProject/apps/avelune_studio/test/dialogues_ui09_visual_test.dart: UI09 early real widget capture and compact layout
06:31 +640 ~1: /Users/karim/Project/pokemonProject/apps/avelune_studio/test/ui12_world_close_test.dart: an incomplete rule is never silently dropped
06:33 +641 ~1: /Users/karim/Project/pokemonProject/apps/avelune_studio/test/ui12_world_navigation_test.dart: Histoire opens the states and rules page and comes back
06:34 +642 ~1: /Users/karim/Project/pokemonProject/apps/avelune_studio/test/ui12_world_navigation_test.dart: Histoire opens the states and rules page and comes back
06:34 +643 ~1: loading /Users/karim/Project/pokemonProject/apps/avelune_studio/test/presentation/ui08_event_focus_test.dart
06:35 +643 ~1: /Users/karim/Project/pokemonProject/apps/avelune_studio/test/presentation/ui08_event_focus_test.dart: UI08 focused name commits original owner on selection save and undo
06:36 +644 ~1: /Users/karim/Project/pokemonProject/apps/avelune_studio/test/presentation/ui08_event_focus_test.dart: UI08 focused name commits original owner on selection save and undo
06:38 +645 ~1: /Users/karim/Project/pokemonProject/apps/avelune_studio/test/presentation/ui08_event_focus_test.dart: UI08 focused name commits original owner on selection save and undo
06:38 +646 ~1: /Users/karim/Project/pokemonProject/apps/avelune_studio/test/presentation/ui08_event_focus_test.dart: UI08 focused name commits original owner on selection save and undo
06:38 +647 ~1: /Users/karim/Project/pokemonProject/apps/avelune_studio/test/presentation/ui08_event_focus_test.dart: UI08 focused name commits original owner on selection save and undo
06:39 +648 ~1: /Users/karim/Project/pokemonProject/apps/avelune_studio/test/presentation/ui08_event_focus_test.dart: UI08 focused name commits original owner on selection save and undo
06:39 +649 ~1: /Users/karim/Project/pokemonProject/apps/avelune_studio/test/presentation/ui08_event_focus_test.dart: UI08 focused name commits original owner on selection save and undo
06:39 +650 ~1: /Users/karim/Project/pokemonProject/apps/avelune_studio/test/presentation/ui08_event_focus_test.dart: UI08 focused name commits original owner on selection save and undo
06:39 +651 ~1: /Users/karim/Project/pokemonProject/apps/avelune_studio/test/presentation/ui08_event_focus_test.dart: UI08 focused name commits original owner on selection save and undo
06:39 +652 ~1: /Users/karim/Project/pokemonProject/apps/avelune_studio/test/presentation/ui08_event_focus_test.dart: UI08 focused name commits original owner on selection save and undo
06:39 +653 ~1: /Users/karim/Project/pokemonProject/apps/avelune_studio/test/presentation/ui08_event_focus_test.dart: UI08 focused name commits original owner on selection save and undo
06:40 +654 ~1: /Users/karim/Project/pokemonProject/apps/avelune_studio/test/presentation/ui08_event_focus_test.dart: UI08 focused name commits original owner on selection save and undo
06:40 +655 ~1: /Users/karim/Project/pokemonProject/apps/avelune_studio/test/presentation/ui08_event_focus_test.dart: UI08 focused name commits original owner on selection save and undo
06:42 +656 ~1: /Users/karim/Project/pokemonProject/apps/avelune_studio/test/presentation/ui08_event_focus_test.dart: UI08 focused name commits original owner on selection save and undo
06:42 +657 ~1: /Users/karim/Project/pokemonProject/apps/avelune_studio/test/presentation/ui08_event_focus_test.dart: UI08 focused name commits original owner on selection save and undo
06:42 +658 ~1: /Users/karim/Project/pokemonProject/apps/avelune_studio/test/presentation/ui08_event_focus_test.dart: UI08 focused name commits original owner on selection save and undo
06:43 +659 ~1: /Users/karim/Project/pokemonProject/apps/avelune_studio/test/presentation/ui04_terrain_journey_test.dart: UI04 source rules trial publication and map preserve the current session
06:48 +660 ~1: /Users/karim/Project/pokemonProject/apps/avelune_studio/test/presentation/ui04_terrain_journey_test.dart: UI04 source rules trial publication and map preserve the current session
06:55 +661 ~1: /Users/karim/Project/pokemonProject/apps/avelune_studio/test/presentation/ui04_terrain_journey_test.dart: UI04 source rules trial publication and map preserve the current session
06:56 +662 ~1: /Users/karim/Project/pokemonProject/apps/avelune_studio/test/presentation/ui03_resource_journey_test.dart: UI03 real previews selection search return and compact detail
06:58 +663 ~1: /Users/karim/Project/pokemonProject/apps/avelune_studio/test/presentation/ui03_resource_journey_test.dart: UI03 real previews selection search return and compact detail
06:58 +664 ~1: /Users/karim/Project/pokemonProject/apps/avelune_studio/test/presentation/ui03_resource_journey_test.dart: UI03 real previews selection search return and compact detail
06:58 +665 ~1: /Users/karim/Project/pokemonProject/apps/avelune_studio/test/presentation/ui03_resource_journey_test.dart: UI03 real previews selection search return and compact detail
07:00 +666 ~1: /Users/karim/Project/pokemonProject/apps/avelune_studio/test/presentation/ui03_resource_journey_test.dart: UI03 real previews selection search return and compact detail
07:00 +667 ~1: /Users/karim/Project/pokemonProject/apps/avelune_studio/test/presentation/ui03_resource_journey_test.dart: UI03 real previews selection search return and compact detail
07:00 +668 ~1: /Users/karim/Project/pokemonProject/apps/avelune_studio/test/presentation/ui03_resource_journey_test.dart: UI03 real previews selection search return and compact detail
07:00 +669 ~1: /Users/karim/Project/pokemonProject/apps/avelune_studio/test/presentation/ui03_resource_journey_test.dart: UI03 real previews selection search return and compact detail
07:05 +670 ~1: /Users/karim/Project/pokemonProject/apps/avelune_studio/test/presentation/ui03_resource_journey_test.dart: UI03 real previews selection search return and compact detail
07:06 +671 ~1: /Users/karim/Project/pokemonProject/apps/avelune_studio/test/presentation/ui03_resource_journey_test.dart: UI03 real previews selection search return and compact detail
07:06 +672 ~1: /Users/karim/Project/pokemonProject/apps/avelune_studio/test/presentation/ui03_resource_journey_test.dart: UI03 real previews selection search return and compact detail
07:06 +673 ~1: /Users/karim/Project/pokemonProject/apps/avelune_studio/test/presentation/ui03_resource_journey_test.dart: UI03 real previews selection search return and compact detail
07:06 +674 ~1: /Users/karim/Project/pokemonProject/apps/avelune_studio/test/presentation/ui03_resource_journey_test.dart: UI03 real previews selection search return and compact detail
07:06 +675 ~1: /Users/karim/Project/pokemonProject/apps/avelune_studio/test/presentation/ui03_resource_journey_test.dart: UI03 real previews selection search return and compact detail
07:09 +676 ~1: /Users/karim/Project/pokemonProject/apps/avelune_studio/test/presentation/ui02_map_journey_test.dart: UI02 real map, overlap, shared home and responsive viewport
07:11 +677 ~1: /Users/karim/Project/pokemonProject/apps/avelune_studio/test/presentation/ui02_map_journey_test.dart: UI02 real map, overlap, shared home and responsive viewport
07:12 +678 ~1: /Users/karim/Project/pokemonProject/apps/avelune_studio/test/presentation/ui02_map_journey_test.dart: UI02 real map, overlap, shared home and responsive viewport
07:13 +679 ~1: /Users/karim/Project/pokemonProject/apps/avelune_studio/test/presentation/ui02_map_journey_test.dart: UI02 real map, overlap, shared home and responsive viewport
07:19 +680 ~1: /Users/karim/Project/pokemonProject/apps/avelune_studio/test/presentation/ui02_map_journey_test.dart: UI02 real map, overlap, shared home and responsive viewport
07:20 +681 ~1: /Users/karim/Project/pokemonProject/apps/avelune_studio/test/presentation/ui05_narrative_overview_links_test.dart: scene draft remains with its owner after returning to overview
07:22 +682 ~1: /Users/karim/Project/pokemonProject/apps/avelune_studio/test/presentation/ui05_narrative_overview_links_test.dart: scene draft remains with its owner after returning to overview
07:23 +683 ~1: /Users/karim/Project/pokemonProject/apps/avelune_studio/test/presentation/desktop_workspace_layout_test.dart: real stress workspace stays usable across desktop sizes and diagnostics
07:26 +684 ~1: /Users/karim/Project/pokemonProject/apps/avelune_studio/test/presentation/desktop_workspace_layout_test.dart: real stress workspace stays usable across desktop sizes and diagnostics
07:27 +685 ~1: /Users/karim/Project/pokemonProject/apps/avelune_studio/test/presentation/desktop_workspace_layout_test.dart: real stress workspace stays usable across desktop sizes and diagnostics
07:30 +686 ~1: /Users/karim/Project/pokemonProject/apps/avelune_studio/test/presentation/desktop_workspace_layout_test.dart: real stress workspace stays usable across desktop sizes and diagnostics
07:30 +687 ~1: /Users/karim/Project/pokemonProject/apps/avelune_studio/test/presentation/desktop_workspace_layout_test.dart: real stress workspace stays usable across desktop sizes and diagnostics
07:30 +688 ~1: /Users/karim/Project/pokemonProject/apps/avelune_studio/test/presentation/desktop_workspace_layout_test.dart: real stress workspace stays usable across desktop sizes and diagnostics
07:31 +689 ~1: /Users/karim/Project/pokemonProject/apps/avelune_studio/test/presentation/desktop_workspace_layout_test.dart: real stress workspace stays usable across desktop sizes and diagnostics
07:31 +690 ~1: /Users/karim/Project/pokemonProject/apps/avelune_studio/test/presentation/desktop_workspace_layout_test.dart: real stress workspace stays usable across desktop sizes and diagnostics
07:31 +691 ~1: /Users/karim/Project/pokemonProject/apps/avelune_studio/test/presentation/desktop_workspace_layout_test.dart: real stress workspace stays usable across desktop sizes and diagnostics
07:31 +692 ~1: /Users/karim/Project/pokemonProject/apps/avelune_studio/test/presentation/desktop_workspace_layout_test.dart: real stress workspace stays usable across desktop sizes and diagnostics
07:31 +693 ~1: /Users/karim/Project/pokemonProject/apps/avelune_studio/test/presentation/desktop_workspace_layout_test.dart: real stress workspace stays usable across desktop sizes and diagnostics
07:33 +694 ~1: /Users/karim/Project/pokemonProject/apps/avelune_studio/test/presentation/desktop_workspace_layout_test.dart: real stress workspace stays usable across desktop sizes and diagnostics
07:33 +695 ~1: /Users/karim/Project/pokemonProject/apps/avelune_studio/test/presentation/desktop_workspace_layout_test.dart: real stress workspace stays usable across desktop sizes and diagnostics
07:40 +696 ~1: /Users/karim/Project/pokemonProject/apps/avelune_studio/test/presentation/desktop_workspace_layout_test.dart: real stress workspace stays usable across desktop sizes and diagnostics
07:46 +697 ~1: /Users/karim/Project/pokemonProject/apps/avelune_studio/test/presentation/desktop_workspace_layout_test.dart: real stress workspace stays usable across desktop sizes and diagnostics
07:47 +698 ~1: /Users/karim/Project/pokemonProject/apps/avelune_studio/test/presentation/map_workspace_journey_test.dart: preparing runtime blocks input and refuses a changed active document
07:47 +698 ~2: /Users/karim/Project/pokemonProject/apps/avelune_studio/test/presentation/map_workspace_journey_test.dart: preparing runtime blocks input and refuses a changed active document
07:48 +699 ~2: /Users/karim/Project/pokemonProject/apps/avelune_studio/test/presentation/map_workspace_journey_test.dart: place move stack undo redo save and runtime return preserve document
07:48 +700 ~2: /Users/karim/Project/pokemonProject/apps/avelune_studio/test/presentation/map_workspace_journey_test.dart: place move stack undo redo save and runtime return preserve document
07:49 +701 ~2: /Users/karim/Project/pokemonProject/apps/avelune_studio/test/presentation/map_workspace_journey_test.dart: place move stack undo redo save and runtime return preserve document
07:49 +702 ~2: /Users/karim/Project/pokemonProject/apps/avelune_studio/test/presentation/map_workspace_journey_test.dart: place move stack undo redo save and runtime return preserve document
07:49 +703 ~2: /Users/karim/Project/pokemonProject/apps/avelune_studio/test/presentation/map_workspace_journey_test.dart: place move stack undo redo save and runtime return preserve document
07:49 +704 ~2: /Users/karim/Project/pokemonProject/apps/avelune_studio/test/presentation/map_workspace_journey_test.dart: place move stack undo redo save and runtime return preserve document
07:49 +705 ~2: /Users/karim/Project/pokemonProject/apps/avelune_studio/test/presentation/map_workspace_journey_test.dart: place move stack undo redo save and runtime return preserve document
07:49 +706 ~2: /Users/karim/Project/pokemonProject/apps/avelune_studio/test/presentation/studio_design_system_test.dart: clearing a search resets the query and notifies its consumer
07:49 +707 ~2: /Users/karim/Project/pokemonProject/apps/avelune_studio/test/presentation/map_workspace_journey_test.dart: dirty close offers cancel discard save and save conflict prevents runtime
07:49 +708 ~2: /Users/karim/Project/pokemonProject/apps/avelune_studio/test/presentation/map_workspace_journey_test.dart: dirty close offers cancel discard save and save conflict prevents runtime
07:49 +709 ~2: /Users/karim/Project/pokemonProject/apps/avelune_studio/test/presentation/map_workspace_journey_test.dart: dirty close offers cancel discard save and save conflict prevents runtime
07:50 +710 ~2: /Users/karim/Project/pokemonProject/apps/avelune_studio/test/presentation/map_workspace_journey_test.dart: dirty close offers cancel discard save and save conflict prevents runtime
07:50 +711 ~2: /Users/karim/Project/pokemonProject/apps/avelune_studio/test/presentation/map_workspace_journey_test.dart: dirty close offers cancel discard save and save conflict prevents runtime
07:50 +712 ~2: /Users/karim/Project/pokemonProject/apps/avelune_studio/test/presentation/map_workspace_journey_test.dart: paint gesture is one history step and text input does not delete selection
07:50 +713 ~2: /Users/karim/Project/pokemonProject/apps/avelune_studio/test/presentation/map_workspace_journey_test.dart: failed navigation keeps visible and saved target; warm navigation preserves zoom
07:50 +714 ~2: /Users/karim/Project/pokemonProject/apps/avelune_studio/test/presentation/map_workspace_journey_test.dart: failed navigation keeps visible and saved target; warm navigation preserves zoom
07:50 +715 ~2: /Users/karim/Project/pokemonProject/apps/avelune_studio/test/presentation/map_workspace_journey_test.dart: failed navigation keeps visible and saved target; warm navigation preserves zoom
07:50 +716 ~2: /Users/karim/Project/pokemonProject/apps/avelune_studio/test/presentation/map_workspace_journey_test.dart: failed navigation keeps visible and saved target; warm navigation preserves zoom
07:50 +717 ~2: /Users/karim/Project/pokemonProject/apps/avelune_studio/test/presentation/map_workspace_journey_test.dart: failed navigation keeps visible and saved target; warm navigation preserves zoom
07:50 +718 ~2: /Users/karim/Project/pokemonProject/apps/avelune_studio/test/presentation/map_workspace_journey_test.dart: failed navigation keeps visible and saved target; warm navigation preserves zoom
07:50 +719 ~2: /Users/karim/Project/pokemonProject/apps/avelune_studio/test/presentation/map_workspace_journey_test.dart: failed navigation keeps visible and saved target; warm navigation preserves zoom
07:50 +720 ~2: /Users/karim/Project/pokemonProject/apps/avelune_studio/test/presentation/map_workspace_journey_test.dart: failed navigation keeps visible and saved target; warm navigation preserves zoom
07:51 +721 ~2: /Users/karim/Project/pokemonProject/apps/avelune_studio/test/presentation/map_workspace_journey_test.dart: eraser reaches visible ground beneath an empty decor support
07:51 +722 ~2: /Users/karim/Project/pokemonProject/apps/avelune_studio/test/presentation/ui08_event_playtest_test.dart: published event opens runtime using revalidated map and returns
07:52 +723 ~2: /Users/karim/Project/pokemonProject/apps/avelune_studio/test/presentation/ui11_scene_presentation_binding_test.dart: typed linked callbacks retain scene draft, selection and viewport
07:53 +724 ~2: /Users/karim/Project/pokemonProject/apps/avelune_studio/test/presentation/ui11_scene_presentation_binding_test.dart: typed linked callbacks retain scene draft, selection and viewport
07:53 +725 ~2: /Users/karim/Project/pokemonProject/apps/avelune_studio/test/presentation/ui08_event_playtest_test.dart: published disabled event refuses runtime launch
07:53 +726 ~2: /Users/karim/Project/pokemonProject/apps/avelune_studio/test/presentation/ui11_scene_presentation_binding_test.dart: presentation preview resolves current draft and does not revive a deleted source
07:53 +727 ~2: /Users/karim/Project/pokemonProject/apps/avelune_studio/test/presentation/ui08_event_playtest_test.dart: published draft refuses runtime launch
07:53 +728 ~2: /Users/karim/Project/pokemonProject/apps/avelune_studio/test/presentation/ui08_event_playtest_test.dart: launch refuses selection changing during asynchronous read
07:53 +729 ~2: /Users/karim/Project/pokemonProject/apps/avelune_studio/test/presentation/ui08_event_playtest_test.dart: launch refuses record changing during asynchronous read
07:54 +730 ~2: /Users/karim/Project/pokemonProject/apps/avelune_studio/test/presentation/ui08_event_playtest_test.dart: launch refuses map changing during asynchronous read
07:54 +731 ~2: /Users/karim/Project/pokemonProject/apps/avelune_studio/test/presentation/m3_authoring_journey_test.dart: author edits choices conditions and story, publishes and reopens
07:54 +732 ~2: /Users/karim/Project/pokemonProject/apps/avelune_studio/test/presentation/m3_authoring_journey_test.dart: author edits choices conditions and story, publishes and reopens
07:54 +733 ~2: /Users/karim/Project/pokemonProject/apps/avelune_studio/test/presentation/m3_authoring_journey_test.dart: author edits choices conditions and story, publishes and reopens
08:01 +734 ~2: /Users/karim/Project/pokemonProject/apps/avelune_studio/test/presentation/m3_authoring_journey_test.dart: author edits choices conditions and story, publishes and reopens
08:02 +735 ~2: /Users/karim/Project/pokemonProject/apps/avelune_studio/test/presentation/ui07_story_selection_test.dart: UI07 rapid selection commits only original target and removed target remains unavailable
08:05 +736 ~2: /Users/karim/Project/pokemonProject/apps/avelune_studio/test/presentation/ui06_scene_navigation_test.dart: UI06 advanced interaction opens exact scene and draft survives navigation and refused close
08:07 +737 ~2: /Users/karim/Project/pokemonProject/apps/avelune_studio/test/presentation/ui07_story_selection_test.dart: UI07 homonym story IDs and filtering retain the exact active dirty document
08:08 +738 ~2: /Users/karim/Project/pokemonProject/apps/avelune_studio/test/presentation/ui07_story_selection_test.dart: UI07 coherence reveals the actual missing reference from structure without publishing
08:09 +739 ~2: /Users/karim/Project/pokemonProject/apps/avelune_studio/test/presentation/m2_end_to_end_test.dart: real import decor terrain save reload and runtime journey
08:11 +740 ~2: /Users/karim/Project/pokemonProject/apps/avelune_studio/test/presentation/m2_end_to_end_test.dart: real import decor terrain save reload and runtime journey
[runtime_loader] bundle load start projectFilePath=/private/var/folders/b5/7gsfwzyd449_54n8l40h40gc0000gn/T/avelune_m2_ui_tsz7gk/project.json mapId=jardin
[runtime_loader] project manifest lookup path=/private/var/folders/b5/7gsfwzyd449_54n8l40h40gc0000gn/T/avelune_m2_ui_tsz7gk/project.json
[runtime_loader] project manifest read ok bytes=45393
[runtime_loader] project manifest validated maps=2 tilesets=2 scenarios=0
[runtime_loader] bundle map resolved mapId=jardin relativePath=maps/jardin.json mapPath=/private/var/folders/b5/7gsfwzyd449_54n8l40h40gc0000gn/T/avelune_m2_ui_tsz7gk/maps/jardin.json
[runtime_loader] map file lookup path=/private/var/folders/b5/7gsfwzyd449_54n8l40h40gc0000gn/T/avelune_m2_ui_tsz7gk/maps/jardin.json
[runtime_loader] map file read ok bytes=23842
[runtime_loader] map validated id=jardin size=24x16 layers=4 entities=1 placedElements=6 warps=0 triggers=0
[runtime_loader] bundle tilesets collected ids=atelier,source_1790261913741892_265759006
[runtime_loader] bundle tileset path id=atelier path=/private/var/folders/b5/7gsfwzyd449_54n8l40h40gc0000gn/T/avelune_m2_ui_tsz7gk/assets/atelier.png
[runtime_loader] bundle tileset path id=source_1790261913741892_265759006 path=/private/var/folders/b5/7gsfwzyd449_54n8l40h40gc0000gn/T/avelune_m2_ui_tsz7gk/assets/.pokemap-store/410a5c9667c98ac02aab06b022caa817b619b07228972c838d3c023576cff8a8.blob
[runtime_loader] bundle load ok mapId=jardin projectRoot=/private/var/folders/b5/7gsfwzyd449_54n8l40h40gc0000gn/T/avelune_m2_ui_tsz7gk tilesets=2
[runtime_game] tileset image load start map=jardin
[runtime_game] tileset cache resolve requested=2
[runtime_game] tileset cache resolve ok result=2
[runtime_game] onLoad start map=jardin projectFilePath=/private/var/folders/b5/7gsfwzyd449_54n8l40h40gc0000gn/T/avelune_m2_ui_tsz7gk/project.json tilesets=2
[runtime_game] world build start map=jardin
[runtime] Map loaded: jardin, spawn at (8, 9)
[runtime_game] tileset image load ok count=2 map=jardin
[runtime_game] mount root map start map=jardin
[runtime_game] mount root map ok map=jardin
[runtime_game] onLoad completed activeMapId=jardin
[event_v2] mapEnter activation=mapact_1790261923434638_1 map=jardin reason=initialBoot result=MapEnterProductionDispatchLegacyFallback
08:24 +741 ~2: /Users/karim/Project/pokemonProject/apps/avelune_studio/test/presentation/ui08_event_journey_test.dart: UI08 complete source conditions scene publication simulation and returns
08:24 +742 ~2: /Users/karim/Project/pokemonProject/apps/avelune_studio/test/presentation/m2_end_to_end_test.dart: large resource library remains usable at narrow enlarged text
08:26 +743 ~2: /Users/karim/Project/pokemonProject/apps/avelune_studio/test/presentation/studio_gallery_test.dart: gallery controls resources and tokens remain usable: desktop
08:26 +744 ~2: /Users/karim/Project/pokemonProject/apps/avelune_studio/test/presentation/studio_gallery_test.dart: gallery controls resources and tokens remain usable: compact-large-text
08:27 +745 ~2: /Users/karim/Project/pokemonProject/apps/avelune_studio/test/presentation/ui02_palette_test.dart: lazy decor grid retains scroll and activates actual brush
08:28 +746 ~2: /Users/karim/Project/pokemonProject/apps/avelune_studio/test/presentation/brush_retention_transition_test.dart: tool integration retains one brush with hidden palette and small budget
08:28 +747 ~2: /Users/karim/Project/pokemonProject/apps/avelune_studio/test/presentation/brush_retention_transition_test.dart: tool integration retains one brush with hidden palette and small budget
08:29 +748 ~2: /Users/karim/Project/pokemonProject/apps/avelune_studio/test/presentation/brush_retention_transition_test.dart: tool integration retains one brush with hidden palette and small budget
08:29 +749 ~2: /Users/karim/Project/pokemonProject/apps/avelune_studio/test/presentation/brush_retention_transition_test.dart: tool integration retains one brush with hidden palette and small budget
08:31 +750 ~2: /Users/karim/Project/pokemonProject/apps/avelune_studio/test/presentation/brush_retention_transition_test.dart: tool integration retains one brush with hidden palette and small budget
08:31 +751 ~2: /Users/karim/Project/pokemonProject/apps/avelune_studio/test/presentation/brush_retention_transition_test.dart: tool integration retains one brush with hidden palette and small budget
08:31 +752 ~2: /Users/karim/Project/pokemonProject/apps/avelune_studio/test/presentation/brush_retention_transition_test.dart: tool integration retains one brush with hidden palette and small budget
08:34 +753 ~2: /Users/karim/Project/pokemonProject/apps/avelune_studio/test/presentation/ui05_narrative_overview_collection_test.dart: large story collections keep the overview bounded and searchable
08:35 +754 ~2: /Users/karim/Project/pokemonProject/apps/avelune_studio/test/presentation/ui05_narrative_overview_collection_test.dart: large story collections keep the overview bounded and searchable
08:35 +755 ~2: /Users/karim/Project/pokemonProject/apps/avelune_studio/test/presentation/ui05_narrative_overview_collection_test.dart: large story collections keep the overview bounded and searchable
08:36 +756 ~2: /Users/karim/Project/pokemonProject/apps/avelune_studio/test/presentation/ui06_scene_action_form_test.dart: unsupported payload is retained until explicit replacement
08:36 +757 ~2: /Users/karim/Project/pokemonProject/apps/avelune_studio/test/presentation/ui05_narrative_overview_collection_test.dart: filter leaves a neutral detail until a visible story is selected
08:37 +758 ~2: /Users/karim/Project/pokemonProject/apps/avelune_studio/test/presentation/ui05_story_journey_test.dart: UI05 story overview reads canonical fixture without mutations
08:41 +759 ~2: /Users/karim/Project/pokemonProject/apps/avelune_studio/test/presentation/ui05_story_journey_test.dart: UI05 story overview reads canonical fixture without mutations
08:42 +760 ~2: /Users/karim/Project/pokemonProject/apps/avelune_studio/test/presentation/ui05_story_journey_test.dart: UI05 story overview reads canonical fixture without mutations
08:44 +761 ~2: /Users/karim/Project/pokemonProject/apps/avelune_studio/test/presentation/ui05_narrative_artwork_test.dart: overview uses project artwork for hero, story, and scene
08:45 +762 ~2: /Users/karim/Project/pokemonProject/apps/avelune_studio/test/presentation/ui08_event_sources_test.dart: UI08 four real sources preserve exact targets and Escape cancels without writes
08:46 +763 ~2: /Users/karim/Project/pokemonProject/apps/avelune_studio/test/presentation/ui08_event_sources_test.dart: UI08 four real sources preserve exact targets and Escape cancels without writes
08:51 +764 ~2: /Users/karim/Project/pokemonProject/apps/avelune_studio/test/presentation/ui08_event_sources_test.dart: UI08 four real sources preserve exact targets and Escape cancels without writes
08:53 +765 ~2: /Users/karim/Project/pokemonProject/apps/avelune_studio/test/presentation/ui05_narrative_overview_landing_test.dart: history map shortcut disarms placement and eraser before canvas input
08:54 +766 ~2: /Users/karim/Project/pokemonProject/apps/avelune_studio/test/presentation/resource_detail_ui03_test.dart: terrain category is canonical and missing maps are explained
08:55 +767 ~2: /Users/karim/Project/pokemonProject/apps/avelune_studio/test/presentation/resource_detail_ui03_test.dart: terrain category is canonical and missing maps are explained
08:55 +768 ~2: /Users/karim/Project/pokemonProject/apps/avelune_studio/test/presentation/resource_detail_ui03_test.dart: terrain category is canonical and missing maps are explained
08:55 +769 ~2: /Users/karim/Project/pokemonProject/apps/avelune_studio/test/presentation/resource_detail_ui03_test.dart: terrain category is canonical and missing maps are explained
08:55 +770 ~2: /Users/karim/Project/pokemonProject/apps/avelune_studio/test/terrain_creation_test.dart: incomplete draft saves through existing contract and resumes unchanged
08:55 +771 ~2: /Users/karim/Project/pokemonProject/apps/avelune_studio/test/presentation/resource_detail_ui03_test.dart: use action stays visible while detail scrolls at 150 percent
08:55 +772 ~2: /Users/karim/Project/pokemonProject/apps/avelune_studio/test/presentation/resource_detail_ui03_test.dart: use action stays visible while detail scrolls at 150 percent
08:55 +773 ~2: /Users/karim/Project/pokemonProject/apps/avelune_studio/test/terrain_creation_test.dart: one brush gesture creates support, paints, undoes and reloads same resolution
08:55 +774 ~2: /Users/karim/Project/pokemonProject/apps/avelune_studio/test/presentation/resource_detail_ui03_test.dart: unprepared image retains an honest tile-use destination
08:55 +775 ~2: /Users/karim/Project/pokemonProject/apps/avelune_studio/test/presentation/resource_detail_ui03_test.dart: terrain example resolves distinct edges using real tile IDs
08:56 +776 ~2: /Users/karim/Project/pokemonProject/apps/avelune_studio/test/ui13_verification_host_recovery_test.dart: saving from an editor during a control frees the page
08:58 +777 ~2: /Users/karim/Project/pokemonProject/apps/avelune_studio/test/ui13_verification_host_recovery_test.dart: saving from an editor during a control frees the page
09:00 +778 ~2: /Users/karim/Project/pokemonProject/apps/avelune_studio/test/game_export/studio_game_export_cancel_test.dart: cancel before confirmed replacement preserves existing bytes
09:00 +779 ~2: /Users/karim/Project/pokemonProject/apps/avelune_studio/test/game_export/studio_game_export_cancel_test.dart: cancel during destination existence check prevents writing
09:00 +780 ~2: /Users/karim/Project/pokemonProject/apps/avelune_studio/test/game_export/studio_game_export_cancel_test.dart: project invalidation before writing produces no late success
09:01 +781 ~2: /Users/karim/Project/pokemonProject/apps/avelune_studio/test/game_export/studio_game_export_cancel_test.dart: late post-write source read cannot publish success for another project
09:01 +782 ~2: /Users/karim/Project/pokemonProject/apps/avelune_studio/test/game_export/studio_game_export_service_test.dart: home navigation opens export as a workspace page and returns to Carte
09:01 +783 ~2: /Users/karim/Project/pokemonProject/apps/avelune_studio/test/game_export/studio_game_export_service_test.dart: home navigation opens export as a workspace page and returns to Carte
09:03 +784 ~2: /Users/karim/Project/pokemonProject/apps/avelune_studio/test/game_export/studio_game_export_service_test.dart: home navigation opens export as a workspace page and returns to Carte
09:03 +785 ~2: /Users/karim/Project/pokemonProject/apps/avelune_studio/test/game_export/studio_game_export_service_test.dart: home navigation opens export as a workspace page and returns to Carte
09:04 +786 ~2: /Users/karim/Project/pokemonProject/apps/avelune_studio/test/game_export/studio_game_export_control_test.dart: missing source resource prevents the package
09:06 +787 ~2: /Users/karim/Project/pokemonProject/apps/avelune_studio/test/game_export/studio_game_export_control_test.dart: missing source resource prevents the package
09:08 +788 ~2: /Users/karim/Project/pokemonProject/apps/avelune_studio/test/game_export/studio_game_export_control_test.dart: missing source resource prevents the package
09:08 +789 ~2: /Users/karim/Project/pokemonProject/apps/avelune_studio/test/game_export/studio_game_export_service_test.dart: a rejected owner save keeps the interaction draft and blocks export
09:08 +790 ~2: /Users/karim/Project/pokemonProject/apps/avelune_studio/test/game_export/studio_game_export_service_test.dart: a rejected owner save keeps the interaction draft and blocks export
09:08 +791 ~2: /Users/karim/Project/pokemonProject/apps/avelune_studio/test/game_export/studio_game_export_service_test.dart: a rejected owner save keeps the interaction draft and blocks export
09:09 +792 ~2: /Users/karim/Project/pokemonProject/apps/avelune_studio/test/game_export/studio_game_export_service_test.dart: a rejected owner save keeps the interaction draft and blocks export
09:09 +793 ~2: /Users/karim/Project/pokemonProject/apps/avelune_studio/test/game_export/studio_game_export_service_test.dart: a rejected owner save keeps the interaction draft and blocks export
09:10 +794 ~2: /Users/karim/Project/pokemonProject/apps/avelune_studio/test/game_export/studio_game_export_service_test.dart: a rejected owner save keeps the interaction draft and blocks export
09:10 +795 ~2: /Users/karim/Project/pokemonProject/apps/avelune_studio/test/game_export/studio_game_export_service_test.dart: a rejected owner save keeps the interaction draft and blocks export
09:11 +796 ~2: /Users/karim/Project/pokemonProject/apps/avelune_studio/test/game_export/studio_game_export_service_test.dart: declining replacement preserves an existing package
09:12 +797 ~2: /Users/karim/Project/pokemonProject/apps/avelune_studio/test/game_export/studio_game_export_close_test.dart: unreadable profile permits workspace and window exit without a draft
09:15 +798 ~2: /Users/karim/Project/pokemonProject/apps/avelune_studio/test/game_export/studio_game_export_service_test.dart: Studio exports the saved two-map story through its own page
09:17 +799 ~2: /Users/karim/Project/pokemonProject/apps/avelune_studio/test/game_export/studio_game_export_service_test.dart: Studio exports the saved two-map story through its own page
09:20 +800 ~2: /Users/karim/Project/pokemonProject/apps/avelune_studio/test/game_export/studio_game_export_close_test.dart: cancelled export keeps every exit guard until cleanup finishes
09:23 +801 ~2: /Users/karim/Project/pokemonProject/apps/avelune_studio/test/game_export/studio_game_export_close_test.dart: cancelled export keeps every exit guard until cleanup finishes
09:25 +802 ~2: /Users/karim/Project/pokemonProject/apps/avelune_studio/test/game_export/studio_game_export_project_switch_test.dart: home opens the export page on its mounted project and exports a package
09:35 +803 ~2: /Users/karim/Project/pokemonProject/apps/avelune_studio/test/game_export/studio_game_export_project_switch_test.dart: home opens the export page on its mounted project and exports a package
09:40 +804 ~2: /Users/karim/Project/pokemonProject/apps/avelune_studio/test/game_export/studio_game_export_project_switch_test.dart: home opens the export page on its mounted project and exports a package
09:41 +805 ~2: /Users/karim/Project/pokemonProject/apps/avelune_studio/test/ui12_world_global_close_test.dart: a failed rule keeps close blocked after its new state is saved
09:45 +806 ~2: /Users/karim/Project/pokemonProject/apps/avelune_studio/test/ui12_world_global_close_test.dart: a failed rule keeps close blocked after its new state is saved
09:46 +807 ~2: /Users/karim/Project/pokemonProject/apps/avelune_studio/test/ui13_verification_dialogue_source_test.dart: an unopened dialogue is checked from its saved source
09:48 +808 ~2: /Users/karim/Project/pokemonProject/apps/avelune_studio/test/map_workspace/zone_visual_test.dart: the encounter zone inspector holds the charter
09:48 +809 ~2: /Users/karim/Project/pokemonProject/apps/avelune_studio/test/ui13_verification_dialogue_source_test.dart: a text changed in the editor is the one that gets compiled
09:48 +810 ~2: /Users/karim/Project/pokemonProject/apps/avelune_studio/test/ui13_verification_dialogue_source_test.dart: a text changed in the editor is the one that gets compiled
09:48 +811 ~2: /Users/karim/Project/pokemonProject/apps/avelune_studio/test/ui13_verification_dialogue_source_test.dart: an unsaved source is compiled, not published
09:49 +812 ~2: /Users/karim/Project/pokemonProject/apps/avelune_studio/test/ui13_verification_dialogue_source_test.dart: an unreadable source is named, never counted as clean
09:49 +813 ~2: /Users/karim/Project/pokemonProject/apps/avelune_studio/test/map_workspace/context_keyboard_test.dart: the menu takes the focus and gives it back on Escape
09:50 +814 ~2: /Users/karim/Project/pokemonProject/apps/avelune_studio/test/map_workspace/trigger_visual_test.dart: the story zone inspector holds the charter
09:50 +815 ~2: /Users/karim/Project/pokemonProject/apps/avelune_studio/test/map_workspace/trigger_visual_test.dart: the story zone inspector holds the charter
09:50 +816 ~2: /Users/karim/Project/pokemonProject/apps/avelune_studio/test/map_workspace/trigger_visual_test.dart: the story zone inspector holds the charter
09:51 +817 ~2: /Users/karim/Project/pokemonProject/apps/avelune_studio/test/map_workspace/trigger_visual_test.dart: the story zone inspector holds the charter
09:52 +818 ~2: /Users/karim/Project/pokemonProject/apps/avelune_studio/test/map_workspace/keyboard_delete_host_test.dart: the Delete keys refuse a character an unsaved world rule targets
09:53 +819 ~2: /Users/karim/Project/pokemonProject/apps/avelune_studio/test/map_workspace/keyboard_delete_host_test.dart: the Delete keys refuse a character an unsaved world rule targets
09:53 +820 ~2: /Users/karim/Project/pokemonProject/apps/avelune_studio/test/map_workspace/keyboard_delete_host_test.dart: the Delete keys refuse a character an unsaved world rule targets
09:55 +821 ~2: /Users/karim/Project/pokemonProject/apps/avelune_studio/test/map_workspace/keyboard_delete_host_test.dart: the Delete keys refuse a character an unsaved world rule targets
09:55 +822 ~2: /Users/karim/Project/pokemonProject/apps/avelune_studio/test/map_workspace/keyboard_delete_host_test.dart: the Delete keys refuse a character an unsaved world rule targets
09:56 +823 ~2: /Users/karim/Project/pokemonProject/apps/avelune_studio/test/map_workspace/keyboard_delete_host_test.dart: the Delete keys refuse a character an unsaved world rule targets
09:57 +823 ~2: /Users/karim/Project/pokemonProject/apps/avelune_studio/test/map_workspace/warp_disk_journey_test.dart: a warp saved on disk really carries the player to the other map
[runtime_loader] bundle load start projectFilePath=/private/var/folders/b5/7gsfwzyd449_54n8l40h40gc0000gn/T/avelune_asmap_lzRwhM/project.json mapId=jardin
[runtime_loader] project manifest lookup path=/private/var/folders/b5/7gsfwzyd449_54n8l40h40gc0000gn/T/avelune_asmap_lzRwhM/project.json
[runtime_loader] project manifest read ok bytes=8480
[runtime_loader] project manifest validated maps=2 tilesets=1 scenarios=0
[runtime_loader] bundle map resolved mapId=jardin relativePath=maps/jardin.json mapPath=/private/var/folders/b5/7gsfwzyd449_54n8l40h40gc0000gn/T/avelune_asmap_lzRwhM/maps/jardin.json
[runtime_loader] map file lookup path=/private/var/folders/b5/7gsfwzyd449_54n8l40h40gc0000gn/T/avelune_asmap_lzRwhM/maps/jardin.json
[runtime_loader] map file read ok bytes=17566
[runtime_loader] map validated id=jardin size=24x16 layers=3 entities=1 placedElements=3 warps=1 triggers=0
[runtime_loader] bundle tilesets collected ids=atelier
[runtime_loader] bundle tileset path id=atelier path=/private/var/folders/b5/7gsfwzyd449_54n8l40h40gc0000gn/T/avelune_asmap_lzRwhM/assets/atelier.png
[runtime_loader] bundle load ok mapId=jardin projectRoot=/private/var/folders/b5/7gsfwzyd449_54n8l40h40gc0000gn/T/avelune_asmap_lzRwhM tilesets=1
[runtime_loader] bundle load start projectFilePath=/private/var/folders/b5/7gsfwzyd449_54n8l40h40gc0000gn/T/avelune_asmap_lzRwhM/project.json mapId=clairiere
[runtime_loader] bundle map resolved mapId=clairiere relativePath=maps/clairiere.json mapPath=/private/var/folders/b5/7gsfwzyd449_54n8l40h40gc0000gn/T/avelune_asmap_lzRwhM/maps/clairiere.json
[runtime_loader] map file lookup path=/private/var/folders/b5/7gsfwzyd449_54n8l40h40gc0000gn/T/avelune_asmap_lzRwhM/maps/clairiere.json
[runtime_loader] map file read ok bytes=17187
[runtime_loader] map validated id=clairiere size=24x16 layers=3 entities=1 placedElements=3 warps=0 triggers=0
[runtime_loader] bundle tilesets collected ids=atelier
[runtime_loader] bundle tileset path id=atelier path=/private/var/folders/b5/7gsfwzyd449_54n8l40h40gc0000gn/T/avelune_asmap_lzRwhM/assets/atelier.png
[runtime_loader] bundle load ok mapId=clairiere projectRoot=/private/var/folders/b5/7gsfwzyd449_54n8l40h40gc0000gn/T/avelune_asmap_lzRwhM tilesets=1
09:57 +824 ~2: /Users/karim/Project/pokemonProject/apps/avelune_studio/test/map_workspace/keyboard_delete_host_test.dart: the Delete keys refuse a character an unsaved world rule targets
09:57 +825 ~2: /Users/karim/Project/pokemonProject/apps/avelune_studio/test/map_workspace/warp_disk_journey_test.dart: a warp saved as bump does not fire on a plain step
[runtime_loader] bundle load start projectFilePath=/private/var/folders/b5/7gsfwzyd449_54n8l40h40gc0000gn/T/avelune_asmap_XORdfa/project.json mapId=jardin
[runtime_loader] project manifest lookup path=/private/var/folders/b5/7gsfwzyd449_54n8l40h40gc0000gn/T/avelune_asmap_XORdfa/project.json
[runtime_loader] project manifest read ok bytes=8480
[runtime_loader] project manifest validated maps=2 tilesets=1 scenarios=0
[runtime_loader] bundle map resolved mapId=jardin relativePath=maps/jardin.json mapPath=/private/var/folders/b5/7gsfwzyd449_54n8l40h40gc0000gn/T/avelune_asmap_XORdfa/maps/jardin.json
[runtime_loader] map file lookup path=/private/var/folders/b5/7gsfwzyd449_54n8l40h40gc0000gn/T/avelune_asmap_XORdfa/maps/jardin.json
[runtime_loader] map file read ok bytes=17565
[runtime_loader] map validated id=jardin size=24x16 layers=3 entities=1 placedElements=3 warps=1 triggers=0
[runtime_loader] bundle tilesets collected ids=atelier
[runtime_loader] bundle tileset path id=atelier path=/private/var/folders/b5/7gsfwzyd449_54n8l40h40gc0000gn/T/avelune_asmap_XORdfa/assets/atelier.png
[runtime_loader] bundle load ok mapId=jardin projectRoot=/private/var/folders/b5/7gsfwzyd449_54n8l40h40gc0000gn/T/avelune_asmap_XORdfa tilesets=1
09:57 +826 ~2: /Users/karim/Project/pokemonProject/apps/avelune_studio/test/map_workspace/keyboard_delete_host_test.dart: a configured event that is not saved yet protects its character
09:59 +827 ~2: /Users/karim/Project/pokemonProject/apps/avelune_studio/test/map_workspace/keyboard_delete_host_test.dart: a configured event that is not saved yet protects its character
09:59 +828 ~2: /Users/karim/Project/pokemonProject/apps/avelune_studio/test/map_workspace/keyboard_delete_host_test.dart: a configured event that is not saved yet protects its character
10:00 +829 ~2: /Users/karim/Project/pokemonProject/apps/avelune_studio/test/map_workspace/keyboard_delete_host_test.dart: a rule on a twin id elsewhere blocks nothing, and the deletion undoes
10:01 +830 ~2: /Users/karim/Project/pokemonProject/apps/avelune_studio/test/map_workspace/keyboard_delete_host_test.dart: a rule on a twin id elsewhere blocks nothing, and the deletion undoes
10:01 +831 ~2: /Users/karim/Project/pokemonProject/apps/avelune_studio/test/map_workspace/keyboard_delete_host_test.dart: a rule on a twin id elsewhere blocks nothing, and the deletion undoes
10:01 +832 ~2: /Users/karim/Project/pokemonProject/apps/avelune_studio/test/map_workspace/keyboard_delete_host_test.dart: a rule on a twin id elsewhere blocks nothing, and the deletion undoes
10:01 +833 ~2: /Users/karim/Project/pokemonProject/apps/avelune_studio/test/map_workspace/keyboard_delete_host_test.dart: a rule on a twin id elsewhere blocks nothing, and the deletion undoes
10:01 +834 ~2: /Users/karim/Project/pokemonProject/apps/avelune_studio/test/map_workspace/keyboard_delete_host_test.dart: a rule on a twin id elsewhere blocks nothing, and the deletion undoes
10:01 +835 ~2: /Users/karim/Project/pokemonProject/apps/avelune_studio/test/map_workspace/keyboard_delete_host_test.dart: a rule on a twin id elsewhere blocks nothing, and the deletion undoes
10:04 +836 ~2: /Users/karim/Project/pokemonProject/apps/avelune_studio/test/map_workspace/warp_visual_test.dart: the warp palette and inspector hold the charter at Size(1536.0, 1024.0)
10:04 +837 ~2: /Users/karim/Project/pokemonProject/apps/avelune_studio/test/map_workspace/keyboard_delete_host_test.dart: Delete never acts behind an open context menu
10:04 +838 ~2: /Users/karim/Project/pokemonProject/apps/avelune_studio/test/map_workspace/keyboard_delete_host_test.dart: Delete never acts behind an open context menu
10:06 +839 ~2: /Users/karim/Project/pokemonProject/apps/avelune_studio/test/map_workspace/context_menu_host_test.dart: the real screen opens the menu and deletes through it
10:09 +840 ~2: /Users/karim/Project/pokemonProject/apps/avelune_studio/test/map_workspace/keyboard_delete_host_test.dart: a story zone whose interaction is being written refuses both paths
10:10 +841 ~2: /Users/karim/Project/pokemonProject/apps/avelune_studio/test/map_workspace/keyboard_delete_host_test.dart: a story zone whose interaction is being written refuses both paths
10:10 +842 ~2: /Users/karim/Project/pokemonProject/apps/avelune_studio/test/map_workspace/context_menu_host_test.dart: Propriétés reaches the inspector even when it is compact
10:10 +843 ~2: /Users/karim/Project/pokemonProject/apps/avelune_studio/test/map_workspace/keyboard_delete_host_test.dart: every family the menu deletes, the keyboard deletes and undoes
10:11 +844 ~2: /Users/karim/Project/pokemonProject/apps/avelune_studio/test/map_workspace/keyboard_delete_host_test.dart: every family the menu deletes, the keyboard deletes and undoes
10:13 +845 ~2: /Users/karim/Project/pokemonProject/apps/avelune_studio/test/map_workspace/keyboard_delete_host_test.dart: every family the menu deletes, the keyboard deletes and undoes
10:13 +846 ~2: /Users/karim/Project/pokemonProject/apps/avelune_studio/test/map_workspace/keyboard_delete_host_test.dart: every family the menu deletes, the keyboard deletes and undoes
10:13 +847 ~2: /Users/karim/Project/pokemonProject/apps/avelune_studio/test/map_workspace/keyboard_delete_host_test.dart: every family the menu deletes, the keyboard deletes and undoes
10:14 +848 ~2: /Users/karim/Project/pokemonProject/apps/avelune_studio/test/map_workspace/warp_editing_test.dart: a placed warp keeps the destination that was chosen
10:14 +849 ~2: /Users/karim/Project/pokemonProject/apps/avelune_studio/test/map_workspace/warp_editing_test.dart: only the project maps are offered as destinations
10:14 +850 ~2: /Users/karim/Project/pokemonProject/apps/avelune_studio/test/map_workspace/warp_editing_test.dart: a destination removed from the project is named, not hidden
10:14 +851 ~2: /Users/karim/Project/pokemonProject/apps/avelune_studio/test/map_workspace/warp_editing_test.dart: moving a warp leaves the other families untouched
10:14 +852 ~2: /Users/karim/Project/pokemonProject/apps/avelune_studio/test/map_workspace/warp_editing_test.dart: retargeting goes through the shared validation
10:14 +853 ~2: /Users/karim/Project/pokemonProject/apps/avelune_studio/test/map_workspace/warp_editing_test.dart: placement, move and deletion are undoable step by step
10:15 +854 ~2: /Users/karim/Project/pokemonProject/apps/avelune_studio/test/map_workspace/inspector_fields_undo_test.dart: an undone sign title is not re-applied when leaving the field
10:15 +855 ~2: /Users/karim/Project/pokemonProject/apps/avelune_studio/test/map_workspace/inspector_fields_undo_test.dart: an undone sign title is not re-applied when leaving the field
10:15 +856 ~2: /Users/karim/Project/pokemonProject/apps/avelune_studio/test/map_workspace/inspector_fields_undo_test.dart: an undone sign title is not re-applied when leaving the field
10:15 +857 ~2: /Users/karim/Project/pokemonProject/apps/avelune_studio/test/map_workspace/inspector_fields_undo_test.dart: an undone sign title is not re-applied when leaving the field
10:15 +858 ~2: /Users/karim/Project/pokemonProject/apps/avelune_studio/test/map_workspace/inspector_fields_undo_test.dart: an undone sign title is not re-applied when leaving the field
10:15 +859 ~2: /Users/karim/Project/pokemonProject/apps/avelune_studio/test/map_workspace/inspector_fields_undo_test.dart: an undone sign title is not re-applied when leaving the field
10:15 +860 ~2: /Users/karim/Project/pokemonProject/apps/avelune_studio/test/map_workspace/inspector_fields_undo_test.dart: an undone sign title is not re-applied when leaving the field
10:16 +861 ~2: /Users/karim/Project/pokemonProject/apps/avelune_studio/test/map_workspace/entity_deletion_guard_test.dart: the inspector blocks and explains instead of deleting
10:16 +862 ~2: /Users/karim/Project/pokemonProject/apps/avelune_studio/test/map_workspace/entity_deletion_guard_test.dart: the inspector blocks and explains instead of deleting
10:16 +863 ~2: /Users/karim/Project/pokemonProject/apps/avelune_studio/test/map_workspace/entity_deletion_guard_test.dart: the inspector blocks and explains instead of deleting
10:16 +864 ~2: /Users/karim/Project/pokemonProject/apps/avelune_studio/test/map_workspace/entity_deletion_guard_test.dart: the inspector blocks and explains instead of deleting
10:16 +865 ~2: /Users/karim/Project/pokemonProject/apps/avelune_studio/test/map_workspace/inspector_fields_undo_test.dart: an invalid arrival cell is refused and the field restored
10:16 +866 ~2: /Users/karim/Project/pokemonProject/apps/avelune_studio/test/map_workspace/inspector_fields_undo_test.dart: an invalid arrival cell is refused and the field restored
10:16 +867 ~2: /Users/karim/Project/pokemonProject/apps/avelune_studio/test/map_workspace/inspector_fields_undo_test.dart: saving while a field still has focus keeps the entry
10:17 +868 ~2: /Users/karim/Project/pokemonProject/apps/avelune_studio/test/map_workspace/entity_editing_test.dart: a map without a player start cannot be played at all
10:17 +869 ~2: /Users/karim/Project/pokemonProject/apps/avelune_studio/test/map_workspace/entity_editing_test.dart: the player start follows the author when it is moved
10:17 +870 ~2: /Users/karim/Project/pokemonProject/apps/avelune_studio/test/map_workspace/entity_editing_test.dart: a spawn placed for something else is not a player start
10:17 +871 ~2: /Users/karim/Project/pokemonProject/apps/avelune_studio/test/map_workspace/entity_editing_test.dart: a sign carries its own text and blocks the way
10:17 +872 ~2: /Users/karim/Project/pokemonProject/apps/avelune_studio/test/map_workspace/entity_editing_test.dart: these families never answer for a character
10:17 +873 ~2: /Users/karim/Project/pokemonProject/apps/avelune_studio/test/map_workspace/entity_editing_test.dart: placing, editing and deleting are undoable step by step
10:17 +874 ~2: /Users/karim/Project/pokemonProject/apps/avelune_studio/test/map_workspace/context_move_test.dart: a gameplay zone is really moved by the menu action
10:18 +875 ~2: /Users/karim/Project/pokemonProject/apps/avelune_studio/test/map_workspace/context_move_test.dart: a gameplay zone is really moved by the menu action
10:19 +876 ~2: /Users/karim/Project/pokemonProject/apps/avelune_studio/test/map_workspace/context_move_test.dart: a gameplay zone is really moved by the menu action
10:19 +877 ~2: /Users/karim/Project/pokemonProject/apps/avelune_studio/test/map_workspace/context_move_test.dart: a gameplay zone is really moved by the menu action
10:19 +878 ~2: /Users/karim/Project/pokemonProject/apps/avelune_studio/test/map_workspace/context_move_test.dart: a gameplay zone is really moved by the menu action
10:19 +879 ~2: /Users/karim/Project/pokemonProject/apps/avelune_studio/test/map_workspace/trigger_editing_test.dart: clicking with the story tool finds the zone again
10:19 +880 ~2: /Users/karim/Project/pokemonProject/apps/avelune_studio/test/map_workspace/trigger_editing_test.dart: clicking with the story tool finds the zone again
10:19 +881 ~2: /Users/karim/Project/pokemonProject/apps/avelune_studio/test/map_workspace/context_move_test.dart: a character under the zone does not move instead of it
10:19 +882 ~2: loading /Users/karim/Project/pokemonProject/apps/avelune_studio/test/map_workspace/story_zone_reopen_host_test.dart
10:21 +882 ~2: /Users/karim/Project/pokemonProject/apps/avelune_studio/test/map_workspace/story_zone_reopen_host_test.dart: an interaction never saved reopens from the map with its own draft
10:28 +883 ~2: /Users/karim/Project/pokemonProject/apps/avelune_studio/test/map_workspace/story_zone_reopen_host_test.dart: an interaction never saved reopens from the map with its own draft
10:33 +884 ~2: /Users/karim/Project/pokemonProject/apps/avelune_studio/test/map_workspace/decor_move_host_test.dart: a move made through the menu is saved and read back independently
10:36 +885 ~2: /Users/karim/Project/pokemonProject/apps/avelune_studio/test/map_workspace/story_zone_reopen_host_test.dart: a saved interaction edited again reopens its current simplified draft
10:38 +886 ~2: /Users/karim/Project/pokemonProject/apps/avelune_studio/test/map_workspace/story_zone_reopen_host_test.dart: a saved interaction edited again reopens its current simplified draft
10:39 +887 ~2: /Users/karim/Project/pokemonProject/apps/avelune_studio/test/map_workspace/decor_move_host_test.dart: the move still lands on the right cell after a zoom
10:40 +888 ~2: /Users/karim/Project/pokemonProject/apps/avelune_studio/test/map_workspace/story_zone_reopen_host_test.dart: a saved zone interaction opens in its events owner
10:41 +889 ~2: /Users/karim/Project/pokemonProject/apps/avelune_studio/test/map_workspace/decor_move_host_test.dart: Escape during the preview cancels the move without a mutation
10:41 +890 ~2: /Users/karim/Project/pokemonProject/apps/avelune_studio/test/map_workspace/story_zone_reopen_host_test.dart: a late read never reopens the zone once the author went elsewhere
10:42 +891 ~2: /Users/karim/Project/pokemonProject/apps/avelune_studio/test/map_workspace/decor_move_host_test.dart: Escape during an armed story zone preview leaves the zone in place
10:42 +892 ~2: /Users/karim/Project/pokemonProject/apps/avelune_studio/test/map_workspace/story_zone_reopen_host_test.dart: several interactions on one zone offer only those, then open the one
10:44 +893 ~2: /Users/karim/Project/pokemonProject/apps/avelune_studio/test/map_workspace/story_zone_reopen_host_test.dart: several interactions on one zone offer only those, then open the one
10:45 +894 ~2: /Users/karim/Project/pokemonProject/apps/avelune_studio/test/map_workspace/decor_move_host_test.dart: an armed move never comes back after a round trip to another map
10:46 +895 ~2: /Users/karim/Project/pokemonProject/apps/avelune_studio/test/map_workspace/warp_player_journey_test.dart: a warp authored in Studio moves the player to the other map
[runtime_loader] bundle load start projectFilePath=/private/var/folders/b5/7gsfwzyd449_54n8l40h40gc0000gn/T/avelune_player_2xKrJV/project.json mapId=jardin
[runtime_loader] project manifest lookup path=/private/var/folders/b5/7gsfwzyd449_54n8l40h40gc0000gn/T/avelune_player_2xKrJV/project.json
[runtime_loader] project manifest read ok bytes=8480
[runtime_loader] project manifest validated maps=2 tilesets=1 scenarios=0
[runtime_loader] bundle map resolved mapId=jardin relativePath=maps/jardin.json mapPath=/private/var/folders/b5/7gsfwzyd449_54n8l40h40gc0000gn/T/avelune_player_2xKrJV/maps/jardin.json
[runtime_loader] map file lookup path=/private/var/folders/b5/7gsfwzyd449_54n8l40h40gc0000gn/T/avelune_player_2xKrJV/maps/jardin.json
[runtime_loader] map file read ok bytes=17566
[runtime_loader] map validated id=jardin size=24x16 layers=3 entities=1 placedElements=3 warps=1 triggers=0
[runtime_loader] bundle tilesets collected ids=atelier
[runtime_loader] bundle tileset path id=atelier path=/private/var/folders/b5/7gsfwzyd449_54n8l40h40gc0000gn/T/avelune_player_2xKrJV/assets/atelier.png
[runtime_loader] bundle load ok mapId=jardin projectRoot=/private/var/folders/b5/7gsfwzyd449_54n8l40h40gc0000gn/T/avelune_player_2xKrJV tilesets=1
[runtime_game] tileset image load start map=jardin
[runtime_game] tileset cache resolve requested=1
[runtime_game] tileset cache resolve ok result=1
[runtime_game] onLoad start map=jardin projectFilePath=/private/var/folders/b5/7gsfwzyd449_54n8l40h40gc0000gn/T/avelune_player_2xKrJV/project.json tilesets=1
[runtime_game] world build start map=jardin
[runtime] Map loaded: jardin, spawn at (4, 4)
[runtime_game] tileset image load ok count=1 map=jardin
[runtime_game] mount root map start map=jardin
[runtime_game] mount root map ok map=jardin
[runtime_loader] bundle load start projectFilePath=/private/var/folders/b5/7gsfwzyd449_54n8l40h40gc0000gn/T/avelune_player_2xKrJV/project.json mapId=clairiere
[runtime_loader] project manifest lookup path=/private/var/folders/b5/7gsfwzyd449_54n8l40h40gc0000gn/T/avelune_player_2xKrJV/project.json
[runtime_game] onLoad completed activeMapId=jardin
[event_v2] mapEnter activation=mapact_1790262069052049_1 map=jardin reason=initialBoot result=MapEnterProductionDispatchLegacyFallback
[runtime_loader] project manifest read ok bytes=8480
[warp] Triggered warp warp-1790262068862519-0 mode=onEnter -> map=clairiere pos=(7, 3)
[runtime_loader] project manifest validated maps=2 tilesets=1 scenarios=0
[runtime_loader] bundle map resolved mapId=clairiere relativePath=maps/clairiere.json mapPath=/private/var/folders/b5/7gsfwzyd449_54n8l40h40gc0000gn/T/avelune_player_2xKrJV/maps/clairiere.json
[runtime_loader] map file lookup path=/private/var/folders/b5/7gsfwzyd449_54n8l40h40gc0000gn/T/avelune_player_2xKrJV/maps/clairiere.json
[runtime_loader] map file read ok bytes=17187
[warp] start transition warp=warp-1790262068862519-0 map=jardin -> clairiere target=(7, 3)
[runtime_loader] map validated id=clairiere size=24x16 layers=3 entities=1 placedElements=3 warps=0 triggers=0
[runtime_loader] bundle tilesets collected ids=atelier
[runtime_loader] bundle tileset path id=atelier path=/private/var/folders/b5/7gsfwzyd449_54n8l40h40gc0000gn/T/avelune_player_2xKrJV/assets/atelier.png
[runtime_loader] bundle load ok mapId=clairiere projectRoot=/private/var/folders/b5/7gsfwzyd449_54n8l40h40gc0000gn/T/avelune_player_2xKrJV tilesets=1
[runtime_game] tileset cache resolve requested=1
[perf][warp] loadBundle=1ms
[warp] target map loaded id=clairiere
[warp] fade out durationMs=170
[runtime_game] tileset cache resolve ok result=1
[perf][warp] worldInitial=0ms
[warp] loading target map visuals id=clairiere
[runtime_game] tileset cache resolve requested=1
[runtime_game] tileset cache resolve ok result=1
[perf][warp] loadTilesets=0ms
[perf][warp] loadBorderAssets=0ms
[perf][warp] revalidateBorderBeforeSwap=0ms
[perf][warp] mountMap=0ms
[warp] player placed at map=clairiere pos=(7, 3)
[perf][warp] configureCamera=0ms
[perf][warp] preloadConnectionsKickoff=0ms
[perf][warp] prewarmWarpsKickoff=0ms
[perf][warp] prewarmBattleKickoff=0ms
[perf][warp] pruneLoadedMaps=0ms
[perf][warp] refreshWorldNpcPresence=0ms
[warp] fade in durationMs=170
[perf][warp] total=15ms
[warp] transition completed
[warp] gameplay unlocked map=clairiere pos=(7, 3)
[event_v2] mapEnter activation=mapact_1790262069165158_2 map=clairiere reason=warp result=MapEnterProductionDispatchLegacyFallback
10:47 +896 ~2: /Users/karim/Project/pokemonProject/apps/avelune_studio/test/map_workspace/warp_player_journey_test.dart: a warp saved as bump keeps the player on the departure map
[runtime_loader] bundle load start projectFilePath=/private/var/folders/b5/7gsfwzyd449_54n8l40h40gc0000gn/T/avelune_player_UjWofy/project.json mapId=jardin
[runtime_loader] project manifest lookup path=/private/var/folders/b5/7gsfwzyd449_54n8l40h40gc0000gn/T/avelune_player_UjWofy/project.json
[runtime_loader] project manifest read ok bytes=8480
[runtime_loader] project manifest validated maps=2 tilesets=1 scenarios=0
[runtime_loader] bundle map resolved mapId=jardin relativePath=maps/jardin.json mapPath=/private/var/folders/b5/7gsfwzyd449_54n8l40h40gc0000gn/T/avelune_player_UjWofy/maps/jardin.json
[runtime_loader] map file lookup path=/private/var/folders/b5/7gsfwzyd449_54n8l40h40gc0000gn/T/avelune_player_UjWofy/maps/jardin.json
[runtime_loader] map file read ok bytes=17565
[runtime_loader] map validated id=jardin size=24x16 layers=3 entities=1 placedElements=3 warps=1 triggers=0
[runtime_loader] bundle tilesets collected ids=atelier
[runtime_loader] bundle tileset path id=atelier path=/private/var/folders/b5/7gsfwzyd449_54n8l40h40gc0000gn/T/avelune_player_UjWofy/assets/atelier.png
[runtime_loader] bundle load ok mapId=jardin projectRoot=/private/var/folders/b5/7gsfwzyd449_54n8l40h40gc0000gn/T/avelune_player_UjWofy tilesets=1
[runtime_game] tileset image load start map=jardin
[runtime_game] tileset cache resolve requested=1
[runtime_game] tileset cache resolve ok result=1
[runtime_game] onLoad start map=jardin projectFilePath=/private/var/folders/b5/7gsfwzyd449_54n8l40h40gc0000gn/T/avelune_player_UjWofy/project.json tilesets=1
[runtime_game] world build start map=jardin
[runtime] Map loaded: jardin, spawn at (4, 4)
[runtime_game] tileset image load ok count=1 map=jardin
[runtime_game] mount root map start map=jardin
[runtime_game] mount root map ok map=jardin
[runtime_loader] bundle load start projectFilePath=/private/var/folders/b5/7gsfwzyd449_54n8l40h40gc0000gn/T/avelune_player_UjWofy/project.json mapId=clairiere
[runtime_loader] project manifest lookup path=/private/var/folders/b5/7gsfwzyd449_54n8l40h40gc0000gn/T/avelune_player_UjWofy/project.json
[runtime_game] onLoad completed activeMapId=jardin
[event_v2] mapEnter activation=mapact_1790262069295356_1 map=jardin reason=initialBoot result=MapEnterProductionDispatchLegacyFallback
[runtime_loader] project manifest read ok bytes=8480
[runtime_loader] project manifest validated maps=2 tilesets=1 scenarios=0
[runtime_loader] bundle map resolved mapId=clairiere relativePath=maps/clairiere.json mapPath=/private/var/folders/b5/7gsfwzyd449_54n8l40h40gc0000gn/T/avelune_player_UjWofy/maps/clairiere.json
[runtime_loader] map file lookup path=/private/var/folders/b5/7gsfwzyd449_54n8l40h40gc0000gn/T/avelune_player_UjWofy/maps/clairiere.json
[runtime_loader] map file read ok bytes=17187
[runtime_loader] map validated id=clairiere size=24x16 layers=3 entities=1 placedElements=3 warps=0 triggers=0
[runtime_loader] bundle tilesets collected ids=atelier
[runtime_loader] bundle tileset path id=atelier path=/private/var/folders/b5/7gsfwzyd449_54n8l40h40gc0000gn/T/avelune_player_UjWofy/assets/atelier.png
[runtime_loader] bundle load ok mapId=clairiere projectRoot=/private/var/folders/b5/7gsfwzyd449_54n8l40h40gc0000gn/T/avelune_player_UjWofy tilesets=1
[runtime_game] tileset cache resolve requested=1
[runtime_game] tileset cache resolve ok result=1
10:48 +897 ~2: /Users/karim/Project/pokemonProject/apps/avelune_studio/test/map_workspace/context_identity_host_test.dart: twin ids in two families stay distinct rows of the real menu
10:48 +898 ~2: /Users/karim/Project/pokemonProject/apps/avelune_studio/test/map_workspace/context_identity_host_test.dart: twin ids in two families stay distinct rows of the real menu
10:48 +899 ~2: /Users/karim/Project/pokemonProject/apps/avelune_studio/test/map_workspace/context_identity_host_test.dart: twin ids in two families stay distinct rows of the real menu
10:48 +900 ~2: /Users/karim/Project/pokemonProject/apps/avelune_studio/test/map_workspace/context_identity_host_test.dart: twin ids in two families stay distinct rows of the real menu
10:49 +901 ~2: /Users/karim/Project/pokemonProject/apps/avelune_studio/test/map_workspace/context_identity_host_test.dart: twin ids in two families stay distinct rows of the real menu
10:50 +902 ~2: /Users/karim/Project/pokemonProject/apps/avelune_studio/test/map_workspace/context_identity_host_test.dart: twin ids in two families stay distinct rows of the real menu
10:50 +903 ~2: /Users/karim/Project/pokemonProject/apps/avelune_studio/test/map_workspace/context_identity_host_test.dart: twin ids in two families stay distinct rows of the real menu
10:50 +904 ~2: /Users/karim/Project/pokemonProject/apps/avelune_studio/test/map_workspace/context_identity_host_test.dart: twin ids in two families stay distinct rows of the real menu
10:50 +905 ~2: /Users/karim/Project/pokemonProject/apps/avelune_studio/test/map_workspace/context_identity_host_test.dart: twin ids in two families stay distinct rows of the real menu
10:50 +906 ~2: /Users/karim/Project/pokemonProject/apps/avelune_studio/test/map_workspace/context_identity_host_test.dart: twin ids in two families stay distinct rows of the real menu
10:50 +907 ~2: /Users/karim/Project/pokemonProject/apps/avelune_studio/test/map_workspace/context_identity_host_test.dart: twin ids in two families stay distinct rows of the real menu
10:51 +908 ~2: /Users/karim/Project/pokemonProject/apps/avelune_studio/test/map_workspace/selection_identity_test.dart: choosing a decor drops the gameplay zone selection
10:53 +909 ~2: /Users/karim/Project/pokemonProject/apps/avelune_studio/test/map_workspace/context_identity_host_test.dart: Shift+F10 reopens the menu on the target chosen in the stack
10:53 +910 ~2: /Users/karim/Project/pokemonProject/apps/avelune_studio/test/map_workspace/context_identity_host_test.dart: Shift+F10 reopens the menu on the target chosen in the stack
10:53 +911 ~2: /Users/karim/Project/pokemonProject/apps/avelune_studio/test/map_workspace/context_identity_host_test.dart: Shift+F10 reopens the menu on the target chosen in the stack
10:53 +912 ~2: /Users/karim/Project/pokemonProject/apps/avelune_studio/test/map_workspace/context_identity_host_test.dart: Shift+F10 reopens the menu on the target chosen in the stack
10:53 +913 ~2: /Users/karim/Project/pokemonProject/apps/avelune_studio/test/map_workspace/context_identity_host_test.dart: Shift+F10 reopens the menu on the target chosen in the stack
10:53 +914 ~2: /Users/karim/Project/pokemonProject/apps/avelune_studio/test/map_workspace/context_identity_host_test.dart: Shift+F10 reopens the menu on the target chosen in the stack
10:53 +915 ~2: /Users/karim/Project/pokemonProject/apps/avelune_studio/test/map_workspace/context_identity_host_test.dart: Shift+F10 reopens the menu on the target chosen in the stack
10:53 +916 ~2: /Users/karim/Project/pokemonProject/apps/avelune_studio/test/map_workspace/context_identity_host_test.dart: Shift+F10 reopens the menu on the target chosen in the stack
10:54 +917 ~2: /Users/karim/Project/pokemonProject/apps/avelune_studio/test/map_workspace/context_identity_host_test.dart: a deleted target is never replaced by its homonym on Shift+F10
10:55 +918 ~2: /Users/karim/Project/pokemonProject/apps/avelune_studio/test/map_workspace/context_identity_host_test.dart: a deleted target is never replaced by its homonym on Shift+F10
10:55 +919 ~2: /Users/karim/Project/pokemonProject/apps/avelune_studio/test/map_workspace/context_identity_host_test.dart: a deleted target is never replaced by its homonym on Shift+F10
10:55 +920 ~2: /Users/karim/Project/pokemonProject/apps/avelune_studio/test/map_workspace/context_identity_host_test.dart: a deleted target is never replaced by its homonym on Shift+F10
10:55 +921 ~2: /Users/karim/Project/pokemonProject/apps/avelune_studio/test/map_workspace/context_identity_host_test.dart: a deleted target is never replaced by its homonym on Shift+F10
10:56 +922 ~2: /Users/karim/Project/pokemonProject/apps/avelune_studio/test/map_workspace/context_identity_host_test.dart: a map change really closes the menu, it does not only hide it
10:57 +923 ~2: /Users/karim/Project/pokemonProject/apps/avelune_studio/test/map_workspace/save_while_typing_test.dart: the Save button applies the entry still being written
10:59 +924 ~2: /Users/karim/Project/pokemonProject/apps/avelune_studio/test/map_workspace/save_while_typing_test.dart: the Save button applies the entry still being written
10:59 +925 ~2: /Users/karim/Project/pokemonProject/apps/avelune_studio/test/map_workspace/save_while_typing_test.dart: the Save button applies the entry still being written
10:59 +926 ~2: /Users/karim/Project/pokemonProject/apps/avelune_studio/test/map_workspace/save_while_typing_test.dart: the Save button applies the entry still being written
11:00 +927 ~2: /Users/karim/Project/pokemonProject/apps/avelune_studio/test/map_workspace/save_while_typing_test.dart: the Save button applies the entry still being written
11:00 +928 ~2: /Users/karim/Project/pokemonProject/apps/avelune_studio/test/map_workspace/save_while_typing_test.dart: the Save button applies the entry still being written
11:00 +929 ~2: /Users/karim/Project/pokemonProject/apps/avelune_studio/test/map_workspace/save_while_typing_test.dart: the Save button applies the entry still being written
11:00 +930 ~2: /Users/karim/Project/pokemonProject/apps/avelune_studio/test/map_workspace/save_while_typing_test.dart: the Save button applies the entry still being written
11:00 +931 ~2: /Users/karim/Project/pokemonProject/apps/avelune_studio/test/map_workspace/save_while_typing_test.dart: the Save button applies the entry still being written
11:00 +932 ~2: /Users/karim/Project/pokemonProject/apps/avelune_studio/test/map_workspace/save_while_typing_test.dart: the Save button applies the entry still being written
11:01 +933 ~2: /Users/karim/Project/pokemonProject/apps/avelune_studio/test/map_workspace/save_while_typing_test.dart: the save shortcut works from inside a field
11:01 +934 ~2: /Users/karim/Project/pokemonProject/apps/avelune_studio/test/map_workspace/save_while_typing_test.dart: the save shortcut works from inside a field
11:01 +935 ~2: /Users/karim/Project/pokemonProject/apps/avelune_studio/test/map_workspace/save_while_typing_test.dart: the save shortcut works from inside a field
11:01 +936 ~2: /Users/karim/Project/pokemonProject/apps/avelune_studio/test/map_workspace/save_while_typing_test.dart: the save shortcut works from inside a field
11:01 +937 ~2: /Users/karim/Project/pokemonProject/apps/avelune_studio/test/map_workspace/save_while_typing_test.dart: the save shortcut works from inside a field
11:02 +938 ~2: /Users/karim/Project/pokemonProject/apps/avelune_studio/test/map_workspace/save_while_typing_test.dart: the save shortcut works from inside a field
11:02 +939 ~2: /Users/karim/Project/pokemonProject/apps/avelune_studio/test/map_workspace/save_while_typing_test.dart: the save shortcut works from inside a field
11:02 +940 ~2: /Users/karim/Project/pokemonProject/apps/avelune_studio/test/map_workspace/save_while_typing_test.dart: the save shortcut works from inside a field
11:03 +941 ~2: /Users/karim/Project/pokemonProject/apps/avelune_studio/test/map_workspace/save_while_typing_test.dart: the save shortcut works from inside a field
11:03 +942 ~2: /Users/karim/Project/pokemonProject/apps/avelune_studio/test/map_workspace/save_while_typing_test.dart: the save shortcut works from inside a field
11:03 +943 ~2: /Users/karim/Project/pokemonProject/apps/avelune_studio/test/map_workspace/save_while_typing_test.dart: the save shortcut works from inside a field
11:03 +944 ~2: /Users/karim/Project/pokemonProject/apps/avelune_studio/test/map_workspace/save_while_typing_test.dart: the save shortcut works from inside a field
11:03 +945 ~2: /Users/karim/Project/pokemonProject/apps/avelune_studio/test/map_workspace/save_while_typing_test.dart: the save shortcut works from inside a field
11:03 +946 ~2: /Users/karim/Project/pokemonProject/apps/avelune_studio/test/map_workspace/save_while_typing_test.dart: the save shortcut works from inside a field
11:03 +947 ~2: /Users/karim/Project/pokemonProject/apps/avelune_studio/test/map_workspace/save_while_typing_test.dart: deleting is still refused while the author types
11:04 +948 ~2: /Users/karim/Project/pokemonProject/apps/avelune_studio/test/map_workspace/save_while_typing_test.dart: deleting is still refused while the author types
11:04 +949 ~2: /Users/karim/Project/pokemonProject/apps/avelune_studio/test/map_workspace/save_while_typing_test.dart: deleting is still refused while the author types
11:04 +950 ~2: All tests passed!
